{
   "info": {
      "strategy": "FedAdam",
      "seed": 2,
      "sampling_seed": 2,
      "fraction_train": 0.75,
      "fraction_evaluate": 0.75,
      "local_epochs": 2,
      "num_rounds": 10,
      "num_clients": 5,
      "eta": 0.2,
      "eta_l": 0.15,
      "iid": true,
      "alpha": null,
      "training_mode": "noiseless",
      "nshots": 1000,
      "model_type": "quantum"
   },
   "rounds": [
      {
         "round": 0,
         "train_metrics": {},
         "eval_metrics_client": {},
         "eval_metrics_server": {
            "accuracy": 0.6800000071525574,
            "loss": 0.6009007096290588,
            "f1_score": 0.6259934548854604
         }
      },
      {
         "round": 1,
         "train_metrics": {
            "train_loss": 0.5729197477683042,
            "train_acc": 0.7099999984105427,
            "train_f1": 0.6420260265414814,
            "drift": 0.4858738617491627
         },
         "eval_metrics_client": {
            "loss": 0.5422275861104329,
            "accuracy": 0.7083333333333333,
            "f1": 0.653537187385643
         },
         "eval_metrics_server": {
            "accuracy": 0.7250000238418579,
            "loss": 0.5613276362419128,
            "f1_score": 0.6570965429096917
         },
         "drift_metrics": {
            "drift_median": 0.4882876122950184,
            "drift_mean": 0.4858738617491627,
            "drift_max": 0.5164599214604114,
            "drift_min": 0.45287405149205834,
            "drift_per_client": [
               0.5164599214604114,
               0.4882876122950184,
               0.45287405149205834
            ]
         }
      },
      {
         "round": 2,
         "train_metrics": {
            "train_loss": 0.5208744032260699,
            "train_acc": 0.8033333420753479,
            "train_f1": 0.733265807806861,
            "drift": 0.5044152295412778
         },
         "eval_metrics_client": {
            "loss": 0.47741967439651484,
            "accuracy": 0.8133333325386047,
            "f1": 0.7561279261580389
         },
         "eval_metrics_server": {
            "accuracy": 0.8149999976158142,
            "loss": 0.5113288760185242,
            "f1_score": 0.7516695191113796
         },
         "drift_metrics": {
            "drift_median": 0.5117159182450978,
            "drift_mean": 0.5044152295412778,
            "drift_max": 0.5308464051948297,
            "drift_min": 0.47068336518390597,
            "drift_per_client": [
               0.5308464051948297,
               0.47068336518390597,
               0.5117159182450978
            ]
         }
      },
      {
         "round": 3,
         "train_metrics": {
            "train_loss": 0.46671534195924413,
            "train_acc": 0.8666666547457376,
            "train_f1": 0.8248831436594044,
            "drift": 0.4563752000831577
         },
         "eval_metrics_client": {
            "loss": 0.44551421205202735,
            "accuracy": 0.896666665871938,
            "f1": 0.8607916151298285
         },
         "eval_metrics_server": {
            "accuracy": 0.8899999856948853,
            "loss": 0.461475133895874,
            "f1_score": 0.8422939068100359
         },
         "drift_metrics": {
            "drift_median": 0.43778767239373195,
            "drift_mean": 0.45637520008315774,
            "drift_max": 0.5441325829484481,
            "drift_min": 0.3872053449072932,
            "drift_per_client": [
               0.5441325829484481,
               0.43778767239373195,
               0.3872053449072932
            ]
         }
      },
      {
         "round": 4,
         "train_metrics": {
            "train_loss": 0.41428637160704684,
            "train_acc": 0.893333335717519,
            "train_f1": 0.8655291360937628,
            "drift": 0.4918260040418836
         },
         "eval_metrics_client": {
            "loss": 0.4168031315008799,
            "accuracy": 0.8849999904632567,
            "f1": 0.8443503764212685
         },
         "eval_metrics_server": {
            "accuracy": 0.8799999952316284,
            "loss": 0.4171379506587982,
            "f1_score": 0.8306041784302653
         },
         "drift_metrics": {
            "drift_median": 0.4744096461225432,
            "drift_mean": 0.49182600404188365,
            "drift_max": 0.57263975726669,
            "drift_min": 0.4284286087364177,
            "drift_per_client": [
               0.4744096461225432,
               0.57263975726669,
               0.4284286087364177
            ]
         }
      },
      {
         "round": 5,
         "train_metrics": {
            "train_loss": 0.38560997981291545,
            "train_acc": 0.8900000055631001,
            "train_f1": 0.8503658236564533,
            "drift": 0.43106587489856785
         },
         "eval_metrics_client": {
            "loss": 0.37955068548520404,
            "accuracy": 0.8949999809265136,
            "f1": 0.8473317057377251
         },
         "eval_metrics_server": {
            "accuracy": 0.9049999713897705,
            "loss": 0.38210585713386536,
            "f1_score": 0.8669048369584252
         },
         "drift_metrics": {
            "drift_median": 0.42561618445476207,
            "drift_mean": 0.4310658748985679,
            "drift_max": 0.44341661970797536,
            "drift_min": 0.4241648205329662,
            "drift_per_client": [
               0.44341661970797536,
               0.4241648205329662,
               0.42561618445476207
            ]
         }
      },
      {
         "round": 6,
         "train_metrics": {
            "train_loss": 0.35226644231722903,
            "train_acc": 0.9133333365122477,
            "train_f1": 0.8741941650950302,
            "drift": 0.37831165942112976
         },
         "eval_metrics_client": {
            "loss": 0.3538319369157155,
            "accuracy": 0.9100000262260437,
            "f1": 0.8652118074314871
         },
         "eval_metrics_server": {
            "accuracy": 0.9150000214576721,
            "loss": 0.36230698227882385,
            "f1_score": 0.8790853159785199
         },
         "drift_metrics": {
            "drift_median": 0.365001481009309,
            "drift_mean": 0.37831165942112976,
            "drift_max": 0.4252001726817786,
            "drift_min": 0.34473332457230166,
            "drift_per_client": [
               0.365001481009309,
               0.4252001726817786,
               0.34473332457230166
            ]
         }
      },
      {
         "round": 7,
         "train_metrics": {
            "train_loss": 0.3240839292605718,
            "train_acc": 0.9366666674613953,
            "train_f1": 0.8988917011811628,
            "drift": 0.323891687236124
         },
         "eval_metrics_client": {
            "loss": 0.34705381592114765,
            "accuracy": 0.9283333420753479,
            "f1": 0.8919108128600818
         },
         "eval_metrics_server": {
            "accuracy": 0.9449999928474426,
            "loss": 0.36008167266845703,
            "f1_score": 0.9178338001867414
         },
         "drift_metrics": {
            "drift_median": 0.31152403300782366,
            "drift_mean": 0.323891687236124,
            "drift_max": 0.36553216938586514,
            "drift_min": 0.29461885931468323,
            "drift_per_client": [
               0.29461885931468323,
               0.31152403300782366,
               0.36553216938586514
            ]
         }
      },
      {
         "round": 8,
         "train_metrics": {
            "train_loss": 0.315545617387845,
            "train_acc": 0.9399999976158142,
            "train_f1": 0.9129131508046503,
            "drift": 0.3501113832326564
         },
         "eval_metrics_client": {
            "loss": 0.34913986921310425,
            "accuracy": 0.9549999833106995,
            "f1": 0.9336013925560205
         },
         "eval_metrics_server": {
            "accuracy": 0.9449999928474426,