{
   "info": {
      "strategy": "FedAdam",
      "seed": 7,
      "sampling_seed": 7,
      "fraction_train": 0.75,
      "fraction_evaluate": 0.75,
      "local_epochs": 2,
      "num_rounds": 10,
      "num_clients": 5,
      "eta": 0.2,
      "eta_l": 0.15,
      "iid": true,
      "alpha": null,
      "training_mode": "noiseless",
      "nshots": 1000,
      "model_type": "quantum"
   },
   "rounds": [
      {
         "round": 0,
         "train_metrics": {},
         "eval_metrics_client": {},
         "eval_metrics_server": {
            "accuracy": 0.4950000047683716,
            "loss": 0.7266889214515686,
            "f1_score": 0.46807109940750496
         }
      },
      {
         "round": 1,
         "train_metrics": {
            "train_loss": 0.5659193939123398,
            "train_acc": 0.7666666507720947,
            "train_f1": 0.7246982007666938,
            "drift": 0.9766139255846389
         },
         "eval_metrics_client": {
            "loss": 0.6465902924537659,
            "accuracy": 0.6033333341280619,
            "f1": 0.586564373124782
         },
         "eval_metrics_server": {
            "accuracy": 0.6200000047683716,
            "loss": 0.6523149013519287,
            "f1_score": 0.5946666666666667
         },
         "drift_metrics": {
            "drift_median": 0.9776176397919825,
            "drift_mean": 0.976613925584639,
            "drift_max": 1.0300934109533775,
            "drift_min": 0.9221307260085571,
            "drift_per_client": [
               0.9776176397919825,
               1.0300934109533775,
               0.9221307260085571
            ]
         }
      },
      {
         "round": 2,
         "train_metrics": {
            "train_loss": 0.49036506047615636,
            "train_acc": 0.8699999849001565,
            "train_f1": 0.8287600921499859,
            "drift": 0.9286358179145793
         },
         "eval_metrics_client": {
            "loss": 0.564138909180959,
            "accuracy": 0.7233333388964335,
            "f1": 0.6787112689642554
         },
         "eval_metrics_server": {
            "accuracy": 0.7450000047683716,
            "loss": 0.5674667954444885,
            "f1_score": 0.6978583488847419
         },
         "drift_metrics": {
            "drift_median": 0.9155210338426233,
            "drift_mean": 0.9286358179145792,
            "drift_max": 0.9608016182720721,
            "drift_min": 0.9095848016290423,
            "drift_per_client": [
               0.9608016182720721,
               0.9095848016290423,
               0.9155210338426233
            ]
         }
      },
      {
         "round": 3,
         "train_metrics": {
            "train_loss": 0.43552865355442727,
            "train_acc": 0.9033333460489908,
            "train_f1": 0.8602911952005439,
            "drift": 0.8320467058357318
         },
         "eval_metrics_client": {
            "loss": 0.4950519800186157,
            "accuracy": 0.7799999912579854,
            "f1": 0.7315114913549688
         },
         "eval_metrics_server": {
            "accuracy": 0.7850000262260437,
            "loss": 0.4884811341762543,
            "f1_score": 0.7376048817696415
         },
         "drift_metrics": {
            "drift_median": 0.8305836889515075,
            "drift_mean": 0.832046705835732,
            "drift_max": 0.8601928545293197,
            "drift_min": 0.8053635740263686,
            "drift_per_client": [
               0.8305836889515075,
               0.8053635740263686,
               0.8601928545293197
            ]
         }
      },
      {
         "round": 4,
         "train_metrics": {
            "train_loss": 0.3916006802748411,
            "train_acc": 0.9199999968210856,
            "train_f1": 0.8849313722731443,
            "drift": 0.6639930027806449
         },
         "eval_metrics_client": {
            "loss": 0.42898893356323237,
            "accuracy": 0.8716666499773661,
            "f1": 0.8309550272150346
         },
         "eval_metrics_server": {
            "accuracy": 0.8500000238418579,
            "loss": 0.4283367097377777,
            "f1_score": 0.8
         },
         "drift_metrics": {
            "drift_median": 0.6579869510984532,
            "drift_mean": 0.6639930027806448,
            "drift_max": 0.7033067452963635,
            "drift_min": 0.6306853119471179,
            "drift_per_client": [
               0.7033067452963635,
               0.6306853119471179,
               0.6579869510984532
            ]
         }
      },
      {
         "round": 5,
         "train_metrics": {
            "train_loss": 0.36273675698500407,
            "train_acc": 0.9266666571299235,
            "train_f1": 0.905176917165279,
            "drift": 0.4843886398211754
         },
         "eval_metrics_client": {
            "loss": 0.39715485771497083,
            "accuracy": 0.8733333150545756,
            "f1": 0.8398683287175706
         },
         "eval_metrics_server": {
            "accuracy": 0.8650000095367432,
            "loss": 0.3981274366378784,
            "f1_score": 0.8162702868224967
         },
         "drift_metrics": {
            "drift_median": 0.49117604598988124,
            "drift_mean": 0.48438863982117547,
            "drift_max": 0.5096329328435858,
            "drift_min": 0.45235694063005943,
            "drift_per_client": [
               0.45235694063005943,
               0.49117604598988124,
               0.5096329328435858
            ]
         }
      },
      {
         "round": 6,
         "train_metrics": {
            "train_loss": 0.3416296736552165,
            "train_acc": 0.9166666666666666,
            "train_f1": 0.885159652275133,
            "drift": 0.4153778871732897
         },
         "eval_metrics_client": {
            "loss": 0.37998220324516296,
            "accuracy": 0.9133333365122477,
            "f1": 0.8822715182162266
         },
         "eval_metrics_server": {
            "accuracy": 0.9100000262260437,
            "loss": 0.3920440971851349,
            "f1_score": 0.8666864168271367
         },
         "drift_metrics": {
            "drift_median": 0.384031261987467,
            "drift_mean": 0.41537788717328966,
            "drift_max": 0.49597546981917706,
            "drift_min": 0.36612692971322497,
            "drift_per_client": [
               0.36612692971322497,
               0.49597546981917706,
               0.384031261987467
            ]
         }
      },
      {
         "round": 7,
         "train_metrics": {
            "train_loss": 0.3485759450839116,
            "train_acc": 0.9033333460489908,
            "train_f1": 0.8647066175561066,
            "drift": 0.4147682510810288
         },
         "eval_metrics_client": {
            "loss": 0.3784042298793793,
            "accuracy": 0.9133333365122477,
            "f1": 0.8741255315981876
         },
         "eval_metrics_server": {
            "accuracy": 0.9049999713897705,
            "loss": 0.39318251609802246,
            "f1_score": 0.8604531600014689
         },
         "drift_metrics": {
            "drift_median": 0.4310235601071566,
            "drift_mean": 0.4147682510810289,
            "drift_max": 0.48360761206782793,
            "drift_min": 0.3296735810681021,
            "drift_per_client": [
               0.4310235601071566,
               0.3296735810681021,
               0.48360761206782793
            ]
         }
      },
      {
         "round": 8,
         "train_metrics": {
            "train_loss": 0.35285160900690615,
            "train_acc": 0.9300000071525574,
            "train_f1": 0.8921086405989788,
            "drift": 0.4672234034106347
         },
         "eval_metrics_client": {
            "loss": 0.38633126020431513,
            "accuracy": 0.9083333214124043,
            "f1": 0.868652511792568
         },
         "eval_metrics_server": {
            "accuracy": 0.9200000166893005,
            "loss": 0.3901568651199341,