{
    "1": {
        "loss_median": 0.5533902446428934,
        "loss_mad": 0.015176653861999512,
        "accuracy_median": 0.8316666682561238,
        "accuracy_mad": 0.024999996026357052,
        "f1_median": 0.7815945849437936,
        "f1_mad": 0.03476393436114711
    },
    "2": {
        "loss_median": 0.5121275186538696,
        "loss_mad": 0.019934912522633796,
        "accuracy_median": 0.8766666650772094,
        "accuracy_mad": 0.02333333094914758,
        "f1_median": 0.8328666547467953,
        "f1_mad": 0.02701324521183779
    },
    "3": {
        "loss_median": 0.48332889874776197,
        "loss_mad": 0.011095831791559818,
        "accuracy_median": 0.8950000007947285,
        "accuracy_mad": 0.006666660308837891,
        "f1_median": 0.844700266279799,
        "f1_mad": 0.022598583296383645
    },
    "4": {
        "loss_median": 0.47758086522420246,
        "loss_mad": 0.024915635585784912,
        "accuracy_median": 0.8983333309491475,
        "accuracy_mad": 0.01666667064030969,
        "f1_median": 0.8644521328466863,
        "f1_mad": 0.014576958155946729
    },
    "5": {
        "loss_median": 0.4504976371924082,
        "loss_mad": 0.014693299929300907,
        "accuracy_median": 0.9100000063578287,
        "accuracy_mad": 0.010000010331471798,
        "f1_median": 0.8728299370714232,
        "f1_mad": 0.028929734649882244
    },
    "6": {
        "loss_median": 0.4298873543739319,
        "loss_mad": 0.006026476621627808,
        "accuracy_median": 0.9066666563351948,
        "accuracy_mad": 0.021666665871938107,
        "f1_median": 0.8703201050721916,
        "f1_mad": 0.04126272316162338
    },
    "7": {
        "loss_median": 0.43368663390477497,
        "loss_mad": 0.01139119267463684,
        "accuracy_median": 0.9116666714350382,
        "accuracy_mad": 0.02333333094914758,
        "f1_median": 0.8771587499684259,
        "f1_mad": 0.03337272358740817
    },
    "8": {
        "loss_median": 0.4360077679157257,
        "loss_mad": 0.01569719115893048,
        "accuracy_median": 0.9199999968210856,
        "accuracy_mad": 0.015000005563100216,
        "f1_median": 0.8874738825790466,
        "f1_mad": 0.024968315039645472
    },
    "9": {
        "loss_median": 0.4347282449404398,
        "loss_mad": 0.01628510157267249,
        "accuracy_median": 0.9233333468437195,
        "accuracy_mad": 0.004999995231628418,
        "f1_median": 0.8913376619123745,
        "f1_mad": 0.018100808816418734
    },
    "10": {
        "loss_median": 0.4309504727522532,
        "loss_mad": 0.00869048635164893,
        "accuracy_median": 0.9150000214576721,
        "accuracy_mad": 0.018333375453949086,
        "f1_median": 0.8865832166762536,
        "f1_mad": 0.019552101916356812
    }
}