{
   "info": {
      "strategy": "FedAvg",
      "seed": 2,
      "init_seed": 2,
      "sampling_seed": 2,
      "data_seed": 2,
      "fraction_train": 0.75,
      "fraction_evaluate": 0.75,
      "local_epochs": 2,
      "num_rounds": 10,
      "num_clients": 5,
      "eta_l": 0.3,
      "iid": false,
      "alpha": 1.8,
      "training_mode": "mitigated",
      "nshots": 1000,
      "model_type": "quantum",
      "base_pauli": 0.0025,
      "base_readout": 0.0025,
      "noise_scale": 0.002
   },
   "rounds": [
      {
         "round": 0,
         "train_metrics": {},
         "eval_metrics_client": {},
         "eval_metrics_server": {
            "accuracy": 0.6800000071525574,
            "loss": 0.6009007096290588,
            "f1_score": 0.6259934548854604
         }
      },
      {
         "round": 1,
         "train_metrics": {
            "train_loss": 0.5182256855916081,
            "train_acc": 0.7836879457987791,
            "train_f1": 0.7352078933447187,
            "drift": 1.0113156211462786
         },
         "eval_metrics_client": {
            "loss": 0.4941805601119995,
            "accuracy": 0.7749999960263569,
            "f1": 0.7276450633991705
         },
         "eval_metrics_server": {
            "accuracy": 0.7900000214576721,
            "loss": 0.5080217123031616,
            "f1_score": 0.7366771159874608
         },
         "drift_metrics": {
            "drift_median": 0.8871651184747519,
            "drift_mean": 0.9080838266152448,
            "drift_max": 1.3040646863567538,
            "drift_min": 0.5330216750142285,
            "drift_per_client": [
               0.5330216750142285,
               0.8871651184747519,
               1.3040646863567538
            ]
         }
      },
      {
         "round": 2,
         "train_metrics": {
            "train_loss": 0.41105594031853226,
            "train_acc": 0.9152542239023467,
            "train_f1": 0.8617635571099803,
            "drift": 0.83051560072626
         },
         "eval_metrics_client": {
            "loss": 0.3960410952568054,
            "accuracy": 0.8999999960263569,
            "f1": 0.8597813842694628
         },
         "eval_metrics_server": {
            "accuracy": 0.8949999809265137,
            "loss": 0.4198344945907593,
            "f1_score": 0.8482604140322989
         },
         "drift_metrics": {
            "drift_median": 0.867087319677042,
            "drift_mean": 0.7880019436719183,
            "drift_max": 0.998542290091379,
            "drift_min": 0.4983762212473343,
            "drift_per_client": [
               0.4983762212473343,
               0.998542290091379,
               0.867087319677042
            ]
         }
      },
      {
         "round": 3,
         "train_metrics": {
            "train_loss": 0.32911512319941216,
            "train_acc": 0.9371069242369454,
            "train_f1": 0.8830258655356169,
            "drift": 0.8378778219812971
         },
         "eval_metrics_client": {
            "loss": 0.3340059618155161,
            "accuracy": 0.9549999833106995,
            "f1": 0.9347592914020291
         },
         "eval_metrics_server": {
            "accuracy": 0.949999988079071,
            "loss": 0.3469395339488983,
            "f1_score": 0.9203694855868769
         },
         "drift_metrics": {
            "drift_median": 0.7712583479251347,
            "drift_mean": 0.8206429910251117,
            "drift_max": 0.9421855905783141,
            "drift_min": 0.7484850345718868,
            "drift_per_client": [
               0.7484850345718868,
               0.7712583479251347,
               0.9421855905783141
            ]
         }
      },
      {
         "round": 4,
         "train_metrics": {
            "train_loss": 0.322296897226673,
            "train_acc": 0.945244961066617,
            "train_f1": 0.9251729130640083,
            "drift": 0.4962697113072745
         },
         "eval_metrics_client": {
            "loss": 0.31587387124697364,
            "accuracy": 0.9366666674613953,
            "f1": 0.913989585293933
         },
         "eval_metrics_server": {
            "accuracy": 0.9300000071525574,
            "loss": 0.3247467875480652,
            "f1_score": 0.8926215677251113
         },
         "drift_metrics": {
            "drift_median": 0.5159350813235348,
            "drift_mean": 0.4782307478042844,
            "drift_max": 0.5716849867724701,
            "drift_min": 0.34707217531684814,
            "drift_per_client": [
               0.34707217531684814,
               0.5716849867724701,
               0.5159350813235348
            ]
         }
      },
      {
         "round": 5,
         "train_metrics": {
            "train_loss": 0.32508273387956704,
            "train_acc": 0.9400630944910862,
            "train_f1": 0.9096903201225182,
            "drift": 0.3379760969811413
         },
         "eval_metrics_client": {
            "loss": 0.3194725712140401,
            "accuracy": 0.9350000023841858,
            "f1": 0.9063509178254323
         },
         "eval_metrics_server": {
            "accuracy": 0.9350000023841858,
            "loss": 0.3158043324947357,
            "f1_score": 0.9011820151267531
         },
         "drift_metrics": {
            "drift_median": 0.35865631441467444,
            "drift_mean": 0.30459190565642186,
            "drift_max": 0.38550647317957126,
            "drift_min": 0.16961292937501976,
            "drift_per_client": [
               0.16961292937501976,
               0.38550647317957126,
               0.35865631441467444
            ]
         }
      },
      {
         "round": 6,
         "train_metrics": {
            "train_loss": 0.3210061204654328,
            "train_acc": 0.9361702182614211,
            "train_f1": 0.9116427318813338,
            "drift": 0.2656737322442373
         },
         "eval_metrics_client": {
            "loss": 0.31853150328000385,
            "accuracy": 0.9199999968210856,
            "f1": 0.8853101601503832
         },
         "eval_metrics_server": {
            "accuracy": 0.9350000023841858,
            "loss": 0.31433165073394775,
            "f1_score": 0.9045205831588998
         },
         "drift_metrics": {
            "drift_median": 0.2347244829651481,
            "drift_mean": 0.2387546841753628,
            "drift_max": 0.3411308817056615,
            "drift_min": 0.1404086878552787,
            "drift_per_client": [
               0.1404086878552787,
               0.2347244829651481,
               0.3411308817056615
            ]
         }
      },
      {
         "round": 7,
         "train_metrics": {
            "train_loss": 0.28716500910934234,
            "train_acc": 0.9491525368165161,
            "train_f1": 0.911334762192973,
            "drift": 0.16998488534051687
         },
         "eval_metrics_client": {
            "loss": 0.3090806206067403,
            "accuracy": 0.9416666626930237,
            "f1": 0.9126242446039129
         },
         "eval_metrics_server": {
            "accuracy": 0.9449999928474426,
            "loss": 0.3083639144897461,
            "f1_score": 0.9148573861217539
         },
         "drift_metrics": {
            "drift_median": 0.14618735493197704,
            "drift_mean": 0.16287208846671997,
            "drift_max": 0.23217079765341256,
            "drift_min": 0.11025811281477035,
            "drift_per_client": [
               0.14618735493197704,
               0.11025811281477035,
               0.23217079765341256
            ]
         }
      },
      {
         "round": 8,
         "train_metrics": {
            "train_loss": 0.287339609008517,
            "train_acc": 0.949685516409904,
            "train_f1": 0.8997475461793538,
            "drift": 0.18190897861037073
         },
         "eval_metrics_client": {
            "loss": 0.3213519255320231,
            "accuracy": 0.9500000079472859,
            "f1": 0.9265252418913847
         },