{
   "info": {
      "strategy": "FedAvg",
      "seed": 3,
      "init_seed": 3,
      "sampling_seed": 3,
      "data_seed": 2,
      "fraction_train": 0.75,
      "fraction_evaluate": 0.75,
      "local_epochs": 2,
      "num_rounds": 10,
      "num_clients": 5,
      "eta_l": 0.3,
      "iid": false,
      "alpha": 1.8,
      "training_mode": "mitigated",
      "nshots": 1000,
      "model_type": "quantum",
      "base_pauli": 0.0025,
      "base_readout": 0.0025,
      "noise_scale": 0.002
   },
   "rounds": [
      {
         "round": 0,
         "train_metrics": {},
         "eval_metrics_client": {},
         "eval_metrics_server": {
            "accuracy": 0.47999998927116394,
            "loss": 0.7357013821601868,
            "f1_score": 0.4164515767029514
         }
      },
      {
         "round": 1,
         "train_metrics": {
            "train_loss": 0.41101298601833425,
            "train_acc": 0.9148351702388826,
            "train_f1": 0.8267556304514165,
            "drift": 1.7610046852955414
         },
         "eval_metrics_client": {
            "loss": 0.39606188734372455,
            "accuracy": 0.9083333214124043,
            "f1": 0.8593993152816681
         },
         "eval_metrics_server": {
            "accuracy": 0.9300000071525574,
            "loss": 0.38869819045066833,
            "f1_score": 0.8759744861800142
         },
         "drift_metrics": {
            "drift_median": 1.7761501368801855,
            "drift_mean": 1.7500638662524022,
            "drift_max": 1.8422340457808832,
            "drift_min": 1.631807416096138,
            "drift_per_client": [
               1.631807416096138,
               1.8422340457808832,
               1.7761501368801855
            ]
         }
      },
      {
         "round": 2,
         "train_metrics": {
            "train_loss": 0.3639057439859221,
            "train_acc": 0.9455128260529958,
            "train_f1": 0.9283879556136482,
            "drift": 0.4135410736560538
         },
         "eval_metrics_client": {
            "loss": 0.38575064142545057,
            "accuracy": 0.9183333516120911,
            "f1": 0.8674657246613947
         },
         "eval_metrics_server": {
            "accuracy": 0.9399999976158142,
            "loss": 0.3763928711414337,
            "f1_score": 0.8911268372346217
         },
         "drift_metrics": {
            "drift_median": 0.4145055194828693,
            "drift_mean": 0.40773885788868175,
            "drift_max": 0.4741293601825193,
            "drift_min": 0.33458169400065646,
            "drift_per_client": [
               0.4145055194828693,
               0.33458169400065646,
               0.4741293601825193
            ]
         }
      },
      {
         "round": 3,
         "train_metrics": {
            "train_loss": 0.34613567468545126,
            "train_acc": 0.9618644014758579,
            "train_f1": 0.9279096662763079,
            "drift": 0.22648766189651426
         },
         "eval_metrics_client": {
            "loss": 0.37620754043261206,
            "accuracy": 0.9083333214124043,
            "f1": 0.8309125577256457
         },
         "eval_metrics_server": {
            "accuracy": 0.9350000023841858,
            "loss": 0.3721916973590851,
            "f1_score": 0.8805970149253732
         },
         "drift_metrics": {
            "drift_median": 0.22205765101302144,
            "drift_mean": 0.21899650173150428,
            "drift_max": 0.25465776386973493,
            "drift_min": 0.18027409031175645,
            "drift_per_client": [
               0.18027409031175645,
               0.22205765101302144,
               0.25465776386973493
            ]
         }
      },
      {
         "round": 4,
         "train_metrics": {
            "train_loss": 0.3677180340569786,
            "train_acc": 0.9372693533387132,
            "train_f1": 0.8584717259825618,
            "drift": 0.2619892524390014
         },
         "eval_metrics_client": {
            "loss": 0.36827830473581946,
            "accuracy": 0.9199999968210856,
            "f1": 0.8532595156060768
         },
         "eval_metrics_server": {
            "accuracy": 0.9300000071525574,
            "loss": 0.36953043937683105,
            "f1_score": 0.8697916666666667
         },
         "drift_metrics": {
            "drift_median": 0.1774562552710557,
            "drift_mean": 0.22253263590826586,
            "drift_max": 0.3694233005295541,
            "drift_min": 0.12071835192418769,
            "drift_per_client": [
               0.12071835192418769,
               0.1774562552710557,
               0.3694233005295541
            ]
         }
      },
      {
         "round": 5,
         "train_metrics": {
            "train_loss": 0.38568612337041325,
            "train_acc": 0.9179810719911232,
            "train_f1": 0.8468898154692779,
            "drift": 0.27865833460375383
         },
         "eval_metrics_client": {
            "loss": 0.3764020999272664,
            "accuracy": 0.9316666722297668,
            "f1": 0.8742234972133947
         },
         "eval_metrics_server": {
            "accuracy": 0.9350000023841858,
            "loss": 0.36969444155693054,
            "f1_score": 0.8805970149253732
         },
         "drift_metrics": {
            "drift_median": 0.25732534499037196,
            "drift_mean": 0.2425735440474043,
            "drift_max": 0.377168687850555,
            "drift_min": 0.09322659930128599,
            "drift_per_client": [
               0.09322659930128599,
               0.377168687850555,
               0.25732534499037196
            ]
         }
      },
      {
         "round": 6,
         "train_metrics": {
            "train_loss": 0.3659740544808915,
            "train_acc": 0.9313187050622899,
            "train_f1": 0.8578922072188948,
            "drift": 0.27303772813224936
         },
         "eval_metrics_client": {
            "loss": 0.3803524374961853,
            "accuracy": 0.9133333365122477,
            "f1": 0.8440057440466995
         },
         "eval_metrics_server": {
            "accuracy": 0.9350000023841858,
            "loss": 0.3695355951786041,
            "f1_score": 0.8775375629975036
         },
         "drift_metrics": {
            "drift_median": 0.29144663254190395,
            "drift_mean": 0.2652966832987766,
            "drift_max": 0.3308998590185915,
            "drift_min": 0.17354355833583432,
            "drift_per_client": [
               0.17354355833583432,
               0.3308998590185915,
               0.29144663254190395
            ]
         }
      },
      {
         "round": 7,
         "train_metrics": {
            "train_loss": 0.3606255525004301,
            "train_acc": 0.9326922981402812,
            "train_f1": 0.8942567801024706,
            "drift": 0.21987932643401792
         },
         "eval_metrics_client": {
            "loss": 0.38027377923329664,
            "accuracy": 0.9066666762034098,
            "f1": 0.8397927835974979
         },
         "eval_metrics_server": {
            "accuracy": 0.9449999928474426,
            "loss": 0.3718263506889343,
            "f1_score": 0.8989667049368542
         },
         "drift_metrics": {
            "drift_median": 0.15341159566773263,
            "drift_mean": 0.2051352579792627,
            "drift_max": 0.3242537713962115,
            "drift_min": 0.137740406873844,
            "drift_per_client": [
               0.137740406873844,
               0.15341159566773263,
               0.3242537713962115
            ]
         }
      },
      {
         "round": 8,
         "train_metrics": {
            "train_loss": 0.3448878065259146,
            "train_acc": 0.9533898080304518,
            "train_f1": 0.8997128160455594,
            "drift": 0.16926580559288018
         },
         "eval_metrics_client": {
            "loss": 0.37313113609949744,
            "accuracy": 0.9016666611035664,