{
   "info": {
      "strategy": "FedAvg",
      "seed": 4,
      "init_seed": 4,
      "sampling_seed": 4,
      "data_seed": 2,
      "fraction_train": 0.75,
      "fraction_evaluate": 0.75,
      "local_epochs": 2,
      "num_rounds": 10,
      "num_clients": 5,
      "eta_l": 0.3,
      "iid": false,
      "alpha": 1.8,
      "training_mode": "mitigated",
      "nshots": 1000,
      "model_type": "quantum",
      "base_pauli": 0.0025,
      "base_readout": 0.0025,
      "noise_scale": 0.002
   },
   "rounds": [
      {
         "round": 0,
         "train_metrics": {},
         "eval_metrics_client": {},
         "eval_metrics_server": {
            "accuracy": 0.6700000166893005,
            "loss": 0.6031970381736755,
            "f1_score": 0.6268656716417911
         }
      },
      {
         "round": 1,
         "train_metrics": {
            "train_loss": 0.4430541450024852,
            "train_acc": 0.9025157313301878,
            "train_f1": 0.8365628459972697,
            "drift": 1.3058995799941808
         },
         "eval_metrics_client": {
            "loss": 0.4242078363895416,
            "accuracy": 0.9083333214124043,
            "f1": 0.8755902789229095
         },
         "eval_metrics_server": {
            "accuracy": 0.9150000214576721,
            "loss": 0.4195263981819153,
            "f1_score": 0.8751423010539459
         },
         "drift_metrics": {
            "drift_median": 1.238061165829804,
            "drift_mean": 1.274929919049244,
            "drift_max": 1.476374553380405,
            "drift_min": 1.1103540379375232,
            "drift_per_client": [
               1.238061165829804,
               1.1103540379375232,
               1.476374553380405
            ]
         }
      },
      {
         "round": 2,
         "train_metrics": {
            "train_loss": 0.3494438057878951,
            "train_acc": 0.9106628262687486,
            "train_f1": 0.8777605401199184,
            "drift": 0.8421324482153254
         },
         "eval_metrics_client": {
            "loss": 0.3443829218546549,
            "accuracy": 0.9266666769981384,
            "f1": 0.9018681626351045
         },
         "eval_metrics_server": {
            "accuracy": 0.925000011920929,
            "loss": 0.3531864285469055,
            "f1_score": 0.8916145814516421
         },
         "drift_metrics": {
            "drift_median": 0.8651289264936969,
            "drift_mean": 0.8196822474979858,
            "drift_max": 0.9292913324040263,
            "drift_min": 0.6646264835962342,
            "drift_per_client": [
               0.6646264835962342,
               0.8651289264936969,
               0.9292913324040263
            ]
         }
      },
      {
         "round": 3,
         "train_metrics": {
            "train_loss": 0.3268599715952377,
            "train_acc": 0.9211356386025247,
            "train_f1": 0.887913847750446,
            "drift": 0.5312683559741458
         },
         "eval_metrics_client": {
            "loss": 0.3280870219071706,
            "accuracy": 0.9300000071525574,
            "f1": 0.8994724580756032
         },
         "eval_metrics_server": {
            "accuracy": 0.9399999976158142,
            "loss": 0.32572802901268005,
            "f1_score": 0.9111242778847578
         },
         "drift_metrics": {
            "drift_median": 0.5864374731850885,
            "drift_mean": 0.47394944950794776,
            "drift_max": 0.5916609680376742,
            "drift_min": 0.24374990730108065,
            "drift_per_client": [
               0.24374990730108065,
               0.5916609680376742,
               0.5864374731850885
            ]
         }
      },
      {
         "round": 4,
         "train_metrics": {
            "train_loss": 0.31772332438409967,
            "train_acc": 0.9219858120096491,
            "train_f1": 0.8923805735264032,
            "drift": 0.352572511385647
         },
         "eval_metrics_client": {
            "loss": 0.32751486698786414,
            "accuracy": 0.9366666674613953,
            "f1": 0.9082326589807821
         },
         "eval_metrics_server": {
            "accuracy": 0.9449999928474426,
            "loss": 0.3193751871585846,
            "f1_score": 0.9178338001867414
         },
         "drift_metrics": {
            "drift_median": 0.3666678627452626,
            "drift_mean": 0.31485051408962333,
            "drift_max": 0.4227740384404606,
            "drift_min": 0.15510964108314676,
            "drift_per_client": [
               0.15510964108314676,
               0.3666678627452626,
               0.4227740384404606
            ]
         }
      },
      {
         "round": 5,
         "train_metrics": {
            "train_loss": 0.2892780137766219,
            "train_acc": 0.9533898302559125,
            "train_f1": 0.9146935138213548,
            "drift": 0.22703774112887865
         },
         "eval_metrics_client": {
            "loss": 0.31121760606765747,
            "accuracy": 0.9416666626930237,
            "f1": 0.9134751865189036
         },
         "eval_metrics_server": {
            "accuracy": 0.949999988079071,
            "loss": 0.31081047654151917,
            "f1_score": 0.9246534056660639
         },
         "drift_metrics": {
            "drift_median": 0.19339151132864127,
            "drift_mean": 0.2135120424450785,
            "drift_max": 0.2942712088891201,
            "drift_min": 0.15287340711747402,
            "drift_per_client": [
               0.15287340711747402,
               0.2942712088891201,
               0.19339151132864127
            ]
         }
      },
      {
         "round": 6,
         "train_metrics": {
            "train_loss": 0.2898088001408643,
            "train_acc": 0.9465408846267365,
            "train_f1": 0.8928913768407101,
            "drift": 0.21304819582575035
         },
         "eval_metrics_client": {
            "loss": 0.30761186281840003,
            "accuracy": 0.949999988079071,
            "f1": 0.927330300920544
         },
         "eval_metrics_server": {
            "accuracy": 0.9549999833106995,
            "loss": 0.3071928322315216,
            "f1_score": 0.9303378613723441
         },
         "drift_metrics": {
            "drift_median": 0.19958332637897594,
            "drift_mean": 0.20515725229144333,
            "drift_max": 0.25523565199185855,
            "drift_min": 0.1606527785034954,
            "drift_per_client": [
               0.19958332637897594,
               0.1606527785034954,
               0.25523565199185855
            ]
         }
      },
      {
         "round": 7,
         "train_metrics": {
            "train_loss": 0.3045295573814976,
            "train_acc": 0.9308357539369325,
            "train_f1": 0.898593292305444,
            "drift": 0.2722950153514914
         },
         "eval_metrics_client": {
            "loss": 0.3023376862208048,
            "accuracy": 0.9433333277702332,
            "f1": 0.9217325952033733
         },
         "eval_metrics_server": {
            "accuracy": 0.949999988079071,
            "loss": 0.3089440166950226,
            "f1_score": 0.9246534056660639
         },
         "drift_metrics": {
            "drift_median": 0.2038649327644672,
            "drift_mean": 0.2658232426102165,
            "drift_max": 0.42851107106964453,
            "drift_min": 0.16509372399653774,
            "drift_per_client": [
               0.2038649327644672,
               0.16509372399653774,
               0.42851107106964453
            ]
         }
      },
      {
         "round": 8,
         "train_metrics": {
            "train_loss": 0.31635291298713464,
            "train_acc": 0.9242902328539346,
            "train_f1": 0.8865736591298412,
            "drift": 0.2506311768729812
         },
         "eval_metrics_client": {
            "loss": 0.3114165167013804,
            "accuracy": 0.9383333325386047,
            "f1": 0.9097580684564559
         },