{
   "info": {
      "strategy": "FedAvg",
      "seed": 4,
      "init_seed": 4,
      "sampling_seed": 4,
      "data_seed": 2,
      "fraction_train": 0.75,
      "fraction_evaluate": 0.75,
      "local_epochs": 2,
      "num_rounds": 10,
      "num_clients": 5,
      "eta_l": 0.3,
      "iid": true,
      "alpha": null,
      "training_mode": "noisy",
      "nshots": 1000,
      "model_type": "quantum",
      "base_pauli": 0.0025,
      "base_readout": 0.0025,
      "noise_scale": 0.002
   },
   "rounds": [
      {
         "round": 0,
         "train_metrics": {},
         "eval_metrics_client": {},
         "eval_metrics_server": {
            "accuracy": 0.6700000166893005,
            "loss": 0.6031970381736755,
            "f1_score": 0.6268656716417911
         }
      },
      {
         "round": 1,
         "train_metrics": {
            "train_loss": 0.50217404961586,
            "train_acc": 0.8700000047683715,
            "train_f1": 0.8282209463918979,
            "drift": 1.0975105416004387
         },
         "eval_metrics_client": {
            "loss": 0.48170559604962665,
            "accuracy": 0.8783333301544188,
            "f1": 0.8419750670770423
         },
         "eval_metrics_server": {
            "accuracy": 0.875,
            "loss": 0.4454607367515564,
            "f1_score": 0.8274374460742019
         },
         "drift_metrics": {
            "drift_median": 1.0916377858664987,
            "drift_mean": 1.0975105416004387,
            "drift_max": 1.1533282764406692,
            "drift_min": 1.0475655624941485,
            "drift_per_client": [
               1.1533282764406692,
               1.0475655624941485,
               1.0916377858664987
            ]
         }
      },
      {
         "round": 2,
         "train_metrics": {
            "train_loss": 0.4253490093426826,
            "train_acc": 0.9066666762034098,
            "train_f1": 0.8801614684905061,
            "drift": 0.6589637262368047
         },
         "eval_metrics_client": {
            "loss": 0.434909035762151,
            "accuracy": 0.9083333214124043,
            "f1": 0.8801479548057927
         },
         "eval_metrics_server": {
            "accuracy": 0.9049999713897705,
            "loss": 0.38924792408943176,
            "f1_score": 0.86271180317208
         },
         "drift_metrics": {
            "drift_median": 0.6852199363646664,
            "drift_mean": 0.6589637262368048,
            "drift_max": 0.6986152771760323,
            "drift_min": 0.5930559651697155,
            "drift_per_client": [
               0.6852199363646664,
               0.5930559651697155,
               0.6986152771760323
            ]
         }
      },
      {
         "round": 3,
         "train_metrics": {
            "train_loss": 0.3947738374655063,
            "train_acc": 0.9100000063578287,
            "train_f1": 0.8777003227777661,
            "drift": 0.5308522253881195
         },
         "eval_metrics_client": {
            "loss": 0.38943541049957275,
            "accuracy": 0.9183333317438761,
            "f1": 0.8854903241234433
         },
         "eval_metrics_server": {
            "accuracy": 0.925000011920929,
            "loss": 0.3503792881965637,
            "f1_score": 0.8916145814516421
         },
         "drift_metrics": {
            "drift_median": 0.5301758755336816,
            "drift_mean": 0.5308522253881195,
            "drift_max": 0.5655482506037486,
            "drift_min": 0.49683255002692844,
            "drift_per_client": [
               0.5301758755336816,
               0.5655482506037486,
               0.49683255002692844
            ]
         }
      },
      {
         "round": 4,
         "train_metrics": {
            "train_loss": 0.35549539480453884,
            "train_acc": 0.9266666769981384,
            "train_f1": 0.8863075082587277,
            "drift": 0.4432292458028726
         },
         "eval_metrics_client": {
            "loss": 0.3583764235178629,
            "accuracy": 0.9333333373069763,
            "f1": 0.9014263390439927
         },
         "eval_metrics_server": {
            "accuracy": 0.949999988079071,
            "loss": 0.3254457116127014,
            "f1_score": 0.9246534056660639
         },
         "drift_metrics": {
            "drift_median": 0.40354978819501325,
            "drift_mean": 0.44322924580287265,
            "drift_max": 0.548402068268674,
            "drift_min": 0.37773588094493066,
            "drift_per_client": [
               0.40354978819501325,
               0.548402068268674,
               0.37773588094493066
            ]
         }
      },
      {
         "round": 5,
         "train_metrics": {
            "train_loss": 0.3495653974704253,
            "train_acc": 0.943333347638448,
            "train_f1": 0.9050314400261378,
            "drift": 0.2895738099922573
         },
         "eval_metrics_client": {
            "loss": 0.36182318131128943,
            "accuracy": 0.9466666579246521,
            "f1": 0.9193827980548132
         },
         "eval_metrics_server": {
            "accuracy": 0.9549999833106995,
            "loss": 0.314375102519989,
            "f1_score": 0.9303378613723441
         },
         "drift_metrics": {
            "drift_median": 0.26559165284072156,
            "drift_mean": 0.28957380999225735,
            "drift_max": 0.379503866433954,
            "drift_min": 0.2236259107020964,
            "drift_per_client": [
               0.26559165284072156,
               0.2236259107020964,
               0.379503866433954
            ]
         }
      },
      {
         "round": 6,
         "train_metrics": {
            "train_loss": 0.34468493935389394,
            "train_acc": 0.943333347638448,
            "train_f1": 0.9192330915674269,
            "drift": 0.24668748786338343
         },
         "eval_metrics_client": {
            "loss": 0.35510286688804626,
            "accuracy": 0.9433333277702332,
            "f1": 0.9189358198402879
         },
         "eval_metrics_server": {
            "accuracy": 0.9350000023841858,
            "loss": 0.3114534616470337,
            "f1_score": 0.9011820151267531
         },
         "drift_metrics": {
            "drift_median": 0.2717906758215991,
            "drift_mean": 0.24668748786338343,
            "drift_max": 0.30113804372766095,
            "drift_min": 0.16713374404089024,
            "drift_per_client": [
               0.16713374404089024,
               0.30113804372766095,
               0.2717906758215991
            ]
         }
      },
      {
         "round": 7,
         "train_metrics": {
            "train_loss": 0.35940068043195283,
            "train_acc": 0.9333333373069763,
            "train_f1": 0.913932361768619,
            "drift": 0.20045995246906875
         },
         "eval_metrics_client": {
            "loss": 0.3593890865643819,
            "accuracy": 0.9333333373069763,
            "f1": 0.9079560365212308
         },
         "eval_metrics_server": {
            "accuracy": 0.9399999976158142,
            "loss": 0.3118784427642822,
            "f1_score": 0.9111242778847578
         },
         "drift_metrics": {
            "drift_median": 0.19867968269673958,
            "drift_mean": 0.20045995246906875,
            "drift_max": 0.2729598948913717,
            "drift_min": 0.12974027981909506,
            "drift_per_client": [
               0.19867968269673958,
               0.12974027981909506,
               0.2729598948913717
            ]
         }
      },
      {
         "round": 8,
         "train_metrics": {
            "train_loss": 0.36213175570353484,
            "train_acc": 0.9133333365122477,
            "train_f1": 0.8795947864240546,
            "drift": 0.22254952839001158
         },
         "eval_metrics_client": {
            "loss": 0.3525505165259043,
            "accuracy": 0.9416666626930237,
            "f1": 0.9142058045611755
         },