{
   "info": {
      "strategy": "FedAvg",
      "seed": 1,
      "init_seed": 1,
      "sampling_seed": 1,
      "data_seed": 2,
      "fraction_train": 0.75,
      "fraction_evaluate": 0.75,
      "local_epochs": 2,
      "num_rounds": 10,
      "num_clients": 5,
      "eta_l": 0.3,
      "iid": true,
      "alpha": null,
      "training_mode": "noisy",
      "nshots": 1000,
      "model_type": "quantum",
      "base_pauli": 0.0025,
      "base_readout": 0.0025,
      "noise_scale": 0.002
   },
   "rounds": [
      {
         "round": 0,
         "train_metrics": {},
         "eval_metrics_client": {},
         "eval_metrics_server": {
            "accuracy": 0.6150000095367432,
            "loss": 0.6220965385437012,
            "f1_score": 0.548002700243609
         }
      },
      {
         "round": 1,
         "train_metrics": {
            "train_loss": 0.554650645225476,
            "train_acc": 0.8133333325386047,
            "train_f1": 0.7617265461661212,
            "drift": 0.8298659279173151
         },
         "eval_metrics_client": {
            "loss": 0.5287227829297383,
            "accuracy": 0.7866666515668232,
            "f1": 0.745029710887004
         },
         "eval_metrics_server": {
            "accuracy": 0.8100000023841858,
            "loss": 0.5250425934791565,
            "f1_score": 0.7499671009343334
         },
         "drift_metrics": {
            "drift_median": 0.846867744610092,
            "drift_mean": 0.8298659279173152,
            "drift_max": 0.937208713828032,
            "drift_min": 0.7055213253138216,
            "drift_per_client": [
               0.937208713828032,
               0.846867744610092,
               0.7055213253138216
            ]
         }
      },
      {
         "round": 2,
         "train_metrics": {
            "train_loss": 0.47331567528920293,
            "train_acc": 0.850000003973643,
            "train_f1": 0.8038260204231877,
            "drift": 0.6710829807951348
         },
         "eval_metrics_client": {
            "loss": 0.4741223057111104,
            "accuracy": 0.8349999984105427,
            "f1": 0.7913034252794792
         },
         "eval_metrics_server": {
            "accuracy": 0.8700000047683716,
            "loss": 0.4619394540786743,
            "f1_score": 0.8192184675288555
         },
         "drift_metrics": {
            "drift_median": 0.7284482162778438,
            "drift_mean": 0.671082980795135,
            "drift_max": 0.7609131091121519,
            "drift_min": 0.523887616995409,
            "drift_per_client": [
               0.7284482162778438,
               0.523887616995409,
               0.7609131091121519
            ]
         }
      },
      {
         "round": 3,
         "train_metrics": {
            "train_loss": 0.4795476144705063,
            "train_acc": 0.8333333333333333,
            "train_f1": 0.7907142475204185,
            "drift": 0.42402665584882954
         },
         "eval_metrics_client": {
            "loss": 0.46448209881782526,
            "accuracy": 0.8549999992052713,
            "f1": 0.8038701132484604
         },
         "eval_metrics_server": {
            "accuracy": 0.8600000143051147,
            "loss": 0.4389652907848358,
            "f1_score": 0.8081140350877194
         },
         "drift_metrics": {
            "drift_median": 0.4585197380214228,
            "drift_mean": 0.42402665584882954,
            "drift_max": 0.4961372328591905,
            "drift_min": 0.3174229966658754,
            "drift_per_client": [
               0.3174229966658754,
               0.4585197380214228,
               0.4961372328591905
            ]
         }
      },
      {
         "round": 4,
         "train_metrics": {
            "train_loss": 0.4671711875842167,
            "train_acc": 0.8366666634877522,
            "train_f1": 0.7957695067498911,
            "drift": 0.34298824100664094
         },
         "eval_metrics_client": {
            "loss": 0.4545862476030985,
            "accuracy": 0.8516666491826375,
            "f1": 0.7998547245932643
         },
         "eval_metrics_server": {
            "accuracy": 0.8650000095367432,
            "loss": 0.42669785022735596,
            "f1_score": 0.8108647683093412
         },
         "drift_metrics": {
            "drift_median": 0.36156031558189583,
            "drift_mean": 0.34298824100664094,
            "drift_max": 0.4282606359239724,
            "drift_min": 0.23914377151405466,
            "drift_per_client": [
               0.36156031558189583,
               0.23914377151405466,
               0.4282606359239724
            ]
         }
      },
      {
         "round": 5,
         "train_metrics": {
            "train_loss": 0.43620932102203364,
            "train_acc": 0.8799999952316283,
            "train_f1": 0.8268133694781661,
            "drift": 0.40439270531175114
         },
         "eval_metrics_client": {
            "loss": 0.4398749669392903,
            "accuracy": 0.8700000047683715,
            "f1": 0.8147948147521944
         },
         "eval_metrics_server": {
            "accuracy": 0.8849999904632568,
            "loss": 0.41041988134384155,
            "f1_score": 0.8281979458450046
         },
         "drift_metrics": {
            "drift_median": 0.38717383737886796,
            "drift_mean": 0.40439270531175114,
            "drift_max": 0.47072683226826056,
            "drift_min": 0.35527744628812497,
            "drift_per_client": [
               0.38717383737886796,
               0.35527744628812497,
               0.47072683226826056
            ]
         }
      },
      {
         "round": 6,
         "train_metrics": {
            "train_loss": 0.4082991167520865,
            "train_acc": 0.9233333468437195,
            "train_f1": 0.8792262589730944,
            "drift": 0.3980826795256645
         },
         "eval_metrics_client": {
            "loss": 0.43501314520835876,
            "accuracy": 0.9049999912579854,
            "f1": 0.860466794960713
         },
         "eval_metrics_server": {
            "accuracy": 0.9350000023841858,
            "loss": 0.3919105529785156,
            "f1_score": 0.8933333333333333
         },
         "drift_metrics": {
            "drift_median": 0.4059909338202771,
            "drift_mean": 0.3980826795256645,
            "drift_max": 0.41307662332271744,
            "drift_min": 0.37518048143399896,
            "drift_per_client": [
               0.41307662332271744,
               0.37518048143399896,
               0.4059909338202771
            ]
         }
      },
      {
         "round": 7,
         "train_metrics": {
            "train_loss": 0.40557304597817934,
            "train_acc": 0.9233333269755045,
            "train_f1": 0.8870296004871492,
            "drift": 0.33725870206049735
         },
         "eval_metrics_client": {
            "loss": 0.42429767052332557,
            "accuracy": 0.9183333118756611,
            "f1": 0.874174052680239
         },
         "eval_metrics_server": {
            "accuracy": 0.9350000023841858,
            "loss": 0.380930632352829,
            "f1_score": 0.8886938653195771
         },
         "drift_metrics": {
            "drift_median": 0.3368714546197596,
            "drift_mean": 0.33725870206049735,
            "drift_max": 0.3449710796882758,
            "drift_min": 0.3299335718734567,
            "drift_per_client": [
               0.3299335718734567,
               0.3449710796882758,
               0.3368714546197596
            ]
         }
      },
      {
         "round": 8,
         "train_metrics": {
            "train_loss": 0.4273724922767052,
            "train_acc": 0.9066666762034098,
            "train_f1": 0.852741781569626,
            "drift": 0.2951513857276795
         },
         "eval_metrics_client": {
            "loss": 0.42541447281837463,
            "accuracy": 0.9283333420753479,
            "f1": 0.8793848955403729
         },