{
    "1": {
        "loss_median": 0.5715885361035664,
        "loss_mad": 0.006588141123453739,
        "accuracy_median": 0.6883333325386047,
        "accuracy_mad": 0.04666666189829505,
        "f1_median": 0.6362222230651864,
        "f1_mad": 0.05037845522057549
    },
    "2": {
        "loss_median": 0.5254471103350321,
        "loss_mad": 0.015052249034245846,
        "accuracy_median": 0.7416666547457377,
        "accuracy_mad": 0.0533333420753479,
        "f1_median": 0.694116497296575,
        "f1_mad": 0.04122546665849569
    },
    "3": {
        "loss_median": 0.475123663743337,
        "loss_mad": 0.00847199559211731,
        "accuracy_median": 0.8233333230018616,
        "accuracy_mad": 0.04000002145767212,
        "f1_median": 0.7681473203474929,
        "f1_mad": 0.032208056993577205
    },
    "4": {
        "loss_median": 0.4548372129599253,
        "loss_mad": 0.007919132709503174,
        "accuracy_median": 0.8483333388964334,
        "accuracy_mad": 0.026666680971781265,
        "f1_median": 0.7693449400535998,
        "f1_mad": 0.013599580828777103
    },
    "5": {
        "loss_median": 0.4220549960931142,
        "loss_mad": 0.016524791717529352,
        "accuracy_median": 0.8599999944368998,
        "accuracy_mad": 0.013333320617675781,
        "f1_median": 0.812768828488149,
        "f1_mad": 0.020695657105690768
    },
    "6": {
        "loss_median": 0.40909335017204285,
        "loss_mad": 0.01602272192637133,
        "accuracy_median": 0.8816666603088378,
        "accuracy_mad": 0.021666665871938107,
        "f1_median": 0.8047661132005348,
        "f1_mad": 0.047595923273089036
    },
    "7": {
        "loss_median": 0.4153648813565572,
        "loss_mad": 0.014500766992568914,
        "accuracy_median": 0.9000000158945719,
        "accuracy_mad": 0.011666655540466309,
        "f1_median": 0.8444165488064856,
        "f1_mad": 0.021660772056662836
    },
    "8": {
        "loss_median": 0.3993718524773915,
        "loss_mad": 0.02896995345751452,
        "accuracy_median": 0.9100000063578287,
        "accuracy_mad": 0.01833333571751916,
        "f1_median": 0.8603055108107345,
        "f1_mad": 0.03302307436184826
    },
    "9": {
        "loss_median": 0.3916151126225789,
        "loss_mad": 0.033232430617014586,
        "accuracy_median": 0.9133333365122477,
        "accuracy_mad": 0.02999999125798547,
        "f1_median": 0.879454559763647,
        "f1_mad": 0.049425842989387236
    },
    "10": {
        "loss_median": 0.3816042045752207,
        "loss_mad": 0.0321469207604726,
        "accuracy_median": 0.925000011920929,
        "accuracy_mad": 0.016666650772094727,
        "f1_median": 0.8852247562962577,
        "f1_mad": 0.030362359993066357
    }
}