{
    "1": {
        "loss_median": 0.45425576965014136,
        "loss_mad": 0.038522968689600645,
        "accuracy_median": 0.8483333388964334,
        "accuracy_mad": 0.04166666666666674,
        "f1_median": 0.7845639803104184,
        "f1_mad": 0.06457652226790012
    },
    "2": {
        "loss_median": 0.39422916372617084,
        "loss_mad": 0.019671410322189276,
        "accuracy_median": 0.8700000047683715,
        "accuracy_mad": 0.013333340485890743,
        "f1_median": 0.8287922065756872,
        "f1_mad": 0.06473568358392112
    },
    "3": {
        "loss_median": 0.3627545634905497,
        "loss_mad": 0.02985216180483502,
        "accuracy_median": 0.9016666611035664,
        "accuracy_mad": 0.031666676203409905,
        "f1_median": 0.8655682089048853,
        "f1_mad": 0.054180677882134654
    },
    "4": {
        "loss_median": 0.32733210921287537,
        "loss_mad": 0.011257082223892212,
        "accuracy_median": 0.9083333412806193,
        "accuracy_mad": 0.01833333571751916,
        "f1_median": 0.8771896739109853,
        "f1_mad": 0.04096835988887915
    },
    "5": {
        "loss_median": 0.31788919369379676,
        "loss_mad": 0.014995396137237549,
        "accuracy_median": 0.9133333365122477,
        "accuracy_mad": 0.020000000794728634,
        "f1_median": 0.8779048026489004,
        "f1_mad": 0.037670841155062695
    },
    "6": {
        "loss_median": 0.31671254833539325,
        "loss_mad": 0.01883697509765625,
        "accuracy_median": 0.9099999864896138,
        "accuracy_mad": 0.03166665633519494,
        "f1_median": 0.8738840042807994,
        "f1_mad": 0.05083407456502509
    },
    "7": {
        "loss_median": 0.31458646059036255,
        "loss_mad": 0.010184595982233702,
        "accuracy_median": 0.9283333420753479,
        "accuracy_mad": 0.023333311080932617,
        "f1_median": 0.8969453364656352,
        "f1_mad": 0.027159128256363796
    },
    "8": {
        "loss_median": 0.313667893409729,
        "loss_mad": 0.012630442778269468,
        "accuracy_median": 0.9266666769981384,
        "accuracy_mad": 0.01166667540868127,
        "f1_median": 0.8955373384495458,
        "f1_mad": 0.018276688864074964
    },
    "9": {
        "loss_median": 0.3155515690644582,
        "loss_mad": 0.017750918865203857,
        "accuracy_median": 0.9133333563804626,
        "accuracy_mad": 0.016666650772094727,
        "f1_median": 0.8771485274952528,
        "f1_mad": 0.02827679764595692
    },
    "10": {
        "loss_median": 0.30755026141802466,
        "loss_mad": 0.004920730988184574,
        "accuracy_median": 0.9233333468437195,
        "accuracy_mad": 0.0183333158493042,
        "f1_median": 0.8902512403028301,
        "f1_mad": 0.027058306749802585
    }
}