{
   "info": {
      "strategy": "FedAvg",
      "seed": 4,
      "init_seed": 4,
      "sampling_seed": 4,
      "data_seed": 2,
      "fraction_train": 0.75,
      "fraction_evaluate": 0.75,
      "local_epochs": 2,
      "num_rounds": 10,
      "num_clients": 5,
      "eta_l": 0.3,
      "iid": true,
      "alpha": null,
      "training_mode": "noisy",
      "nshots": 1000,
      "model_type": "quantum",
      "base_pauli": 0.006,
      "base_readout": 0.006,
      "noise_scale": 0.002
   },
   "rounds": [
      {
         "round": 0,
         "train_metrics": {},
         "eval_metrics_client": {},
         "eval_metrics_server": {
            "accuracy": 0.6700000166893005,
            "loss": 0.6031970381736755,
            "f1_score": 0.6268656716417911
         }
      },
      {
         "round": 1,
         "train_metrics": {
            "train_loss": 0.55355804394453,
            "train_acc": 0.8533333539962767,
            "train_f1": 0.8101038753623377,
            "drift": 0.9224422091127749
         },
         "eval_metrics_client": {
            "loss": 0.5345366199811299,
            "accuracy": 0.868333339691162,
            "f1": 0.8318936466657947
         },
         "eval_metrics_server": {
            "accuracy": 0.8500000238418579,
            "loss": 0.46483954787254333,
            "f1_score": 0.8050935550935552
         },
         "drift_metrics": {
            "drift_median": 0.9121767171311969,
            "drift_mean": 0.922442209112775,
            "drift_max": 0.9770888494497013,
            "drift_min": 0.8780610607574267,
            "drift_per_client": [
               0.9121767171311969,
               0.9770888494497013,
               0.8780610607574267
            ]
         }
      },
      {
         "round": 2,
         "train_metrics": {
            "train_loss": 0.4857445053565197,
            "train_acc": 0.8933333158493041,
            "train_f1": 0.865653743930598,
            "drift": 0.6235098934564999
         },
         "eval_metrics_client": {
            "loss": 0.49384136994679767,
            "accuracy": 0.896666665871938,
            "f1": 0.8664460725370183
         },
         "eval_metrics_server": {
            "accuracy": 0.9100000262260437,
            "loss": 0.4046638607978821,
            "f1_score": 0.8709677419354839
         },
         "drift_metrics": {
            "drift_median": 0.6465872459370727,
            "drift_mean": 0.6235098934564999,
            "drift_max": 0.6588130133936652,
            "drift_min": 0.5651294210387618,
            "drift_per_client": [
               0.5651294210387618,
               0.6465872459370727,
               0.6588130133936652
            ]
         }
      },
      {
         "round": 3,
         "train_metrics": {
            "train_loss": 0.45802851135914135,
            "train_acc": 0.9066666762034098,
            "train_f1": 0.8773448406738782,
            "drift": 0.49510013130406433
         },
         "eval_metrics_client": {
            "loss": 0.45466508467992145,
            "accuracy": 0.9066666762034098,
            "f1": 0.8710461602484051
         },
         "eval_metrics_server": {
            "accuracy": 0.9200000166893005,
            "loss": 0.36551734805107117,
            "f1_score": 0.8853046594982079
         },
         "drift_metrics": {
            "drift_median": 0.5107180684253305,
            "drift_mean": 0.4951001313040644,
            "drift_max": 0.5218446603680582,
            "drift_min": 0.4527376651188043,
            "drift_per_client": [
               0.5107180684253305,
               0.5218446603680582,
               0.4527376651188043
            ]
         }
      },
      {
         "round": 4,
         "train_metrics": {
            "train_loss": 0.42457082561957527,
            "train_acc": 0.9233333468437195,
            "train_f1": 0.8848708866506985,
            "drift": 0.43893636964732047
         },
         "eval_metrics_client": {
            "loss": 0.42424585421880084,
            "accuracy": 0.9233333468437195,
            "f1": 0.8888757767772955
         },
         "eval_metrics_server": {
            "accuracy": 0.9399999976158142,
            "loss": 0.3362658619880676,
            "f1_score": 0.9111242778847578
         },
         "drift_metrics": {
            "drift_median": 0.4025709927470781,
            "drift_mean": 0.4389363696473205,
            "drift_max": 0.5462559057025209,
            "drift_min": 0.3679822104923625,
            "drift_per_client": [
               0.5462559057025209,
               0.4025709927470781,
               0.3679822104923625
            ]
         }
      },
      {
         "round": 5,
         "train_metrics": {
            "train_loss": 0.4151144646681272,
            "train_acc": 0.9400000174840291,
            "train_f1": 0.9004555638357172,
            "drift": 0.3071697185282599
         },
         "eval_metrics_client": {
            "loss": 0.4231105844179789,
            "accuracy": 0.9383333325386047,
            "f1": 0.908175695633396
         },
         "eval_metrics_server": {
            "accuracy": 0.9549999833106995,
            "loss": 0.3210180699825287,
            "f1_score": 0.9315875489339059
         },
         "drift_metrics": {
            "drift_median": 0.27307040367348456,
            "drift_mean": 0.30716971852825997,
            "drift_max": 0.4064788642404349,
            "drift_min": 0.24195988767086044,
            "drift_per_client": [
               0.27307040367348456,
               0.4064788642404349,
               0.24195988767086044
            ]
         }
      },
      {
         "round": 6,
         "train_metrics": {
            "train_loss": 0.4074477377610329,
            "train_acc": 0.9400000174840291,
            "train_f1": 0.9141365316780881,
            "drift": 0.24816624438768742
         },
         "eval_metrics_client": {
            "loss": 0.41638589898745215,
            "accuracy": 0.9383333325386047,
            "f1": 0.9128958984544953
         },
         "eval_metrics_server": {
            "accuracy": 0.9350000023841858,
            "loss": 0.3153558671474457,
            "f1_score": 0.9011820151267531
         },
         "drift_metrics": {
            "drift_median": 0.28080907063037586,
            "drift_mean": 0.24816624438768742,
            "drift_max": 0.29763492431401795,
            "drift_min": 0.16605473821866842,
            "drift_per_client": [
               0.16605473821866842,
               0.29763492431401795,
               0.28080907063037586
            ]
         }
      },
      {
         "round": 7,
         "train_metrics": {
            "train_loss": 0.4185097339825752,
            "train_acc": 0.9300000071525574,
            "train_f1": 0.9088358018792801,
            "drift": 0.18535946576086615
         },
         "eval_metrics_client": {
            "loss": 0.42003684242566425,
            "accuracy": 0.9366666674613953,
            "f1": 0.9136255721390022
         },
         "eval_metrics_server": {
            "accuracy": 0.9399999976158142,
            "loss": 0.31439223885536194,
            "f1_score": 0.9111242778847578
         },
         "drift_metrics": {
            "drift_median": 0.18958076896491874,
            "drift_mean": 0.18535946576086618,
            "drift_max": 0.24554619661800656,
            "drift_min": 0.12095143169967325,
            "drift_per_client": [
               0.18958076896491874,
               0.12095143169967325,
               0.24554619661800656
            ]
         }
      },
      {
         "round": 8,
         "train_metrics": {
            "train_loss": 0.4211726799989358,
            "train_acc": 0.9100000063578287,
            "train_f1": 0.8778821792213114,
            "drift": 0.20318397010368164
         },
         "eval_metrics_client": {
            "loss": 0.41317908962567645,
            "accuracy": 0.9300000071525574,