{
   "info": {
      "strategy": "FedAvg",
      "seed": 2,
      "init_seed": 2,
      "sampling_seed": 2,
      "data_seed": 2,
      "fraction_train": 0.75,
      "fraction_evaluate": 0.75,
      "local_epochs": 2,
      "num_rounds": 10,
      "num_clients": 5,
      "eta_l": 0.3,
      "iid": false,
      "alpha": 1.8,
      "training_mode": "noiseless",
      "nshots": 1000,
      "model_type": "quantum"
   },
   "rounds": [
      {
         "round": 0,
         "train_metrics": {},
         "eval_metrics_client": {},
         "eval_metrics_server": {
            "accuracy": 0.6800000071525574,
            "loss": 0.6009007096290588,
            "f1_score": 0.6259934548854604
         }
      },
      {
         "round": 1,
         "train_metrics": {
            "train_loss": 0.5206731334452642,
            "train_acc": 0.7765957482740389,
            "train_f1": 0.7256046374223988,
            "drift": 1.010794830181958
         },
         "eval_metrics_client": {
            "loss": 0.49018761515617365,
            "accuracy": 0.7716666857401528,
            "f1": 0.7225960128915315
         },
         "eval_metrics_server": {
            "accuracy": 0.7850000262260437,
            "loss": 0.5077271461486816,
            "f1_score": 0.7319118426384863
         },
         "drift_metrics": {
            "drift_median": 0.880384988418451,
            "drift_mean": 0.9066293018608063,
            "drift_max": 1.309368271839168,
            "drift_min": 0.5301346453247996,
            "drift_per_client": [
               0.5301346453247996,
               0.880384988418451,
               1.309368271839168
            ]
         }
      },
      {
         "round": 2,
         "train_metrics": {
            "train_loss": 0.41609878881383866,
            "train_acc": 0.9025423675775528,
            "train_f1": 0.8450229630504538,
            "drift": 0.8236922996727245
         },
         "eval_metrics_client": {
            "loss": 0.3993593355019887,
            "accuracy": 0.8999999960263569,
            "f1": 0.8598449985558871
         },
         "eval_metrics_server": {
            "accuracy": 0.8949999809265137,
            "loss": 0.4204009771347046,
            "f1_score": 0.8482604140322989
         },
         "drift_metrics": {
            "drift_median": 0.8853354583608481,
            "drift_mean": 0.780004039965594,
            "drift_max": 0.9586657941757895,
            "drift_min": 0.49601086736014416,
            "drift_per_client": [
               0.49601086736014416,
               0.9586657941757895,
               0.8853354583608481
            ]
         }
      },
      {
         "round": 3,
         "train_metrics": {
            "train_loss": 0.33555903060284686,
            "train_acc": 0.9496855267188834,
            "train_f1": 0.9036494142029555,
            "drift": 0.8393620591573763
         },
         "eval_metrics_client": {
            "loss": 0.3417547047138214,
            "accuracy": 0.95333331823349,
            "f1": 0.9327929722704048
         },
         "eval_metrics_server": {
            "accuracy": 0.949999988079071,
            "loss": 0.34784427285194397,
            "f1_score": 0.9203694855868769
         },
         "drift_metrics": {
            "drift_median": 0.7870918155601194,
            "drift_mean": 0.8216586682018144,
            "drift_max": 0.9412224147167663,
            "drift_min": 0.7366617743285577,
            "drift_per_client": [
               0.7366617743285577,
               0.7870918155601194,
               0.9412224147167663
            ]
         }
      },
      {
         "round": 4,
         "train_metrics": {
            "train_loss": 0.3264224871215272,
            "train_acc": 0.9279538896310571,
            "train_f1": 0.8984909504208672,
            "drift": 0.5006898771237068
         },
         "eval_metrics_client": {
            "loss": 0.3189297914505005,
            "accuracy": 0.9383333325386047,
            "f1": 0.9159356750054424
         },
         "eval_metrics_server": {
            "accuracy": 0.9300000071525574,
            "loss": 0.3249445855617523,
            "f1_score": 0.8926215677251113
         },
         "drift_metrics": {
            "drift_median": 0.5220795327421148,
            "drift_mean": 0.48134699028389455,
            "drift_max": 0.5812141538836202,
            "drift_min": 0.3407472842259487,
            "drift_per_client": [
               0.3407472842259487,
               0.5812141538836202,
               0.5220795327421148
            ]
         }
      },
      {
         "round": 5,
         "train_metrics": {
            "train_loss": 0.3306867569037948,
            "train_acc": 0.9274447958928178,
            "train_f1": 0.8942520276307333,
            "drift": 0.3484539672782368
         },
         "eval_metrics_client": {
            "loss": 0.31272822618484497,
            "accuracy": 0.9383333325386047,
            "f1": 0.9103581734140309
         },
         "eval_metrics_server": {
            "accuracy": 0.9399999976158142,
            "loss": 0.31567010283470154,
            "f1_score": 0.9095840867992766
         },
         "drift_metrics": {
            "drift_median": 0.37139901878396925,
            "drift_mean": 0.3149959837270811,
            "drift_max": 0.39369508781986434,
            "drift_min": 0.17989384457740967,
            "drift_per_client": [
               0.17989384457740967,
               0.39369508781986434,
               0.37139901878396925
            ]
         }
      },
      {
         "round": 6,
         "train_metrics": {
            "train_loss": 0.3231586336596242,
            "train_acc": 0.9290780207366809,
            "train_f1": 0.901723734363169,
            "drift": 0.26975135498475544
         },
         "eval_metrics_client": {
            "loss": 0.3142717679341634,
            "accuracy": 0.9266666769981384,
            "f1": 0.8936697664438378
         },
         "eval_metrics_server": {
            "accuracy": 0.9350000023841858,
            "loss": 0.3142012655735016,
            "f1_score": 0.9045205831588998
         },
         "drift_metrics": {
            "drift_median": 0.23965418445651748,
            "drift_mean": 0.24324393928847007,
            "drift_max": 0.3438203827549735,
            "drift_min": 0.14625725065391923,
            "drift_per_client": [
               0.14625725065391923,
               0.23965418445651748,
               0.3438203827549735
            ]
         }
      },
      {
         "round": 7,
         "train_metrics": {
            "train_loss": 0.28832362938786665,
            "train_acc": 0.9491525368165161,
            "train_f1": 0.911334762192973,
            "drift": 0.17706380583348985
         },
         "eval_metrics_client": {
            "loss": 0.30697547396024066,
            "accuracy": 0.9399999976158142,
            "f1": 0.9102575172405507
         },
         "eval_metrics_server": {
            "accuracy": 0.9449999928474426,
            "loss": 0.3080097734928131,
            "f1_score": 0.9148573861217539
         },
         "drift_metrics": {
            "drift_median": 0.15460716564027352,
            "drift_mean": 0.17042839579841976,
            "drift_max": 0.23462368188854593,
            "drift_min": 0.12205433986643992,
            "drift_per_client": [
               0.15460716564027352,
               0.12205433986643992,
               0.23462368188854593
            ]
         }
      },
      {
         "round": 8,
         "train_metrics": {
            "train_loss": 0.2875654385446197,
            "train_acc": 0.9465408793785288,
            "train_f1": 0.8940964329409262,
            "drift": 0.1768050563124689
         },
         "eval_metrics_client": {
            "loss": 0.3021261692047119,
            "accuracy": 0.9599999984105427,
            "f1": 0.9405629356937034
         },
         "eval_metrics_server": {
            "accuracy": 0.9549999833106995,