{
   "info": {
      "strategy": "FedAvg",
      "seed": 3,
      "init_seed": 3,
      "sampling_seed": 3,
      "data_seed": 2,
      "fraction_train": 0.75,
      "fraction_evaluate": 0.75,
      "local_epochs": 2,
      "num_rounds": 10,
      "num_clients": 5,
      "eta_l": 0.3,
      "iid": false,
      "alpha": 1.8,
      "training_mode": "noiseless",
      "nshots": 1000,
      "model_type": "quantum"
   },
   "rounds": [
      {
         "round": 0,
         "train_metrics": {},
         "eval_metrics_client": {},
         "eval_metrics_server": {
            "accuracy": 0.47999998927116394,
            "loss": 0.7357013821601868,
            "f1_score": 0.4164515767029514
         }
      },
      {
         "round": 1,
         "train_metrics": {
            "train_loss": 0.4075612998160696,
            "train_acc": 0.9148351761338476,
            "train_f1": 0.8282739394459082,
            "drift": 1.7745850755084354
         },
         "eval_metrics_client": {
            "loss": 0.3940699299176533,
            "accuracy": 0.8999999960263569,
            "f1": 0.8398517217820981
         },
         "eval_metrics_server": {
            "accuracy": 0.9300000071525574,
            "loss": 0.3874061703681946,
            "f1_score": 0.8759744861800142
         },
         "drift_metrics": {
            "drift_median": 1.7737636864057869,
            "drift_mean": 1.7628332771180304,
            "drift_max": 1.8759953555398152,
            "drift_min": 1.638740789408489,
            "drift_per_client": [
               1.638740789408489,
               1.7737636864057869,
               1.8759953555398152
            ]
         }
      },
      {
         "round": 2,
         "train_metrics": {
            "train_loss": 0.36223201556103835,
            "train_acc": 0.9391025576071861,
            "train_f1": 0.9003700863043108,
            "drift": 0.40322567341141324
         },
         "eval_metrics_client": {
            "loss": 0.393905371427536,
            "accuracy": 0.9183333317438761,
            "f1": 0.8671016803714889
         },
         "eval_metrics_server": {
            "accuracy": 0.9399999976158142,
            "loss": 0.376261830329895,
            "f1_score": 0.8911268372346217
         },
         "drift_metrics": {
            "drift_median": 0.4052660832154805,
            "drift_mean": 0.3974399446105399,
            "drift_max": 0.46427414261593547,
            "drift_min": 0.3227796080002037,
            "drift_per_client": [
               0.4052660832154805,
               0.3227796080002037,
               0.46427414261593547
            ]
         }
      },
      {
         "round": 3,
         "train_metrics": {
            "train_loss": 0.34292271932892543,
            "train_acc": 0.9491525231781652,
            "train_f1": 0.8879699323816133,
            "drift": 0.23214002337514444
         },
         "eval_metrics_client": {
            "loss": 0.3818053603172302,
            "accuracy": 0.9183333317438761,
            "f1": 0.8485858725822698
         },
         "eval_metrics_server": {
            "accuracy": 0.9350000023841858,
            "loss": 0.371924489736557,
            "f1_score": 0.8805970149253732
         },
         "drift_metrics": {
            "drift_median": 0.22418873970130443,
            "drift_mean": 0.22424260543839,
            "drift_max": 0.26393210767640307,
            "drift_min": 0.1846069689374625,
            "drift_per_client": [
               0.1846069689374625,
               0.22418873970130443,
               0.26393210767640307
            ]
         }
      },
      {
         "round": 4,
         "train_metrics": {
            "train_loss": 0.3574221397628848,
            "train_acc": 0.9298893024120823,
            "train_f1": 0.8172776187524977,
            "drift": 0.2670863226166986
         },
         "eval_metrics_client": {
            "loss": 0.37022772431373596,
            "accuracy": 0.9083333412806193,
            "f1": 0.8284243683636683
         },
         "eval_metrics_server": {
            "accuracy": 0.9300000071525574,
            "loss": 0.369627445936203,
            "f1_score": 0.8697916666666667
         },
         "drift_metrics": {
            "drift_median": 0.17343059799933427,
            "drift_mean": 0.22537251926772717,
            "drift_max": 0.3822346942143496,
            "drift_min": 0.12045226558949769,
            "drift_per_client": [
               0.12045226558949769,
               0.17343059799933427,
               0.3822346942143496
            ]
         }
      },
      {
         "round": 5,
         "train_metrics": {
            "train_loss": 0.37765924236862486,
            "train_acc": 0.90220820565329,
            "train_f1": 0.8036088112177706,
            "drift": 0.2869413128293301
         },
         "eval_metrics_client": {
            "loss": 0.3739298383394877,
            "accuracy": 0.9116666714350382,
            "f1": 0.8315545990237437
         },
         "eval_metrics_server": {
            "accuracy": 0.9350000023841858,
            "loss": 0.36960360407829285,
            "f1_score": 0.8805970149253732
         },
         "drift_metrics": {
            "drift_median": 0.2687319516855088,
            "drift_mean": 0.2485421498995397,
            "drift_max": 0.3869233459823568,
            "drift_min": 0.08997115203075355,
            "drift_per_client": [
               0.08997115203075355,
               0.3869233459823568,
               0.2687319516855088
            ]
         }
      },
      {
         "round": 6,
         "train_metrics": {
            "train_loss": 0.36036466112953397,
            "train_acc": 0.9230769304456292,
            "train_f1": 0.8280554017373534,
            "drift": 0.28333063106835066
         },
         "eval_metrics_client": {
            "loss": 0.37762112418810523,
            "accuracy": 0.9016666611035664,
            "f1": 0.8221785519356548
         },
         "eval_metrics_server": {
            "accuracy": 0.9350000023841858,
            "loss": 0.36938533186912537,
            "f1_score": 0.8775375629975036
         },
         "drift_metrics": {
            "drift_median": 0.30084701791238655,
            "drift_mean": 0.27534797905421543,
            "drift_max": 0.34476932295453383,
            "drift_min": 0.18042759629572583,
            "drift_per_client": [
               0.18042759629572583,
               0.34476932295453383,
               0.30084701791238655
            ]
         }
      },
      {
         "round": 7,
         "train_metrics": {
            "train_loss": 0.3597685226723024,
            "train_acc": 0.9262820386733763,
            "train_f1": 0.8836917257815374,
            "drift": 0.22621634155866344
         },
         "eval_metrics_client": {
            "loss": 0.3866385718186696,
            "accuracy": 0.9049999912579854,
            "f1": 0.8378084864869761
         },
         "eval_metrics_server": {
            "accuracy": 0.9449999928474426,
            "loss": 0.3715800940990448,
            "f1_score": 0.8989667049368542
         },
         "drift_metrics": {
            "drift_median": 0.1605057015129016,
            "drift_mean": 0.21050837877789416,
            "drift_max": 0.33552859401930485,
            "drift_min": 0.13549084080147603,
            "drift_per_client": [
               0.13549084080147603,
               0.1605057015129016,
               0.33552859401930485
            ]
         }
      },
      {
         "round": 8,
         "train_metrics": {
            "train_loss": 0.3417434654077778,
            "train_acc": 0.9533898294982264,
            "train_f1": 0.8952474259064358,
            "drift": 0.17017877806974296
         },
         "eval_metrics_client": {
            "loss": 0.37816086411476135,
            "accuracy": 0.9049999912579854,
            "f1": 0.8196814422292211
         },