{
   "info": {
      "strategy": "FedAvg",
      "seed": 6,
      "init_seed": 6,
      "sampling_seed": 6,
      "data_seed": 2,
      "fraction_train": 0.75,
      "fraction_evaluate": 0.75,
      "local_epochs": 2,
      "num_rounds": 10,
      "num_clients": 5,
      "eta_l": 0.3,
      "iid": false,
      "alpha": 1.8,
      "training_mode": "noiseless",
      "nshots": 1000,
      "model_type": "quantum"
   },
   "rounds": [
      {
         "round": 0,
         "train_metrics": {},
         "eval_metrics_client": {},
         "eval_metrics_server": {
            "accuracy": 0.6349999904632568,
            "loss": 0.6415873169898987,
            "f1_score": 0.6027318984517428
         }
      },
      {
         "round": 1,
         "train_metrics": {
            "train_loss": 0.4613651972813349,
            "train_acc": 0.8687943182093032,
            "train_f1": 0.8263475592516032,
            "drift": 1.1185139180170967
         },
         "eval_metrics_client": {
            "loss": 0.44899630546569824,
            "accuracy": 0.8666666746139525,
            "f1": 0.8225478790696339
         },
         "eval_metrics_server": {
            "accuracy": 0.8550000190734863,
            "loss": 0.45413076877593994,
            "f1_score": 0.8053625960602705
         },
         "drift_metrics": {
            "drift_median": 1.0971772493054852,
            "drift_mean": 1.06888170032277,
            "drift_max": 1.2355447870018823,
            "drift_min": 0.8739230646609426,
            "drift_per_client": [
               0.8739230646609426,
               1.0971772493054852,
               1.2355447870018823
            ]
         }
      },
      {
         "round": 2,
         "train_metrics": {
            "train_loss": 0.38953618055314543,
            "train_acc": 0.89274447592275,
            "train_f1": 0.8494203762755332,
            "drift": 0.8026877701278412
         },
         "eval_metrics_client": {
            "loss": 0.3815967539946238,
            "accuracy": 0.8933333158493041,
            "f1": 0.8559641346872227
         },
         "eval_metrics_server": {
            "accuracy": 0.8999999761581421,
            "loss": 0.3861768841743469,
            "f1_score": 0.8588368153585545
         },
         "drift_metrics": {
            "drift_median": 0.7825946116529244,
            "drift_mean": 0.7244611629347159,
            "drift_max": 0.9729939968083358,
            "drift_min": 0.4177948803428877,
            "drift_per_client": [
               0.4177948803428877,
               0.7825946116529244,
               0.9729939968083358
            ]
         }
      },
      {
         "round": 3,
         "train_metrics": {
            "train_loss": 0.3285004605586235,
            "train_acc": 0.9335793313944911,
            "train_f1": 0.886086664618013,
            "drift": 0.5996220055480154
         },
         "eval_metrics_client": {
            "loss": 0.330802838007609,
            "accuracy": 0.9333333373069763,
            "f1": 0.9034191426109838
         },
         "eval_metrics_server": {
            "accuracy": 0.925000011920929,
            "loss": 0.3420681357383728,
            "f1_score": 0.8859792482231765
         },
         "drift_metrics": {
            "drift_median": 0.5446318755160484,
            "drift_mean": 0.5328889205536641,
            "drift_max": 0.7491374252438797,
            "drift_min": 0.30489746090106395,
            "drift_per_client": [
               0.30489746090106395,
               0.5446318755160484,
               0.7491374252438797
            ]
         }
      },
      {
         "round": 4,
         "train_metrics": {
            "train_loss": 0.2977002605258572,
            "train_acc": 0.9465408784413487,
            "train_f1": 0.8959000113975293,
            "drift": 0.4243162742076311
         },
         "eval_metrics_client": {
            "loss": 0.31403693556785583,
            "accuracy": 0.95333331823349,
            "f1": 0.9327718347286161
         },
         "eval_metrics_server": {
            "accuracy": 0.9449999928474426,
            "loss": 0.3215600252151489,
            "f1_score": 0.9132457904491502
         },
         "drift_metrics": {
            "drift_median": 0.4507755664912671,
            "drift_mean": 0.4146554676136131,
            "drift_max": 0.48488437086418323,
            "drift_min": 0.308306465485389,
            "drift_per_client": [
               0.308306465485389,
               0.48488437086418323,
               0.4507755664912671
            ]
         }
      },
      {
         "round": 5,
         "train_metrics": {
            "train_loss": 0.30258195950632005,
            "train_acc": 0.9262820459329166,
            "train_f1": 0.9006973667056367,
            "drift": 0.3874120681652454
         },
         "eval_metrics_client": {
            "loss": 0.3091379404067993,
            "accuracy": 0.9316666722297668,
            "f1": 0.90638230986318
         },
         "eval_metrics_server": {
            "accuracy": 0.9350000023841858,
            "loss": 0.3152692914009094,
            "f1_score": 0.9028944911297853
         },
         "drift_metrics": {
            "drift_median": 0.3045558083509592,
            "drift_mean": 0.3602944056987219,
            "drift_max": 0.5648219457958372,
            "drift_min": 0.21150546294936928,
            "drift_per_client": [
               0.21150546294936928,
               0.3045558083509592,
               0.5648219457958372
            ]
         }
      },
      {
         "round": 6,
         "train_metrics": {
            "train_loss": 0.3083815418029994,
            "train_acc": 0.9290780207366809,
            "train_f1": 0.902080249774968,
            "drift": 0.3081050856779598
         },
         "eval_metrics_client": {
            "loss": 0.312215119600296,
            "accuracy": 0.9283333420753479,
            "f1": 0.8957776033046371
         },
         "eval_metrics_server": {
            "accuracy": 0.9449999928474426,
            "loss": 0.31199637055397034,
            "f1_score": 0.9178338001867414
         },
         "drift_metrics": {
            "drift_median": 0.295816952364808,
            "drift_mean": 0.2843437339210592,
            "drift_max": 0.3654155750867142,
            "drift_min": 0.19179867431165537,
            "drift_per_client": [
               0.19179867431165537,
               0.295816952364808,
               0.3654155750867142
            ]
         }
      },
      {
         "round": 7,
         "train_metrics": {
            "train_loss": 0.3135914114719073,
            "train_acc": 0.9242902253328438,
            "train_f1": 0.8846130791787377,
            "drift": 0.26747474297210383
         },
         "eval_metrics_client": {
            "loss": 0.30651415387789405,
            "accuracy": 0.9300000071525574,
            "f1": 0.8975994551417941
         },
         "eval_metrics_server": {
            "accuracy": 0.9399999976158142,
            "loss": 0.308939665555954,
            "f1_score": 0.9111242778847578
         },
         "drift_metrics": {
            "drift_median": 0.2854077894185736,
            "drift_mean": 0.24494539212791813,
            "drift_max": 0.29525970317756456,
            "drift_min": 0.15416868378761625,
            "drift_per_client": [
               0.15416868378761625,
               0.29525970317756456,
               0.2854077894185736
            ]
         }
      },
      {
         "round": 8,
         "train_metrics": {
            "train_loss": 0.2971417389746467,
            "train_acc": 0.9409594111336993,
            "train_f1": 0.8911102237420057,
            "drift": 0.20565922427173422
         },
         "eval_metrics_client": {
            "loss": 0.3018363217512766,
            "accuracy": 0.9500000079472859,
            "f1": 0.9253899564693845
         },
         "eval_metrics_server": {
            "accuracy": 0.9549999833106995,