{
   "info": {
      "strategy": "FedAvg",
      "seed": 1,
      "init_seed": 1,
      "sampling_seed": 1,
      "data_seed": 2,
      "fraction_train": 0.75,
      "fraction_evaluate": 0.75,
      "local_epochs": 2,
      "num_rounds": 10,
      "num_clients": 5,
      "eta_l": 0.3,
      "iid": false,
      "alpha": 1.8,
      "training_mode": "noiseless",
      "nshots": 1000,
      "model_type": "quantum"
   },
   "rounds": [
      {
         "round": 0,
         "train_metrics": {},
         "eval_metrics_client": {},
         "eval_metrics_server": {
            "accuracy": 0.6150000095367432,
            "loss": 0.6220965385437012,
            "f1_score": 0.548002700243609
         }
      },
      {
         "round": 1,
         "train_metrics": {
            "train_loss": 0.5267483246741383,
            "train_acc": 0.804487182543828,
            "train_f1": 0.7583432064866971,
            "drift": 0.9115750844520322
         },
         "eval_metrics_client": {
            "loss": 0.5120153427124023,
            "accuracy": 0.771666665871938,
            "f1": 0.7348507694836204
         },
         "eval_metrics_server": {
            "accuracy": 0.7699999809265137,
            "loss": 0.528794527053833,
            "f1_score": 0.7178260336155073
         },
         "drift_metrics": {
            "drift_median": 0.9204905168490142,
            "drift_mean": 0.8911938687599831,
            "drift_max": 1.0186046574209782,
            "drift_min": 0.7344864320099571,
            "drift_per_client": [
               0.7344864320099571,
               0.9204905168490142,
               1.0186046574209782
            ]
         }
      },
      {
         "round": 2,
         "train_metrics": {
            "train_loss": 0.44895146244461914,
            "train_acc": 0.8270440184095371,
            "train_f1": 0.7425037138140389,
            "drift": 0.8559458472970325
         },
         "eval_metrics_client": {
            "loss": 0.4354820946852366,
            "accuracy": 0.840000013510386,
            "f1": 0.7955172104809254
         },
         "eval_metrics_server": {
            "accuracy": 0.875,
            "loss": 0.45438674092292786,
            "f1_score": 0.8248747854716122
         },
         "drift_metrics": {
            "drift_median": 0.8197300753010677,
            "drift_mean": 0.8423969536071154,
            "drift_max": 0.9326639752339702,
            "drift_min": 0.7747968102863085,
            "drift_per_client": [
               0.7747968102863085,
               0.8197300753010677,
               0.9326639752339702
            ]
         }
      },
      {
         "round": 3,
         "train_metrics": {
            "train_loss": 0.42524769423037634,
            "train_acc": 0.8413283906299689,
            "train_f1": 0.7667168122245296,
            "drift": 0.48989771471854293
         },
         "eval_metrics_client": {
            "loss": 0.41512198249499,
            "accuracy": 0.8666666547457377,
            "f1": 0.8164182164518836
         },
         "eval_metrics_server": {
            "accuracy": 0.8600000143051147,
            "loss": 0.4312393069267273,
            "f1_score": 0.805312195800306
         },
         "drift_metrics": {
            "drift_median": 0.4418251390394116,
            "drift_mean": 0.4642158475986547,
            "drift_max": 0.5572830091384962,
            "drift_min": 0.39353939461805637,
            "drift_per_client": [
               0.39353939461805637,
               0.4418251390394116,
               0.5572830091384962
            ]
         }
      },
      {
         "round": 4,
         "train_metrics": {
            "train_loss": 0.41921694142262966,
            "train_acc": 0.8769715956708987,
            "train_f1": 0.8217498670714807,
            "drift": 0.5778687140912006
         },
         "eval_metrics_client": {
            "loss": 0.4044216573238373,
            "accuracy": 0.8950000007947285,
            "f1": 0.8486266488171024
         },
         "eval_metrics_server": {
            "accuracy": 0.9100000262260437,
            "loss": 0.40466243028640747,
            "f1_score": 0.864376130198915
         },
         "drift_metrics": {
            "drift_median": 0.5861052049461086,
            "drift_mean": 0.5363402467220139,
            "drift_max": 0.6507596044171476,
            "drift_min": 0.3721559308027854,
            "drift_per_client": [
               0.3721559308027854,
               0.5861052049461086,
               0.6507596044171476
            ]
         }
      },
      {
         "round": 5,
         "train_metrics": {
            "train_loss": 0.3869519470961398,
            "train_acc": 0.9290780266548725,
            "train_f1": 0.9108751374957946,
            "drift": 0.47933946771521374
         },
         "eval_metrics_client": {
            "loss": 0.4009159803390503,
            "accuracy": 0.9283333420753479,
            "f1": 0.888062633924377
         },
         "eval_metrics_server": {
            "accuracy": 0.9449999928474426,
            "loss": 0.38904982805252075,
            "f1_score": 0.9115435647943388
         },
         "drift_metrics": {
            "drift_median": 0.4914316442694371,
            "drift_mean": 0.45203616539621255,
            "drift_max": 0.5289827936451176,
            "drift_min": 0.3356940582740829,
            "drift_per_client": [
               0.3356940582740829,
               0.4914316442694371,
               0.5289827936451176
            ]
         }
      },
      {
         "round": 6,
         "train_metrics": {
            "train_loss": 0.366443012502609,
            "train_acc": 0.9391025751829147,
            "train_f1": 0.9268539859332651,
            "drift": 0.3904183041707933
         },
         "eval_metrics_client": {
            "loss": 0.3978896836439768,
            "accuracy": 0.9316666523615519,
            "f1": 0.8952719786541976
         },
         "eval_metrics_server": {
            "accuracy": 0.949999988079071,
            "loss": 0.3826232850551605,
            "f1_score": 0.9187784275503574
         },
         "drift_metrics": {
            "drift_median": 0.40495741001844204,
            "drift_mean": 0.38310568886175117,
            "drift_max": 0.42462866096517304,
            "drift_min": 0.3197309956016384,
            "drift_per_client": [
               0.3197309956016384,
               0.40495741001844204,
               0.42462866096517304
            ]
         }
      },
      {
         "round": 7,
         "train_metrics": {
            "train_loss": 0.3447243001065839,
            "train_acc": 0.9622641485067284,
            "train_f1": 0.8853032807398029,
            "drift": 0.40920328936810335
         },
         "eval_metrics_client": {
            "loss": 0.37682573994000745,
            "accuracy": 0.9233333468437195,
            "f1": 0.8700977057470453
         },
         "eval_metrics_server": {
            "accuracy": 0.9350000023841858,
            "loss": 0.37188419699668884,
            "f1_score": 0.8805970149253732
         },
         "drift_metrics": {
            "drift_median": 0.37921243484969164,
            "drift_mean": 0.38351223629784287,
            "drift_max": 0.5420286113163315,
            "drift_min": 0.22929566272750546,
            "drift_per_client": [
               0.22929566272750546,
               0.37921243484969164,
               0.5420286113163315
            ]
         }
      },
      {
         "round": 8,
         "train_metrics": {
            "train_loss": 0.3546615547816507,
            "train_acc": 0.937269389629364,
            "train_f1": 0.8296626431833949,
            "drift": 0.24209755934627433
         },
         "eval_metrics_client": {
            "loss": 0.3702024519443512,
            "accuracy": 0.9133333365122477,
            "f1": 0.8432869885238151
         },
         "eval_metrics_server": {
            "accuracy": 0.9300000071525574,