{
   "info": {
      "strategy": "FedAvg",
      "seed": 3,
      "init_seed": 3,
      "sampling_seed": 3,
      "data_seed": 2,
      "fraction_train": 0.75,
      "fraction_evaluate": 0.75,
      "local_epochs": 2,
      "num_rounds": 10,
      "num_clients": 5,
      "eta_l": 0.3,
      "iid": true,
      "alpha": null,
      "training_mode": "noisy",
      "nshots": 1000,
      "model_type": "quantum",
      "base_pauli": 0.022,
      "base_readout": 0.022,
      "noise_scale": 0.002
   },
   "rounds": [
      {
         "round": 0,
         "train_metrics": {},
         "eval_metrics_client": {},
         "eval_metrics_server": {
            "accuracy": 0.47999998927116394,
            "loss": 0.7357013821601868,
            "f1_score": 0.4164515767029514
         }
      },
      {
         "round": 1,
         "train_metrics": {
            "train_loss": 0.6702668376457996,
            "train_acc": 0.696666677792867,
            "train_f1": 0.6344150761620913,
            "drift": 0.4766798317044007
         },
         "eval_metrics_client": {
            "loss": 0.6642175316810608,
            "accuracy": 0.6866666674613953,
            "f1": 0.6280750795339199
         },
         "eval_metrics_server": {
            "accuracy": 0.6050000190734863,
            "loss": 0.6271347999572754,
            "f1_score": 0.5319766580763649
         },
         "drift_metrics": {
            "drift_median": 0.4766813883393546,
            "drift_mean": 0.47667983170440076,
            "drift_max": 0.4966168448383988,
            "drift_min": 0.45674126193544895,
            "drift_per_client": [
               0.4766813883393546,
               0.4966168448383988,
               0.45674126193544895
            ]
         }
      },
      {
         "round": 2,
         "train_metrics": {
            "train_loss": 0.6429917109318268,
            "train_acc": 0.8566666841506957,
            "train_f1": 0.7992335739127896,
            "drift": 0.4606970467568472
         },
         "eval_metrics_client": {
            "loss": 0.6423007249832153,
            "accuracy": 0.7866666515668232,
            "f1": 0.7272900908637963
         },
         "eval_metrics_server": {
            "accuracy": 0.7900000214576721,
            "loss": 0.524048388004303,
            "f1_score": 0.7236478484011054
         },
         "drift_metrics": {
            "drift_median": 0.46124040257775917,
            "drift_mean": 0.4606970467568472,
            "drift_max": 0.4742110706291478,
            "drift_min": 0.44663966706363467,
            "drift_per_client": [
               0.44663966706363467,
               0.46124040257775917,
               0.4742110706291478
            ]
         }
      },
      {
         "round": 3,
         "train_metrics": {
            "train_loss": 0.6283292969067891,
            "train_acc": 0.8599999745686848,
            "train_f1": 0.7996534546242147,
            "drift": 0.3778006332403721
         },
         "eval_metrics_client": {
            "loss": 0.6254148681958516,
            "accuracy": 0.8566666642824808,
            "f1": 0.7959062793534537
         },
         "eval_metrics_server": {
            "accuracy": 0.8799999952316284,
            "loss": 0.453406423330307,
            "f1_score": 0.8279569892473118
         },
         "drift_metrics": {
            "drift_median": 0.3757798971407322,
            "drift_mean": 0.3778006332403721,
            "drift_max": 0.38412234620515123,
            "drift_min": 0.373499656375233,
            "drift_per_client": [
               0.373499656375233,
               0.38412234620515123,
               0.3757798971407322
            ]
         }
      },
      {
         "round": 4,
         "train_metrics": {
            "train_loss": 0.6230004063019385,
            "train_acc": 0.8733333349227905,
            "train_f1": 0.8222678754818042,
            "drift": 0.2790045511374549
         },
         "eval_metrics_client": {
            "loss": 0.6191466450691223,
            "accuracy": 0.8983333309491475,
            "f1": 0.8494473032852334
         },
         "eval_metrics_server": {
            "accuracy": 0.8899999856948853,
            "loss": 0.4159855544567108,
            "f1_score": 0.828125
         },
         "drift_metrics": {
            "drift_median": 0.28161495558444516,
            "drift_mean": 0.279004551137455,
            "drift_max": 0.3072997178748298,
            "drift_min": 0.24809897995308994,
            "drift_per_client": [
               0.28161495558444516,
               0.24809897995308994,
               0.3072997178748298
            ]
         }
      },
      {
         "round": 5,
         "train_metrics": {
            "train_loss": 0.6166750651139479,
            "train_acc": 0.8833333253860473,
            "train_f1": 0.8308584594831715,
            "drift": 0.2113496878206106
         },
         "eval_metrics_client": {
            "loss": 0.6131768226623535,
            "accuracy": 0.896666685740153,
            "f1": 0.840995529013937
         },
         "eval_metrics_server": {
            "accuracy": 0.9150000214576721,
            "loss": 0.3962990641593933,
            "f1_score": 0.8605128205128205
         },
         "drift_metrics": {
            "drift_median": 0.21592735458440498,
            "drift_mean": 0.21134968782061062,
            "drift_max": 0.2414780854187273,
            "drift_min": 0.17664362345869952,
            "drift_per_client": [
               0.17664362345869952,
               0.2414780854187273,
               0.21592735458440498
            ]
         }
      },
      {
         "round": 6,
         "train_metrics": {
            "train_loss": 0.6059170808547581,
            "train_acc": 0.9000000158945719,
            "train_f1": 0.8554049643936903,
            "drift": 0.14981271812486394
         },
         "eval_metrics_client": {
            "loss": 0.6086501280466715,
            "accuracy": 0.8983333309491475,
            "f1": 0.8480395719222095
         },
         "eval_metrics_server": {
            "accuracy": 0.9300000071525574,
            "loss": 0.3869086503982544,
            "f1_score": 0.8787878787878788
         },
         "drift_metrics": {
            "drift_median": 0.14832324424472373,
            "drift_mean": 0.14981271812486394,
            "drift_max": 0.16211422119082514,
            "drift_min": 0.13900068893904297,
            "drift_per_client": [
               0.14832324424472373,
               0.16211422119082514,
               0.13900068893904297
            ]
         }
      },
      {
         "round": 7,
         "train_metrics": {
            "train_loss": 0.6022421748210223,
            "train_acc": 0.9333333373069762,
            "train_f1": 0.8960693382959628,
            "drift": 0.12321944868119934
         },
         "eval_metrics_client": {
            "loss": 0.6106318036715189,
            "accuracy": 0.9033333261807759,
            "f1": 0.8584601286656777
         },
         "eval_metrics_server": {
            "accuracy": 0.9449999928474426,
            "loss": 0.3819393217563629,
            "f1_score": 0.9013939312446775
         },
         "drift_metrics": {
            "drift_median": 0.12175529915141982,
            "drift_mean": 0.12321944868119934,
            "drift_max": 0.13433169816883242,
            "drift_min": 0.11357134872334582,
            "drift_per_client": [
               0.12175529915141982,
               0.11357134872334582,
               0.13433169816883242
            ]
         }
      },
      {
         "round": 8,
         "train_metrics": {
            "train_loss": 0.605230675293849,
            "train_acc": 0.9366666674613953,
            "train_f1": 0.8889233722467776,
            "drift": 0.10914386503853862
         },
         "eval_metrics_client": {
            "loss": 0.6101616024971008,
            "accuracy": 0.9199999968210856,
            "f1": 0.8742462885486769
         },