{
   "info": {
      "strategy": "FedAvg",
      "seed": 2,
      "init_seed": 2,
      "sampling_seed": 2,
      "data_seed": 2,
      "fraction_train": 0.75,
      "fraction_evaluate": 0.75,
      "local_epochs": 2,
      "num_rounds": 10,
      "num_clients": 5,
      "eta_l": 0.3,
      "iid": true,
      "alpha": null,
      "training_mode": "noisy",
      "nshots": 1000,
      "model_type": "quantum",
      "base_pauli": 0.022,
      "base_readout": 0.022,
      "noise_scale": 0.002
   },
   "rounds": [
      {
         "round": 0,
         "train_metrics": {},
         "eval_metrics_client": {},
         "eval_metrics_server": {
            "accuracy": 0.6800000071525574,
            "loss": 0.6009007096290588,
            "f1_score": 0.6259934548854604
         }
      },
      {
         "round": 1,
         "train_metrics": {
            "train_loss": 0.6645488647314217,
            "train_acc": 0.6533333261807759,
            "train_f1": 0.5949082412904364,
            "drift": 0.26672913173585977
         },
         "eval_metrics_client": {
            "loss": 0.6513557235399882,
            "accuracy": 0.6650000015894572,
            "f1": 0.6157632942325739
         },
         "eval_metrics_server": {
            "accuracy": 0.7200000286102295,
            "loss": 0.5730854272842407,
            "f1_score": 0.6634210842649357
         },
         "drift_metrics": {
            "drift_median": 0.2676463726978525,
            "drift_mean": 0.2667291317358598,
            "drift_max": 0.29879156519806854,
            "drift_min": 0.2337494573116583,
            "drift_per_client": [
               0.29879156519806854,
               0.2337494573116583,
               0.2676463726978525
            ]
         }
      },
      {
         "round": 2,
         "train_metrics": {
            "train_loss": 0.6588171430123158,
            "train_acc": 0.6700000166893005,
            "train_f1": 0.6065139812591718,
            "drift": 0.242299538918064
         },
         "eval_metrics_client": {
            "loss": 0.6419202287991841,
            "accuracy": 0.7283333341280619,
            "f1": 0.6706911022906787
         },
         "eval_metrics_server": {
            "accuracy": 0.7200000286102295,
            "loss": 0.5514825582504272,
            "f1_score": 0.6600291403593979
         },
         "drift_metrics": {
            "drift_median": 0.2503341490845864,
            "drift_mean": 0.24229953891806402,
            "drift_max": 0.2700729651233066,
            "drift_min": 0.2064915025462991,
            "drift_per_client": [
               0.2503341490845864,
               0.2700729651233066,
               0.2064915025462991
            ]
         }
      },
      {
         "round": 3,
         "train_metrics": {
            "train_loss": 0.6476093637637602,
            "train_acc": 0.7000000079472859,
            "train_f1": 0.6566549271040282,
            "drift": 0.21809013848841252
         },
         "eval_metrics_client": {
            "loss": 0.6395352681477864,
            "accuracy": 0.7366666793823242,
            "f1": 0.676726808603408
         },
         "eval_metrics_server": {
            "accuracy": 0.7549999952316284,
            "loss": 0.5344090461730957,
            "f1_score": 0.6945041927740889
         },
         "drift_metrics": {
            "drift_median": 0.20790069751384915,
            "drift_mean": 0.21809013848841255,
            "drift_max": 0.25395111228887834,
            "drift_min": 0.19241860566251012,
            "drift_per_client": [
               0.20790069751384915,
               0.19241860566251012,
               0.25395111228887834
            ]
         }
      },
      {
         "round": 4,
         "train_metrics": {
            "train_loss": 0.6443654680863404,
            "train_acc": 0.7233333388964335,
            "train_f1": 0.695721914851453,
            "drift": 0.1948169183761289
         },
         "eval_metrics_client": {
            "loss": 0.639779269695282,
            "accuracy": 0.75,
            "f1": 0.6951620099691476
         },
         "eval_metrics_server": {
            "accuracy": 0.7749999761581421,
            "loss": 0.5186677575111389,
            "f1_score": 0.7194426260170205
         },
         "drift_metrics": {
            "drift_median": 0.18708051709114215,
            "drift_mean": 0.1948169183761289,
            "drift_max": 0.21030500229628568,
            "drift_min": 0.18706523574095887,
            "drift_per_client": [
               0.21030500229628568,
               0.18706523574095887,
               0.18708051709114215
            ]
         }
      },
      {
         "round": 5,
         "train_metrics": {
            "train_loss": 0.6400848978605025,
            "train_acc": 0.7599999904632568,
            "train_f1": 0.7166037865157927,
            "drift": 0.2108831320715452
         },
         "eval_metrics_client": {
            "loss": 0.6330174009005228,
            "accuracy": 0.7800000111262002,
            "f1": 0.7238026985439956
         },
         "eval_metrics_server": {
            "accuracy": 0.800000011920929,
            "loss": 0.5012148022651672,
            "f1_score": 0.7463216641298833
         },
         "drift_metrics": {
            "drift_median": 0.2178387296730886,
            "drift_mean": 0.2108831320715452,
            "drift_max": 0.23680550938729075,
            "drift_min": 0.17800515715425624,
            "drift_per_client": [
               0.2178387296730886,
               0.23680550938729075,
               0.17800515715425624
            ]
         }
      },
      {
         "round": 6,
         "train_metrics": {
            "train_loss": 0.6352750215774927,
            "train_acc": 0.790000001589457,
            "train_f1": 0.7299501456408406,
            "drift": 0.23129861987446004
         },
         "eval_metrics_client": {
            "loss": 0.6243720253308613,
            "accuracy": 0.8200000127156575,
            "f1": 0.7642349053836552
         },
         "eval_metrics_server": {
            "accuracy": 0.824999988079071,
            "loss": 0.48191505670547485,
            "f1_score": 0.7711745284560818
         },
         "drift_metrics": {
            "drift_median": 0.22960222452631543,
            "drift_mean": 0.23129861987446002,
            "drift_max": 0.23550742947655948,
            "drift_min": 0.22878620562050522,
            "drift_per_client": [
               0.22878620562050522,
               0.22960222452631543,
               0.23550742947655948
            ]
         }
      },
      {
         "round": 7,
         "train_metrics": {
            "train_loss": 0.6318819217192821,
            "train_acc": 0.8266666531562805,
            "train_f1": 0.7637663868392628,
            "drift": 0.23056686844465807
         },
         "eval_metrics_client": {
            "loss": 0.6188606222470601,
            "accuracy": 0.8733333349227904,
            "f1": 0.8261359328242183
         },
         "eval_metrics_server": {
            "accuracy": 0.8550000190734863,
            "loss": 0.46246448159217834,
            "f1_score": 0.8053625960602705
         },
         "drift_metrics": {
            "drift_median": 0.2324922310238757,
            "drift_mean": 0.2305668684446581,
            "drift_max": 0.23505944756091107,
            "drift_min": 0.22414892674918752,
            "drift_per_client": [
               0.22414892674918752,
               0.2324922310238757,
               0.23505944756091107
            ]
         }
      },
      {
         "round": 8,
         "train_metrics": {
            "train_loss": 0.6226690533833625,
            "train_acc": 0.850000003973643,
            "train_f1": 0.8061483661812403,
            "drift": 0.2366818375297477
         },
         "eval_metrics_client": {
            "loss": 0.6155049602190653,
            "accuracy": 0.8816666603088378,
            "f1": 0.8430220597440832
         },