{
   "info": {
      "strategy": "FedAvg",
      "seed": 1,
      "init_seed": 1,
      "sampling_seed": 2,
      "data_seed": 2,
      "fraction_train": 0.75,
      "fraction_evaluate": 0.75,
      "local_epochs": 2,
      "num_rounds": 10,
      "num_clients": 5,
      "eta_l": 0.3,
      "iid": true,
      "alpha": null,
      "training_mode": "noiseless",
      "nshots": 1000,
      "model_type": "quantum"
   },
   "rounds": [
      {
         "round": 0,
         "train_metrics": {},
         "eval_metrics_client": {},
         "eval_metrics_server": {
            "accuracy": 0.6150000095367432,
            "loss": 0.6220965385437012,
            "f1_score": 0.548002700243609
         }
      },
      {
         "round": 1,
         "train_metrics": {
            "train_loss": 0.5071375767389933,
            "train_acc": 0.7999999920527139,
            "train_f1": 0.7736189969165714,
            "drift": 0.9181282152867649
         },
         "eval_metrics_client": {
            "loss": 0.5229508479436238,
            "accuracy": 0.7099999984105427,
            "f1": 0.6733030603147239
         },
         "eval_metrics_server": {
            "accuracy": 0.7049999833106995,
            "loss": 0.5369327068328857,
            "f1_score": 0.6596579273744628
         },
         "drift_metrics": {
            "drift_median": 0.9071141930235141,
            "drift_mean": 0.918128215286765,
            "drift_max": 0.9679762152016825,
            "drift_min": 0.8792942376350984,
            "drift_per_client": [
               0.9071141930235141,
               0.9679762152016825,
               0.8792942376350984
            ]
         }
      },
      {
         "round": 2,
         "train_metrics": {
            "train_loss": 0.48600588012964296,
            "train_acc": 0.8033333222071329,
            "train_f1": 0.7748673343417868,
            "drift": 0.5525248254446448
         },
         "eval_metrics_client": {
            "loss": 0.47138225038846326,
            "accuracy": 0.7866666515668232,
            "f1": 0.7451346784472278
         },
         "eval_metrics_server": {
            "accuracy": 0.7450000047683716,
            "loss": 0.5010549426078796,
            "f1_score": 0.6978583488847419
         },
         "drift_metrics": {
            "drift_median": 0.5645801614482157,
            "drift_mean": 0.5525248254446448,
            "drift_max": 0.5872279557064212,
            "drift_min": 0.5057663591792975,
            "drift_per_client": [
               0.5872279557064212,
               0.5645801614482157,
               0.5057663591792975
            ]
         }
      },
      {
         "round": 3,
         "train_metrics": {
            "train_loss": 0.48018577007146984,
            "train_acc": 0.8566666642824807,
            "train_f1": 0.8106405797014757,
            "drift": 0.47210005368643415
         },
         "eval_metrics_client": {
            "loss": 0.441010981798172,
            "accuracy": 0.8516666690508523,
            "f1": 0.8100814929933728
         },
         "eval_metrics_server": {
            "accuracy": 0.8149999976158142,
            "loss": 0.46980735659599304,
            "f1_score": 0.7610976594027441
         },
         "drift_metrics": {
            "drift_median": 0.4042790829642159,
            "drift_mean": 0.4721000536864343,
            "drift_max": 0.6368760765566444,
            "drift_min": 0.37514500153844244,
            "drift_per_client": [
               0.4042790829642159,
               0.6368760765566444,
               0.37514500153844244
            ]
         }
      },
      {
         "round": 4,
         "train_metrics": {
            "train_loss": 0.4412379509363419,
            "train_acc": 0.896666646003723,
            "train_f1": 0.8461960136806762,
            "drift": 0.4792399056446911
         },
         "eval_metrics_client": {
            "loss": 0.42090821266174316,
            "accuracy": 0.8700000047683715,
            "f1": 0.8299279954328111
         },
         "eval_metrics_server": {
            "accuracy": 0.8500000238418579,
            "loss": 0.43857288360595703,
            "f1_score": 0.7882552230378317
         },
         "drift_metrics": {
            "drift_median": 0.50742592059312,
            "drift_mean": 0.47923990564469116,
            "drift_max": 0.6155813422543296,
            "drift_min": 0.31471245408662385,
            "drift_per_client": [
               0.50742592059312,
               0.31471245408662385,
               0.6155813422543296
            ]
         }
      },
      {
         "round": 5,
         "train_metrics": {
            "train_loss": 0.4041554343241912,
            "train_acc": 0.9033333261807759,
            "train_f1": 0.8514627580657078,
            "drift": 0.49053197801889253
         },
         "eval_metrics_client": {
            "loss": 0.39958836634953815,
            "accuracy": 0.8783333301544188,
            "f1": 0.8224058802657754
         },
         "eval_metrics_server": {
            "accuracy": 0.8899999856948853,
            "loss": 0.40804213285446167,
            "f1_score": 0.8312624635680319
         },
         "drift_metrics": {
            "drift_median": 0.436289884267546,
            "drift_mean": 0.49053197801889253,
            "drift_max": 0.6306823199169197,
            "drift_min": 0.40462372987221196,
            "drift_per_client": [
               0.6306823199169197,
               0.436289884267546,
               0.40462372987221196
            ]
         }
      },
      {
         "round": 6,
         "train_metrics": {
            "train_loss": 0.3964029688101548,
            "train_acc": 0.9133333563804626,
            "train_f1": 0.8788851262319161,
            "drift": 0.35207929582972
         },
         "eval_metrics_client": {
            "loss": 0.39120988051096595,
            "accuracy": 0.8950000007947285,
            "f1": 0.8338124554913737
         },
         "eval_metrics_server": {
            "accuracy": 0.9200000166893005,
            "loss": 0.38792183995246887,
            "f1_score": 0.8673520145912783
         },
         "drift_metrics": {
            "drift_median": 0.3301880412310158,
            "drift_mean": 0.3520792958297201,
            "drift_max": 0.41577721012377106,
            "drift_min": 0.3102726361343733,
            "drift_per_client": [
               0.3102726361343733,
               0.41577721012377106,
               0.3301880412310158
            ]
         }
      },
      {
         "round": 7,
         "train_metrics": {
            "train_loss": 0.40325712469907904,
            "train_acc": 0.9100000063578287,
            "train_f1": 0.8657144763298227,
            "drift": 0.30355671755239805
         },
         "eval_metrics_client": {
            "loss": 0.3781758447488149,
            "accuracy": 0.9066666563351948,
            "f1": 0.8336828194684107
         },
         "eval_metrics_server": {
            "accuracy": 0.9300000071525574,
            "loss": 0.37654364109039307,
            "f1_score": 0.8697916666666667
         },
         "drift_metrics": {
            "drift_median": 0.3416434414920462,
            "drift_mean": 0.3035567175523981,
            "drift_max": 0.3449979495019812,
            "drift_min": 0.22402876166316682,
            "drift_per_client": [
               0.3416434414920462,
               0.3449979495019812,
               0.22402876166316682
            ]
         }
      },
      {
         "round": 8,
         "train_metrics": {
            "train_loss": 0.39862603101974875,
            "train_acc": 0.893333335717519,
            "train_f1": 0.8059673659673658,
            "drift": 0.2647501139982035
         },
         "eval_metrics_client": {
            "loss": 0.37265591820081073,
            "accuracy": 0.9033333261807759,
            "f1": 0.8278635177689284
         },
         "eval_metrics_server": {
            "accuracy": 0.9300000071525574,