{
   "info": {
      "strategy": "FedAvg",
      "seed": 3,
      "init_seed": 3,
      "sampling_seed": 2,
      "data_seed": 2,
      "fraction_train": 0.75,
      "fraction_evaluate": 0.75,
      "local_epochs": 2,
      "num_rounds": 10,
      "num_clients": 5,
      "eta_l": 0.3,
      "iid": true,
      "alpha": null,
      "training_mode": "noiseless",
      "nshots": 1000,
      "model_type": "quantum"
   },
   "rounds": [
      {
         "round": 0,
         "train_metrics": {},
         "eval_metrics_client": {},
         "eval_metrics_server": {
            "accuracy": 0.47999998927116394,
            "loss": 0.7357013821601868,
            "f1_score": 0.4164515767029514
         }
      },
      {
         "round": 1,
         "train_metrics": {
            "train_loss": 0.45955100120642245,
            "train_acc": 0.8633333245913186,
            "train_f1": 0.79152167090456,
            "drift": 1.5335729107797027
         },
         "eval_metrics_client": {
            "loss": 0.41807815432548523,
            "accuracy": 0.8783333301544188,
            "f1": 0.803749740527862
         },
         "eval_metrics_server": {
            "accuracy": 0.8999999761581421,
            "loss": 0.4131082594394684,
            "f1_score": 0.834190018239098
         },
         "drift_metrics": {
            "drift_median": 1.5593961974621244,
            "drift_mean": 1.533572910779703,
            "drift_max": 1.5728753536450586,
            "drift_min": 1.4684471812319255,
            "drift_per_client": [
               1.5593961974621244,
               1.5728753536450586,
               1.4684471812319255
            ]
         }
      },
      {
         "round": 2,
         "train_metrics": {
            "train_loss": 0.38904184408676923,
            "train_acc": 0.9066666762034098,
            "train_f1": 0.8425377644559343,
            "drift": 0.5217024178286844
         },
         "eval_metrics_client": {
            "loss": 0.3804504871368408,
            "accuracy": 0.9016666611035664,
            "f1": 0.8193638450632144
         },
         "eval_metrics_server": {
            "accuracy": 0.9300000071525574,
            "loss": 0.376070111989975,
            "f1_score": 0.8697916666666667
         },
         "drift_metrics": {
            "drift_median": 0.5155402032787606,
            "drift_mean": 0.5217024178286844,
            "drift_max": 0.5757961056208629,
            "drift_min": 0.4737709445864298,
            "drift_per_client": [
               0.4737709445864298,
               0.5757961056208629,
               0.5155402032787606
            ]
         }
      },
      {
         "round": 3,
         "train_metrics": {
            "train_loss": 0.3667434610617466,
            "train_acc": 0.9000000158945719,
            "train_f1": 0.7787218512314671,
            "drift": 0.2158272836417908
         },
         "eval_metrics_client": {
            "loss": 0.37202223141988117,
            "accuracy": 0.893333335717519,
            "f1": 0.8058129831405153
         },
         "eval_metrics_server": {
            "accuracy": 0.925000011920929,
            "loss": 0.37310734391212463,
            "f1_score": 0.8586971880740426
         },
         "drift_metrics": {
            "drift_median": 0.2085069538889081,
            "drift_mean": 0.21582728364179082,
            "drift_max": 0.2508443384684911,
            "drift_min": 0.18813055856797326,
            "drift_per_client": [
               0.2085069538889081,
               0.2508443384684911,
               0.18813055856797326
            ]
         }
      },
      {
         "round": 4,
         "train_metrics": {
            "train_loss": 0.36311852779143894,
            "train_acc": 0.8766666849454243,
            "train_f1": 0.7639136226092749,
            "drift": 0.14374126979020468
         },
         "eval_metrics_client": {
            "loss": 0.37275630235671997,
            "accuracy": 0.8900000055631001,
            "f1": 0.8069876908924204
         },
         "eval_metrics_server": {
            "accuracy": 0.925000011920929,
            "loss": 0.37259525060653687,
            "f1_score": 0.8586971880740426
         },
         "drift_metrics": {
            "drift_median": 0.1491332085798411,
            "drift_mean": 0.1437412697902047,
            "drift_max": 0.15395924881342476,
            "drift_min": 0.12813135197734823,
            "drift_per_client": [
               0.12813135197734823,
               0.15395924881342476,
               0.1491332085798411
            ]
         }
      },
      {
         "round": 5,
         "train_metrics": {
            "train_loss": 0.35962969828874636,
            "train_acc": 0.893333335717519,
            "train_f1": 0.7864966537709376,
            "drift": 0.1542830697478201
         },
         "eval_metrics_client": {
            "loss": 0.3690439760684967,
            "accuracy": 0.9016666809717814,
            "f1": 0.8117003611472476
         },
         "eval_metrics_server": {
            "accuracy": 0.925000011920929,
            "loss": 0.3709777593612671,
            "f1_score": 0.8586971880740426
         },
         "drift_metrics": {
            "drift_median": 0.13098768737280264,
            "drift_mean": 0.15428306974782013,
            "drift_max": 0.23619876672630044,
            "drift_min": 0.09566275514435728,
            "drift_per_client": [
               0.23619876672630044,
               0.13098768737280264,
               0.09566275514435728
            ]
         }
      },
      {
         "round": 6,
         "train_metrics": {
            "train_loss": 0.3757602625932449,
            "train_acc": 0.8900000055631001,
            "train_f1": 0.813638641259234,
            "drift": 0.15520464152768357
         },
         "eval_metrics_client": {
            "loss": 0.3744816680749257,
            "accuracy": 0.896666665871938,
            "f1": 0.7991275899567689
         },
         "eval_metrics_server": {
            "accuracy": 0.9200000166893005,
            "loss": 0.36992087960243225,
            "f1_score": 0.8472991028822294
         },
         "drift_metrics": {
            "drift_median": 0.18037409392475867,
            "drift_mean": 0.15520464152768357,
            "drift_max": 0.1844817394366883,
            "drift_min": 0.10075809122160374,
            "drift_per_client": [
               0.1844817394366883,
               0.10075809122160374,
               0.18037409392475867
            ]
         }
      },
      {
         "round": 7,
         "train_metrics": {
            "train_loss": 0.3791450892503445,
            "train_acc": 0.8833333253860473,
            "train_f1": 0.7949898653005165,
            "drift": 0.17634870082775628
         },
         "eval_metrics_client": {
            "loss": 0.37347839275995887,
            "accuracy": 0.8916666706403096,
            "f1": 0.7879226459536632
         },
         "eval_metrics_server": {
            "accuracy": 0.925000011920929,
            "loss": 0.37038207054138184,
            "f1_score": 0.8549252865225592
         },
         "drift_metrics": {
            "drift_median": 0.16618245082414687,
            "drift_mean": 0.1763487008277563,
            "drift_max": 0.19930358189013864,
            "drift_min": 0.1635600697689834,
            "drift_per_client": [
               0.19930358189013864,
               0.1635600697689834,
               0.16618245082414687
            ]
         }
      },
      {
         "round": 8,
         "train_metrics": {
            "train_loss": 0.3644561897485684,
            "train_acc": 0.8833333253860474,
            "train_f1": 0.7352765293698487,
            "drift": 0.13157362879705062
         },
         "eval_metrics_client": {
            "loss": 0.3695130149523417,
            "accuracy": 0.8899999856948851,
            "f1": 0.7976732927620216
         },