{
   "info": {
      "strategy": "FedAvg",
      "seed": 5,
      "init_seed": 5,
      "sampling_seed": 2,
      "data_seed": 2,
      "fraction_train": 0.75,
      "fraction_evaluate": 0.75,
      "local_epochs": 2,
      "num_rounds": 10,
      "num_clients": 5,
      "eta_l": 0.3,
      "iid": true,
      "alpha": null,
      "training_mode": "noiseless",
      "nshots": 1000,
      "model_type": "quantum"
   },
   "rounds": [
      {
         "round": 0,
         "train_metrics": {},
         "eval_metrics_client": {},
         "eval_metrics_server": {
            "accuracy": 0.6399999856948853,
            "loss": 0.630768895149231,
            "f1_score": 0.6017258546299369
         }
      },
      {
         "round": 1,
         "train_metrics": {
            "train_loss": 0.4806126348483256,
            "train_acc": 0.9066666762034098,
            "train_f1": 0.8703078040731812,
            "drift": 1.077980507978146
         },
         "eval_metrics_client": {
            "loss": 0.45684899886449176,
            "accuracy": 0.896666665871938,
            "f1": 0.8322050234864679
         },
         "eval_metrics_server": {
            "accuracy": 0.9350000023841858,
            "loss": 0.46482864022254944,
            "f1_score": 0.8910812282686105
         },
         "drift_metrics": {
            "drift_median": 1.082435209357011,
            "drift_mean": 1.077980507978146,
            "drift_max": 1.1767512392672523,
            "drift_min": 0.9747550753101742,
            "drift_per_client": [
               1.1767512392672523,
               0.9747550753101742,
               1.082435209357011
            ]
         }
      },
      {
         "round": 2,
         "train_metrics": {
            "train_loss": 0.4190515868174724,
            "train_acc": 0.8599999944368998,
            "train_f1": 0.7909802856296859,
            "drift": 0.6301730750703773
         },
         "eval_metrics_client": {
            "loss": 0.3997398217519124,
            "accuracy": 0.8899999856948851,
            "f1": 0.7898633071982004
         },
         "eval_metrics_server": {
            "accuracy": 0.925000011920929,
            "loss": 0.40360137820243835,
            "f1_score": 0.8586971880740426
         },
         "drift_metrics": {
            "drift_median": 0.6279165766618086,
            "drift_mean": 0.6301730750703775,
            "drift_max": 0.7032861905261109,
            "drift_min": 0.5593164580232128,
            "drift_per_client": [
               0.6279165766618086,
               0.7032861905261109,
               0.5593164580232128
            ]
         }
      },
      {
         "round": 3,
         "train_metrics": {
            "train_loss": 0.39511212630149645,
            "train_acc": 0.8599999944368997,
            "train_f1": 0.7654141179966836,
            "drift": 0.37557319315118226
         },
         "eval_metrics_client": {
            "loss": 0.3825624088446299,
            "accuracy": 0.8700000047683715,
            "f1": 0.7523175510482911
         },
         "eval_metrics_server": {
            "accuracy": 0.8949999809265137,
            "loss": 0.38632988929748535,
            "f1_score": 0.7851772287862513
         },
         "drift_metrics": {
            "drift_median": 0.3799112001852398,
            "drift_mean": 0.3755731931511823,
            "drift_max": 0.38252608978532293,
            "drift_min": 0.36428228948298413,
            "drift_per_client": [
               0.36428228948298413,
               0.38252608978532293,
               0.3799112001852398
            ]
         }
      },
      {
         "round": 4,
         "train_metrics": {
            "train_loss": 0.37588694003912115,
            "train_acc": 0.8900000055631001,
            "train_f1": 0.8027363409493713,
            "drift": 0.2477394402547814
         },
         "eval_metrics_client": {
            "loss": 0.3805528084437052,
            "accuracy": 0.8666666746139525,
            "f1": 0.754667215420603
         },
         "eval_metrics_server": {
            "accuracy": 0.8999999761581421,
            "loss": 0.38111019134521484,
            "f1_score": 0.7983464408146803
         },
         "drift_metrics": {
            "drift_median": 0.24330391878947788,
            "drift_mean": 0.24773944025478142,
            "drift_max": 0.25798695605564725,
            "drift_min": 0.24192744591921908,
            "drift_per_client": [
               0.24192744591921908,
               0.25798695605564725,
               0.24330391878947788
            ]
         }
      },
      {
         "round": 5,
         "train_metrics": {
            "train_loss": 0.37353083682365906,
            "train_acc": 0.8866666754086812,
            "train_f1": 0.8051659623906313,
            "drift": 0.23034732857897877
         },
         "eval_metrics_client": {
            "loss": 0.3751051823298136,
            "accuracy": 0.8799999952316283,
            "f1": 0.7681288669728761
         },
         "eval_metrics_server": {
            "accuracy": 0.8999999761581421,
            "loss": 0.37921056151390076,
            "f1_score": 0.803921568627451
         },
         "drift_metrics": {
            "drift_median": 0.21805639010808697,
            "drift_mean": 0.23034732857897877,
            "drift_max": 0.2574893649335531,
            "drift_min": 0.21549623069529622,
            "drift_per_client": [
               0.2574893649335531,
               0.21549623069529622,
               0.21805639010808697
            ]
         }
      },
      {
         "round": 6,
         "train_metrics": {
            "train_loss": 0.3710875194042157,
            "train_acc": 0.8833333253860473,
            "train_f1": 0.8178618295124412,
            "drift": 0.24454893264597108
         },
         "eval_metrics_client": {
            "loss": 0.3781265616416931,
            "accuracy": 0.8766666452089944,
            "f1": 0.7724941167431789
         },
         "eval_metrics_server": {
            "accuracy": 0.9049999713897705,
            "loss": 0.37652528285980225,
            "f1_score": 0.82548794489093
         },
         "drift_metrics": {
            "drift_median": 0.25017781920440413,
            "drift_mean": 0.2445489326459711,
            "drift_max": 0.2670969521754189,
            "drift_min": 0.21637202655809026,
            "drift_per_client": [
               0.2670969521754189,
               0.21637202655809026,
               0.25017781920440413
            ]
         }
      },
      {
         "round": 7,
         "train_metrics": {
            "train_loss": 0.38009605537622404,
            "train_acc": 0.8733333150545756,
            "train_f1": 0.8127974790344231,
            "drift": 0.20964514194552214
         },
         "eval_metrics_client": {
            "loss": 0.3744819760322571,
            "accuracy": 0.8899999856948851,
            "f1": 0.8003025122663396
         },
         "eval_metrics_server": {
            "accuracy": 0.9100000262260437,
            "loss": 0.37427061796188354,
            "f1_score": 0.8366902558519325
         },
         "drift_metrics": {
            "drift_median": 0.20470879920225646,
            "drift_mean": 0.20964514194552217,
            "drift_max": 0.23385953536433837,
            "drift_min": 0.19036709126997167,
            "drift_per_client": [
               0.20470879920225646,
               0.19036709126997167,
               0.23385953536433837
            ]
         }
      },
      {
         "round": 8,
         "train_metrics": {
            "train_loss": 0.3785097102324168,
            "train_acc": 0.8733333349227905,
            "train_f1": 0.8053003878073242,
            "drift": 0.1776253263655203
         },
         "eval_metrics_client": {
            "loss": 0.36980298161506653,
            "accuracy": 0.8866666555404662,
            "f1": 0.8049970790804912
         },