{
   "info": {
      "strategy": "FedAvg",
      "seed": 4,
      "init_seed": 4,
      "sampling_seed": 2,
      "data_seed": 2,
      "fraction_train": 0.75,
      "fraction_evaluate": 0.75,
      "local_epochs": 2,
      "num_rounds": 10,
      "num_clients": 5,
      "eta_l": 0.3,
      "iid": true,
      "alpha": null,
      "training_mode": "noiseless",
      "nshots": 1000,
      "model_type": "quantum"
   },
   "rounds": [
      {
         "round": 0,
         "train_metrics": {},
         "eval_metrics_client": {},
         "eval_metrics_server": {
            "accuracy": 0.6700000166893005,
            "loss": 0.6031970381736755,
            "f1_score": 0.6268656716417911
         }
      },
      {
         "round": 1,
         "train_metrics": {
            "train_loss": 0.48279770291768587,
            "train_acc": 0.9000000158945719,
            "train_f1": 0.8695702330078904,
            "drift": 1.1477931573397258
         },
         "eval_metrics_client": {
            "loss": 0.44649193684260047,
            "accuracy": 0.8833333253860473,
            "f1": 0.8398114785845382
         },
         "eval_metrics_server": {
            "accuracy": 0.9100000262260437,
            "loss": 0.4414907693862915,
            "f1_score": 0.8688811188811189
         },
         "drift_metrics": {
            "drift_median": 1.111164909577181,
            "drift_mean": 1.147793157339726,
            "drift_max": 1.262069122178052,
            "drift_min": 1.0701454402639448,
            "drift_per_client": [
               1.262069122178052,
               1.0701454402639448,
               1.111164909577181
            ]
         }
      },
      {
         "round": 2,
         "train_metrics": {
            "train_loss": 0.41307508563384027,
            "train_acc": 0.9266666769981384,
            "train_f1": 0.8985460596758094,
            "drift": 0.794709646885437
         },
         "eval_metrics_client": {
            "loss": 0.36645758152008057,
            "accuracy": 0.9266666571299235,
            "f1": 0.8932038654378907
         },
         "eval_metrics_server": {
            "accuracy": 0.925000011920929,
            "loss": 0.37352654337882996,
            "f1_score": 0.8859792482231765
         },
         "drift_metrics": {
            "drift_median": 0.7812328456754044,
            "drift_mean": 0.7947096468854372,
            "drift_max": 0.8471344800104259,
            "drift_min": 0.755761614970481,
            "drift_per_client": [
               0.755761614970481,
               0.8471344800104259,
               0.7812328456754044
            ]
         }
      },
      {
         "round": 3,
         "train_metrics": {
            "train_loss": 0.342583797681026,
            "train_acc": 0.9399999976158142,
            "train_f1": 0.9170544503989311,
            "drift": 0.5899860162864312
         },
         "eval_metrics_client": {
            "loss": 0.3238960802555084,
            "accuracy": 0.9449999928474426,
            "f1": 0.922031008918581
         },
         "eval_metrics_server": {
            "accuracy": 0.925000011920929,
            "loss": 0.3326175808906555,
            "f1_score": 0.8859792482231765
         },
         "drift_metrics": {
            "drift_median": 0.6056722134001433,
            "drift_mean": 0.5899860162864311,
            "drift_max": 0.6285854727031733,
            "drift_min": 0.535700362755977,
            "drift_per_client": [
               0.6056722134001433,
               0.535700362755977,
               0.6285854727031733
            ]
         }
      },
      {
         "round": 4,
         "train_metrics": {
            "train_loss": 0.3120536937927588,
            "train_acc": 0.9466666579246521,
            "train_f1": 0.9265773045921788,
            "drift": 0.35621329134906965
         },
         "eval_metrics_client": {
            "loss": 0.31054311990737915,
            "accuracy": 0.9350000023841858,
            "f1": 0.9112784391628375
         },
         "eval_metrics_server": {
            "accuracy": 0.9300000071525574,
            "loss": 0.3172968924045563,
            "f1_score": 0.8945147679324894
         },
         "drift_metrics": {
            "drift_median": 0.34564114810184654,
            "drift_mean": 0.35621329134906965,
            "drift_max": 0.41661538032213824,
            "drift_min": 0.3063833456232243,
            "drift_per_client": [
               0.41661538032213824,
               0.3063833456232243,
               0.34564114810184654
            ]
         }
      },
      {
         "round": 5,
         "train_metrics": {
            "train_loss": 0.31131015985439986,
            "train_acc": 0.9433333277702332,
            "train_f1": 0.916828678567809,
            "drift": 0.2752238338373917
         },
         "eval_metrics_client": {
            "loss": 0.308727890253067,
            "accuracy": 0.9316666722297668,
            "f1": 0.9010169463910617
         },
         "eval_metrics_server": {
            "accuracy": 0.925000011920929,
            "loss": 0.31409475207328796,
            "f1_score": 0.8859792482231765
         },
         "drift_metrics": {
            "drift_median": 0.23079162143032264,
            "drift_mean": 0.27522383383739163,
            "drift_max": 0.4308812658092971,
            "drift_min": 0.16399861427255524,
            "drift_per_client": [
               0.16399861427255524,
               0.23079162143032264,
               0.4308812658092971
            ]
         }
      },
      {
         "round": 6,
         "train_metrics": {
            "train_loss": 0.3134682090618671,
            "train_acc": 0.95333331823349,
            "train_f1": 0.9309118352901723,
            "drift": 0.2546889376702339
         },
         "eval_metrics_client": {
            "loss": 0.3111176292101542,
            "accuracy": 0.9300000071525574,
            "f1": 0.895609833592997
         },
         "eval_metrics_server": {
            "accuracy": 0.9399999976158142,
            "loss": 0.30979228019714355,
            "f1_score": 0.907961343764381
         },
         "drift_metrics": {
            "drift_median": 0.2855036734200729,
            "drift_mean": 0.2546889376702339,
            "drift_max": 0.3279851180213107,
            "drift_min": 0.15057802156931802,
            "drift_per_client": [
               0.2855036734200729,
               0.15057802156931802,
               0.3279851180213107
            ]
         }
      },
      {
         "round": 7,
         "train_metrics": {
            "train_loss": 0.3176074906801566,
            "train_acc": 0.9466666579246521,
            "train_f1": 0.9212773323661956,
            "drift": 0.2349838897840998
         },
         "eval_metrics_client": {
            "loss": 0.30806301037470496,
            "accuracy": 0.9433333277702332,
            "f1": 0.9128753518068943
         },
         "eval_metrics_server": {
            "accuracy": 0.949999988079071,
            "loss": 0.30874699354171753,
            "f1_score": 0.921875
         },
         "drift_metrics": {
            "drift_median": 0.2250997465076139,
            "drift_mean": 0.2349838897840998,
            "drift_max": 0.3039368279926627,
            "drift_min": 0.1759150948520228,
            "drift_per_client": [
               0.3039368279926627,
               0.1759150948520228,
               0.2250997465076139
            ]
         }
      },
      {
         "round": 8,
         "train_metrics": {
            "train_loss": 0.3080608905890049,
            "train_acc": 0.9466666579246521,
            "train_f1": 0.9255333244177637,
            "drift": 0.1964449243434156
         },
         "eval_metrics_client": {
            "loss": 0.29663272698720294,
            "accuracy": 0.9516666730244954,
            "f1": 0.9294044841049153
         },
         "eval_metrics_server": {
            "accuracy": 0.9449999928474426,