{
    "0": {
        "loss_median": 0.6664066314697266,
        "loss_mad": 0.07621932029724121,
        "accuracy_median": 0.6150000095367432,
        "accuracy_mad": 0.20499998331069946,
        "f1_median": 0.45054945054945056,
        "f1_mad": 0.2321008068134504
    },
    "1": {
        "loss_median": 0.5302363634109497,
        "loss_mad": 0.03686434030532837,
        "accuracy_median": 0.8199999928474426,
        "accuracy_mad": 0.0,
        "f1_median": 0.45054945054945056,
        "f1_mad": 0.0
    },
    "2": {
        "loss_median": 0.45206817984580994,
        "loss_mad": 0.01573994755744934,
        "accuracy_median": 0.8199999928474426,
        "accuracy_mad": 0.0,
        "f1_median": 0.45054945054945056,
        "f1_mad": 0.0
    },
    "3": {
        "loss_median": 0.4548834264278412,
        "loss_mad": 0.024673044681549072,
        "accuracy_median": 0.8199999928474426,
        "accuracy_mad": 0.0,
        "f1_median": 0.45054945054945056,
        "f1_mad": 0.0
    },
    "4": {
        "loss_median": 0.4489780366420746,
        "loss_mad": 0.03809463977813721,
        "accuracy_median": 0.8199999928474426,
        "accuracy_mad": 0.0,
        "f1_median": 0.45054945054945056,
        "f1_mad": 0.0
    },
    "5": {
        "loss_median": 0.4127226769924164,
        "loss_mad": 0.04541847109794617,
        "accuracy_median": 0.8199999928474426,
        "accuracy_mad": 0.0,
        "f1_median": 0.45054945054945056,
        "f1_mad": 0.0
    },
    "6": {
        "loss_median": 0.3485731780529022,
        "loss_mad": 0.047136664390563965,
        "accuracy_median": 0.8199999928474426,
        "accuracy_mad": 0.0,
        "f1_median": 0.45054945054945056,
        "f1_mad": 0.0
    },
    "7": {
        "loss_median": 0.2932402491569519,
        "loss_mad": 0.01902124285697937,
        "accuracy_median": 0.8650000095367432,
        "accuracy_mad": 0.0350000262260437,
        "f1_median": 0.7159090909090908,
        "f1_mad": 0.15001622160323214
    },
    "8": {
        "loss_median": 0.2565680146217346,
        "loss_mad": 0.025928065180778503,
        "accuracy_median": 0.9049999713897705,
        "accuracy_mad": 0.010000050067901611,
        "f1_median": 0.8518737964745964,
        "f1_mad": 0.03875087288655643
    },
    "9": {
        "loss_median": 0.22879314422607422,
        "loss_mad": 0.044564396142959595,
        "accuracy_median": 0.9350000023841858,
        "accuracy_mad": 0.004999995231628418,
        "f1_median": 0.8954605765751277,
        "f1_mad": 0.0070735364853010685
    },
    "10": {
        "loss_median": 0.196114182472229,
        "loss_mad": 0.042058125138282776,
        "accuracy_median": 0.9350000023841858,
        "accuracy_mad": 0.02499997615814209,
        "f1_median": 0.8933333333333333,
        "f1_mad": 0.03666825927695494
    },
    "11": {
        "loss_median": 0.16025350987911224,
        "loss_mad": 0.03010106086730957,
        "accuracy_median": 0.949999988079071,
        "accuracy_mad": 0.014999985694885254,
        "f1_median": 0.9114103472714387,
        "f1_mad": 0.028655580208333586
    },
    "12": {
        "loss_median": 0.16569547355175018,
        "loss_mad": 0.03740859031677246,
        "accuracy_median": 0.9300000071525574,
        "accuracy_mad": 0.029999971389770508,
        "f1_median": 0.8885172798216276,
        "f1_mad": 0.04221865091430299
    },
    "13": {
        "loss_median": 0.17631055414676666,
        "loss_mad": 0.03607912361621857,
        "accuracy_median": 0.9300000071525574,
        "accuracy_mad": 0.019999980926513672,
        "f1_median": 0.8697916666666667,
        "f1_mad": 0.02898064073562079
    },
    "14": {
        "loss_median": 0.18194431066513062,
        "loss_mad": 0.020950064063072205,
        "accuracy_median": 0.9350000023841858,
        "accuracy_mad": 0.014999985694885254,
        "f1_median": 0.8974722978035412,
        "f1_mad": 0.02149781162352704
    },
    "15": {
        "loss_median": 0.17987804114818573,
        "loss_mad": 0.02818387746810913,
        "accuracy_median": 0.9350000023841858,
        "accuracy_mad": 0.009999990463256836,
        "f1_median": 0.8926215677251113,
        "f1_mad": 0.021852642828247504
    },
    "16": {
        "loss_median": 0.1507454663515091,
        "loss_mad": 0.014207080006599426,
        "accuracy_median": 0.9350000023841858,
        "accuracy_mad": 0.004999995231628418,
        "f1_median": 0.8910812282686105,
        "f1_mad": 0.011635779202908259
    },
    "17": {
        "loss_median": 0.14448164403438568,
        "loss_mad": 0.026671066880226135,
        "accuracy_median": 0.949999988079071,
        "accuracy_mad": 0.009999990463256836,
        "f1_median": 0.9114103472714387,
        "f1_mad": 0.020283510036816943
    },
    "18": {
        "loss_median": 0.1248309314250946,
        "loss_mad": 0.013160407543182373,
        "accuracy_median": 0.9549999833106995,
        "accuracy_mad": 0.009999990463256836,
        "f1_median": 0.9276265530135499,
        "f1_mad": 0.014937549550552598
    },
    "19": {
        "loss_median": 0.11885879188776016,
        "loss_mad": 0.006287425756454468,
        "accuracy_median": 0.9599999785423279,
        "accuracy_mad": 0.010000050067901611,
        "f1_median": 0.9350227420402859,
        "f1_mad": 0.011823466322577358
    },
    "20": {
        "loss_median": 0.12843996286392212,
        "loss_mad": 0.021282382309436798,
        "accuracy_median": 0.9649999737739563,
        "accuracy_mad": 0.010000050067901611,
        "f1_median": 0.9400659274797722,
        "f1_mad": 0.017124020720065136
    },
    "21": {
        "loss_median": 0.12533818185329437,
        "loss_mad": 0.016752317547798157,
        "accuracy_median": 0.9549999833106995,
        "accuracy_mad": 0.01500004529953003,
        "f1_median": 0.9245946964936533,
        "f1_mad": 0.0234572515582947
    },
    "22": {
        "loss_median": 0.14023837447166443,
        "loss_mad": 0.011132240295410156,
        "accuracy_median": 0.9549999833106995,
        "accuracy_mad": 0.009999990463256836,
        "f1_median": 0.9245946964936533,
        "f1_mad": 0.018344696493653334
    },
    "23": {
        "loss_median": 0.13753727078437805,
        "loss_mad": 0.012266412377357483,
        "accuracy_median": 0.949999988079071,
        "accuracy_mad": 0.004999995231628418,
        "f1_median": 0.9134199134199135,
        "f1_mad": 0.007169913419913465
    },
    "24": {
        "loss_median": 0.14221161603927612,
        "loss_mad": 0.022450178861618042,
        "accuracy_median": 0.9599999785423279,
        "accuracy_mad": 0.004999995231628418,
        "f1_median": 0.9307359307359306,
        "f1_mad": 0.011413623353921709
    },
    "25": {
        "loss_median": 0.12541663646697998,
        "loss_mad": 0.017124950885772705,
        "accuracy_median": 0.949999988079071,
        "accuracy_mad": 0.0,
        "f1_median": 0.921875,
        "f1_mad": 0.008455086580086535
    },
    "26": {
        "loss_median": 0.1097656786441803,
        "loss_mad": 0.017276562750339508,
        "accuracy_median": 0.9649999737739563,
        "accuracy_mad": 0.004999995231628418,
        "f1_median": 0.9425641025641025,
        "f1_mad": 0.005487845487845533
    },
    "27": {
        "loss_median": 0.11173152923583984,
        "loss_mad": 0.01444891095161438,
        "accuracy_median": 0.9649999737739563,
        "accuracy_mad": 0.009999990463256836,
        "f1_median": 0.9387013441919523,
        "f1_mad": 0.01155566127977714
    },
    "28": {
        "loss_median": 0.10876952111721039,
        "loss_mad": 0.028328649699687958,
        "accuracy_median": 0.9599999785423279,
        "accuracy_mad": 0.009999990463256836,
        "f1_median": 0.929128277817151,
        "f1_mad": 0.013909964972725453
    },
    "29": {
        "loss_median": 0.09312629699707031,
        "loss_mad": 0.02234148234128952,
        "accuracy_median": 0.9599999785423279,
        "accuracy_mad": 0.009999990463256836,