{
    "1": {
        "loss_median": 0.4365099469820658,
        "loss_mad": 0.025076741973559052,
        "accuracy_median": 0.8683333297570546,
        "accuracy_mad": 0.014166673024495424,
        "f1_median": 0.8217606232842913,
        "f1_mad": 0.011211149370196016
    },
    "2": {
        "loss_median": 0.39344818890094757,
        "loss_mad": 0.00883995493253073,
        "accuracy_median": 0.9024999936421711,
        "accuracy_mad": 0.013333340485890743,
        "f1_median": 0.8613157025910004,
        "f1_mad": 0.024610523918430383
    },
    "3": {
        "loss_median": 0.34236063063144684,
        "loss_mad": 0.01131083071231842,
        "accuracy_median": 0.923333336909612,
        "accuracy_mad": 0.014166663090388054,
        "f1_median": 0.8898308820288048,
        "f1_mad": 0.019222110300208983
    },
    "4": {
        "loss_median": 0.3180868327617645,
        "loss_mad": 0.005558376510938018,
        "accuracy_median": 0.9300000071525574,
        "accuracy_mad": 0.004999995231628418,
        "f1_median": 0.901443796719652,
        "f1_mad": 0.009323233097140837
    },
    "5": {
        "loss_median": 0.3128749330838521,
        "loss_mad": 0.006403277317682893,
        "accuracy_median": 0.9258333444595337,
        "accuracy_mad": 0.0091666579246521,
        "f1_median": 0.8996435347825221,
        "f1_mad": 0.008575725645867283
    },
    "6": {
        "loss_median": 0.3126005282004674,
        "loss_mad": 0.008136277397473662,
        "accuracy_median": 0.9258333444595337,
        "accuracy_mad": 0.013333320617675781,
        "f1_median": 0.8916558078911287,
        "f1_mad": 0.019235510079748774
    },
    "7": {
        "loss_median": 0.3074702223141988,
        "loss_mad": 0.0028179536263147897,
        "accuracy_median": 0.9375,
        "accuracy_mad": 0.010833323001861572,
        "f1_median": 0.9074652893146886,
        "f1_mad": 0.012920956179691412
    },
    "8": {
        "loss_median": 0.306300605336825,
        "loss_mad": 0.005911995967229217,
        "accuracy_median": 0.9358333349227905,
        "accuracy_mad": 0.007499992847442627,
        "f1_median": 0.9048890220298582,
        "f1_mad": 0.011150721525396812
    },
    "9": {
        "loss_median": 0.30501005550225574,
        "loss_mad": 0.0062302847703298025,
        "accuracy_median": 0.9375,
        "accuracy_mad": 0.004166662693023682,
        "f1_median": 0.9113745242274389,
        "f1_mad": 0.00708687630483662
    },
    "10": {
        "loss_median": 0.30529945592085517,
        "loss_mad": 0.003454064329465212,
        "accuracy_median": 0.9316666722297668,
        "accuracy_mad": 0.0091666579246521,
        "f1_median": 0.9066768682769388,
        "f1_mad": 0.008923629942068967
    }
}