{
   "info": {
      "strategy": "FedAdam",
      "seed": 2,
      "sampling_seed": 2,
      "fraction_train": 0.75,
      "fraction_evaluate": 0.75,
      "local_epochs": 2,
      "num_rounds": 10,
      "num_clients": 5,
      "eta": 0.1,
      "eta_l": 0.1,
      "iid": false,
      "alpha": 1.8,
      "training_mode": "noisy",
      "nshots": 1000,
      "model_type": "quantum",
      "base_pauli": 0.005,
      "base_readout": 0.005,
      "noise_scale": 0.002
   },
   "rounds": [
      {
         "round": 0,
         "train_metrics": {},
         "eval_metrics_client": {},
         "eval_metrics_server": {
            "accuracy": 0.6800000071525574,
            "loss": 0.6009007096290588,
            "f1_score": 0.6259934548854604
         }
      },
      {
         "round": 1,
         "train_metrics": {
            "train_loss": 0.6020856946420535,
            "train_acc": 0.6914893684657752,
            "train_f1": 0.6462096879901402,
            "drift": 0.3000187885818531
         },
         "eval_metrics_client": {
            "loss": 0.590530514717102,
            "accuracy": 0.6766666769981384,
            "f1": 0.6263037372317886
         },
         "eval_metrics_server": {
            "accuracy": 0.7350000143051147,
            "loss": 0.5820562243461609,
            "f1_score": 0.6765827612509534
         },
         "drift_metrics": {
            "drift_median": 0.3210341489543072,
            "drift_mean": 0.27327977256476405,
            "drift_max": 0.3429632834399033,
            "drift_min": 0.15584188530008178,
            "drift_per_client": [
               0.15584188530008178,
               0.3210341489543072,
               0.3429632834399033
            ]
         }
      },
      {
         "round": 2,
         "train_metrics": {
            "train_loss": 0.5871965833348024,
            "train_acc": 0.7245762876029742,
            "train_f1": 0.6611723244253715,
            "drift": 0.22702195098869446
         },
         "eval_metrics_client": {
            "loss": 0.56280384461085,
            "accuracy": 0.7316666642824808,
            "f1": 0.6776835747549561
         },
         "eval_metrics_server": {
            "accuracy": 0.7450000047683716,
            "loss": 0.5604748725891113,
            "f1_score": 0.6820349761526232
         },
         "drift_metrics": {
            "drift_median": 0.18017405080042045,
            "drift_mean": 0.21264607031708124,
            "drift_max": 0.30555816444475237,
            "drift_min": 0.15220599570607093,
            "drift_per_client": [
               0.15220599570607093,
               0.18017405080042045,
               0.30555816444475237
            ]
         }
      },
      {
         "round": 3,
         "train_metrics": {
            "train_loss": 0.571912304753192,
            "train_acc": 0.757861648902953,
            "train_f1": 0.6722187563728165,
            "drift": 0.2581607262520821
         },
         "eval_metrics_client": {
            "loss": 0.5537691712379456,
            "accuracy": 0.75,
            "f1": 0.6954364008855629
         },
         "eval_metrics_server": {
            "accuracy": 0.7749999761581421,
            "loss": 0.5364150404930115,
            "f1_score": 0.7129278172945042
         },
         "drift_metrics": {
            "drift_median": 0.280107670116205,
            "drift_mean": 0.2512494314890093,
            "drift_max": 0.2922590389033014,
            "drift_min": 0.18138158544752148,
            "drift_per_client": [
               0.18138158544752148,
               0.2922590389033014,
               0.280107670116205
            ]
         }
      },
      {
         "round": 4,
         "train_metrics": {
            "train_loss": 0.5646289994252072,
            "train_acc": 0.7780979717155698,
            "train_f1": 0.728797723022486,
            "drift": 0.2852232082162857
         },
         "eval_metrics_client": {
            "loss": 0.5511435468991597,
            "accuracy": 0.7566666801770527,
            "f1": 0.7037495920614845
         },
         "eval_metrics_server": {
            "accuracy": 0.7900000214576721,
            "loss": 0.511289119720459,
            "f1_score": 0.7271309771309771
         },
         "drift_metrics": {
            "drift_median": 0.26951732275746976,
            "drift_mean": 0.27396823559392935,
            "drift_max": 0.3639013435820503,
            "drift_min": 0.188486040442268,
            "drift_per_client": [
               0.188486040442268,
               0.3639013435820503,
               0.26951732275746976
            ]
         }
      },
      {
         "round": 5,
         "train_metrics": {
            "train_loss": 0.5401113169037727,
            "train_acc": 0.8422712849141671,
            "train_f1": 0.7904685137499097,
            "drift": 0.2839489560662863
         },
         "eval_metrics_client": {
            "loss": 0.527234931786855,
            "accuracy": 0.796666661898295,
            "f1": 0.7415273046772781
         },
         "eval_metrics_server": {
            "accuracy": 0.8399999737739563,
            "loss": 0.48607906699180603,
            "f1_score": 0.7837545614272199
         },
         "drift_metrics": {
            "drift_median": 0.26470312481750596,
            "drift_mean": 0.25558422329564284,
            "drift_max": 0.36405620176276376,
            "drift_min": 0.13799334330665877,
            "drift_per_client": [
               0.13799334330665877,
               0.36405620176276376,
               0.26470312481750596
            ]
         }
      },
      {
         "round": 6,
         "train_metrics": {
            "train_loss": 0.5097419951843696,
            "train_acc": 0.8794326293975749,
            "train_f1": 0.8401398919234762,
            "drift": 0.27966032635012544
         },
         "eval_metrics_client": {
            "loss": 0.4964113235473633,
            "accuracy": 0.8649999896685281,
            "f1": 0.8164239215900427
         },
         "eval_metrics_server": {
            "accuracy": 0.8849999904632568,
            "loss": 0.46139413118362427,
            "f1_score": 0.8364095451474092
         },
         "drift_metrics": {
            "drift_median": 0.24540296659809777,
            "drift_mean": 0.2477448837202724,
            "drift_max": 0.36761626433028255,
            "drift_min": 0.13021542023243685,
            "drift_per_client": [
               0.13021542023243685,
               0.24540296659809777,
               0.36761626433028255
            ]
         }
      },
      {
         "round": 7,
         "train_metrics": {
            "train_loss": 0.48736792566800136,
            "train_acc": 0.906779674402738,
            "train_f1": 0.854227095717382,
            "drift": 0.2099168775324003
         },
         "eval_metrics_client": {
            "loss": 0.4796979228655497,
            "accuracy": 0.8999999960263569,
            "f1": 0.8582717662091734
         },
         "eval_metrics_server": {
            "accuracy": 0.8700000047683716,
            "loss": 0.43795615434646606,
            "f1_score": 0.8192184675288555
         },
         "drift_metrics": {
            "drift_median": 0.22904532613195383,
            "drift_mean": 0.1972307863805439,
            "drift_max": 0.24062400594002928,
            "drift_min": 0.1220230270696485,
            "drift_per_client": [
               0.1220230270696485,
               0.22904532613195383,
               0.24062400594002928
            ]
         }
      },
      {
         "round": 8,
         "train_metrics": {
            "train_loss": 0.4712754239723845,
            "train_acc": 0.9056603842936222,
            "train_f1": 0.8361772315614387,
            "drift": 0.26590896064471636
         },
         "eval_metrics_client": {
            "loss": 0.4683869878451029,
            "accuracy": 0.8949999809265136,
            "f1": 0.8579447628441578
         },