{
   "info": {
      "strategy": "FedAdam",
      "seed": 4,
      "sampling_seed": 4,
      "fraction_train": 0.75,
      "fraction_evaluate": 0.75,
      "local_epochs": 2,
      "num_rounds": 10,
      "num_clients": 5,
      "eta": 0.1,
      "eta_l": 0.1,
      "iid": false,
      "alpha": 1.8,
      "training_mode": "noisy",
      "nshots": 1000,
      "model_type": "quantum",
      "base_pauli": 0.005,
      "base_readout": 0.005,
      "noise_scale": 0.002
   },
   "rounds": [
      {
         "round": 0,
         "train_metrics": {},
         "eval_metrics_client": {},
         "eval_metrics_server": {
            "accuracy": 0.6700000166893005,
            "loss": 0.6031970381736755,
            "f1_score": 0.6268656716417911
         }
      },
      {
         "round": 1,
         "train_metrics": {
            "train_loss": 0.5914173076792267,
            "train_acc": 0.7327044205095783,
            "train_f1": 0.6562620204359735,
            "drift": 0.4038780719095167
         },
         "eval_metrics_client": {
            "loss": 0.6087906360626221,
            "accuracy": 0.7183333237965901,
            "f1": 0.682600026488991
         },
         "eval_metrics_server": {
            "accuracy": 0.7099999785423279,
            "loss": 0.5740262269973755,
            "f1_score": 0.6668198529411764
         },
         "drift_metrics": {
            "drift_median": 0.4166534876210701,
            "drift_mean": 0.39192223831925443,
            "drift_max": 0.45695154300334156,
            "drift_min": 0.3021616843333516,
            "drift_per_client": [
               0.3021616843333516,
               0.4166534876210701,
               0.45695154300334156
            ]
         }
      },
      {
         "round": 2,
         "train_metrics": {
            "train_loss": 0.5650132924291216,
            "train_acc": 0.7953890524267806,
            "train_f1": 0.7487608104949929,
            "drift": 0.4065381013097111
         },
         "eval_metrics_client": {
            "loss": 0.5921059052149454,
            "accuracy": 0.746666669845581,
            "f1": 0.7087166460766599
         },
         "eval_metrics_server": {
            "accuracy": 0.800000011920929,
            "loss": 0.5426276922225952,
            "f1_score": 0.751984126984127
         },
         "drift_metrics": {
            "drift_median": 0.43448212363158883,
            "drift_mean": 0.39295987729482623,
            "drift_max": 0.446837192711633,
            "drift_min": 0.29756031554125695,
            "drift_per_client": [
               0.29756031554125695,
               0.43448212363158883,
               0.446837192711633
            ]
         }
      },
      {
         "round": 3,
         "train_metrics": {
            "train_loss": 0.5459827134865698,
            "train_acc": 0.8454258573544138,
            "train_f1": 0.7965784824531037,
            "drift": 0.3762383768596358
         },
         "eval_metrics_client": {
            "loss": 0.5625430941581726,
            "accuracy": 0.7649999856948851,
            "f1": 0.7158888157593681
         },
         "eval_metrics_server": {
            "accuracy": 0.8100000023841858,
            "loss": 0.5108287930488586,
            "f1_score": 0.756128866640996
         },
         "drift_metrics": {
            "drift_median": 0.3983318885612875,
            "drift_mean": 0.3399659874605175,
            "drift_max": 0.42609451131249293,
            "drift_min": 0.19547156250777203,
            "drift_per_client": [
               0.19547156250777203,
               0.3983318885612875,
               0.42609451131249293
            ]
         }
      },
      {
         "round": 4,
         "train_metrics": {
            "train_loss": 0.5241815967809178,
            "train_acc": 0.8368794174059062,
            "train_f1": 0.7868637418138309,
            "drift": 0.3209387404060671
         },
         "eval_metrics_client": {
            "loss": 0.5341110825538635,
            "accuracy": 0.79666668176651,
            "f1": 0.7460401324063142
         },
         "eval_metrics_server": {
            "accuracy": 0.8399999737739563,
            "loss": 0.4819401502609253,
            "f1_score": 0.7866666666666666
         },
         "drift_metrics": {
            "drift_median": 0.35057734849219313,
            "drift_mean": 0.29597549311315574,
            "drift_max": 0.35746261498111664,
            "drift_min": 0.17988651586615742,
            "drift_per_client": [
               0.17988651586615742,
               0.35746261498111664,
               0.35057734849219313
            ]
         }
      },
      {
         "round": 5,
         "train_metrics": {
            "train_loss": 0.5054722438998326,
            "train_acc": 0.868644076131158,
            "train_f1": 0.8001811513884952,
            "drift": 0.2517457741359948
         },
         "eval_metrics_client": {
            "loss": 0.513597309589386,
            "accuracy": 0.8366666634877522,
            "f1": 0.7854117683163655
         },
         "eval_metrics_server": {
            "accuracy": 0.8700000047683716,
            "loss": 0.45817577838897705,
            "f1_score": 0.8218201754385965
         },
         "drift_metrics": {
            "drift_median": 0.22820446194496913,
            "drift_mean": 0.23554260897545556,
            "drift_max": 0.3215871066095375,
            "drift_min": 0.15683625837186013,
            "drift_per_client": [
               0.15683625837186013,
               0.22820446194496913,
               0.3215871066095375
            ]
         }
      },
      {
         "round": 6,
         "train_metrics": {
            "train_loss": 0.49119085816761554,
            "train_acc": 0.9025157388276275,
            "train_f1": 0.8352209458937074,
            "drift": 0.2802034652872495
         },
         "eval_metrics_client": {
            "loss": 0.5089473724365234,
            "accuracy": 0.824999988079071,
            "f1": 0.7730611750426796
         },
         "eval_metrics_server": {
            "accuracy": 0.8899999856948853,
            "loss": 0.4389303922653198,
            "f1_score": 0.8422939068100359
         },
         "drift_metrics": {
            "drift_median": 0.2931593910944661,
            "drift_mean": 0.2711165587444628,
            "drift_max": 0.3194801766416962,
            "drift_min": 0.20071010849722595,
            "drift_per_client": [
               0.20071010849722595,
               0.2931593910944661,
               0.3194801766416962
            ]
         }
      },
      {
         "round": 7,
         "train_metrics": {
            "train_loss": 0.4836736143647602,
            "train_acc": 0.904899152108503,
            "train_f1": 0.8666315054830311,
            "drift": 0.2533010634624604
         },
         "eval_metrics_client": {
            "loss": 0.5017844835917155,
            "accuracy": 0.840000013510386,
            "f1": 0.791530717553088
         },
         "eval_metrics_server": {
            "accuracy": 0.8999999761581421,
            "loss": 0.42310860753059387,
            "f1_score": 0.8543123543123543
         },
         "drift_metrics": {
            "drift_median": 0.2551001158708286,
            "drift_mean": 0.24360808225813324,
            "drift_max": 0.2981240617142394,
            "drift_min": 0.1776000691893318,
            "drift_per_client": [
               0.1776000691893318,
               0.2551001158708286,
               0.2981240617142394
            ]
         }
      },
      {
         "round": 8,
         "train_metrics": {
            "train_loss": 0.47567288002611874,
            "train_acc": 0.92429024075108,
            "train_f1": 0.8914430303668694,
            "drift": 0.24376636706458837
         },
         "eval_metrics_client": {
            "loss": 0.4788508117198944,
            "accuracy": 0.8733333150545756,
            "f1": 0.8242523194911406
         },