{
   "info": {
      "strategy": "FedAdam",
      "seed": 3,
      "sampling_seed": 3,
      "fraction_train": 0.75,
      "fraction_evaluate": 0.75,
      "local_epochs": 2,
      "num_rounds": 10,
      "num_clients": 5,
      "eta": 0.1,
      "eta_l": 0.1,
      "iid": false,
      "alpha": 1.8,
      "training_mode": "noisy",
      "nshots": 1000,
      "model_type": "quantum",
      "base_pauli": 0.005,
      "base_readout": 0.005,
      "noise_scale": 0.002
   },
   "rounds": [
      {
         "round": 0,
         "train_metrics": {},
         "eval_metrics_client": {},
         "eval_metrics_server": {
            "accuracy": 0.47999998927116394,
            "loss": 0.7357013821601868,
            "f1_score": 0.4164515767029514
         }
      },
      {
         "round": 1,
         "train_metrics": {
            "train_loss": 0.6307613552639174,
            "train_acc": 0.6813186937636072,
            "train_f1": 0.5930834902938895,
            "drift": 0.616359291688526
         },
         "eval_metrics_client": {
            "loss": 0.6805423498153687,
            "accuracy": 0.5516666571299235,
            "f1": 0.4957274112578707
         },
         "eval_metrics_server": {
            "accuracy": 0.5400000214576721,
            "loss": 0.6927052140235901,
            "f1_score": 0.45238095238095233
         },
         "drift_metrics": {
            "drift_median": 0.6061010552696515,
            "drift_mean": 0.6162296069271926,
            "drift_max": 0.6674452827419688,
            "drift_min": 0.5751424827699577,
            "drift_per_client": [
               0.6061010552696515,
               0.6674452827419688,
               0.5751424827699577
            ]
         }
      },
      {
         "round": 2,
         "train_metrics": {
            "train_loss": 0.598224383859803,
            "train_acc": 0.7435897418703789,
            "train_f1": 0.6764016649284618,
            "drift": 0.5650259772391459
         },
         "eval_metrics_client": {
            "loss": 0.6511033574740092,
            "accuracy": 0.5933333436648051,
            "f1": 0.5358893027928635
         },
         "eval_metrics_server": {
            "accuracy": 0.5699999928474426,
            "loss": 0.6412694454193115,
            "f1_score": 0.4779018941233608
         },
         "drift_metrics": {
            "drift_median": 0.5900510109390815,
            "drift_mean": 0.546778151589601,
            "drift_max": 0.6545538688443152,
            "drift_min": 0.3957295749854063,
            "drift_per_client": [
               0.3957295749854063,
               0.5900510109390815,
               0.6545538688443152
            ]
         }
      },
      {
         "round": 3,
         "train_metrics": {
            "train_loss": 0.5865778540033523,
            "train_acc": 0.7838983131667315,
            "train_f1": 0.707206355375706,
            "drift": 0.4337803640590809
         },
         "eval_metrics_client": {
            "loss": 0.6105758349100748,
            "accuracy": 0.6533333261807759,
            "f1": 0.5775618468961419
         },
         "eval_metrics_server": {
            "accuracy": 0.6800000071525574,
            "loss": 0.5914912223815918,
            "f1_score": 0.5675091228544398
         },
         "drift_metrics": {
            "drift_median": 0.38345904921329266,
            "drift_mean": 0.40725840048954987,
            "drift_max": 0.5556235907171464,
            "drift_min": 0.28269256153821054,
            "drift_per_client": [
               0.28269256153821054,
               0.38345904921329266,
               0.5556235907171464
            ]
         }
      },
      {
         "round": 4,
         "train_metrics": {
            "train_loss": 0.5763014182220505,
            "train_acc": 0.8044280260251457,
            "train_f1": 0.6968860642985235,
            "drift": 0.43185486506393655
         },
         "eval_metrics_client": {
            "loss": 0.5766577919324238,
            "accuracy": 0.7450000047683715,
            "f1": 0.6515561562814294
         },
         "eval_metrics_server": {
            "accuracy": 0.7400000095367432,
            "loss": 0.5459219813346863,
            "f1_score": 0.6212121212121212
         },
         "drift_metrics": {
            "drift_median": 0.3595684169655535,
            "drift_mean": 0.39076409050836025,
            "drift_max": 0.537977140640621,
            "drift_min": 0.2747467139189063,
            "drift_per_client": [
               0.2747467139189063,
               0.3595684169655535,
               0.537977140640621
            ]
         }
      },
      {
         "round": 5,
         "train_metrics": {
            "train_loss": 0.5411378051528173,
            "train_acc": 0.7949526751831126,
            "train_f1": 0.7010424217774511,
            "drift": 0.45949137090577274
         },
         "eval_metrics_client": {
            "loss": 0.5494921604792277,
            "accuracy": 0.7866666515668232,
            "f1": 0.687519762433941
         },
         "eval_metrics_server": {
            "accuracy": 0.7799999713897705,
            "loss": 0.5057397484779358,
            "f1_score": 0.6684749849306811
         },
         "drift_metrics": {
            "drift_median": 0.49742660676937794,
            "drift_mean": 0.4194763576015352,
            "drift_max": 0.5022768679394324,
            "drift_min": 0.25872559809579515,
            "drift_per_client": [
               0.25872559809579515,
               0.5022768679394324,
               0.49742660676937794
            ]
         }
      },
      {
         "round": 6,
         "train_metrics": {
            "train_loss": 0.49458759232194466,
            "train_acc": 0.8708791230078583,
            "train_f1": 0.7847372138344536,
            "drift": 0.44656136679917136
         },
         "eval_metrics_client": {
            "loss": 0.523284117380778,
            "accuracy": 0.8333333532015482,
            "f1": 0.7476610337353948
         },
         "eval_metrics_server": {
            "accuracy": 0.824999988079071,
            "loss": 0.47085922956466675,
            "f1_score": 0.7185477061638053
         },
         "drift_metrics": {
            "drift_median": 0.4515827742562128,
            "drift_mean": 0.4451250574705698,
            "drift_max": 0.4547119948656361,
            "drift_min": 0.42908040328986036,
            "drift_per_client": [
               0.42908040328986036,
               0.4515827742562128,
               0.4547119948656361
            ]
         }
      },
      {
         "round": 7,
         "train_metrics": {
            "train_loss": 0.48077403592908097,
            "train_acc": 0.8653846237903986,
            "train_f1": 0.8145369993554956,
            "drift": 0.36013199038903915
         },
         "eval_metrics_client": {
            "loss": 0.5128521422545115,
            "accuracy": 0.8316666682561238,
            "f1": 0.7449816397426664
         },
         "eval_metrics_server": {
            "accuracy": 0.8450000286102295,
            "loss": 0.44295036792755127,
            "f1_score": 0.7402706212559171
         },
         "drift_metrics": {
            "drift_median": 0.3842742020222423,
            "drift_mean": 0.35112484065453536,
            "drift_max": 0.39996596182658245,
            "drift_min": 0.26913435811478137,
            "drift_per_client": [
               0.26913435811478137,
               0.3842742020222423,
               0.39996596182658245
            ]
         }
      },
      {
         "round": 8,
         "train_metrics": {
            "train_loss": 0.46564915125495454,
            "train_acc": 0.9194915377992694,
            "train_f1": 0.8678308156038541,
            "drift": 0.27024890877023783
         },
         "eval_metrics_client": {
            "loss": 0.4957099358240763,
            "accuracy": 0.8733333349227904,
            "f1": 0.7933824781391576
         },