{
   "info": {
      "strategy": "FedAdagrad",
      "seed": 3,
      "sampling_seed": 3,
      "local_epochs": 2,
      "num_rounds": 10,
      "num_clients": 5,
      "eta": 0.3,
      "eta_l": 0.2,
      "iid": false,
      "alpha": 1.8,
      "training_mode": "noisy",
      "nshots": 1000,
      "model_type": "quantum",
      "base_pauli": 0.005,
      "base_readout": 0.005,
      "noise_scale": 0.002
   },
   "rounds": [
      {
         "round": 0,
         "train_metrics": {},
         "eval_metrics_client": {},
         "eval_metrics_server": {
            "accuracy": 0.47999998927116394,
            "loss": 0.7357013821601868,
            "f1_score": 0.4164515767029514
         }
      },
      {
         "round": 1,
         "train_metrics": {
            "train_loss": 0.5541003333039467,
            "train_acc": 0.8489010821986984,
            "train_f1": 0.7569225720831363,
            "drift": 1.146221186011957
         },
         "eval_metrics_client": {
            "loss": 0.586763858795166,
            "accuracy": 0.725000003973643,
            "f1": 0.6386561886375163
         },
         "eval_metrics_server": {
            "accuracy": 0.7400000095367432,
            "loss": 0.5566686391830444,
            "f1_score": 0.6272401433691757
         },
         "drift_metrics": {
            "drift_median": 1.1280263592230315,
            "drift_mean": 1.1441595048213642,
            "drift_max": 1.1895081961771363,
            "drift_min": 1.1149439590639252,
            "drift_per_client": [
               1.1149439590639252,
               1.1895081961771363,
               1.1280263592230315
            ]
         }
      },
      {
         "round": 2,
         "train_metrics": {
            "train_loss": 0.49021193300051835,
            "train_acc": 0.8878205145398775,
            "train_f1": 0.8531487509994844,
            "drift": 0.8035437936992113
         },
         "eval_metrics_client": {
            "loss": 0.5457881887753804,
            "accuracy": 0.768333335717519,
            "f1": 0.6870240035497086
         },
         "eval_metrics_server": {
            "accuracy": 0.7549999952316284,
            "loss": 0.4919053316116333,
            "f1_score": 0.6401160442143146
         },
         "drift_metrics": {
            "drift_median": 0.8433881939138151,
            "drift_mean": 0.7843462766445116,
            "drift_max": 0.8927356837638181,
            "drift_min": 0.6169149522559018,
            "drift_per_client": [
               0.6169149522559018,
               0.8433881939138151,
               0.8927356837638181
            ]
         }
      },
      {
         "round": 3,
         "train_metrics": {
            "train_loss": 0.4647116492684038,
            "train_acc": 0.9110169435961772,
            "train_f1": 0.8552920688884247,
            "drift": 0.5567486392684238
         },
         "eval_metrics_client": {
            "loss": 0.5154358545939127,
            "accuracy": 0.8383333285649617,
            "f1": 0.7479245694582386
         },
         "eval_metrics_server": {
            "accuracy": 0.8050000071525574,
            "loss": 0.4523595869541168,
            "f1_score": 0.6799999999999999
         },
         "drift_metrics": {
            "drift_median": 0.5220428342578833,
            "drift_mean": 0.5407447447980758,
            "drift_max": 0.6330421152493078,
            "drift_min": 0.4671492848870363,
            "drift_per_client": [
               0.4671492848870363,
               0.5220428342578833,
               0.6330421152493078
            ]
         }
      },
      {
         "round": 4,
         "train_metrics": {
            "train_loss": 0.47731151253632653,
            "train_acc": 0.9114391132914272,
            "train_f1": 0.8089848683202117,
            "drift": 0.5223815607754594
         },
         "eval_metrics_client": {
            "loss": 0.4977824886639912,
            "accuracy": 0.8766666650772094,
            "f1": 0.7957614385738524
         },
         "eval_metrics_server": {
            "accuracy": 0.8399999737739563,
            "loss": 0.4241643249988556,
            "f1_score": 0.7289972899728998
         },
         "drift_metrics": {
            "drift_median": 0.4396425238205204,
            "drift_mean": 0.48661703088734454,
            "drift_max": 0.6220002359078793,
            "drift_min": 0.39820833293363384,
            "drift_per_client": [
               0.39820833293363384,
               0.4396425238205204,
               0.6220002359078793
            ]
         }
      },
      {
         "round": 5,
         "train_metrics": {
            "train_loss": 0.468579841275766,
            "train_acc": 0.8958990425341513,
            "train_f1": 0.812445365861993,
            "drift": 0.48713110927188596
         },
         "eval_metrics_client": {
            "loss": 0.4811610281467438,
            "accuracy": 0.8816666603088379,
            "f1": 0.7949399089158072
         },
         "eval_metrics_server": {
            "accuracy": 0.8949999809265137,
            "loss": 0.4108654260635376,
            "f1_score": 0.8021760633036596
         },
         "drift_metrics": {
            "drift_median": 0.5162564761742848,
            "drift_mean": 0.45776556028719534,
            "drift_max": 0.5171421908846373,
            "drift_min": 0.339898013802664,
            "drift_per_client": [
               0.339898013802664,
               0.5171421908846373,
               0.5162564761742848
            ]
         }
      },
      {
         "round": 6,
         "train_metrics": {
            "train_loss": 0.44164211117907426,
            "train_acc": 0.9340659409433931,
            "train_f1": 0.8753327810548017,
            "drift": 0.427516320917926
         },
         "eval_metrics_client": {
            "loss": 0.46918888886769605,
            "accuracy": 0.8850000103314717,
            "f1": 0.8126487122252397
         },
         "eval_metrics_server": {
            "accuracy": 0.9200000166893005,
            "loss": 0.3992902338504791,
            "f1_score": 0.8548357829794955
         },
         "drift_metrics": {
            "drift_median": 0.4472700911800796,
            "drift_mean": 0.42329762084683714,
            "drift_max": 0.4473172885783139,
            "drift_min": 0.3753054827821181,
            "drift_per_client": [
               0.3753054827821181,
               0.4473172885783139,
               0.4472700911800796
            ]
         }
      },
      {
         "round": 7,
         "train_metrics": {
            "train_loss": 0.4407902286004003,
            "train_acc": 0.945512817838253,
            "train_f1": 0.9316662045508588,
            "drift": 0.33949479478448324
         },
         "eval_metrics_client": {
            "loss": 0.47528485457102454,
            "accuracy": 0.8883333404858906,
            "f1": 0.8211890665504786
         },
         "eval_metrics_server": {
            "accuracy": 0.925000011920929,
            "loss": 0.39461952447891235,
            "f1_score": 0.8622273249138921
         },
         "drift_metrics": {
            "drift_median": 0.3150131244627329,
            "drift_mean": 0.33097733805416035,
            "drift_max": 0.39464773220448635,
            "drift_min": 0.2832711574952619,
            "drift_per_client": [
               0.2832711574952619,
               0.3150131244627329,
               0.39464773220448635
            ]
         }
      },
      {
         "round": 8,
         "train_metrics": {
            "train_loss": 0.4327251614150607,
            "train_acc": 0.974576267903134,
            "train_f1": 0.9577414273649727,
            "drift": 0.26085868297117887
         },
         "eval_metrics_client": {
            "loss": 0.468776782353719,
            "accuracy": 0.9166666666666666,
            "f1": 0.8565472952647044
         },
         "eval_metrics_server": {
            "accuracy": 0.9300000071525574,