{
   "info": {
      "strategy": "FedAdagrad",
      "seed": 5,
      "sampling_seed": 5,
      "local_epochs": 2,
      "num_rounds": 10,
      "num_clients": 5,
      "eta": 0.3,
      "eta_l": 0.2,
      "iid": false,
      "alpha": 1.8,
      "training_mode": "noisy",
      "nshots": 1000,
      "model_type": "quantum",
      "base_pauli": 0.005,
      "base_readout": 0.005,
      "noise_scale": 0.002
   },
   "rounds": [
      {
         "round": 0,
         "train_metrics": {},
         "eval_metrics_client": {},
         "eval_metrics_server": {
            "accuracy": 0.6399999856948853,
            "loss": 0.630768895149231,
            "f1_score": 0.6017258546299369
         }
      },
      {
         "round": 1,
         "train_metrics": {
            "train_loss": 0.5463085099155727,
            "train_acc": 0.8854166681153907,
            "train_f1": 0.7754821093493399,
            "drift": 0.7721063569140318
         },
         "eval_metrics_client": {
            "loss": 0.5250031352043152,
            "accuracy": 0.8883333404858906,
            "f1": 0.8199628138187356
         },
         "eval_metrics_server": {
            "accuracy": 0.8600000143051147,
            "loss": 0.5062321424484253,
            "f1_score": 0.7575757575757576
         },
         "drift_metrics": {
            "drift_median": 0.8193712168889578,
            "drift_mean": 0.7039844897118265,
            "drift_max": 0.8771054845521918,
            "drift_min": 0.4154767676943299,
            "drift_per_client": [
               0.4154767676943299,
               0.8193712168889578,
               0.8771054845521918
            ]
         }
      },
      {
         "round": 2,
         "train_metrics": {
            "train_loss": 0.4844293267764733,
            "train_acc": 0.9078014030101451,
            "train_f1": 0.8539300114098765,
            "drift": 0.5715433993481815
         },
         "eval_metrics_client": {
            "loss": 0.48140384753545123,
            "accuracy": 0.8849999904632567,
            "f1": 0.7869871780284614
         },
         "eval_metrics_server": {
            "accuracy": 0.8949999809265137,
            "loss": 0.43639740347862244,
            "f1_score": 0.7851772287862513
         },
         "drift_metrics": {
            "drift_median": 0.6137360242623222,
            "drift_mean": 0.5335835837226702,
            "drift_max": 0.6317342757520457,
            "drift_min": 0.35528045115364265,
            "drift_per_client": [
               0.35528045115364265,
               0.6317342757520457,
               0.6137360242623222
            ]
         }
      },
      {
         "round": 3,
         "train_metrics": {
            "train_loss": 0.4578632823595993,
            "train_acc": 0.8942307531833649,
            "train_f1": 0.8284270434660308,
            "drift": 0.4709493434868146
         },
         "eval_metrics_client": {
            "loss": 0.4672613044579823,
            "accuracy": 0.893333335717519,
            "f1": 0.8255010763659788
         },
         "eval_metrics_server": {
            "accuracy": 0.8949999809265137,
            "loss": 0.4050460159778595,
            "f1_score": 0.7851772287862513
         },
         "drift_metrics": {
            "drift_median": 0.4374951507933274,
            "drift_mean": 0.4577168511615315,
            "drift_max": 0.5549409057647446,
            "drift_min": 0.3807144969265223,
            "drift_per_client": [
               0.3807144969265223,
               0.4374951507933274,
               0.5549409057647446
            ]
         }
      },
      {
         "round": 4,
         "train_metrics": {
            "train_loss": 0.45607374438238046,
            "train_acc": 0.9164265191520669,
            "train_f1": 0.829150949949789,
            "drift": 0.433208299315443
         },
         "eval_metrics_client": {
            "loss": 0.46207144856452936,
            "accuracy": 0.9333333174387614,
            "f1": 0.8916632697413253
         },
         "eval_metrics_server": {
            "accuracy": 0.9200000166893005,
            "loss": 0.38567203283309937,
            "f1_score": 0.8472991028822294
         },
         "drift_metrics": {
            "drift_median": 0.4440785623616962,
            "drift_mean": 0.41852370520945814,
            "drift_max": 0.5004085222281621,
            "drift_min": 0.3110840310385161,
            "drift_per_client": [
               0.3110840310385161,
               0.5004085222281621,
               0.4440785623616962
            ]
         }
      },
      {
         "round": 5,
         "train_metrics": {
            "train_loss": 0.44043863183645093,
            "train_acc": 0.9446494577115752,
            "train_f1": 0.8743852266078724,
            "drift": 0.30263799940232106
         },
         "eval_metrics_client": {
            "loss": 0.4549721280733744,
            "accuracy": 0.9466666579246521,
            "f1": 0.9078384210913181
         },
         "eval_metrics_server": {
            "accuracy": 0.925000011920929,
            "loss": 0.37410759925842285,
            "f1_score": 0.8586971880740426
         },
         "drift_metrics": {
            "drift_median": 0.25370916508034935,
            "drift_mean": 0.27433626148330176,
            "drift_max": 0.37541655255821393,
            "drift_min": 0.193883066811342,
            "drift_per_client": [
               0.193883066811342,
               0.25370916508034935,
               0.37541655255821393
            ]
         }
      },
      {
         "round": 6,
         "train_metrics": {
            "train_loss": 0.40972092912541014,
            "train_acc": 0.9687500099341074,
            "train_f1": 0.9257135445777497,
            "drift": 0.2845170772904887
         },
         "eval_metrics_client": {
            "loss": 0.43185212214787794,
            "accuracy": 0.9433333277702332,
            "f1": 0.8990691412934244
         },
         "eval_metrics_server": {
            "accuracy": 0.9300000071525574,
            "loss": 0.364108681678772,
            "f1_score": 0.8697916666666667
         },
         "drift_metrics": {
            "drift_median": 0.28572217624219076,
            "drift_mean": 0.26252683373777397,
            "drift_max": 0.3264659684386795,
            "drift_min": 0.1753923565324516,
            "drift_per_client": [
               0.1753923565324516,
               0.28572217624219076,
               0.3264659684386795
            ]
         }
      },
      {
         "round": 7,
         "train_metrics": {
            "train_loss": 0.41764140807633343,
            "train_acc": 0.9787234036212272,
            "train_f1": 0.9692288364683803,
            "drift": 0.32918510584155414
         },
         "eval_metrics_client": {
            "loss": 0.4197996457417806,
            "accuracy": 0.9583333333333333,
            "f1": 0.9359400702785788
         },
         "eval_metrics_server": {
            "accuracy": 0.9750000238418579,
            "loss": 0.35153329372406006,
            "f1_score": 0.9581081647186963
         },
         "drift_metrics": {
            "drift_median": 0.251083792358699,
            "drift_mean": 0.28928208531794225,
            "drift_max": 0.46096592159087624,
            "drift_min": 0.15579654200425144,
            "drift_per_client": [
               0.15579654200425144,
               0.251083792358699,
               0.46096592159087624
            ]
         }
      },
      {
         "round": 8,
         "train_metrics": {
            "train_loss": 0.4088691148642232,
            "train_acc": 0.9615384596280563,
            "train_f1": 0.9485326838666241,
            "drift": 0.31678193589908615
         },
         "eval_metrics_client": {
            "loss": 0.4204996824264526,
            "accuracy": 0.9366666674613953,
            "f1": 0.9118627053862746
         },
         "eval_metrics_server": {
            "accuracy": 0.9599999785423279,