{
    "0": {
        "loss_median": 0.630768895149231,
        "loss_mad": 0.02757185697555542,
        "accuracy_median": 0.6349999904632568,
        "accuracy_mad": 0.0350000262260437,
        "f1_median": 0.6017258546299369,
        "f1_mad": 0.025139817011854193
    },
    "1": {
        "loss_median": 0.4675217866897583,
        "loss_mad": 0.009922683238983154,
        "accuracy_median": 0.9200000166893005,
        "accuracy_mad": 0.014999985694885254,
        "f1_median": 0.8511904761904762,
        "f1_mad": 0.023753030116274276
    },
    "2": {
        "loss_median": 0.42146241664886475,
        "loss_mad": 0.01671263575553894,
        "accuracy_median": 0.9150000214576721,
        "accuracy_mad": 0.010000050067901611,
        "f1_median": 0.8648600590348163,
        "f1_mad": 0.029654708897673077
    },
    "3": {
        "loss_median": 0.4067952632904053,
        "loss_mad": 0.0039119720458984375,
        "accuracy_median": 0.925000011920929,
        "accuracy_mad": 0.014999985694885254,
        "f1_median": 0.8688811188811189,
        "f1_mad": 0.036291833166833154
    },
    "4": {
        "loss_median": 0.40330570936203003,
        "loss_mad": 0.003134816884994507,
        "accuracy_median": 0.9300000071525574,
        "accuracy_mad": 0.009999990463256836,
        "f1_median": 0.8945147679324894,
        "f1_mad": 0.030138637733574503
    },
    "5": {
        "loss_median": 0.4045102596282959,
        "loss_mad": 0.00614437460899353,
        "accuracy_median": 0.9300000071525574,
        "accuracy_mad": 0.014999985694885254,
        "f1_median": 0.8751423010539459,
        "f1_mad": 0.027581325444189786
    },
    "6": {
        "loss_median": 0.4032677114009857,
        "loss_mad": 0.004439055919647217,
        "accuracy_median": 0.9399999976158142,
        "accuracy_mad": 0.0,
        "f1_median": 0.9095840867992766,
        "f1_mad": 0.015069318866787307
    },
    "7": {
        "loss_median": 0.40892112255096436,
        "loss_mad": 0.01004856824874878,
        "accuracy_median": 0.9150000214576721,
        "accuracy_mad": 0.009999990463256836,
        "f1_median": 0.873015873015873,
        "f1_mad": 0.02886002886002892
    },
    "8": {
        "loss_median": 0.4023817181587219,
        "loss_mad": 0.003523409366607666,
        "accuracy_median": 0.925000011920929,
        "accuracy_mad": 0.014999985694885254,
        "f1_median": 0.8709677419354839,
        "f1_mad": 0.04015653594927393
    },
    "9": {
        "loss_median": 0.4016461670398712,
        "loss_mad": 0.0038042068481445312,
        "accuracy_median": 0.925000011920929,
        "accuracy_mad": 0.014999985694885254,
        "f1_median": 0.8879551820728291,
        "f1_mad": 0.029878618113912347
    },
    "10": {
        "loss_median": 0.4032517671585083,
        "loss_mad": 0.0037001371383666992,
        "accuracy_median": 0.9200000166893005,
        "accuracy_mad": 0.004999995231628418,
        "f1_median": 0.8751423010539459,
        "f1_mad": 0.023951824863469695
    },
    "11": {
        "loss_median": 0.40308302640914917,
        "loss_mad": 0.00353085994720459,
        "accuracy_median": 0.9300000071525574,
        "accuracy_mad": 0.009999990463256836,
        "f1_median": 0.8751423010539459,
        "f1_mad": 0.0277521900758394
    },
    "12": {
        "loss_median": 0.4013887345790863,
        "loss_mad": 0.002531498670578003,
        "accuracy_median": 0.925000011920929,
        "accuracy_mad": 0.009999990463256836,
        "f1_median": 0.8814990371796771,
        "f1_mad": 0.026573750657117978
    },
    "13": {
        "loss_median": 0.40540406107902527,
        "loss_mad": 0.004181265830993652,
        "accuracy_median": 0.9200000166893005,
        "accuracy_mad": 0.009999990463256836,
        "f1_median": 0.8604531600014689,
        "f1_mad": 0.01629731584562477
    },
    "14": {
        "loss_median": 0.4040965139865875,
        "loss_mad": 0.008044987916946411,
        "accuracy_median": 0.925000011920929,
        "accuracy_mad": 0.014999985694885254,
        "f1_median": 0.8688811188811189,
        "f1_mad": 0.03787560170829718
    },
    "15": {
        "loss_median": 0.4016318917274475,
        "loss_mad": 0.0018326938152313232,
        "accuracy_median": 0.9300000071525574,
        "accuracy_mad": 0.004999995231628418,
        "f1_median": 0.8963116575322174,
        "f1_mad": 0.021522142654524012
    },
    "16": {
        "loss_median": 0.40288692712783813,
        "loss_mad": 0.00434449315071106,
        "accuracy_median": 0.925000011920929,
        "accuracy_mad": 0.004999995231628418,
        "f1_median": 0.877163192311861,
        "f1_mad": 0.02085545570678704
    },
    "17": {
        "loss_median": 0.40117767453193665,
        "loss_mad": 0.0033245086669921875,
        "accuracy_median": 0.925000011920929,
        "accuracy_mad": 0.004999995231628418,
        "f1_median": 0.8834498834498834,
        "f1_mad": 0.0219780219780219
    },
    "18": {
        "loss_median": 0.40250638127326965,
        "loss_mad": 0.004632920026779175,
        "accuracy_median": 0.9300000071525574,
        "accuracy_mad": 0.014999985694885254,
        "f1_median": 0.877163192311861,
        "f1_mad": 0.024018822814892093
    },
    "19": {
        "loss_median": 0.4044839143753052,
        "loss_mad": 0.004690974950790405,
        "accuracy_median": 0.9200000166893005,
        "accuracy_mad": 0.004999995231628418,
        "f1_median": 0.8794454490657022,
        "f1_mad": 0.028313613170960705
    },
    "20": {
        "loss_median": 0.40347546339035034,
        "loss_mad": 0.002652376890182495,
        "accuracy_median": 0.9200000166893005,
        "accuracy_mad": 0.014999985694885254,
        "f1_median": 0.8604531600014689,
        "f1_mad": 0.0173159050995082
    }
}