{
    "1": {
        "loss_median": 0.4974271059036255,
        "loss_mad": 0.011791507403055845,
        "accuracy_median": 0.846666673819224,
        "accuracy_mad": 0.04166666666666663,
        "f1_median": 0.8087407039654275,
        "f1_mad": 0.03523641079065387
    },
    "2": {
        "loss_median": 0.44772066672643024,
        "loss_mad": 0.01726715763409936,
        "accuracy_median": 0.8916666507720946,
        "accuracy_mad": 0.008333325386047363,
        "f1_median": 0.8442867938225853,
        "f1_mad": 0.03397869293041622
    },
    "3": {
        "loss_median": 0.41600591937700904,
        "loss_mad": 0.015215645233790098,
        "accuracy_median": 0.896666665871938,
        "accuracy_mad": 0.026666680971781487,
        "f1_median": 0.8579423229709133,
        "f1_mad": 0.05302484534488383
    },
    "4": {
        "loss_median": 0.3964646359284718,
        "loss_mad": 0.03212078412373853,
        "accuracy_median": 0.9133333563804626,
        "accuracy_mad": 0.013333320617675781,
        "f1_median": 0.8836855245649374,
        "f1_mad": 0.018218552420491196
    },
    "5": {
        "loss_median": 0.3740020195643107,
        "loss_mad": 0.00820702314376831,
        "accuracy_median": 0.9150000015894572,
        "accuracy_mad": 0.021666665871938107,
        "f1_median": 0.8865468664396989,
        "f1_mad": 0.023517072648651438
    },
    "6": {
        "loss_median": 0.36017632484436035,
        "loss_mad": 0.00645783543586731,
        "accuracy_median": 0.9100000063578287,
        "accuracy_mad": 0.02999999125798547,
        "f1_median": 0.8739254393125939,
        "f1_mad": 0.052073351854188155
    },
    "7": {
        "loss_median": 0.36641559004783625,
        "loss_mad": 0.011546085278193119,
        "accuracy_median": 0.925000011920929,
        "accuracy_mad": 0.021666646003723145,
        "f1_median": 0.8928136798174012,
        "f1_mad": 0.026448880499220895
    },
    "8": {
        "loss_median": 0.37134098013242084,
        "loss_mad": 0.01900713642438251,
        "accuracy_median": 0.9316666722297668,
        "accuracy_mad": 0.015000005563100216,
        "f1_median": 0.8980264114390576,
        "f1_mad": 0.03032535401512737
    },
    "9": {
        "loss_median": 0.370346317688624,
        "loss_mad": 0.019487847884496035,
        "accuracy_median": 0.9283333420753479,
        "accuracy_mad": 0.01166667540868127,
        "f1_median": 0.8936533282925754,
        "f1_mad": 0.024346363906200708
    },
    "10": {
        "loss_median": 0.3659148315588633,
        "loss_mad": 0.010600427786509159,
        "accuracy_median": 0.92166668176651,
        "accuracy_mad": 0.018333355585734123,
        "f1_median": 0.8944617109313492,
        "f1_mad": 0.01716869526369169
    }
}