{
   "info": {
      "strategy": "FedAvg",
      "seed": 4,
      "init_seed": 4,
      "sampling_seed": 4,
      "data_seed": 2,
      "fraction_train": 0.75,
      "fraction_evaluate": 0.75,
      "local_epochs": 2,
      "num_rounds": 10,
      "num_clients": 5,
      "eta_l": 0.3,
      "iid": true,
      "alpha": null,
      "training_mode": "noisy",
      "nshots": 1000,
      "model_type": "quantum",
      "base_pauli": 0.035,
      "base_readout": 0.035,
      "noise_scale": 0.002
   },
   "rounds": [
      {
         "round": 0,
         "train_metrics": {},
         "eval_metrics_client": {},
         "eval_metrics_server": {
            "accuracy": 0.6700000166893005,
            "loss": 0.6031970381736755,
            "f1_score": 0.6268656716417911
         }
      },
      {
         "round": 1,
         "train_metrics": {
            "train_loss": 0.6834752162297566,
            "train_acc": 0.6400000055631001,
            "train_f1": 0.5858841016360605,
            "drift": 0.1372236759759619
         },
         "eval_metrics_client": {
            "loss": 0.6827442049980164,
            "accuracy": 0.6399999856948853,
            "f1": 0.5960592904940388
         },
         "eval_metrics_server": {
            "accuracy": 0.699999988079071,
            "loss": 0.586791455745697,
            "f1_score": 0.6633374480978567
         },
         "drift_metrics": {
            "drift_median": 0.13317080436320455,
            "drift_mean": 0.13722367597596188,
            "drift_max": 0.15730917214897194,
            "drift_min": 0.1211910514157092,
            "drift_per_client": [
               0.15730917214897194,
               0.1211910514157092,
               0.13317080436320455
            ]
         }
      },
      {
         "round": 2,
         "train_metrics": {
            "train_loss": 0.6799339590928494,
            "train_acc": 0.6666666865348816,
            "train_f1": 0.628226401909385,
            "drift": 0.1405782266085378
         },
         "eval_metrics_client": {
            "loss": 0.6810743610064188,
            "accuracy": 0.6516666809717814,
            "f1": 0.610335491664965
         },
         "eval_metrics_server": {
            "accuracy": 0.7149999737739563,
            "loss": 0.5698650479316711,
            "f1_score": 0.6764947927012686
         },
         "drift_metrics": {
            "drift_median": 0.1379959256007488,
            "drift_mean": 0.1405782266085378,
            "drift_max": 0.15853033237649064,
            "drift_min": 0.12520842184837397,
            "drift_per_client": [
               0.1379959256007488,
               0.12520842184837397,
               0.15853033237649064
            ]
         }
      },
      {
         "round": 3,
         "train_metrics": {
            "train_loss": 0.6767999575688288,
            "train_acc": 0.699999988079071,
            "train_f1": 0.6485476521415425,
            "drift": 0.1441660384152269
         },
         "eval_metrics_client": {
            "loss": 0.6775686542193095,
            "accuracy": 0.6816666722297668,
            "f1": 0.6291210352423429
         },
         "eval_metrics_server": {
            "accuracy": 0.7450000047683716,
            "loss": 0.5520917773246765,
            "f1_score": 0.7032727272727273
         },
         "drift_metrics": {
            "drift_median": 0.14020573881200474,
            "drift_mean": 0.1441660384152269,
            "drift_max": 0.15561441085511804,
            "drift_min": 0.13667796557855796,
            "drift_per_client": [
               0.13667796557855796,
               0.14020573881200474,
               0.15561441085511804
            ]
         }
      },
      {
         "round": 4,
         "train_metrics": {
            "train_loss": 0.6740581011160826,
            "train_acc": 0.7300000190734863,
            "train_f1": 0.6646390899552069,
            "drift": 0.15208180163831098
         },
         "eval_metrics_client": {
            "loss": 0.674401303132375,
            "accuracy": 0.725000003973643,
            "f1": 0.6666043091540929
         },
         "eval_metrics_server": {
            "accuracy": 0.7799999713897705,
            "loss": 0.5326212048530579,
            "f1_score": 0.7355451376367352
         },
         "drift_metrics": {
            "drift_median": 0.14951322193494596,
            "drift_mean": 0.15208180163831098,
            "drift_max": 0.17044572605336789,
            "drift_min": 0.13628645692661912,
            "drift_per_client": [
               0.13628645692661912,
               0.17044572605336789,
               0.14951322193494596
            ]
         }
      },
      {
         "round": 5,
         "train_metrics": {
            "train_loss": 0.674027756238595,
            "train_acc": 0.7366666793823242,
            "train_f1": 0.6667043169469045,
            "drift": 0.1465347581183173
         },
         "eval_metrics_client": {
            "loss": 0.6718583901723225,
            "accuracy": 0.7450000047683716,
            "f1": 0.6891142265259912
         },
         "eval_metrics_server": {
            "accuracy": 0.8149999976158142,
            "loss": 0.5146403312683105,
            "f1_score": 0.7693194925028835
         },
         "drift_metrics": {
            "drift_median": 0.13461079492921613,
            "drift_mean": 0.1465347581183173,
            "drift_max": 0.17281815611958765,
            "drift_min": 0.13217532330614815,
            "drift_per_client": [
               0.13461079492921613,
               0.17281815611958765,
               0.13217532330614815
            ]
         }
      },
      {
         "round": 6,
         "train_metrics": {
            "train_loss": 0.6710538283372536,
            "train_acc": 0.753333330154419,
            "train_f1": 0.6945743712436294,
            "drift": 0.15318177260549876
         },
         "eval_metrics_client": {
            "loss": 0.6705976327260335,
            "accuracy": 0.7633333206176758,
            "f1": 0.7121632796836033
         },
         "eval_metrics_server": {
            "accuracy": 0.8299999833106995,
            "loss": 0.496897429227829,
            "f1_score": 0.7843734145104009
         },
         "drift_metrics": {
            "drift_median": 0.15031861750459635,
            "drift_mean": 0.15318177260549878,
            "drift_max": 0.17412829196910548,
            "drift_min": 0.1350984083427945,
            "drift_per_client": [
               0.15031861750459635,
               0.17412829196910548,
               0.1350984083427945
            ]
         }
      },
      {
         "round": 7,
         "train_metrics": {
            "train_loss": 0.6678876907397538,
            "train_acc": 0.7566666801770527,
            "train_f1": 0.7130835484664084,
            "drift": 0.1408373855413107
         },
         "eval_metrics_client": {
            "loss": 0.668795903523763,
            "accuracy": 0.7916666666666665,
            "f1": 0.7465190702212752
         },
         "eval_metrics_server": {
            "accuracy": 0.8399999737739563,
            "loss": 0.48132777214050293,
            "f1_score": 0.7946348350661019
         },
         "drift_metrics": {
            "drift_median": 0.13696959564617486,
            "drift_mean": 0.14083738554131067,
            "drift_max": 0.15165604290693663,
            "drift_min": 0.13388651807082058,
            "drift_per_client": [
               0.13388651807082058,
               0.15165604290693663,
               0.13696959564617486
            ]
         }
      },
      {
         "round": 8,
         "train_metrics": {
            "train_loss": 0.6653606158036451,
            "train_acc": 0.753333330154419,
            "train_f1": 0.6986618258948262,
            "drift": 0.13533393878719113
         },
         "eval_metrics_client": {
            "loss": 0.6654934088389078,
            "accuracy": 0.799999992052714,