{
   "info": {
      "strategy": "FedAvg",
      "seed": 3,
      "init_seed": 3,
      "sampling_seed": 3,
      "data_seed": 2,
      "fraction_train": 0.75,
      "fraction_evaluate": 0.75,
      "local_epochs": 2,
      "num_rounds": 10,
      "num_clients": 5,
      "eta_l": 0.3,
      "iid": true,
      "alpha": null,
      "training_mode": "noisy",
      "nshots": 1000,
      "model_type": "quantum",
      "base_pauli": 0.035,
      "base_readout": 0.035,
      "noise_scale": 0.002
   },
   "rounds": [
      {
         "round": 0,
         "train_metrics": {},
         "eval_metrics_client": {},
         "eval_metrics_server": {
            "accuracy": 0.47999998927116394,
            "loss": 0.7357013821601868,
            "f1_score": 0.4164515767029514
         }
      },
      {
         "round": 1,
         "train_metrics": {
            "train_loss": 0.6883353850780389,
            "train_acc": 0.600000003973643,
            "train_f1": 0.5527551324548645,
            "drift": 0.19655077161434276
         },
         "eval_metrics_client": {
            "loss": 0.6871470808982849,
            "accuracy": 0.5866666833559672,
            "f1": 0.5334980153772613
         },
         "eval_metrics_server": {
            "accuracy": 0.5550000071525574,
            "loss": 0.6930632591247559,
            "f1_score": 0.48218181818181816
         },
         "drift_metrics": {
            "drift_median": 0.19752675720838692,
            "drift_mean": 0.19655077161434276,
            "drift_max": 0.19763606040777537,
            "drift_min": 0.194489497226866,
            "drift_per_client": [
               0.19752675720838692,
               0.194489497226866,
               0.19763606040777537
            ]
         }
      },
      {
         "round": 2,
         "train_metrics": {
            "train_loss": 0.6828377307989658,
            "train_acc": 0.6566666762034098,
            "train_f1": 0.6009378754413494,
            "drift": 0.20312333346526673
         },
         "eval_metrics_client": {
            "loss": 0.6831306020418803,
            "accuracy": 0.6200000047683716,
            "f1": 0.5715349184178216
         },
         "eval_metrics_server": {
            "accuracy": 0.5899999737739563,
            "loss": 0.6483485698699951,
            "f1_score": 0.5208041140719962
         },
         "drift_metrics": {
            "drift_median": 0.20306053290791562,
            "drift_mean": 0.20312333346526676,
            "drift_max": 0.20442980573386035,
            "drift_min": 0.20187966175402422,
            "drift_per_client": [
               0.20187966175402422,
               0.20306053290791562,
               0.20442980573386035
            ]
         }
      },
      {
         "round": 3,
         "train_metrics": {
            "train_loss": 0.679031749566396,
            "train_acc": 0.6866666873296101,
            "train_f1": 0.6178115816687105,
            "drift": 0.19097157722231606
         },
         "eval_metrics_client": {
            "loss": 0.6774313847223917,
            "accuracy": 0.6916666825612385,
            "f1": 0.6342638719293971
         },
         "eval_metrics_server": {
            "accuracy": 0.6650000214576721,
            "loss": 0.6067132353782654,
            "f1_score": 0.6030688112799549
         },
         "drift_metrics": {
            "drift_median": 0.20161338635102366,
            "drift_mean": 0.19097157722231609,
            "drift_max": 0.2025871268971148,
            "drift_min": 0.1687142184188098,
            "drift_per_client": [
               0.1687142184188098,
               0.20161338635102366,
               0.2025871268971148
            ]
         }
      },
      {
         "round": 4,
         "train_metrics": {
            "train_loss": 0.6756120981314243,
            "train_acc": 0.7133333285649617,
            "train_f1": 0.6625063347487139,
            "drift": 0.1837447149496873
         },
         "eval_metrics_client": {
            "loss": 0.6740250786145527,
            "accuracy": 0.7150000135103861,
            "f1": 0.6490254560768297
         },
         "eval_metrics_server": {
            "accuracy": 0.7450000047683716,
            "loss": 0.5687967538833618,
            "f1_score": 0.6887871853546911
         },
         "drift_metrics": {
            "drift_median": 0.18888502994119385,
            "drift_mean": 0.18374471494968733,
            "drift_max": 0.19574766105956437,
            "drift_min": 0.16660145384830374,
            "drift_per_client": [
               0.19574766105956437,
               0.18888502994119385,
               0.16660145384830374
            ]
         }
      },
      {
         "round": 5,
         "train_metrics": {
            "train_loss": 0.6729949590487357,
            "train_acc": 0.7366666793823241,
            "train_f1": 0.6868418329424486,
            "drift": 0.17332111045812287
         },
         "eval_metrics_client": {
            "loss": 0.6708057721455891,
            "accuracy": 0.7366666595141093,
            "f1": 0.6703688163455439
         },
         "eval_metrics_server": {
            "accuracy": 0.800000011920929,
            "loss": 0.534379243850708,
            "f1_score": 0.7432935438326274
         },
         "drift_metrics": {
            "drift_median": 0.17369278151240167,
            "drift_mean": 0.1733211104581229,
            "drift_max": 0.18503248680817447,
            "drift_min": 0.16123806305379249,
            "drift_per_client": [
               0.18503248680817447,
               0.17369278151240167,
               0.16123806305379249
            ]
         }
      },
      {
         "round": 6,
         "train_metrics": {
            "train_loss": 0.6674719559840666,
            "train_acc": 0.8066666722297668,
            "train_f1": 0.757400730058569,
            "drift": 0.16452369671378098
         },
         "eval_metrics_client": {
            "loss": 0.6666671236356099,
            "accuracy": 0.7733333309491475,
            "f1": 0.7182934284528878
         },
         "eval_metrics_server": {
            "accuracy": 0.824999988079071,
            "loss": 0.503428041934967,
            "f1_score": 0.7682042451736812
         },
         "drift_metrics": {
            "drift_median": 0.16541234461798598,
            "drift_mean": 0.164523696713781,
            "drift_max": 0.17112120062901362,
            "drift_min": 0.15703754489434335,
            "drift_per_client": [
               0.16541234461798598,
               0.17112120062901362,
               0.15703754489434335
            ]
         }
      },
      {
         "round": 7,
         "train_metrics": {
            "train_loss": 0.6641457615754544,
            "train_acc": 0.8333333333333333,
            "train_f1": 0.7811565300251357,
            "drift": 0.15216934520721825
         },
         "eval_metrics_client": {
            "loss": 0.6655270457267761,
            "accuracy": 0.7766666611035664,
            "f1": 0.7259101613741381
         },
         "eval_metrics_server": {
            "accuracy": 0.8399999737739563,
            "loss": 0.4783138036727905,
            "f1_score": 0.7837545614272199
         },
         "drift_metrics": {
            "drift_median": 0.1514425695750959,
            "drift_mean": 0.15216934520721825,
            "drift_max": 0.15676181076171555,
            "drift_min": 0.14830365528484332,
            "drift_per_client": [
               0.1514425695750959,
               0.15676181076171555,
               0.14830365528484332
            ]
         }
      },
      {
         "round": 8,
         "train_metrics": {
            "train_loss": 0.6634315985899705,
            "train_acc": 0.8066666722297668,
            "train_f1": 0.7405787064867844,
            "drift": 0.1319116493535707
         },
         "eval_metrics_client": {
            "loss": 0.6628019611040751,
            "accuracy": 0.8133333325386047,