{
   "info": {
      "strategy": "FedAvg",
      "seed": 2,
      "init_seed": 2,
      "sampling_seed": 2,
      "data_seed": 2,
      "fraction_train": 0.75,
      "fraction_evaluate": 0.75,
      "local_epochs": 2,
      "num_rounds": 10,
      "num_clients": 5,
      "eta_l": 0.3,
      "iid": true,
      "alpha": null,
      "training_mode": "noisy",
      "nshots": 1000,
      "model_type": "quantum",
      "base_pauli": 0.014,
      "base_readout": 0.014,
      "noise_scale": 0.002
   },
   "rounds": [
      {
         "round": 0,
         "train_metrics": {},
         "eval_metrics_client": {},
         "eval_metrics_server": {
            "accuracy": 0.6800000071525574,
            "loss": 0.6009007096290588,
            "f1_score": 0.6259934548854604
         }
      },
      {
         "round": 1,
         "train_metrics": {
            "train_loss": 0.6393321935947125,
            "train_acc": 0.6800000270207722,
            "train_f1": 0.6165755014710819,
            "drift": 0.42645951251994846
         },
         "eval_metrics_client": {
            "loss": 0.6193373998006184,
            "accuracy": 0.6949999928474426,
            "f1": 0.6422418417102399
         },
         "eval_metrics_server": {
            "accuracy": 0.7250000238418579,
            "loss": 0.5580741167068481,
            "f1_score": 0.6643783371472158
         },
         "drift_metrics": {
            "drift_median": 0.4416186887517703,
            "drift_mean": 0.42645951251994846,
            "drift_max": 0.460684558977001,
            "drift_min": 0.3770752898310741,
            "drift_per_client": [
               0.460684558977001,
               0.4416186887517703,
               0.3770752898310741
            ]
         }
      },
      {
         "round": 2,
         "train_metrics": {
            "train_loss": 0.624279165879274,
            "train_acc": 0.7133333285649617,
            "train_f1": 0.6427248135930406,
            "drift": 0.37874023602445084
         },
         "eval_metrics_client": {
            "loss": 0.6001150608062744,
            "accuracy": 0.7650000055631001,
            "f1": 0.7089673116776577
         },
         "eval_metrics_server": {
            "accuracy": 0.7599999904632568,
            "loss": 0.5255471467971802,
            "f1_score": 0.6990595611285266
         },
         "drift_metrics": {
            "drift_median": 0.4063243476778054,
            "drift_mean": 0.3787402360244509,
            "drift_max": 0.409466075045473,
            "drift_min": 0.3204302853500742,
            "drift_per_client": [
               0.409466075045473,
               0.3204302853500742,
               0.4063243476778054
            ]
         }
      },
      {
         "round": 3,
         "train_metrics": {
            "train_loss": 0.6048487592966129,
            "train_acc": 0.799999992052714,
            "train_f1": 0.7566535458919277,
            "drift": 0.3382171641352134
         },
         "eval_metrics_client": {
            "loss": 0.5930124123891194,
            "accuracy": 0.8133333325386047,
            "f1": 0.7619102132692042
         },
         "eval_metrics_server": {
            "accuracy": 0.8100000023841858,
            "loss": 0.4976477324962616,
            "f1_score": 0.753118503118503
         },
         "drift_metrics": {
            "drift_median": 0.33149911734482274,
            "drift_mean": 0.3382171641352134,
            "drift_max": 0.38804186929323403,
            "drift_min": 0.2951105057675835,
            "drift_per_client": [
               0.2951105057675835,
               0.38804186929323403,
               0.33149911734482274
            ]
         }
      },
      {
         "round": 4,
         "train_metrics": {
            "train_loss": 0.5922604340773362,
            "train_acc": 0.8366666833559672,
            "train_f1": 0.804712537854212,
            "drift": 0.36477792791059016
         },
         "eval_metrics_client": {
            "loss": 0.5878175298372904,
            "accuracy": 0.8549999992052714,
            "f1": 0.8167661504915461
         },
         "eval_metrics_server": {
            "accuracy": 0.8550000190734863,
            "loss": 0.46398207545280457,
            "f1_score": 0.8026606784389778
         },
         "drift_metrics": {
            "drift_median": 0.3738022289350795,
            "drift_mean": 0.3647779279105902,
            "drift_max": 0.41129109806153996,
            "drift_min": 0.30924045673515105,
            "drift_per_client": [
               0.41129109806153996,
               0.30924045673515105,
               0.3738022289350795
            ]
         }
      },
      {
         "round": 5,
         "train_metrics": {
            "train_loss": 0.5739352962909601,
            "train_acc": 0.8566666841506957,
            "train_f1": 0.8168066634682416,
            "drift": 0.4039264133378957
         },
         "eval_metrics_client": {
            "loss": 0.5670407215754191,
            "accuracy": 0.8600000143051146,
            "f1": 0.8135069626735516
         },
         "eval_metrics_server": {
            "accuracy": 0.875,
            "loss": 0.42375609278678894,
            "f1_score": 0.8274374460742019
         },
         "drift_metrics": {
            "drift_median": 0.40833326691204513,
            "drift_mean": 0.40392641333789575,
            "drift_max": 0.4422553154938436,
            "drift_min": 0.3611906576077985,
            "drift_per_client": [
               0.3611906576077985,
               0.4422553154938436,
               0.40833326691204513
            ]
         }
      },
      {
         "round": 6,
         "train_metrics": {
            "train_loss": 0.5514120528331169,
            "train_acc": 0.8799999952316283,
            "train_f1": 0.8290259129587164,
            "drift": 0.41565287230298575
         },
         "eval_metrics_client": {
            "loss": 0.5416840314865112,
            "accuracy": 0.8883333206176757,
            "f1": 0.8435268476126748
         },
         "eval_metrics_server": {
            "accuracy": 0.8949999809265137,
            "loss": 0.3829367458820343,
            "f1_score": 0.8550474547023296
         },
         "drift_metrics": {
            "drift_median": 0.4029736142454036,
            "drift_mean": 0.4156528723029858,
            "drift_max": 0.4707441389894538,
            "drift_min": 0.37324086367410014,
            "drift_per_client": [
               0.4029736142454036,
               0.4707441389894538,
               0.37324086367410014
            ]
         }
      },
      {
         "round": 7,
         "train_metrics": {
            "train_loss": 0.5397052856592031,
            "train_acc": 0.9066666762034098,
            "train_f1": 0.8595567309017601,
            "drift": 0.3452671314301685
         },
         "eval_metrics_client": {
            "loss": 0.5324827233950297,
            "accuracy": 0.9100000063578287,
            "f1": 0.8732685915497206
         },
         "eval_metrics_server": {
            "accuracy": 0.925000011920929,
            "loss": 0.35423511266708374,
            "f1_score": 0.8916145814516421
         },
         "drift_metrics": {
            "drift_median": 0.32608898873451886,
            "drift_mean": 0.3452671314301686,
            "drift_max": 0.41272799596187476,
            "drift_min": 0.29698440959411204,
            "drift_per_client": [
               0.41272799596187476,
               0.32608898873451886,
               0.29698440959411204
            ]
         }
      },
      {
         "round": 8,
         "train_metrics": {
            "train_loss": 0.5280861938611054,
            "train_acc": 0.9100000063578287,
            "train_f1": 0.8753492649424693,
            "drift": 0.27833136796174396
         },
         "eval_metrics_client": {
            "loss": 0.526269793510437,
            "accuracy": 0.9183333516120911,
            "f1": 0.8892876537959662
         },