{
    "1": {
        "loss_median": 0.421856423219045,
        "loss_mad": 0.027786493301391657,
        "accuracy_median": 0.8783333301544188,
        "accuracy_mad": 0.03500000635782885,
        "f1_median": 0.8225478790696339,
        "f1_mad": 0.07600073686380804
    },
    "2": {
        "loss_median": 0.38550091783205664,
        "loss_mad": 0.013858417669932066,
        "accuracy_median": 0.8999999960263569,
        "accuracy_mad": 0.031666676203409905,
        "f1_median": 0.8598449985558871,
        "f1_mad": 0.04835101433312783
    },
    "3": {
        "loss_median": 0.3417547047138214,
        "loss_mad": 0.021082321802775084,
        "accuracy_median": 0.9316666722297668,
        "accuracy_mad": 0.013333340485890743,
        "f1_median": 0.8989264475218556,
        "f1_mad": 0.03386652474854923
    },
    "4": {
        "loss_median": 0.3189297914505005,
        "loss_mad": 0.004892855882644653,
        "accuracy_median": 0.9266666769981384,
        "accuracy_mad": 0.011666655540466309,
        "f1_median": 0.8965076951847939,
        "f1_mad": 0.019427979820648478
    },
    "5": {
        "loss_median": 0.31272822618484497,
        "loss_mad": 0.008862962325414059,
        "accuracy_median": 0.9383333325386047,
        "accuracy_mad": 0.006666660308837891,
        "f1_median": 0.90638230986318,
        "f1_mad": 0.01115635458548525
    },
    "6": {
        "loss_median": 0.3142717679341634,
        "loss_mad": 0.013251115878423037,
        "accuracy_median": 0.9316666523615519,
        "accuracy_mad": 0.025000015894571903,
        "f1_median": 0.8957776033046371,
        "f1_mad": 0.04054853393702207
    },
    "7": {
        "loss_median": 0.30697547396024066,
        "loss_mad": 0.0058335860570271625,
        "accuracy_median": 0.9300000071525574,
        "accuracy_mad": 0.009999990463256836,
        "f1_median": 0.8975994551417941,
        "f1_mad": 0.023512065944909066
    },
    "8": {
        "loss_median": 0.3119457960128784,
        "loss_mad": 0.009819626808166504,
        "accuracy_median": 0.9350000023841858,
        "accuracy_mad": 0.015000005563100105,
        "f1_median": 0.9036251765470695,
        "f1_mad": 0.02176477992231496
    },
    "9": {
        "loss_median": 0.3106648027896881,
        "loss_mad": 0.007814417282740294,
        "accuracy_median": 0.9333333373069763,
        "accuracy_mad": 0.006666660308837891,
        "f1_median": 0.9017705748029672,
        "f1_mad": 0.015500857060908868
    },
    "10": {
        "loss_median": 0.3052290081977844,
        "loss_mad": 0.0022567609945932654,
        "accuracy_median": 0.9383333325386047,
        "accuracy_mad": 0.006666660308837891,
        "f1_median": 0.9123750515130505,
        "f1_mad": 0.0051636129356147364
    }
}