{
    "1": {
        "loss_median": 0.4285400410493215,
        "loss_mad": 0.03085430463155109,
        "accuracy_median": 0.893333335717519,
        "accuracy_mad": 0.009999990463256836,
        "f1_median": 0.8142784968003065,
        "f1_mad": 0.05200225754362098
    },
    "2": {
        "loss_median": 0.3846670389175415,
        "loss_mad": 0.022466252247492435,
        "accuracy_median": 0.8816666801770527,
        "accuracy_mad": 0.03666665156682336,
        "f1_median": 0.8376949943274912,
        "f1_mad": 0.0429372608220262
    },
    "3": {
        "loss_median": 0.3435903986295064,
        "loss_mad": 0.018968005975087465,
        "accuracy_median": 0.9133333365122477,
        "accuracy_mad": 0.00500001509984338,
        "f1_median": 0.8793489456362888,
        "f1_mad": 0.026230714445809045
    },
    "4": {
        "loss_median": 0.3250241378943125,
        "loss_mad": 0.018538782993952396,
        "accuracy_median": 0.9266666571299235,
        "accuracy_mad": 0.0033333301544189453,
        "f1_median": 0.8950563014346652,
        "f1_mad": 0.008672184402537697
    },
    "5": {
        "loss_median": 0.32792731126149494,
        "loss_mad": 0.0276649494965871,
        "accuracy_median": 0.9383333325386047,
        "accuracy_mad": 0.005000015099843269,
        "f1_median": 0.9064145243419959,
        "f1_mad": 0.007806999089092992
    },
    "6": {
        "loss_median": 0.32027291258176166,
        "loss_mad": 0.01878965894381207,
        "accuracy_median": 0.9333333373069763,
        "accuracy_mad": 0.009999990463256836,
        "f1_median": 0.9005923180792452,
        "f1_mad": 0.017622542322014656
    },
    "7": {
        "loss_median": 0.3214603265126546,
        "loss_mad": 0.014620671669642149,
        "accuracy_median": 0.9333333373069763,
        "accuracy_mad": 0.008333345254262214,
        "f1_median": 0.9068793987808408,
        "f1_mad": 0.00823969202138286
    },
    "8": {
        "loss_median": 0.31799715757369995,
        "loss_mad": 0.005507379770278931,
        "accuracy_median": 0.9266666769981384,
        "accuracy_mad": 0.008333345254262325,
        "f1_median": 0.891030128013179,
        "f1_mad": 0.007694174476656768
    },
    "9": {
        "loss_median": 0.3349881370862325,
        "loss_mad": 0.020921756823857607,
        "accuracy_median": 0.925000011920929,
        "accuracy_mad": 0.0033333500226339075,
        "f1_median": 0.8903997590651419,
        "f1_mad": 0.01340320696886843
    },
    "10": {
        "loss_median": 0.32157449920972186,
        "loss_mad": 0.016041576862335205,
        "accuracy_median": 0.9350000023841858,
        "accuracy_mad": 0.0033333301544189453,
        "f1_median": 0.9046745174692633,
        "f1_mad": 0.004554883047565128
    }
}