{
    "1": {
        "loss_median": 0.45404770970344543,
        "loss_mad": 0.044487069050471006,
        "accuracy_median": 0.8666666746139526,
        "accuracy_mad": 0.028333326180775886,
        "f1_median": 0.8312484483954604,
        "f1_mad": 0.016040403798506797
    },
    "2": {
        "loss_median": 0.39780667424201965,
        "loss_mad": 0.024839341640472412,
        "accuracy_median": 0.8950000007947285,
        "accuracy_mad": 0.0183333158493042,
        "f1_median": 0.8335449146987552,
        "f1_mad": 0.024557723168313728
    },
    "3": {
        "loss_median": 0.3427683413028717,
        "loss_mad": 0.0222790042559306,
        "accuracy_median": 0.8983333309491475,
        "accuracy_mad": 0.025000015894572014,
        "f1_median": 0.8617703384682177,
        "f1_mad": 0.038372035531864634
    },
    "4": {
        "loss_median": 0.3213179111480713,
        "loss_mad": 0.019969294468561827,
        "accuracy_median": 0.921666661898295,
        "accuracy_mad": 0.006666680177052853,
        "f1_median": 0.892594533914864,
        "f1_mad": 0.005821838062161522
    },
    "5": {
        "loss_median": 0.3246429065863291,
        "loss_mad": 0.022607813278833988,
        "accuracy_median": 0.925000011920929,
        "accuracy_mad": 0.006666660308837891,
        "f1_median": 0.8910269515377245,
        "f1_mad": 0.019556553761114426
    },
    "6": {
        "loss_median": 0.3151414394378662,
        "loss_mad": 0.024904996156692505,
        "accuracy_median": 0.9133333365122477,
        "accuracy_mad": 0.020000020662943596,
        "f1_median": 0.8777427840075667,
        "f1_mad": 0.03235188468564498
    },
    "7": {
        "loss_median": 0.3151121934254964,
        "loss_mad": 0.017412682374318422,
        "accuracy_median": 0.9316666722297668,
        "accuracy_mad": 0.008333325386047363,
        "f1_median": 0.900093179422684,
        "f1_mad": 0.014638446632884716
    },
    "8": {
        "loss_median": 0.3174952268600464,
        "loss_mad": 0.019659707943598448,
        "accuracy_median": 0.9266666769981384,
        "accuracy_mad": 0.008333325386047363,
        "f1_median": 0.8946369238427903,
        "f1_mad": 0.01638667976750663
    },
    "9": {
        "loss_median": 0.3174594243367513,
        "loss_mad": 0.011864920457204164,
        "accuracy_median": 0.9283333420753479,
        "accuracy_mad": 0.008333325386047363,
        "f1_median": 0.8966589024745617,
        "f1_mad": 0.016817335771402098
    },
    "10": {
        "loss_median": 0.3163260817527771,
        "loss_mad": 0.011552532513936398,
        "accuracy_median": 0.925000011920929,
        "accuracy_mad": 0.011666655540466309,
        "f1_median": 0.8987834784427066,
        "f1_mad": 0.02361852821226107
    }
}