{
   "info": {
      "strategy": "FedAdam",
      "seed": 6,
      "sampling_seed": 6,
      "fraction_train": 0.75,
      "fraction_evaluate": 0.75,
      "local_epochs": 2,
      "num_rounds": 10,
      "num_clients": 5,
      "eta": 0.2,
      "eta_l": 0.15,
      "iid": true,
      "alpha": null,
      "training_mode": "mitigated",
      "nshots": 1000,
      "model_type": "quantum",
      "base_pauli": 0.005,
      "base_readout": 0.005,
      "noise_scale": 0.002
   },
   "rounds": [
      {
         "round": 0,
         "train_metrics": {},
         "eval_metrics_client": {},
         "eval_metrics_server": {
            "accuracy": 0.6349999904632568,
            "loss": 0.6415873169898987,
            "f1_score": 0.6027318984517428
         }
      },
      {
         "round": 1,
         "train_metrics": {
            "train_loss": 0.5214374241156455,
            "train_acc": 0.8433333436648051,
            "train_f1": 0.7883453031593962,
            "drift": 0.7458771456379112
         },
         "eval_metrics_client": {
            "loss": 0.5455841819445292,
            "accuracy": 0.7583333253860474,
            "f1": 0.7138957058131999
         },
         "eval_metrics_server": {
            "accuracy": 0.75,
            "loss": 0.5532456636428833,
            "f1_score": 0.7023809523809523
         },
         "drift_metrics": {
            "drift_median": 0.7473971322844944,
            "drift_mean": 0.7458771456379112,
            "drift_max": 0.7766556711732165,
            "drift_min": 0.7135786334560228,
            "drift_per_client": [
               0.7135786334560228,
               0.7473971322844944,
               0.7766556711732165
            ]
         }
      },
      {
         "round": 2,
         "train_metrics": {
            "train_loss": 0.46686992966211754,
            "train_acc": 0.8433333237965901,
            "train_f1": 0.8038550727971417,
            "drift": 0.5866329087003453
         },
         "eval_metrics_client": {
            "loss": 0.5001490116119385,
            "accuracy": 0.8066666722297668,
            "f1": 0.76178677420445
         },
         "eval_metrics_server": {
            "accuracy": 0.8299999833106995,
            "loss": 0.49069109559059143,
            "f1_score": 0.7762863534675615
         },
         "drift_metrics": {
            "drift_median": 0.5998348306010773,
            "drift_mean": 0.5866329087003453,
            "drift_max": 0.6016560709058816,
            "drift_min": 0.5584078245940772,
            "drift_per_client": [
               0.5998348306010773,
               0.5584078245940772,
               0.6016560709058816
            ]
         }
      },
      {
         "round": 3,
         "train_metrics": {
            "train_loss": 0.43605583906173706,
            "train_acc": 0.8599999944368998,
            "train_f1": 0.8173907788406722,
            "drift": 0.46723225515247485
         },
         "eval_metrics_client": {
            "loss": 0.4464085797468821,
            "accuracy": 0.8533333341280619,
            "f1": 0.8090275954507662
         },
         "eval_metrics_server": {
            "accuracy": 0.8600000143051147,
            "loss": 0.45761871337890625,
            "f1_score": 0.8081140350877194
         },
         "drift_metrics": {
            "drift_median": 0.48159150169364157,
            "drift_mean": 0.4672322551524748,
            "drift_max": 0.5158504816474897,
            "drift_min": 0.40425478211629323,
            "drift_per_client": [
               0.5158504816474897,
               0.48159150169364157,
               0.40425478211629323
            ]
         }
      },
      {
         "round": 4,
         "train_metrics": {
            "train_loss": 0.39428030336514497,
            "train_acc": 0.896666665871938,
            "train_f1": 0.859683911767245,
            "drift": 0.40948938424456877
         },
         "eval_metrics_client": {
            "loss": 0.42552299300829566,
            "accuracy": 0.8666666547457376,
            "f1": 0.8273593222888729
         },
         "eval_metrics_server": {
            "accuracy": 0.8600000143051147,
            "loss": 0.44197937846183777,
            "f1_score": 0.8107852412488175
         },
         "drift_metrics": {
            "drift_median": 0.38505575969641687,
            "drift_mean": 0.4094893842445688,
            "drift_max": 0.4716481481255971,
            "drift_min": 0.37176424491169247,
            "drift_per_client": [
               0.4716481481255971,
               0.38505575969641687,
               0.37176424491169247
            ]
         }
      },
      {
         "round": 5,
         "train_metrics": {
            "train_loss": 0.3753919845972305,
            "train_acc": 0.8900000055631001,
            "train_f1": 0.8488298642856742,
            "drift": 0.41708917743349594
         },
         "eval_metrics_client": {
            "loss": 0.41372010111808777,
            "accuracy": 0.8883333206176757,
            "f1": 0.8515165004676624
         },
         "eval_metrics_server": {
            "accuracy": 0.8799999952316284,
            "loss": 0.4335267245769501,
            "f1_score": 0.833124739257405
         },
         "drift_metrics": {
            "drift_median": 0.43117981988876236,
            "drift_mean": 0.41708917743349594,
            "drift_max": 0.44938541917138836,
            "drift_min": 0.37070229324033716,
            "drift_per_client": [
               0.43117981988876236,
               0.37070229324033716,
               0.44938541917138836
            ]
         }
      },
      {
         "round": 6,
         "train_metrics": {
            "train_loss": 0.3711361644359735,
            "train_acc": 0.9066666762034098,
            "train_f1": 0.8621520677587877,
            "drift": 0.4256852765631862
         },
         "eval_metrics_client": {
            "loss": 0.4136729836463928,
            "accuracy": 0.896666665871938,
            "f1": 0.8530472439350172
         },
         "eval_metrics_server": {
            "accuracy": 0.9100000262260437,
            "loss": 0.42030537128448486,
            "f1_score": 0.8688811188811189
         },
         "drift_metrics": {
            "drift_median": 0.4138986929958795,
            "drift_mean": 0.4256852765631862,
            "drift_max": 0.4778933455717497,
            "drift_min": 0.3852637911219295,
            "drift_per_client": [
               0.4778933455717497,
               0.3852637911219295,
               0.4138986929958795
            ]
         }
      },
      {
         "round": 7,
         "train_metrics": {
            "train_loss": 0.3505438107710618,
            "train_acc": 0.9100000063578287,
            "train_f1": 0.8815490610949812,
            "drift": 0.43203193755596564
         },
         "eval_metrics_client": {
            "loss": 0.40158880750338233,
            "accuracy": 0.9183333317438761,
            "f1": 0.8825775457526965
         },
         "eval_metrics_server": {
            "accuracy": 0.925000011920929,
            "loss": 0.4010929465293884,
            "f1_score": 0.8898314421064228
         },
         "drift_metrics": {
            "drift_median": 0.3936593324589539,
            "drift_mean": 0.43203193755596564,
            "drift_max": 0.5160604330008796,
            "drift_min": 0.3863760472080635,
            "drift_per_client": [
               0.5160604330008796,
               0.3863760472080635,
               0.3936593324589539
            ]
         }
      },
      {
         "round": 8,
         "train_metrics": {
            "train_loss": 0.32569612600864506,
            "train_acc": 0.9199999968210856,
            "train_f1": 0.8913169175221516,
            "drift": 0.416772668910701
         },
         "eval_metrics_client": {
            "loss": 0.3661680122216542,
            "accuracy": 0.9383333325386047,
            "f1": 0.9099223730828301
         },