{
   "info": {
      "strategy": "FedAdam",
      "seed": 1,
      "sampling_seed": 1,
      "fraction_train": 0.75,
      "fraction_evaluate": 0.75,
      "local_epochs": 2,
      "num_rounds": 10,
      "num_clients": 5,
      "eta": 0.2,
      "eta_l": 0.15,
      "iid": true,
      "alpha": null,
      "training_mode": "mitigated",
      "nshots": 1000,
      "model_type": "quantum",
      "base_pauli": 0.005,
      "base_readout": 0.005,
      "noise_scale": 0.002
   },
   "rounds": [
      {
         "round": 0,
         "train_metrics": {},
         "eval_metrics_client": {},
         "eval_metrics_server": {
            "accuracy": 0.6150000095367432,
            "loss": 0.6220965385437012,
            "f1_score": 0.548002700243609
         }
      },
      {
         "round": 1,
         "train_metrics": {
            "train_loss": 0.5604423590195484,
            "train_acc": 0.7266666491826375,
            "train_f1": 0.6808476145222859,
            "drift": 0.5170979025111362
         },
         "eval_metrics_client": {
            "loss": 0.5402742226918538,
            "accuracy": 0.7049999833106995,
            "f1": 0.6647898212371969
         },
         "eval_metrics_server": {
            "accuracy": 0.6600000262260437,
            "loss": 0.5693984031677246,
            "f1_score": 0.6026180458158018
         },
         "drift_metrics": {
            "drift_median": 0.5128041889925035,
            "drift_mean": 0.5170979025111362,
            "drift_max": 0.5421929809573268,
            "drift_min": 0.4962965375835783,
            "drift_per_client": [
               0.4962965375835783,
               0.5421929809573268,
               0.5128041889925035
            ]
         }
      },
      {
         "round": 2,
         "train_metrics": {
            "train_loss": 0.48849181028512806,
            "train_acc": 0.8366666634877522,
            "train_f1": 0.7900862514055325,
            "drift": 0.4569013760449683
         },
         "eval_metrics_client": {
            "loss": 0.4887611468633016,
            "accuracy": 0.7650000055631001,
            "f1": 0.7258199051367491
         },
         "eval_metrics_server": {
            "accuracy": 0.7599999904632568,
            "loss": 0.5229476690292358,
            "f1_score": 0.7085964060223409
         },
         "drift_metrics": {
            "drift_median": 0.49811581009207895,
            "drift_mean": 0.4569013760449683,
            "drift_max": 0.5174903642724554,
            "drift_min": 0.35509795377037057,
            "drift_per_client": [
               0.49811581009207895,
               0.5174903642724554,
               0.35509795377037057
            ]
         }
      },
      {
         "round": 3,
         "train_metrics": {
            "train_loss": 0.4775529962319594,
            "train_acc": 0.7966666817665099,
            "train_f1": 0.7607196460018937,
            "drift": 0.4303136289805787
         },
         "eval_metrics_client": {
            "loss": 0.4540100892384846,
            "accuracy": 0.8066666523615519,
            "f1": 0.7558748283292462
         },
         "eval_metrics_server": {
            "accuracy": 0.8199999928474426,
            "loss": 0.4859612286090851,
            "f1_score": 0.7661122661122661
         },
         "drift_metrics": {
            "drift_median": 0.450223604625736,
            "drift_mean": 0.4303136289805787,
            "drift_max": 0.5314150873104354,
            "drift_min": 0.3093021950055647,
            "drift_per_client": [
               0.5314150873104354,
               0.3093021950055647,
               0.450223604625736
            ]
         }
      },
      {
         "round": 4,
         "train_metrics": {
            "train_loss": 0.4530597164844855,
            "train_acc": 0.796666661898295,
            "train_f1": 0.7592016163960682,
            "drift": 0.36987587411306827
         },
         "eval_metrics_client": {
            "loss": 0.45021558801333106,
            "accuracy": 0.7983333269755044,
            "f1": 0.74548905493465
         },
         "eval_metrics_server": {
            "accuracy": 0.8149999976158142,
            "loss": 0.46425044536590576,
            "f1_score": 0.7549587734693202
         },
         "drift_metrics": {
            "drift_median": 0.393848287898993,
            "drift_mean": 0.3698758741130683,
            "drift_max": 0.44252039595718795,
            "drift_min": 0.273258938483024,
            "drift_per_client": [
               0.44252039595718795,
               0.273258938483024,
               0.393848287898993
            ]
         }
      },
      {
         "round": 5,
         "train_metrics": {
            "train_loss": 0.42816491004748214,
            "train_acc": 0.8133333325386047,
            "train_f1": 0.7551027280509429,
            "drift": 0.4100153874929274
         },
         "eval_metrics_client": {
            "loss": 0.4413545330365498,
            "accuracy": 0.7866666714350381,
            "f1": 0.7212595052101102
         },
         "eval_metrics_server": {
            "accuracy": 0.8149999976158142,
            "loss": 0.4489251673221588,
            "f1_score": 0.7482222449049029
         },
         "drift_metrics": {
            "drift_median": 0.4203690433431143,
            "drift_mean": 0.4100153874929274,
            "drift_max": 0.4254879483238556,
            "drift_min": 0.3841891708118123,
            "drift_per_client": [
               0.4203690433431143,
               0.4254879483238556,
               0.3841891708118123
            ]
         }
      },
      {
         "round": 6,
         "train_metrics": {
            "train_loss": 0.39006129900614417,
            "train_acc": 0.8633333245913186,
            "train_f1": 0.792910214344234,
            "drift": 0.412051875055508
         },
         "eval_metrics_client": {
            "loss": 0.4234437346458435,
            "accuracy": 0.8549999992052714,
            "f1": 0.790928694730933
         },
         "eval_metrics_server": {
            "accuracy": 0.8799999952316284,
            "loss": 0.43476006388664246,
            "f1_score": 0.8125
         },
         "drift_metrics": {
            "drift_median": 0.403904992577151,
            "drift_mean": 0.412051875055508,
            "drift_max": 0.4368659249660071,
            "drift_min": 0.3953847076233659,
            "drift_per_client": [
               0.3953847076233659,
               0.4368659249660071,
               0.403904992577151
            ]
         }
      },
      {
         "round": 7,
         "train_metrics": {
            "train_loss": 0.37272621003481055,
            "train_acc": 0.896666665871938,
            "train_f1": 0.8415494977994977,
            "drift": 0.3794521824556882
         },
         "eval_metrics_client": {
            "loss": 0.4145479202270508,
            "accuracy": 0.8700000047683715,
            "f1": 0.7879764461164185
         },
         "eval_metrics_server": {
            "accuracy": 0.875,
            "loss": 0.42439693212509155,
            "f1_score": 0.775895298283358
         },
         "drift_metrics": {
            "drift_median": 0.3591439597611656,
            "drift_mean": 0.3794521824556883,
            "drift_max": 0.43839181185222875,
            "drift_min": 0.3408207757536704,
            "drift_per_client": [
               0.3591439597611656,
               0.43839181185222875,
               0.3408207757536704
            ]
         }
      },
      {
         "round": 8,
         "train_metrics": {
            "train_loss": 0.38425644238789874,
            "train_acc": 0.8866666754086812,
            "train_f1": 0.7963261949371359,
            "drift": 0.3784413089580402
         },
         "eval_metrics_client": {
            "loss": 0.41565635800361633,
            "accuracy": 0.8816666603088379,
            "f1": 0.7955234743469014
         },