{
   "info": {
      "strategy": "FedAdagrad",
      "seed": 6,
      "sampling_seed": 6,
      "local_epochs": 2,
      "num_rounds": 10,
      "num_clients": 5,
      "eta": 0.3,
      "eta_l": 0.2,
      "iid": true,
      "alpha": null,
      "training_mode": "mitigated",
      "nshots": 1000,
      "model_type": "quantum",
      "base_pauli": 0.005,
      "base_readout": 0.005,
      "noise_scale": 0.002
   },
   "rounds": [
      {
         "round": 0,
         "train_metrics": {},
         "eval_metrics_client": {},
         "eval_metrics_server": {
            "accuracy": 0.6349999904632568,
            "loss": 0.6415873169898987,
            "f1_score": 0.6027318984517428
         }
      },
      {
         "round": 1,
         "train_metrics": {
            "train_loss": 0.49850028065534735,
            "train_acc": 0.8599999944368998,
            "train_f1": 0.8077049157430621,
            "drift": 0.9032407433776697
         },
         "eval_metrics_client": {
            "loss": 0.49205479025840754,
            "accuracy": 0.8166666626930237,
            "f1": 0.7665972952566377
         },
         "eval_metrics_server": {
            "accuracy": 0.8299999833106995,
            "loss": 0.4951830208301544,
            "f1_score": 0.7762863534675615
         },
         "drift_metrics": {
            "drift_median": 0.9135151446493023,
            "drift_mean": 0.9032407433776699,
            "drift_max": 0.93846357858603,
            "drift_min": 0.8577435068976772,
            "drift_per_client": [
               0.8577435068976772,
               0.9135151446493023,
               0.93846357858603
            ]
         }
      },
      {
         "round": 2,
         "train_metrics": {
            "train_loss": 0.43373770056626737,
            "train_acc": 0.8433333237965901,
            "train_f1": 0.8060460176595975,
            "drift": 0.5612734887796277
         },
         "eval_metrics_client": {
            "loss": 0.4628102878729502,
            "accuracy": 0.8333333333333333,
            "f1": 0.7903740545622064
         },
         "eval_metrics_server": {
            "accuracy": 0.8700000047683716,
            "loss": 0.4508846700191498,
            "f1_score": 0.8266666666666667
         },
         "drift_metrics": {
            "drift_median": 0.5613591322315569,
            "drift_mean": 0.5612734887796278,
            "drift_max": 0.605218972506651,
            "drift_min": 0.5172423616006754,
            "drift_per_client": [
               0.605218972506651,
               0.5172423616006754,
               0.5613591322315569
            ]
         }
      },
      {
         "round": 3,
         "train_metrics": {
            "train_loss": 0.37605571288328904,
            "train_acc": 0.893333335717519,
            "train_f1": 0.8580414492209006,
            "drift": 0.5556790224766346
         },
         "eval_metrics_client": {
            "loss": 0.4013320704301198,
            "accuracy": 0.8516666491826375,
            "f1": 0.8099251178926109
         },
         "eval_metrics_server": {
            "accuracy": 0.8600000143051147,
            "loss": 0.41637885570526123,
            "f1_score": 0.8157652322674036
         },
         "drift_metrics": {
            "drift_median": 0.543685342960725,
            "drift_mean": 0.5556790224766347,
            "drift_max": 0.6323094345088813,
            "drift_min": 0.4910422899602978,
            "drift_per_client": [
               0.6323094345088813,
               0.4910422899602978,
               0.543685342960725
            ]
         }
      },
      {
         "round": 4,
         "train_metrics": {
            "train_loss": 0.3382722036196635,
            "train_acc": 0.8833333253860473,
            "train_f1": 0.843709389213775,
            "drift": 0.49666234642084717
         },
         "eval_metrics_client": {
            "loss": 0.3638215661048889,
            "accuracy": 0.8700000047683715,
            "f1": 0.835062395565479
         },
         "eval_metrics_server": {
            "accuracy": 0.8600000143051147,
            "loss": 0.39148151874542236,
            "f1_score": 0.8157652322674036
         },
         "drift_metrics": {
            "drift_median": 0.5243774786444442,
            "drift_mean": 0.4966623464208472,
            "drift_max": 0.5334761707321386,
            "drift_min": 0.4321333898859588,
            "drift_per_client": [
               0.5334761707321386,
               0.5243774786444442,
               0.4321333898859588
            ]
         }
      },
      {
         "round": 5,
         "train_metrics": {
            "train_loss": 0.3238051892855228,
            "train_acc": 0.9100000063578287,
            "train_f1": 0.8720356736661083,
            "drift": 0.43408906247414203
         },
         "eval_metrics_client": {
            "loss": 0.34323736031850177,
            "accuracy": 0.8849999904632567,
            "f1": 0.8540901544042866
         },
         "eval_metrics_server": {
            "accuracy": 0.8700000047683716,
            "loss": 0.3734050989151001,
            "f1_score": 0.8266666666666667
         },
         "drift_metrics": {
            "drift_median": 0.4477165607014343,
            "drift_mean": 0.43408906247414203,
            "drift_max": 0.5071991686192151,
            "drift_min": 0.34735145810177664,
            "drift_per_client": [
               0.5071991686192151,
               0.4477165607014343,
               0.34735145810177664
            ]
         }
      },
      {
         "round": 6,
         "train_metrics": {
            "train_loss": 0.33346285766515976,
            "train_acc": 0.9033333261807759,
            "train_f1": 0.8606546496268564,
            "drift": 0.3866505914300833
         },
         "eval_metrics_client": {
            "loss": 0.35396312673886615,
            "accuracy": 0.8799999952316283,
            "f1": 0.8403542973404322
         },
         "eval_metrics_server": {
            "accuracy": 0.8899999856948853,
            "loss": 0.3592793643474579,
            "f1_score": 0.8492324561403509
         },
         "drift_metrics": {
            "drift_median": 0.38550752971412794,
            "drift_mean": 0.38665059143008335,
            "drift_max": 0.4669081973425561,
            "drift_min": 0.3075360472335659,
            "drift_per_client": [
               0.4669081973425561,
               0.3075360472335659,
               0.38550752971412794
            ]
         }
      },
      {
         "round": 7,
         "train_metrics": {
            "train_loss": 0.32250628104576695,
            "train_acc": 0.8900000055631001,
            "train_f1": 0.857532641130814,
            "drift": 0.31281231353222294
         },
         "eval_metrics_client": {
            "loss": 0.3534488578637441,
            "accuracy": 0.8766666650772094,
            "f1": 0.8376969630939685
         },
         "eval_metrics_server": {
            "accuracy": 0.8899999856948853,
            "loss": 0.3500188887119293,
            "f1_score": 0.8492324561403509
         },
         "drift_metrics": {
            "drift_median": 0.3257387799687781,
            "drift_mean": 0.31281231353222294,
            "drift_max": 0.33448399590275263,
            "drift_min": 0.2782141647251381,
            "drift_per_client": [
               0.3257387799687781,
               0.2782141647251381,
               0.33448399590275263
            ]
         }
      },
      {
         "round": 8,
         "train_metrics": {
            "train_loss": 0.30309695807787085,
            "train_acc": 0.896666665871938,
            "train_f1": 0.859683911767245,
            "drift": 0.30321641088804696
         },
         "eval_metrics_client": {
            "loss": 0.32353084286053974,
            "accuracy": 0.8866666754086812,
            "f1": 0.848478978641682
         },
         "eval_metrics_server": {
            "accuracy": 0.9150000214576721,