{
   "info": {
      "strategy": "FedAdagrad",
      "seed": 5,
      "sampling_seed": 5,
      "local_epochs": 2,
      "num_rounds": 10,
      "num_clients": 5,
      "eta": 0.3,
      "eta_l": 0.2,
      "iid": true,
      "alpha": null,
      "training_mode": "mitigated",
      "nshots": 1000,
      "model_type": "quantum",
      "base_pauli": 0.005,
      "base_readout": 0.005,
      "noise_scale": 0.002
   },
   "rounds": [
      {
         "round": 0,
         "train_metrics": {},
         "eval_metrics_client": {},
         "eval_metrics_server": {
            "accuracy": 0.6399999856948853,
            "loss": 0.630768895149231,
            "f1_score": 0.6017258546299369
         }
      },
      {
         "round": 1,
         "train_metrics": {
            "train_loss": 0.5071819355854621,
            "train_acc": 0.8533333142598469,
            "train_f1": 0.780290340163729,
            "drift": 0.8613051333854709
         },
         "eval_metrics_client": {
            "loss": 0.4826691746711731,
            "accuracy": 0.8766666650772094,
            "f1": 0.8132176268799977
         },
         "eval_metrics_server": {
            "accuracy": 0.8600000143051147,
            "loss": 0.5062679052352905,
            "f1_score": 0.7575757575757576
         },
         "drift_metrics": {
            "drift_median": 0.9014988670871744,
            "drift_mean": 0.861305133385471,
            "drift_max": 0.9562958053032264,
            "drift_min": 0.726120727766012,
            "drift_per_client": [
               0.9014988670871744,
               0.9562958053032264,
               0.726120727766012
            ]
         }
      },
      {
         "round": 2,
         "train_metrics": {
            "train_loss": 0.40145129347458863,
            "train_acc": 0.8900000055631001,
            "train_f1": 0.762784133827346,
            "drift": 0.7210424302690399
         },
         "eval_metrics_client": {
            "loss": 0.4211037755012512,
            "accuracy": 0.8849999904632567,
            "f1": 0.7868610620486869
         },
         "eval_metrics_server": {
            "accuracy": 0.8949999809265137,
            "loss": 0.4328523874282837,
            "f1_score": 0.7851772287862513
         },
         "drift_metrics": {
            "drift_median": 0.7307158764403267,
            "drift_mean": 0.72104243026904,
            "drift_max": 0.741662019829384,
            "drift_min": 0.6907493945374094,
            "drift_per_client": [
               0.6907493945374094,
               0.7307158764403267,
               0.741662019829384
            ]
         }
      },
      {
         "round": 3,
         "train_metrics": {
            "train_loss": 0.3582227814656037,
            "train_acc": 0.9166666666666666,
            "train_f1": 0.8376066723461263,
            "drift": 0.5047605042433775
         },
         "eval_metrics_client": {
            "loss": 0.39137573043505347,
            "accuracy": 0.8766666650772094,
            "f1": 0.7905347903620858
         },
         "eval_metrics_server": {
            "accuracy": 0.8949999809265137,
            "loss": 0.4016766846179962,
            "f1_score": 0.7851772287862513
         },
         "drift_metrics": {
            "drift_median": 0.5016753696909875,
            "drift_mean": 0.5047605042433775,
            "drift_max": 0.5239928679341194,
            "drift_min": 0.48861327510502567,
            "drift_per_client": [
               0.5016753696909875,
               0.5239928679341194,
               0.48861327510502567
            ]
         }
      },
      {
         "round": 4,
         "train_metrics": {
            "train_loss": 0.36226938091791594,
            "train_acc": 0.9433333277702332,
            "train_f1": 0.9070172162286482,
            "drift": 0.4412734565158215
         },
         "eval_metrics_client": {
            "loss": 0.37887398401896155,
            "accuracy": 0.9383333524068196,
            "f1": 0.906586186661942
         },
         "eval_metrics_server": {
            "accuracy": 0.9200000166893005,
            "loss": 0.3822266757488251,
            "f1_score": 0.8472991028822294
         },
         "drift_metrics": {
            "drift_median": 0.40758269997426727,
            "drift_mean": 0.44127345651582156,
            "drift_max": 0.5212462290782468,
            "drift_min": 0.3949914404949505,
            "drift_per_client": [
               0.3949914404949505,
               0.5212462290782468,
               0.40758269997426727
            ]
         }
      },
      {
         "round": 5,
         "train_metrics": {
            "train_loss": 0.3527854436483139,
            "train_acc": 0.9633333285649617,
            "train_f1": 0.9420830229879309,
            "drift": 0.41883636999417173
         },
         "eval_metrics_client": {
            "loss": 0.35985787709554035,
            "accuracy": 0.9666666587193806,
            "f1": 0.949373631365297
         },
         "eval_metrics_server": {
            "accuracy": 0.9700000286102295,
            "loss": 0.36857250332832336,
            "f1_score": 0.9491869918699187
         },
         "drift_metrics": {
            "drift_median": 0.3773025852769872,
            "drift_mean": 0.41883636999417173,
            "drift_max": 0.5158886809986654,
            "drift_min": 0.36331784370686265,
            "drift_per_client": [
               0.5158886809986654,
               0.3773025852769872,
               0.36331784370686265
            ]
         }
      },
      {
         "round": 6,
         "train_metrics": {
            "train_loss": 0.3401494595484856,
            "train_acc": 0.9433333277702332,
            "train_f1": 0.9125776903771787,
            "drift": 0.39580593687896537
         },
         "eval_metrics_client": {
            "loss": 0.35042380293210346,
            "accuracy": 0.9549999833106995,
            "f1": 0.9309717156964905
         },
         "eval_metrics_server": {
            "accuracy": 0.9649999737739563,
            "loss": 0.3540845215320587,
            "f1_score": 0.9425641025641025
         },
         "drift_metrics": {
            "drift_median": 0.35053420635767785,
            "drift_mean": 0.3958059368789654,
            "drift_max": 0.48934128517468145,
            "drift_min": 0.34754231910453687,
            "drift_per_client": [
               0.34754231910453687,
               0.35053420635767785,
               0.48934128517468145
            ]
         }
      },
      {
         "round": 7,
         "train_metrics": {
            "train_loss": 0.3203848141890306,
            "train_acc": 0.9800000190734863,
            "train_f1": 0.9663827842635996,
            "drift": 0.31070247739592466
         },
         "eval_metrics_client": {
            "loss": 0.34224024415016174,
            "accuracy": 0.9549999833106995,
            "f1": 0.931240852129946
         },
         "eval_metrics_server": {
            "accuracy": 0.9750000238418579,
            "loss": 0.34617725014686584,
            "f1_score": 0.9581081647186963
         },
         "drift_metrics": {
            "drift_median": 0.3052876703384979,
            "drift_mean": 0.31070247739592466,
            "drift_max": 0.32972808826133543,
            "drift_min": 0.2970916735879407,
            "drift_per_client": [
               0.2970916735879407,
               0.3052876703384979,
               0.32972808826133543
            ]
         }
      },
      {
         "round": 8,
         "train_metrics": {
            "train_loss": 0.3032771517068912,
            "train_acc": 0.9733333587646484,
            "train_f1": 0.958157763555783,
            "drift": 0.2814868703379565
         },
         "eval_metrics_client": {
            "loss": 0.33394580086072284,
            "accuracy": 0.9366666674613953,
            "f1": 0.9115292753278902
         },
         "eval_metrics_server": {
            "accuracy": 0.9649999737739563,