{
   "info": {
      "strategy": "FedAdagrad",
      "seed": 3,
      "sampling_seed": 3,
      "local_epochs": 2,
      "num_rounds": 10,
      "num_clients": 5,
      "eta": 0.3,
      "eta_l": 0.2,
      "iid": true,
      "alpha": null,
      "training_mode": "mitigated",
      "nshots": 1000,
      "model_type": "quantum",
      "base_pauli": 0.005,
      "base_readout": 0.005,
      "noise_scale": 0.002
   },
   "rounds": [
      {
         "round": 0,
         "train_metrics": {},
         "eval_metrics_client": {},
         "eval_metrics_server": {
            "accuracy": 0.47999998927116394,
            "loss": 0.7357013821601868,
            "f1_score": 0.4164515767029514
         }
      },
      {
         "round": 1,
         "train_metrics": {
            "train_loss": 0.4803090294202168,
            "train_acc": 0.8633333245913186,
            "train_f1": 0.7916079628031167,
            "drift": 1.2236808496099143
         },
         "eval_metrics_client": {
            "loss": 0.5630401770273844,
            "accuracy": 0.7183333436648051,
            "f1": 0.6336795913519337
         },
         "eval_metrics_server": {
            "accuracy": 0.7400000095367432,
            "loss": 0.5565489530563354,
            "f1_score": 0.6272401433691757
         },
         "drift_metrics": {
            "drift_median": 1.2240053064425482,
            "drift_mean": 1.2236808496099145,
            "drift_max": 1.2407943633784573,
            "drift_min": 1.2062428790087378,
            "drift_per_client": [
               1.2240053064425482,
               1.2062428790087378,
               1.2407943633784573
            ]
         }
      },
      {
         "round": 2,
         "train_metrics": {
            "train_loss": 0.4030896180715316,
            "train_acc": 0.896666665871938,
            "train_f1": 0.8359720135252005,
            "drift": 0.9298428206741931
         },
         "eval_metrics_client": {
            "loss": 0.4871475398540496,
            "accuracy": 0.7916666666666665,
            "f1": 0.7113587770811685
         },
         "eval_metrics_server": {
            "accuracy": 0.7749999761581421,
            "loss": 0.4846165180206299,
            "f1_score": 0.6638655462184874
         },
         "drift_metrics": {
            "drift_median": 0.9016973713465879,
            "drift_mean": 0.929842820674193,
            "drift_max": 1.025522218105967,
            "drift_min": 0.8623088725700242,
            "drift_per_client": [
               0.9016973713465879,
               1.025522218105967,
               0.8623088725700242
            ]
         }
      },
      {
         "round": 3,
         "train_metrics": {
            "train_loss": 0.3836208157814466,
            "train_acc": 0.9366666674613953,
            "train_f1": 0.8965056782205901,
            "drift": 0.7457509915095799
         },
         "eval_metrics_client": {
            "loss": 0.43387951453526813,
            "accuracy": 0.8583333293596902,
            "f1": 0.7714765165691528
         },
         "eval_metrics_server": {
            "accuracy": 0.8349999785423279,
            "loss": 0.44084540009498596,
            "f1_score": 0.7235138871433957
         },
         "drift_metrics": {
            "drift_median": 0.7924794208795978,
            "drift_mean": 0.7457509915095799,
            "drift_max": 0.8161435940550885,
            "drift_min": 0.6286299595940535,
            "drift_per_client": [
               0.7924794208795978,
               0.8161435940550885,
               0.6286299595940535
            ]
         }
      },
      {
         "round": 4,
         "train_metrics": {
            "train_loss": 0.38380435223762804,
            "train_acc": 0.9200000166893005,
            "train_f1": 0.8734092633185191,
            "drift": 0.6192344632616664
         },
         "eval_metrics_client": {
            "loss": 0.40825118621190387,
            "accuracy": 0.8866666555404662,
            "f1": 0.8149049277780069
         },
         "eval_metrics_server": {
            "accuracy": 0.8650000095367432,
            "loss": 0.4175250232219696,
            "f1_score": 0.7635623275975305
         },
         "drift_metrics": {
            "drift_median": 0.6297099818469318,
            "drift_mean": 0.6192344632616664,
            "drift_max": 0.6597871332078383,
            "drift_min": 0.5682062747302292,
            "drift_per_client": [
               0.6297099818469318,
               0.5682062747302292,
               0.6597871332078383
            ]
         }
      },
      {
         "round": 5,
         "train_metrics": {
            "train_loss": 0.39283940921991295,
            "train_acc": 0.8766666650772095,
            "train_f1": 0.79848182824927,
            "drift": 0.5119832563965405
         },
         "eval_metrics_client": {
            "loss": 0.4117742876211802,
            "accuracy": 0.893333335717519,
            "f1": 0.8290732095999755
         },
         "eval_metrics_server": {
            "accuracy": 0.9200000166893005,
            "loss": 0.4061138927936554,
            "f1_score": 0.8582565556343018
         },
         "drift_metrics": {
            "drift_median": 0.5060913810829066,
            "drift_mean": 0.5119832563965406,
            "drift_max": 0.5602996693349865,
            "drift_min": 0.46955871877172844,
            "drift_per_client": [
               0.5060913810829066,
               0.5602996693349865,
               0.46955871877172844
            ]
         }
      },
      {
         "round": 6,
         "train_metrics": {
            "train_loss": 0.3652572845801329,
            "train_acc": 0.9000000158945719,
            "train_f1": 0.8399499364923471,
            "drift": 0.40117277777452987
         },
         "eval_metrics_client": {
            "loss": 0.4063304861386617,
            "accuracy": 0.8983333309491475,
            "f1": 0.8455280318878605
         },
         "eval_metrics_server": {
            "accuracy": 0.9150000214576721,
            "loss": 0.39578163623809814,
            "f1_score": 0.8511318358947415
         },
         "drift_metrics": {
            "drift_median": 0.41847757951354236,
            "drift_mean": 0.4011727777745299,
            "drift_max": 0.43948190285562494,
            "drift_min": 0.34555885095442235,
            "drift_per_client": [
               0.41847757951354236,
               0.34555885095442235,
               0.43948190285562494
            ]
         }
      },
      {
         "round": 7,
         "train_metrics": {
            "train_loss": 0.35099194600031924,
            "train_acc": 0.9399999976158142,
            "train_f1": 0.8955092472560711,
            "drift": 0.36934454217091955
         },
         "eval_metrics_client": {
            "loss": 0.39633088310559583,
            "accuracy": 0.8833333452542622,
            "f1": 0.8092375205040023
         },
         "eval_metrics_server": {
            "accuracy": 0.9100000262260437,
            "loss": 0.3921680450439453,
            "f1_score": 0.8282114907425081
         },
         "drift_metrics": {
            "drift_median": 0.4029004529204112,
            "drift_mean": 0.3693445421709196,
            "drift_max": 0.4125961214762871,
            "drift_min": 0.2925370521160604,
            "drift_per_client": [
               0.4029004529204112,
               0.4125961214762871,
               0.2925370521160604
            ]
         }
      },
      {
         "round": 8,
         "train_metrics": {
            "train_loss": 0.35908660712914586,
            "train_acc": 0.9399999976158142,
            "train_f1": 0.8767814363908072,
            "drift": 0.33851143800089856
         },
         "eval_metrics_client": {
            "loss": 0.3814070622126261,
            "accuracy": 0.921666661898295,
            "f1": 0.8648590745918758
         },
         "eval_metrics_server": {
            "accuracy": 0.9399999976158142,