{
   "info": {
      "strategy": "FedProx",
      "seed": 6,
      "sampling_seed": 6,
      "local_epochs": 2,
      "mu": 0.03,
      "eta_l": 0.3,
      "num_rounds": 10,
      "num_clients": 5,
      "iid": false,
      "alpha": 1.8,
      "training_mode": "mitigated",
      "nshots": 1000,
      "model_type": "quantum",
      "base_pauli": 0.005,
      "base_readout": 0.005,
      "noise_scale": 0.002
   },
   "rounds": [
      {
         "round": 0,
         "train_metrics": {},
         "eval_metrics_client": {},
         "eval_metrics_server": {
            "accuracy": 0.6349999904632568,
            "loss": 0.6415873169898987,
            "f1_score": 0.6027318984517428
         }
      },
      {
         "round": 1,
         "train_metrics": {
            "train_loss": 0.47676018692012695,
            "train_acc": 0.8475177137986988,
            "train_f1": 0.8061455293247303,
            "drift": 1.0441474753590907
         },
         "eval_metrics_client": {
            "loss": 0.45939434568087256,
            "accuracy": 0.8583333293596902,
            "f1": 0.8136682208706136
         },
         "eval_metrics_server": {
            "accuracy": 0.8500000238418579,
            "loss": 0.46117860078811646,
            "f1_score": 0.8
         },
         "drift_metrics": {
            "drift_median": 1.0291157661855606,
            "drift_mean": 1.0028762847284363,
            "drift_max": 1.1397870759042217,
            "drift_min": 0.8397260120955269,
            "drift_per_client": [
               0.8397260120955269,
               1.0291157661855606,
               1.1397870759042217
            ]
         }
      },
      {
         "round": 2,
         "train_metrics": {
            "train_loss": 0.393268384455889,
            "train_acc": 0.8801261891701997,
            "train_f1": 0.8340311117641641,
            "drift": 0.7574654487362762
         },
         "eval_metrics_client": {
            "loss": 0.4011248747507731,
            "accuracy": 0.8749999999999999,
            "f1": 0.83535817910593
         },
         "eval_metrics_server": {
            "accuracy": 0.8999999761581421,
            "loss": 0.39260920882225037,
            "f1_score": 0.8609372827145043
         },
         "drift_metrics": {
            "drift_median": 0.7382692112175898,
            "drift_mean": 0.6924221396634547,
            "drift_max": 0.9013776462240664,
            "drift_min": 0.437619561548708,
            "drift_per_client": [
               0.437619561548708,
               0.7382692112175898,
               0.9013776462240664
            ]
         }
      },
      {
         "round": 3,
         "train_metrics": {
            "train_loss": 0.32505990326836387,
            "train_acc": 0.9298892973533855,
            "train_f1": 0.8827249527885803,
            "drift": 0.5713467891643336
         },
         "eval_metrics_client": {
            "loss": 0.3335868716239929,
            "accuracy": 0.9166666666666666,
            "f1": 0.8834113125596517
         },
         "eval_metrics_server": {
            "accuracy": 0.925000011920929,
            "loss": 0.3484458923339844,
            "f1_score": 0.8859792482231765
         },
         "drift_metrics": {
            "drift_median": 0.5396495110645565,
            "drift_mean": 0.5138702320466831,
            "drift_max": 0.6943918004411593,
            "drift_min": 0.3075693846343336,
            "drift_per_client": [
               0.3075693846343336,
               0.5396495110645565,
               0.6943918004411593
            ]
         }
      },
      {
         "round": 4,
         "train_metrics": {
            "train_loss": 0.2929600338325905,
            "train_acc": 0.949685516409904,
            "train_f1": 0.9019880211224165,
            "drift": 0.4228873115024251
         },
         "eval_metrics_client": {
            "loss": 0.3064853549003601,
            "accuracy": 0.9483333230018616,
            "f1": 0.9255068707351327
         },
         "eval_metrics_server": {
            "accuracy": 0.9449999928474426,
            "loss": 0.325428307056427,
            "f1_score": 0.9132457904491502
         },
         "drift_metrics": {
            "drift_median": 0.4409171903668935,
            "drift_mean": 0.4157422849501451,
            "drift_max": 0.47239071800627,
            "drift_min": 0.33391894647727177,
            "drift_per_client": [
               0.47239071800627,
               0.33391894647727177,
               0.4409171903668935
            ]
         }
      },
      {
         "round": 5,
         "train_metrics": {
            "train_loss": 0.29770552246088866,
            "train_acc": 0.9294871684068289,
            "train_f1": 0.9065755392717061,
            "drift": 0.3680956134418427
         },
         "eval_metrics_client": {
            "loss": 0.3071058392524719,
            "accuracy": 0.9316666722297668,
            "f1": 0.9064145243419959
         },
         "eval_metrics_server": {
            "accuracy": 0.9350000023841858,
            "loss": 0.3173780143260956,
            "f1_score": 0.9028944911297853
         },
         "drift_metrics": {
            "drift_median": 0.31305736009244295,
            "drift_mean": 0.34651697959239414,
            "drift_max": 0.5052419207342882,
            "drift_min": 0.22125165795045124,
            "drift_per_client": [
               0.22125165795045124,
               0.31305736009244295,
               0.5052419207342882
            ]
         }
      },
      {
         "round": 6,
         "train_metrics": {
            "train_loss": 0.30298665434795935,
            "train_acc": 0.9255319197549887,
            "train_f1": 0.8981708691218201,
            "drift": 0.2931294592349186
         },
         "eval_metrics_client": {
            "loss": 0.31797828276952106,
            "accuracy": 0.9266666769981384,
            "f1": 0.8937092851885236
         },
         "eval_metrics_server": {
            "accuracy": 0.9399999976158142,
            "loss": 0.3134925365447998,
            "f1_score": 0.9111242778847578
         },
         "drift_metrics": {
            "drift_median": 0.2816444926120325,
            "drift_mean": 0.2712223967387668,
            "drift_max": 0.3460638851318104,
            "drift_min": 0.1859588124724575,
            "drift_per_client": [
               0.1859588124724575,
               0.2816444926120325,
               0.3460638851318104
            ]
         }
      },
      {
         "round": 7,
         "train_metrics": {
            "train_loss": 0.3050936041459552,
            "train_acc": 0.9211356564651152,
            "train_f1": 0.8822772173457638,
            "drift": 0.2465730380256512
         },
         "eval_metrics_client": {
            "loss": 0.3214603265126546,
            "accuracy": 0.9416666825612385,
            "f1": 0.9151190908022236
         },
         "eval_metrics_server": {
            "accuracy": 0.9399999976158142,
            "loss": 0.3100196421146393,
            "f1_score": 0.9111242778847578
         },
         "drift_metrics": {
            "drift_median": 0.2540459083739485,
            "drift_mean": 0.22012072038008954,
            "drift_max": 0.29385123719780815,
            "drift_min": 0.11246501556851182,
            "drift_per_client": [
               0.11246501556851182,
               0.29385123719780815,
               0.2540459083739485
            ]
         }
      },
      {
         "round": 8,
         "train_metrics": {
            "train_loss": 0.2957636265650273,
            "train_acc": 0.9520295090780926,
            "train_f1": 0.9087725036080403,
            "drift": 0.17980805705455877
         },
         "eval_metrics_client": {
            "loss": 0.3453200260798136,
            "accuracy": 0.9416666626930237,
            "f1": 0.9115792780148573
         },
         "eval_metrics_server": {
            "accuracy": 0.9449999928474426,