{
   "info": {
      "strategy": "FedProx",
      "seed": 7,
      "sampling_seed": 7,
      "local_epochs": 2,
      "mu": 0.03,
      "eta_l": 0.3,
      "num_rounds": 10,
      "num_clients": 5,
      "iid": false,
      "alpha": 1.8,
      "training_mode": "mitigated",
      "nshots": 1000,
      "model_type": "quantum",
      "base_pauli": 0.005,
      "base_readout": 0.005,
      "noise_scale": 0.002
   },
   "rounds": [
      {
         "round": 0,
         "train_metrics": {},
         "eval_metrics_client": {},
         "eval_metrics_server": {
            "accuracy": 0.4950000047683716,
            "loss": 0.7266889214515686,
            "f1_score": 0.46807109940750496
         }
      },
      {
         "round": 1,
         "train_metrics": {
            "train_loss": 0.44209939904777074,
            "train_acc": 0.9056603833564423,
            "train_f1": 0.8400560084142474,
            "drift": 1.6194255192125504
         },
         "eval_metrics_client": {
            "loss": 0.3910395006338755,
            "accuracy": 0.9033333261807759,
            "f1": 0.8702923190597608
         },
         "eval_metrics_server": {
            "accuracy": 0.949999988079071,
            "loss": 0.39820998907089233,
            "f1_score": 0.921875
         },
         "drift_metrics": {
            "drift_median": 1.5414373524628864,
            "drift_mean": 1.5965395059989025,
            "drift_max": 1.7777113800511215,
            "drift_min": 1.4704697854827002,
            "drift_per_client": [
               1.5414373524628864,
               1.4704697854827002,
               1.7777113800511215
            ]
         }
      },
      {
         "round": 2,
         "train_metrics": {
            "train_loss": 0.3157524719617577,
            "train_acc": 0.954861113594638,
            "train_f1": 0.9092084248384744,
            "drift": 0.6891879703573287
         },
         "eval_metrics_client": {
            "loss": 0.34064491589864093,
            "accuracy": 0.9449999928474426,
            "f1": 0.9165631445447662
         },
         "eval_metrics_server": {
            "accuracy": 0.9649999737739563,
            "loss": 0.33452051877975464,
            "f1_score": 0.9425641025641025
         },
         "drift_metrics": {
            "drift_median": 0.7274956842360122,
            "drift_mean": 0.6340072522408828,
            "drift_max": 0.7742278682624113,
            "drift_min": 0.40029820422422496,
            "drift_per_client": [
               0.40029820422422496,
               0.7274956842360122,
               0.7742278682624113
            ]
         }
      },
      {
         "round": 3,
         "train_metrics": {
            "train_loss": 0.3031124402009651,
            "train_acc": 0.9397163141703775,
            "train_f1": 0.9178021216307308,
            "drift": 0.3868625959723684
         },
         "eval_metrics_client": {
            "loss": 0.32462239265441895,
            "accuracy": 0.925000011920929,
            "f1": 0.8911698720496533
         },
         "eval_metrics_server": {
            "accuracy": 0.949999988079071,
            "loss": 0.3186434507369995,
            "f1_score": 0.9233011198036509
         },
         "drift_metrics": {
            "drift_median": 0.37477756571506987,
            "drift_mean": 0.3472471907387358,
            "drift_max": 0.4772158308965871,
            "drift_min": 0.1897481756045504,
            "drift_per_client": [
               0.1897481756045504,
               0.37477756571506987,
               0.4772158308965871
            ]
         }
      },
      {
         "round": 4,
         "train_metrics": {
            "train_loss": 0.2983671691573404,
            "train_acc": 0.9320754761965769,
            "train_f1": 0.9177620851508799,
            "drift": 0.23054925563483974
         },
         "eval_metrics_client": {
            "loss": 0.3127693136533101,
            "accuracy": 0.924999992052714,
            "f1": 0.8946275600222853
         },
         "eval_metrics_server": {
            "accuracy": 0.9399999976158142,
            "loss": 0.3158079981803894,
            "f1_score": 0.9111242778847578
         },
         "drift_metrics": {
            "drift_median": 0.19699960395041347,
            "drift_mean": 0.2050333807843042,
            "drift_max": 0.29717443526336534,
            "drift_min": 0.1209261031391337,
            "drift_per_client": [
               0.1209261031391337,
               0.19699960395041347,
               0.29717443526336534
            ]
         }
      },
      {
         "round": 5,
         "train_metrics": {
            "train_loss": 0.29820565104312613,
            "train_acc": 0.9193083508213934,
            "train_f1": 0.8803111803386785,
            "drift": 0.23311061041257392
         },
         "eval_metrics_client": {
            "loss": 0.30026236176490784,
            "accuracy": 0.9383333325386047,
            "f1": 0.9158557343058564
         },
         "eval_metrics_server": {
            "accuracy": 0.9350000023841858,
            "loss": 0.3110870122909546,
            "f1_score": 0.9011820151267531
         },
         "drift_metrics": {
            "drift_median": 0.21215535294616533,
            "drift_mean": 0.2264484086785401,
            "drift_max": 0.2835496503208281,
            "drift_min": 0.18364022276862682,
            "drift_per_client": [
               0.18364022276862682,
               0.2835496503208281,
               0.21215535294616533
            ]
         }
      },
      {
         "round": 6,
         "train_metrics": {
            "train_loss": 0.27552907850101754,
            "train_acc": 0.9371069026818065,
            "train_f1": 0.8794611392891558,
            "drift": 0.19066122361276058
         },
         "eval_metrics_client": {
            "loss": 0.2970731556415558,
            "accuracy": 0.9466666579246521,
            "f1": 0.9222484657693376
         },
         "eval_metrics_server": {
            "accuracy": 0.9449999928474426,
            "loss": 0.30816516280174255,
            "f1_score": 0.9148573861217539
         },
         "drift_metrics": {
            "drift_median": 0.2092743510335953,
            "drift_mean": 0.18471927816229172,
            "drift_max": 0.2207589760411926,
            "drift_min": 0.12412450741208726,
            "drift_per_client": [
               0.12412450741208726,
               0.2207589760411926,
               0.2092743510335953
            ]
         }
      },
      {
         "round": 7,
         "train_metrics": {
            "train_loss": 0.27497340575250906,
            "train_acc": 0.9479166788773404,
            "train_f1": 0.8921802723534821,
            "drift": 0.1395214354492512
         },
         "eval_metrics_client": {
            "loss": 0.3175853888193766,
            "accuracy": 0.9449999928474426,
            "f1": 0.913910919938148
         },
         "eval_metrics_server": {
            "accuracy": 0.9599999785423279,
            "loss": 0.3068969249725342,
            "f1_score": 0.9362955884695014
         },
         "drift_metrics": {
            "drift_median": 0.13654831752090138,
            "drift_mean": 0.14027752478993225,
            "drift_max": 0.15523605982355157,
            "drift_min": 0.12904819702534379,
            "drift_per_client": [
               0.13654831752090138,
               0.15523605982355157,
               0.12904819702534379
            ]
         }
      },
      {
         "round": 8,
         "train_metrics": {
            "train_loss": 0.3003889453647116,
            "train_acc": 0.9290780207366809,
            "train_f1": 0.9025259889011978,
            "drift": 0.2231977929250624
         },
         "eval_metrics_client": {
            "loss": 0.312489777803421,
            "accuracy": 0.925000011920929,
            "f1": 0.8906845211764121
         },
         "eval_metrics_server": {
            "accuracy": 0.949999988079071,