{
   "info": {
      "strategy": "FedAvg",
      "seed": 3,
      "init_seed": 3,
      "sampling_seed": 3,
      "data_seed": 2,
      "fraction_train": 0.75,
      "fraction_evaluate": 0.75,
      "local_epochs": 2,
      "num_rounds": 10,
      "num_clients": 5,
      "eta_l": 0.3,
      "iid": true,
      "alpha": null,
      "training_mode": "noiseless",
      "nshots": 1000,
      "model_type": "quantum"
   },
   "rounds": [
      {
         "round": 0,
         "train_metrics": {},
         "eval_metrics_client": {},
         "eval_metrics_server": {
            "accuracy": 0.47999998927116394,
            "loss": 0.7357013821601868,
            "f1_score": 0.4164515767029514
         }
      },
      {
         "round": 1,
         "train_metrics": {
            "train_loss": 0.43195787377846545,
            "train_acc": 0.8866666754086812,
            "train_f1": 0.8312978282628893,
            "drift": 1.5449838793351427
         },
         "eval_metrics_client": {
            "loss": 0.4115599493185679,
            "accuracy": 0.8833333253860473,
            "f1": 0.8244896003066666
         },
         "eval_metrics_server": {
            "accuracy": 0.8999999761581421,
            "loss": 0.4096998870372772,
            "f1_score": 0.834190018239098
         },
         "drift_metrics": {
            "drift_median": 1.5429452978672147,
            "drift_mean": 1.544983879335143,
            "drift_max": 1.5512894455261625,
            "drift_min": 1.5407168946120517,
            "drift_per_client": [
               1.5429452978672147,
               1.5407168946120517,
               1.5512894455261625
            ]
         }
      },
      {
         "round": 2,
         "train_metrics": {
            "train_loss": 0.35094299683204067,
            "train_acc": 0.9533333381017048,
            "train_f1": 0.9193792851081853,
            "drift": 0.5377651075795392
         },
         "eval_metrics_client": {
            "loss": 0.3907329340775807,
            "accuracy": 0.9150000015894572,
            "f1": 0.8601914751914751
         },
         "eval_metrics_server": {
            "accuracy": 0.9399999976158142,
            "loss": 0.3744432330131531,
            "f1_score": 0.8911268372346217
         },
         "drift_metrics": {
            "drift_median": 0.5373922967521496,
            "drift_mean": 0.5377651075795392,
            "drift_max": 0.6136755871473705,
            "drift_min": 0.46222743883909767,
            "drift_per_client": [
               0.46222743883909767,
               0.6136755871473705,
               0.5373922967521496
            ]
         }
      },
      {
         "round": 3,
         "train_metrics": {
            "train_loss": 0.3548166419451053,
            "train_acc": 0.946666677792867,
            "train_f1": 0.8888375186015838,
            "drift": 0.2578979719953601
         },
         "eval_metrics_client": {
            "loss": 0.3803933461507161,
            "accuracy": 0.9116666515668232,
            "f1": 0.8354897933371563
         },
         "eval_metrics_server": {
            "accuracy": 0.9399999976158142,
            "loss": 0.37067100405693054,
            "f1_score": 0.8883928571428572
         },
         "drift_metrics": {
            "drift_median": 0.23883185805979307,
            "drift_mean": 0.2578979719953601,
            "drift_max": 0.2992762434077088,
            "drift_min": 0.23558581451857835,
            "drift_per_client": [
               0.2992762434077088,
               0.23883185805979307,
               0.23558581451857835
            ]
         }
      },
      {
         "round": 4,
         "train_metrics": {
            "train_loss": 0.3691169119034058,
            "train_acc": 0.8966666460037231,
            "train_f1": 0.8172795369874222,
            "drift": 0.24888086044128793
         },
         "eval_metrics_client": {
            "loss": 0.3708532750606537,
            "accuracy": 0.9150000214576721,
            "f1": 0.8424150209317411
         },
         "eval_metrics_server": {
            "accuracy": 0.9350000023841858,
            "loss": 0.369874507188797,
            "f1_score": 0.8805970149253732
         },
         "drift_metrics": {
            "drift_median": 0.2013067158774531,
            "drift_mean": 0.2488808604412879,
            "drift_max": 0.39138436552727224,
            "drift_min": 0.15395149991913842,
            "drift_per_client": [
               0.2013067158774531,
               0.15395149991913842,
               0.39138436552727224
            ]
         }
      },
      {
         "round": 5,
         "train_metrics": {
            "train_loss": 0.3798967248354202,
            "train_acc": 0.8833333253860474,
            "train_f1": 0.7975852724085625,
            "drift": 0.268580424277738
         },
         "eval_metrics_client": {
            "loss": 0.37286727627118427,
            "accuracy": 0.9066666762034098,
            "f1": 0.8217594785482716
         },
         "eval_metrics_server": {
            "accuracy": 0.9350000023841858,
            "loss": 0.3691994547843933,
            "f1_score": 0.8805970149253732
         },
         "drift_metrics": {
            "drift_median": 0.2533999586806894,
            "drift_mean": 0.26858042427773804,
            "drift_max": 0.32334191543826785,
            "drift_min": 0.22899939871425684,
            "drift_per_client": [
               0.22899939871425684,
               0.32334191543826785,
               0.2533999586806894
            ]
         }
      },
      {
         "round": 6,
         "train_metrics": {
            "train_loss": 0.36162267243250823,
            "train_acc": 0.8999999960263569,
            "train_f1": 0.8371861313197663,
            "drift": 0.24700984876211252
         },
         "eval_metrics_client": {
            "loss": 0.37509459257125854,
            "accuracy": 0.9066666762034098,
            "f1": 0.8347507934551645
         },
         "eval_metrics_server": {
            "accuracy": 0.9350000023841858,
            "loss": 0.369411438703537,
            "f1_score": 0.8805970149253732
         },
         "drift_metrics": {
            "drift_median": 0.24008175119019226,
            "drift_mean": 0.24700984876211252,
            "drift_max": 0.3354695036092709,
            "drift_min": 0.1654782914868744,
            "drift_per_client": [
               0.1654782914868744,
               0.3354695036092709,
               0.24008175119019226
            ]
         }
      },
      {
         "round": 7,
         "train_metrics": {
            "train_loss": 0.34447354804246855,
            "train_acc": 0.9366666674613953,
            "train_f1": 0.8831043061317535,
            "drift": 0.18644385342759
         },
         "eval_metrics_client": {
            "loss": 0.38326514760653174,
            "accuracy": 0.9016666611035664,
            "f1": 0.8294330527517664
         },
         "eval_metrics_server": {
            "accuracy": 0.9399999976158142,
            "loss": 0.36951783299446106,
            "f1_score": 0.8883928571428572
         },
         "drift_metrics": {
            "drift_median": 0.16371608356800124,
            "drift_mean": 0.18644385342758998,
            "drift_max": 0.2758099351111412,
            "drift_min": 0.11980554160362757,
            "drift_per_client": [
               0.11980554160362757,
               0.16371608356800124,
               0.2758099351111412
            ]
         }
      },
      {
         "round": 8,
         "train_metrics": {
            "train_loss": 0.3523659862768955,
            "train_acc": 0.9266666571299235,
            "train_f1": 0.8374704580104272,
            "drift": 0.16272360366088107
         },
         "eval_metrics_client": {
            "loss": 0.37758719921112055,
            "accuracy": 0.9049999912579854,
            "f1": 0.8196814422292211
         },