{
   "info": {
      "strategy": "FedAvg",
      "seed": 1,
      "init_seed": 1,
      "sampling_seed": 1,
      "data_seed": 2,
      "fraction_train": 0.75,
      "fraction_evaluate": 0.75,
      "local_epochs": 2,
      "num_rounds": 10,
      "num_clients": 5,
      "eta_l": 0.3,
      "iid": false,
      "alpha": 1.8,
      "training_mode": "mitigated",
      "nshots": 1000,
      "model_type": "quantum",
      "base_pauli": 0.005,
      "base_readout": 0.005,
      "noise_scale": 0.002
   },
   "rounds": [
      {
         "round": 0,
         "train_metrics": {},
         "eval_metrics_client": {},
         "eval_metrics_server": {
            "accuracy": 0.6150000095367432,
            "loss": 0.6220965385437012,
            "f1_score": 0.548002700243609
         }
      },
      {
         "round": 1,
         "train_metrics": {
            "train_loss": 0.5074091929495259,
            "train_acc": 0.82051282395155,
            "train_f1": 0.7699901031278398,
            "drift": 0.9350791500365478
         },
         "eval_metrics_client": {
            "loss": 0.4945971568425496,
            "accuracy": 0.7833333412806193,
            "f1": 0.7492736293590114
         },
         "eval_metrics_server": {
            "accuracy": 0.7749999761581421,
            "loss": 0.525388240814209,
            "f1_score": 0.7224877432086584
         },
         "drift_metrics": {
            "drift_median": 0.9103975454288316,
            "drift_mean": 0.910079359609716,
            "drift_max": 1.0795255651368159,
            "drift_min": 0.7403149682635006,
            "drift_per_client": [
               0.7403149682635006,
               0.9103975454288316,
               1.0795255651368159
            ]
         }
      },
      {
         "round": 2,
         "train_metrics": {
            "train_loss": 0.4319079368417188,
            "train_acc": 0.8427672832267089,
            "train_f1": 0.7570588316242661,
            "drift": 0.8465808761774759
         },
         "eval_metrics_client": {
            "loss": 0.4285825888315836,
            "accuracy": 0.8433333237965901,
            "f1": 0.8022893824600121
         },
         "eval_metrics_server": {
            "accuracy": 0.8650000095367432,
            "loss": 0.4489213526248932,
            "f1_score": 0.813632441760138
         },
         "drift_metrics": {
            "drift_median": 0.8366016941049332,
            "drift_mean": 0.832755260430816,
            "drift_max": 0.9160467303342362,
            "drift_min": 0.7456173568532787,
            "drift_per_client": [
               0.7456173568532787,
               0.8366016941049332,
               0.9160467303342362
            ]
         }
      },
      {
         "round": 3,
         "train_metrics": {
            "train_loss": 0.41503278523465703,
            "train_acc": 0.8560885659443056,
            "train_f1": 0.7791542372249975,
            "drift": 0.5418023393759179
         },
         "eval_metrics_client": {
            "loss": 0.40744327505429584,
            "accuracy": 0.868333339691162,
            "f1": 0.8175508709951891
         },
         "eval_metrics_server": {
            "accuracy": 0.8600000143051147,
            "loss": 0.42072591185569763,
            "f1_score": 0.8023715415019763
         },
         "drift_metrics": {
            "drift_median": 0.4616122905367317,
            "drift_mean": 0.5072909347549664,
            "drift_max": 0.6380586174235628,
            "drift_min": 0.42220189630460475,
            "drift_per_client": [
               0.42220189630460475,
               0.4616122905367317,
               0.6380586174235628
            ]
         }
      },
      {
         "round": 4,
         "train_metrics": {
            "train_loss": 0.40080033630883993,
            "train_acc": 0.8927444934092861,
            "train_f1": 0.8224985363392305,
            "drift": 0.5927435261587709
         },
         "eval_metrics_client": {
            "loss": 0.40036529302597046,
            "accuracy": 0.8933333158493041,
            "f1": 0.8498612307480811
         },
         "eval_metrics_server": {
            "accuracy": 0.9300000071525574,
            "loss": 0.39411547780036926,
            "f1_score": 0.8862897985705003
         },
         "drift_metrics": {
            "drift_median": 0.5906792505190367,
            "drift_mean": 0.550497621213951,
            "drift_max": 0.6765725973154315,
            "drift_min": 0.38424101580738446,
            "drift_per_client": [
               0.38424101580738446,
               0.6765725973154315,
               0.5906792505190367
            ]
         }
      },
      {
         "round": 5,
         "train_metrics": {
            "train_loss": 0.3797146379453751,
            "train_acc": 0.9290780266548725,
            "train_f1": 0.9112957541461921,
            "drift": 0.44653700328908896
         },
         "eval_metrics_client": {
            "loss": 0.3939153452714284,
            "accuracy": 0.9383333325386047,
            "f1": 0.9010154989303784
         },
         "eval_metrics_server": {
            "accuracy": 0.9449999928474426,
            "loss": 0.38422492146492004,
            "f1_score": 0.9097435897435897
         },
         "drift_metrics": {
            "drift_median": 0.41743917135710884,
            "drift_mean": 0.420325817439253,
            "drift_max": 0.5193682750118126,
            "drift_min": 0.3241700059488376,
            "drift_per_client": [
               0.3241700059488376,
               0.41743917135710884,
               0.5193682750118126
            ]
         }
      },
      {
         "round": 6,
         "train_metrics": {
            "train_loss": 0.361406546171829,
            "train_acc": 0.9423077003313944,
            "train_f1": 0.9354401797951978,
            "drift": 0.3605778932462309
         },
         "eval_metrics_client": {
            "loss": 0.38429694374402357,
            "accuracy": 0.9366666674613953,
            "f1": 0.902610927848511
         },
         "eval_metrics_server": {
            "accuracy": 0.949999988079071,
            "loss": 0.3813278079032898,
            "f1_score": 0.917095009119549
         },
         "drift_metrics": {
            "drift_median": 0.359149621411069,
            "drift_mean": 0.350432426536239,
            "drift_max": 0.41602358524592087,
            "drift_min": 0.27612407295172725,
            "drift_per_client": [
               0.27612407295172725,
               0.359149621411069,
               0.41602358524592087
            ]
         }
      },
      {
         "round": 7,
         "train_metrics": {
            "train_loss": 0.33634682856158293,
            "train_acc": 0.9591194964804739,
            "train_f1": 0.8807826512204442,
            "drift": 0.3826670792389284
         },
         "eval_metrics_client": {
            "loss": 0.3717772265275319,
            "accuracy": 0.9216666420300801,
            "f1": 0.8693633226480818
         },
         "eval_metrics_server": {
            "accuracy": 0.9350000023841858,
            "loss": 0.3708343505859375,
            "f1_score": 0.8805970149253732
         },
         "drift_metrics": {
            "drift_median": 0.35957563795583347,
            "drift_mean": 0.35788386587387083,
            "drift_max": 0.5088896682718503,
            "drift_min": 0.2051862913939287,
            "drift_per_client": [
               0.2051862913939287,
               0.35957563795583347,
               0.5088896682718503
            ]
         }
      },
      {
         "round": 8,
         "train_metrics": {
            "train_loss": 0.3467033794231327,
            "train_acc": 0.9372693720338969,
            "train_f1": 0.8305712632788358,
            "drift": 0.23688076812374684
         },
         "eval_metrics_client": {
            "loss": 0.3670467933019002,
            "accuracy": 0.9283333222071329,
            "f1": 0.8771606203456992
         },