{
   "info": {
      "strategy": "FedAvg",
      "seed": 7,
      "init_seed": 7,
      "sampling_seed": 7,
      "data_seed": 2,
      "fraction_train": 0.75,
      "fraction_evaluate": 0.75,
      "local_epochs": 2,
      "num_rounds": 10,
      "num_clients": 5,
      "eta_l": 0.3,
      "iid": false,
      "alpha": 1.8,
      "training_mode": "mitigated",
      "nshots": 1000,
      "model_type": "quantum",
      "base_pauli": 0.005,
      "base_readout": 0.005,
      "noise_scale": 0.002
   },
   "rounds": [
      {
         "round": 0,
         "train_metrics": {},
         "eval_metrics_client": {},
         "eval_metrics_server": {
            "accuracy": 0.4950000047683716,
            "loss": 0.7266889214515686,
            "f1_score": 0.46807109940750496
         }
      },
      {
         "round": 1,
         "train_metrics": {
            "train_loss": 0.3980456261115554,
            "train_acc": 0.9308176173728967,
            "train_f1": 0.8783898108131476,
            "drift": 1.773451353572174
         },
         "eval_metrics_client": {
            "loss": 0.3744127253691355,
            "accuracy": 0.9166666666666666,
            "f1": 0.8864855770335537
         },
         "eval_metrics_server": {
            "accuracy": 0.9399999976158142,
            "loss": 0.38123345375061035,
            "f1_score": 0.90625
         },
         "drift_metrics": {
            "drift_median": 1.6432175783513523,
            "drift_mean": 1.7433492434264248,
            "drift_max": 1.968213035428486,
            "drift_min": 1.6186171164994354,
            "drift_per_client": [
               1.6432175783513523,
               1.6186171164994354,
               1.968213035428486
            ]
         }
      },
      {
         "round": 2,
         "train_metrics": {
            "train_loss": 0.30265740023290166,
            "train_acc": 0.9479166672875483,
            "train_f1": 0.8928109941294525,
            "drift": 0.6703742746572796
         },
         "eval_metrics_client": {
            "loss": 0.3348789314428965,
            "accuracy": 0.949999988079071,
            "f1": 0.9233773194838906
         },
         "eval_metrics_server": {
            "accuracy": 0.9649999737739563,
            "loss": 0.32883334159851074,
            "f1_score": 0.9425641025641025
         },
         "drift_metrics": {
            "drift_median": 0.7183392711181651,
            "drift_mean": 0.6096762980496182,
            "drift_max": 0.7605769996201643,
            "drift_min": 0.3501126234105251,
            "drift_per_client": [
               0.3501126234105251,
               0.7183392711181651,
               0.7605769996201643
            ]
         }
      },
      {
         "round": 3,
         "train_metrics": {
            "train_loss": 0.2997421126010086,
            "train_acc": 0.9397163141703775,
            "train_f1": 0.9178021216307308,
            "drift": 0.3969711659045592
         },
         "eval_metrics_client": {
            "loss": 0.3218517104784647,
            "accuracy": 0.9283333420753479,
            "f1": 0.8959105167638096
         },
         "eval_metrics_server": {
            "accuracy": 0.949999988079071,
            "loss": 0.3160998821258545,
            "f1_score": 0.9246534056660639
         },
         "drift_metrics": {
            "drift_median": 0.3525081390153893,
            "drift_mean": 0.3508170972064035,
            "drift_max": 0.5210272078361085,
            "drift_min": 0.1789159447677129,
            "drift_per_client": [
               0.1789159447677129,
               0.3525081390153893,
               0.5210272078361085
            ]
         }
      },
      {
         "round": 4,
         "train_metrics": {
            "train_loss": 0.30270732941162426,
            "train_acc": 0.9245283070600258,
            "train_f1": 0.9089597779664585,
            "drift": 0.23842094489676988
         },
         "eval_metrics_client": {
            "loss": 0.3180242379506429,
            "accuracy": 0.921666661898295,
            "f1": 0.8909331846086682
         },
         "eval_metrics_server": {
            "accuracy": 0.9399999976158142,
            "loss": 0.3146820366382599,
            "f1_score": 0.9111242778847578
         },
         "drift_metrics": {
            "drift_median": 0.2117428119098009,
            "drift_mean": 0.2102426933081382,
            "drift_max": 0.307903655320474,
            "drift_min": 0.11108161269413971,
            "drift_per_client": [
               0.11108161269413971,
               0.2117428119098009,
               0.307903655320474
            ]
         }
      },
      {
         "round": 5,
         "train_metrics": {
            "train_loss": 0.29649455574081324,
            "train_acc": 0.9221901933123124,
            "train_f1": 0.8847818984575819,
            "drift": 0.24766961022742523
         },
         "eval_metrics_client": {
            "loss": 0.29875544706980384,
            "accuracy": 0.9383333325386047,
            "f1": 0.9158557343058564
         },
         "eval_metrics_server": {
            "accuracy": 0.9399999976158142,
            "loss": 0.3096557557582855,
            "f1_score": 0.9095840867992766
         },
         "drift_metrics": {
            "drift_median": 0.21328664784836304,
            "drift_mean": 0.2388044605460613,
            "drift_max": 0.32053573599851143,
            "drift_min": 0.1825909977913094,
            "drift_per_client": [
               0.1825909977913094,
               0.21328664784836304,
               0.32053573599851143
            ]
         }
      },
      {
         "round": 6,
         "train_metrics": {
            "train_loss": 0.2773154953503819,
            "train_acc": 0.9402515650170404,
            "train_f1": 0.8846385782737456,
            "drift": 0.20155847670862936
         },
         "eval_metrics_client": {
            "loss": 0.29692232608795166,
            "accuracy": 0.9433333277702332,
            "f1": 0.9168790762216843
         },
         "eval_metrics_server": {
            "accuracy": 0.949999988079071,
            "loss": 0.3076532781124115,
            "f1_score": 0.921875
         },
         "drift_metrics": {
            "drift_median": 0.225995276900649,
            "drift_mean": 0.19452705789369848,
            "drift_max": 0.2298002222929104,
            "drift_min": 0.12778567448753597,
            "drift_per_client": [
               0.12778567448753597,
               0.2298002222929104,
               0.225995276900649
            ]
         }
      },
      {
         "round": 7,
         "train_metrics": {
            "train_loss": 0.28170982554065566,
            "train_acc": 0.9479166788773404,
            "train_f1": 0.8921802723534821,
            "drift": 0.1460207989726658
         },
         "eval_metrics_client": {
            "loss": 0.31753366192181903,
            "accuracy": 0.9449999928474426,
            "f1": 0.913910919938148
         },
         "eval_metrics_server": {
            "accuracy": 0.9549999833106995,
            "loss": 0.30677732825279236,
            "f1_score": 0.9290192830947592
         },
         "drift_metrics": {
            "drift_median": 0.13609941873945267,
            "drift_mean": 0.14556565081745096,
            "drift_max": 0.1648701976067643,
            "drift_min": 0.13572733610613594,
            "drift_per_client": [
               0.13572733610613594,
               0.1648701976067643,
               0.13609941873945267
            ]
         }
      },
      {
         "round": 8,
         "train_metrics": {
            "train_loss": 0.29871086568827465,
            "train_acc": 0.9290780207366809,
            "train_f1": 0.9025259889011978,
            "drift": 0.2424317470782782
         },
         "eval_metrics_client": {
            "loss": 0.3127553462982178,
            "accuracy": 0.9266666769981384,
            "f1": 0.8934277834280696
         },