{
    "0": {
        "loss_median": 0.6660793125629425,
        "loss_mad": 0.023947596549987793,
        "accuracy_median": 0.7924999892711639,
        "accuracy_mad": 0.027500003576278687,
        "f1_median": 0.45054945054945056,
        "f1_mad": 0.0014535728821443161
    },
    "1": {
        "loss_median": 0.45104920864105225,
        "loss_mad": 0.012639179825782776,
        "accuracy_median": 0.8199999928474426,
        "accuracy_mad": 0.0,
        "f1_median": 0.45054945054945056,
        "f1_mad": 0.0
    },
    "2": {
        "loss_median": 0.225261852145195,
        "loss_mad": 0.07927130162715912,
        "accuracy_median": 0.8899999856948853,
        "accuracy_mad": 0.06499999761581421,
        "f1_median": 0.8416402005433046,
        "f1_mad": 0.0812074953621954
    },
    "3": {
        "loss_median": 0.22005243599414825,
        "loss_mad": 0.07369842380285263,
        "accuracy_median": 0.8900000154972076,
        "accuracy_mad": 0.05750000476837158,
        "f1_median": 0.8403165960713124,
        "f1_mad": 0.0733810086844523
    },
    "4": {
        "loss_median": 0.20110633969306946,
        "loss_mad": 0.03223317116498947,
        "accuracy_median": 0.9074999988079071,
        "accuracy_mad": 0.015000015497207642,
        "f1_median": 0.8398255310691803,
        "f1_mad": 0.00850008892273696
    },
    "5": {
        "loss_median": 0.1744963824748993,
        "loss_mad": 0.02289094775915146,
        "accuracy_median": 0.9399999976158142,
        "accuracy_mad": 0.002499997615814209,
        "f1_median": 0.8897598471887395,
        "f1_mad": 0.010675366300366251
    },
    "6": {
        "loss_median": 0.16764987260103226,
        "loss_mad": 0.02332601696252823,
        "accuracy_median": 0.9375,
        "accuracy_mad": 0.02250000834465027,
        "f1_median": 0.8976533914460061,
        "f1_mad": 0.03207775621568726
    },
    "7": {
        "loss_median": 0.21628424525260925,
        "loss_mad": 0.07805274426937103,
        "accuracy_median": 0.9050000011920929,
        "accuracy_mad": 0.050000011920928955,
        "f1_median": 0.839217494843776,
        "f1_mad": 0.06117379998036232
    },
    "8": {
        "loss_median": 0.22870784997940063,
        "loss_mad": 0.09218281507492065,
        "accuracy_median": 0.9099999964237213,
        "accuracy_mad": 0.054999977350234985,
        "f1_median": 0.8628543994655182,
        "f1_mad": 0.07584694472643405
    },
    "9": {
        "loss_median": 0.20474915951490402,
        "loss_mad": 0.023099683225154877,
        "accuracy_median": 0.9074999988079071,
        "accuracy_mad": 0.02250000834465027,
        "f1_median": 0.841439656823709,
        "f1_mad": 0.03268621037407149
    },
    "10": {
        "loss_median": 0.18407107144594193,
        "loss_mad": 0.016893967986106873,
        "accuracy_median": 0.9399999976158142,
        "accuracy_mad": 0.009999990463256836,
        "f1_median": 0.8959192572480461,
        "f1_mad": 0.010937909186603867
    }
}