{
    "0": {
        "loss_median": 0.6660793125629425,
        "loss_mad": 0.023947596549987793,
        "accuracy_median": 0.7924999892711639,
        "accuracy_mad": 0.027500003576278687,
        "f1_median": 0.45054945054945056,
        "f1_mad": 0.0014535728821443161
    },
    "1": {
        "loss_median": 0.5316463112831116,
        "loss_mad": 0.030182451009750366,
        "accuracy_median": 0.8199999928474426,
        "accuracy_mad": 0.0,
        "f1_median": 0.45054945054945056,
        "f1_mad": 0.0
    },
    "2": {
        "loss_median": 0.45198772847652435,
        "loss_mad": 0.027041077613830566,
        "accuracy_median": 0.8199999928474426,
        "accuracy_mad": 0.0,
        "f1_median": 0.45054945054945056,
        "f1_mad": 0.0
    },
    "3": {
        "loss_median": 0.37226730585098267,
        "loss_mad": 0.05647049844264984,
        "accuracy_median": 0.8274999856948853,
        "accuracy_mad": 0.02249997854232788,
        "f1_median": 0.6073805047647047,
        "f1_mad": 0.1164074907207478
    },
    "4": {
        "loss_median": 0.32107098400592804,
        "loss_mad": 0.0715254694223404,
        "accuracy_median": 0.867499977350235,
        "accuracy_mad": 0.0350000262260437,
        "f1_median": 0.737259954653964,
        "f1_mad": 0.054011787299360514
    },
    "5": {
        "loss_median": 0.27280738949775696,
        "loss_mad": 0.0635516494512558,
        "accuracy_median": 0.8875000178813934,
        "accuracy_mad": 0.030000001192092896,
        "f1_median": 0.8132654092368004,
        "f1_mad": 0.02830297939573334
    },
    "6": {
        "loss_median": 0.23156223446130753,
        "loss_mad": 0.020426392555236816,
        "accuracy_median": 0.9099999964237213,
        "accuracy_mad": 0.015000015497207642,
        "f1_median": 0.8485050106275065,
        "f1_mad": 0.020983935352970384
    },
    "7": {
        "loss_median": 0.206580750644207,
        "loss_mad": 0.022101230919361115,
        "accuracy_median": 0.9300000071525574,
        "accuracy_mad": 0.004999995231628418,
        "f1_median": 0.8755958292879807,
        "f1_mad": 0.007212641833346245
    },
    "8": {
        "loss_median": 0.1923171579837799,
        "loss_mad": 0.052387312054634094,
        "accuracy_median": 0.9350000023841858,
        "accuracy_mad": 0.009999990463256836,
        "f1_median": 0.8818946277698071,
        "f1_mad": 0.014987016454147517
    },
    "9": {
        "loss_median": 0.19673475623130798,
        "loss_mad": 0.05964014679193497,
        "accuracy_median": 0.9424999952316284,
        "accuracy_mad": 0.012499988079071045,
        "f1_median": 0.8922205160492631,
        "f1_mad": 0.026613508515140105
    },
    "10": {
        "loss_median": 0.215011827647686,
        "loss_mad": 0.053722068667411804,
        "accuracy_median": 0.9300000071525574,
        "accuracy_mad": 0.017499983310699463,
        "f1_median": 0.8645659065305833,
        "f1_mad": 0.037978123076368275
    }
}