{
    "0": {
        "loss_median": 0.6660793125629425,
        "loss_mad": 0.023947596549987793,
        "accuracy_median": 0.7924999892711639,
        "accuracy_mad": 0.027500003576278687,
        "f1_median": 0.45054945054945056,
        "f1_mad": 0.0014535728821443161
    },
    "1": {
        "loss_median": 0.504442885518074,
        "loss_mad": 0.08033086359500885,
        "accuracy_median": 0.8199999928474426,
        "accuracy_mad": 0.0,
        "f1_median": 0.45054945054945056,
        "f1_mad": 0.0
    },
    "2": {
        "loss_median": 0.6885938346385956,
        "loss_mad": 0.24279175698757172,
        "accuracy_median": 0.7124999761581421,
        "accuracy_mad": 0.07500001788139343,
        "f1_median": 0.6243503871456627,
        "f1_mad": 0.08422839635414486
    },
    "3": {
        "loss_median": 0.3127555400133133,
        "loss_mad": 0.11308783292770386,
        "accuracy_median": 0.8774999976158142,
        "accuracy_mad": 0.050000011920928955,
        "f1_median": 0.8043381091482358,
        "f1_mad": 0.07812177896545142
    },
    "4": {
        "loss_median": 0.30972979962825775,
        "loss_mad": 0.07140874117612839,
        "accuracy_median": 0.8774999976158142,
        "accuracy_mad": 0.019999980926513672,
        "f1_median": 0.7824208576969627,
        "f1_mad": 0.03845825815975068
    },
    "5": {
        "loss_median": 0.16188842803239822,
        "loss_mad": 0.031257640570402145,
        "accuracy_median": 0.9449999928474426,
        "accuracy_mad": 0.014999985694885254,
        "f1_median": 0.8984613855253549,
        "f1_mad": 0.03403864109746457
    },
    "6": {
        "loss_median": 0.21827403455972672,
        "loss_mad": 0.019434429705142975,
        "accuracy_median": 0.9225000143051147,
        "accuracy_mad": 0.014999985694885254,
        "f1_median": 0.8595224955252495,
        "f1_mad": 0.020218725483360123
    },
    "7": {
        "loss_median": 0.1944979727268219,
        "loss_mad": 0.04998515546321869,
        "accuracy_median": 0.9175000190734863,
        "accuracy_mad": 0.02249997854232788,
        "f1_median": 0.8723968186581913,
        "f1_mad": 0.031140284825410813
    },
    "8": {
        "loss_median": 0.23611659556627274,
        "loss_mad": 0.02015642076730728,
        "accuracy_median": 0.9100000262260437,
        "accuracy_mad": 0.009999990463256836,
        "f1_median": 0.8478755202695447,
        "f1_mad": 0.02731012150343992
    },
    "9": {
        "loss_median": 0.15581736713647842,
        "loss_mad": 0.020862266421318054,
        "accuracy_median": 0.9449999928474426,
        "accuracy_mad": 0.007499992847442627,
        "f1_median": 0.9132457904491502,
        "f1_mad": 0.007086050520298759
    },
    "10": {
        "loss_median": 0.13896332681179047,
        "loss_mad": 0.0035266652703285217,
        "accuracy_median": 0.9474999904632568,
        "accuracy_mad": 0.004999995231628418,
        "f1_median": 0.9122981567949997,
        "f1_mad": 0.010167980057102066
    }
}