{
    "0": {
        "loss_median": 0.6660793125629425,
        "loss_mad": 0.023947596549987793,
        "accuracy_median": 0.7924999892711639,
        "accuracy_mad": 0.027500003576278687,
        "f1_median": 0.45054945054945056,
        "f1_mad": 0.0014535728821443161
    },
    "1": {
        "loss_median": 0.5473856031894684,
        "loss_mad": 0.039574116468429565,
        "accuracy_median": 0.8199999928474426,
        "accuracy_mad": 0.0,
        "f1_median": 0.45054945054945056,
        "f1_mad": 0.0
    },
    "2": {
        "loss_median": 0.5054912567138672,
        "loss_mad": 0.029645949602127075,
        "accuracy_median": 0.8199999928474426,
        "accuracy_mad": 0.0,
        "f1_median": 0.45054945054945056,
        "f1_mad": 0.0
    },
    "3": {
        "loss_median": 0.4742007702589035,
        "loss_mad": 0.025441214442253113,
        "accuracy_median": 0.8199999928474426,
        "accuracy_mad": 0.0,
        "f1_median": 0.45054945054945056,
        "f1_mad": 0.0
    },
    "4": {
        "loss_median": 0.4372161775827408,
        "loss_mad": 0.02924676239490509,
        "accuracy_median": 0.8199999928474426,
        "accuracy_mad": 0.0,
        "f1_median": 0.45054945054945056,
        "f1_mad": 0.0
    },
    "5": {
        "loss_median": 0.40453092753887177,
        "loss_mad": 0.02534860372543335,
        "accuracy_median": 0.8224999904632568,
        "accuracy_mad": 0.004999995231628418,
        "f1_median": 0.49224395680818,
        "f1_mad": 0.02756040121553352
    },
    "6": {
        "loss_median": 0.3715800344944,
        "loss_mad": 0.0276595801115036,
        "accuracy_median": 0.824999988079071,
        "accuracy_mad": 0.007499992847442627,
        "f1_median": 0.6069303195183751,
        "f1_mad": 0.10511941896428662
    },
    "7": {
        "loss_median": 0.3446497172117233,
        "loss_mad": 0.02679610252380371,
        "accuracy_median": 0.8549999892711639,
        "accuracy_mad": 0.04000002145767212,
        "f1_median": 0.7027563036483553,
        "f1_mad": 0.06827858797653041
    },
    "8": {
        "loss_median": 0.32253578305244446,
        "loss_mad": 0.02702854573726654,
        "accuracy_median": 0.8624999821186066,
        "accuracy_mad": 0.04500001668930054,
        "f1_median": 0.7234714021031292,
        "f1_mad": 0.0935813497098581
    },
    "9": {
        "loss_median": 0.3034197837114334,
        "loss_mad": 0.025794029235839844,
        "accuracy_median": 0.8649999797344208,
        "accuracy_mad": 0.04500001668930054,
        "f1_median": 0.7527915835800754,
        "f1_mad": 0.07621115437707049
    },
    "10": {
        "loss_median": 0.28432999551296234,
        "loss_mad": 0.021333247423171997,
        "accuracy_median": 0.9000000059604645,
        "accuracy_mad": 0.030000001192092896,
        "f1_median": 0.7829687526434215,
        "f1_mad": 0.0891219535577582
    }
}