{
    "0": {
        "loss_median": 0.6660793125629425,
        "loss_mad": 0.023947596549987793,
        "accuracy_median": 0.7924999892711639,
        "accuracy_mad": 0.027500003576278687,
        "f1_median": 0.45054945054945056,
        "f1_mad": 0.0014535728821443161
    },
    "1": {
        "loss_median": 0.4725113809108734,
        "loss_mad": 0.003959566354751587,
        "accuracy_median": 0.8199999928474426,
        "accuracy_mad": 0.0,
        "f1_median": 0.45054945054945056,
        "f1_mad": 0.0
    },
    "2": {
        "loss_median": 0.47487349808216095,
        "loss_mad": 0.0026268810033798218,
        "accuracy_median": 0.8199999928474426,
        "accuracy_mad": 0.0,
        "f1_median": 0.45054945054945056,
        "f1_mad": 0.0
    },
    "3": {
        "loss_median": 0.46708257496356964,
        "loss_mad": 0.008605241775512695,
        "accuracy_median": 0.8199999928474426,
        "accuracy_mad": 0.0,
        "f1_median": 0.45054945054945056,
        "f1_mad": 0.0
    },
    "4": {
        "loss_median": 0.43365803360939026,
        "loss_mad": 0.03589065372943878,
        "accuracy_median": 0.8199999928474426,
        "accuracy_mad": 0.0,
        "f1_median": 0.45054945054945056,
        "f1_mad": 0.0
    },
    "5": {
        "loss_median": 0.36507290601730347,
        "loss_mad": 0.08018968999385834,
        "accuracy_median": 0.8199999928474426,
        "accuracy_mad": 0.0,
        "f1_median": 0.45054945054945056,
        "f1_mad": 0.0
    },
    "6": {
        "loss_median": 0.26795658469200134,
        "loss_mad": 0.08332768082618713,
        "accuracy_median": 0.8949999809265137,
        "accuracy_mad": 0.0625,
        "f1_median": 0.7682618871643262,
        "f1_mad": 0.15874461148991553
    },
    "7": {
        "loss_median": 0.20485424995422363,
        "loss_mad": 0.04688941687345505,
        "accuracy_median": 0.9350000023841858,
        "accuracy_mad": 0.02249997854232788,
        "f1_median": 0.8939514150277671,
        "f1_mad": 0.03373737527038462
    },
    "8": {
        "loss_median": 0.17632082104682922,
        "loss_mad": 0.03697308152914047,
        "accuracy_median": 0.9449999928474426,
        "accuracy_mad": 0.017499983310699463,
        "f1_median": 0.9110966435586334,
        "f1_mad": 0.02641707539227356
    },
    "9": {
        "loss_median": 0.15468598157167435,
        "loss_mad": 0.028760060667991638,
        "accuracy_median": 0.9549999833106995,
        "accuracy_mad": 0.012500017881393433,
        "f1_median": 0.9258047461370555,
        "f1_mad": 0.018254191628804595
    },
    "10": {
        "loss_median": 0.14157726615667343,
        "loss_mad": 0.01600565016269684,
        "accuracy_median": 0.9574999809265137,
        "accuracy_mad": 0.007499992847442627,
        "f1_median": 0.9273856720130441,
        "f1_mad": 0.01396575859313065
    }
}