{
    "0": {
        "loss_median": 0.6660793125629425,
        "loss_mad": 0.023947596549987793,
        "accuracy_median": 0.7924999892711639,
        "accuracy_mad": 0.027500003576278687,
        "f1_median": 0.45054945054945056,
        "f1_mad": 0.0014535728821443161
    },
    "1": {
        "loss_median": 0.5469143688678741,
        "loss_mad": 0.024659007787704468,
        "accuracy_median": 0.8199999928474426,
        "accuracy_mad": 0.0,
        "f1_median": 0.45054945054945056,
        "f1_mad": 0.0
    },
    "2": {
        "loss_median": 0.5050316154956818,
        "loss_mad": 0.019989609718322754,
        "accuracy_median": 0.8199999928474426,
        "accuracy_mad": 0.0,
        "f1_median": 0.45054945054945056,
        "f1_mad": 0.0
    },
    "3": {
        "loss_median": 0.4763798266649246,
        "loss_mad": 0.013750925660133362,
        "accuracy_median": 0.8199999928474426,
        "accuracy_mad": 0.0,
        "f1_median": 0.45054945054945056,
        "f1_mad": 0.0
    },
    "4": {
        "loss_median": 0.4277559667825699,
        "loss_mad": 0.02968861162662506,
        "accuracy_median": 0.8199999928474426,
        "accuracy_mad": 0.0,
        "f1_median": 0.45054945054945056,
        "f1_mad": 0.0
    },
    "5": {
        "loss_median": 0.3915582746267319,
        "loss_mad": 0.03042292594909668,
        "accuracy_median": 0.8199999928474426,
        "accuracy_mad": 0.0,
        "f1_median": 0.4781098517649841,
        "f1_mad": 0.027560401215533548
    },
    "6": {
        "loss_median": 0.3657793253660202,
        "loss_mad": 0.025057166814804077,
        "accuracy_median": 0.8474999964237213,
        "accuracy_mad": 0.02000001072883606,
        "f1_median": 0.6572221126991034,
        "f1_mad": 0.036708375893769074
    },
    "7": {
        "loss_median": 0.34873203933238983,
        "loss_mad": 0.01940608024597168,
        "accuracy_median": 0.8700000047683716,
        "accuracy_mad": 0.019999980926513672,
        "f1_median": 0.7367424242424242,
        "f1_mad": 0.03152379229965441
    },
    "8": {
        "loss_median": 0.3287365287542343,
        "loss_mad": 0.02202436327934265,
        "accuracy_median": 0.8799999952316284,
        "accuracy_mad": 0.014999985694885254,
        "f1_median": 0.766509226141128,
        "f1_mad": 0.021893687707641163
    },
    "9": {
        "loss_median": 0.3075524568557739,
        "loss_mad": 0.02194035053253174,
        "accuracy_median": 0.8824999928474426,
        "accuracy_mad": 0.009999990463256836,
        "f1_median": 0.7737670379156447,
        "f1_mad": 0.030556137100388236
    },
    "10": {
        "loss_median": 0.2891496568918228,
        "loss_mad": 0.019514530897140503,
        "accuracy_median": 0.8949999809265137,
        "accuracy_mad": 0.012500017881393433,
        "f1_median": 0.79616992131358,
        "f1_mad": 0.010705270629301766
    }
}