{
    "0": {
        "loss_median": 0.6660793125629425,
        "loss_mad": 0.023947596549987793,
        "accuracy_median": 0.7924999892711639,
        "accuracy_mad": 0.027500003576278687,
        "f1_median": 0.45054945054945056,
        "f1_mad": 0.0014535728821443161
    },
    "1": {
        "loss_median": 0.550098180770874,
        "loss_mad": 0.025035887956619263,
        "accuracy_median": 0.8199999928474426,
        "accuracy_mad": 0.0,
        "f1_median": 0.45054945054945056,
        "f1_mad": 0.0
    },
    "2": {
        "loss_median": 0.508434534072876,
        "loss_mad": 0.021151185035705566,
        "accuracy_median": 0.8199999928474426,
        "accuracy_mad": 0.0,
        "f1_median": 0.45054945054945056,
        "f1_mad": 0.0
    },
    "3": {
        "loss_median": 0.4823318272829056,
        "loss_mad": 0.012314930558204651,
        "accuracy_median": 0.8199999928474426,
        "accuracy_mad": 0.0,
        "f1_median": 0.45054945054945056,
        "f1_mad": 0.0
    },
    "4": {
        "loss_median": 0.4355260580778122,
        "loss_mad": 0.027679726481437683,
        "accuracy_median": 0.8199999928474426,
        "accuracy_mad": 0.0,
        "f1_median": 0.45054945054945056,
        "f1_mad": 0.0
    },
    "5": {
        "loss_median": 0.39997366070747375,
        "loss_mad": 0.02922762930393219,
        "accuracy_median": 0.8199999928474426,
        "accuracy_mad": 0.0,
        "f1_median": 0.45054945054945056,
        "f1_mad": 0.0
    },
    "6": {
        "loss_median": 0.3744615167379379,
        "loss_mad": 0.024584665894508362,
        "accuracy_median": 0.8400000035762787,
        "accuracy_mad": 0.012500017881393433,
        "f1_median": 0.6239838341468846,
        "f1_mad": 0.04883704340130374
    },
    "7": {
        "loss_median": 0.35719357430934906,
        "loss_mad": 0.019261538982391357,
        "accuracy_median": 0.8600000143051147,
        "accuracy_mad": 0.012499988079071045,
        "f1_median": 0.6889404609475032,
        "f1_mad": 0.039033357511389866
    },
    "8": {
        "loss_median": 0.33833181858062744,
        "loss_mad": 0.020677179098129272,
        "accuracy_median": 0.875,
        "accuracy_mad": 0.019999980926513672,
        "f1_median": 0.7531633395832036,
        "f1_mad": 0.03359695285161124
    },
    "9": {
        "loss_median": 0.3174472153186798,
        "loss_mad": 0.02093026041984558,
        "accuracy_median": 0.875,
        "accuracy_mad": 0.007499992847442627,
        "f1_median": 0.7500742716927689,
        "f1_mad": 0.031276223776223855
    },
    "10": {
        "loss_median": 0.2991299629211426,
        "loss_mad": 0.018883198499679565,
        "accuracy_median": 0.8899999856948853,
        "accuracy_mad": 0.012500017881393433,
        "f1_median": 0.7780068222313979,
        "f1_mad": 0.007214925644050907
    }
}