{
    "0": {
        "loss_median": 0.6660793125629425,
        "loss_mad": 0.023947596549987793,
        "accuracy_median": 0.7924999892711639,
        "accuracy_mad": 0.027500003576278687,
        "f1_median": 0.45054945054945056,
        "f1_mad": 0.0014535728821443161
    },
    "1": {
        "loss_median": 0.5175252854824066,
        "loss_mad": 0.020790666341781616,
        "accuracy_median": 0.8199999928474426,
        "accuracy_mad": 0.0,
        "f1_median": 0.45054945054945056,
        "f1_mad": 0.0
    },
    "2": {
        "loss_median": 0.4476335644721985,
        "loss_mad": 0.017304137349128723,
        "accuracy_median": 0.8199999928474426,
        "accuracy_mad": 0.0,
        "f1_median": 0.45054945054945056,
        "f1_mad": 0.0
    },
    "3": {
        "loss_median": 0.37077274918556213,
        "loss_mad": 0.05407056212425232,
        "accuracy_median": 0.8199999928474426,
        "accuracy_mad": 0.004999995231628418,
        "f1_median": 0.49191682795220004,
        "f1_mad": 0.04136737740274951
    },
    "4": {
        "loss_median": 0.2936006635427475,
        "loss_mad": 0.05414971709251404,
        "accuracy_median": 0.8549999892711639,
        "accuracy_mad": 0.034999996423721313,
        "f1_median": 0.63003663003663,
        "f1_mad": 0.1794871794871795
    },
    "5": {
        "loss_median": 0.22705867886543274,
        "loss_mad": 0.03723417967557907,
        "accuracy_median": 0.9225000143051147,
        "accuracy_mad": 0.017499983310699463,
        "f1_median": 0.8523970352216165,
        "f1_mad": 0.04703607930249287
    },
    "6": {
        "loss_median": 0.1766265258193016,
        "loss_mad": 0.014576010406017303,
        "accuracy_median": 0.9424999952316284,
        "accuracy_mad": 0.002499997615814209,
        "f1_median": 0.8989667049368542,
        "f1_mad": 0.002738338883699065
    },
    "7": {
        "loss_median": 0.17270496487617493,
        "loss_mad": 0.018436677753925323,
        "accuracy_median": 0.9325000047683716,
        "accuracy_mad": 0.007499992847442627,
        "f1_median": 0.8755145913132276,
        "f1_mad": 0.02248603010457728
    },
    "8": {
        "loss_median": 0.18310286104679108,
        "loss_mad": 0.02035154402256012,
        "accuracy_median": 0.9275000095367432,
        "accuracy_mad": 0.012499988079071045,
        "f1_median": 0.8805134157281397,
        "f1_mad": 0.02366257093415569
    },
    "9": {
        "loss_median": 0.22102553397417068,
        "loss_mad": 0.06998343020677567,
        "accuracy_median": 0.9249999821186066,
        "accuracy_mad": 0.027500003576278687,
        "f1_median": 0.8647975045597744,
        "f1_mad": 0.05434372126625514
    },
    "10": {
        "loss_median": 0.26151449978351593,
        "loss_mad": 0.07110882550477982,
        "accuracy_median": 0.9025000035762787,
        "accuracy_mad": 0.015000015497207642,
        "f1_median": 0.8131085510459848,
        "f1_mad": 0.04783418383693783
    }
}