{
    "0": {
        "loss_median": 0.6660793125629425,
        "loss_mad": 0.023947596549987793,
        "accuracy_median": 0.7924999892711639,
        "accuracy_mad": 0.027500003576278687,
        "f1_median": 0.45054945054945056,
        "f1_mad": 0.0014535728821443161
    },
    "1": {
        "loss_median": 0.4623638540506363,
        "loss_mad": 0.004948243498802185,
        "accuracy_median": 0.8199999928474426,
        "accuracy_mad": 0.0,
        "f1_median": 0.45054945054945056,
        "f1_mad": 0.0
    },
    "2": {
        "loss_median": 0.4067806899547577,
        "loss_mad": 0.0423925518989563,
        "accuracy_median": 0.8425000011920929,
        "accuracy_mad": 0.02250000834465027,
        "f1_median": 0.6888447097000847,
        "f1_mad": 0.11409755709250269
    },
    "3": {
        "loss_median": 0.24430415779352188,
        "loss_mad": 0.03567127883434296,
        "accuracy_median": 0.9325000047683716,
        "accuracy_mad": 0.012499988079071045,
        "f1_median": 0.8831015268611064,
        "f1_mad": 0.010510349922103535
    },
    "4": {
        "loss_median": 0.18641473352909088,
        "loss_mad": 0.02377641201019287,
        "accuracy_median": 0.9424999952316284,
        "accuracy_mad": 0.014999985694885254,
        "f1_median": 0.903372331082863,
        "f1_mad": 0.01911689357813756
    },
    "5": {
        "loss_median": 0.1540457159280777,
        "loss_mad": 0.00637488067150116,
        "accuracy_median": 0.9474999904632568,
        "accuracy_mad": 0.009999990463256836,
        "f1_median": 0.9103842749963085,
        "f1_mad": 0.01819619330335215
    },
    "6": {
        "loss_median": 0.15932535380125046,
        "loss_mad": 0.031514041125774384,
        "accuracy_median": 0.9350000023841858,
        "accuracy_mad": 0.019999980926513672,
        "f1_median": 0.8971016577741916,
        "f1_mad": 0.024085784758318574
    },
    "7": {
        "loss_median": 0.16278094053268433,
        "loss_mad": 0.03445137292146683,
        "accuracy_median": 0.949999988079071,
        "accuracy_mad": 0.009999990463256836,
        "f1_median": 0.9154329360881739,
        "f1_mad": 0.012081260082738743
    },
    "8": {
        "loss_median": 0.15305812284350395,
        "loss_mad": 0.03156166896224022,
        "accuracy_median": 0.9375,
        "accuracy_mad": 0.019999980926513672,
        "f1_median": 0.8984651637367231,
        "f1_mad": 0.0294009157812839
    },
    "9": {
        "loss_median": 0.16620322316884995,
        "loss_mad": 0.0037939101457595825,
        "accuracy_median": 0.9424999952316284,
        "accuracy_mad": 0.012499988079071045,
        "f1_median": 0.910553693060877,
        "f1_mad": 0.014728042479908166
    },
    "10": {
        "loss_median": 0.11917554959654808,
        "loss_mad": 0.0026133060455322266,
        "accuracy_median": 0.9549999833106995,
        "accuracy_mad": 0.002499997615814209,
        "f1_median": 0.9236706443431781,
        "f1_mad": 0.006244282381564492
    }
}