{
    "0": {
        "loss_median": 0.6660793125629425,
        "loss_mad": 0.023947596549987793,
        "accuracy_median": 0.7924999892711639,
        "accuracy_mad": 0.027500003576278687,
        "f1_median": 0.45054945054945056,
        "f1_mad": 0.0014535728821443161
    },
    "1": {
        "loss_median": 0.5809597969055176,
        "loss_mad": 0.026118606328964233,
        "accuracy_median": 0.8199999928474426,
        "accuracy_mad": 0.0,
        "f1_median": 0.45054945054945056,
        "f1_mad": 0.0
    },
    "2": {
        "loss_median": 0.5165310204029083,
        "loss_mad": 0.02094489336013794,
        "accuracy_median": 0.8199999928474426,
        "accuracy_mad": 0.0,
        "f1_median": 0.45054945054945056,
        "f1_mad": 0.0
    },
    "3": {
        "loss_median": 0.47958528995513916,
        "loss_mad": 0.008289992809295654,
        "accuracy_median": 0.8199999928474426,
        "accuracy_mad": 0.0,
        "f1_median": 0.45054945054945056,
        "f1_mad": 0.0
    },
    "4": {
        "loss_median": 0.45385971665382385,
        "loss_mad": 0.010672017931938171,
        "accuracy_median": 0.8199999928474426,
        "accuracy_mad": 0.0,
        "f1_median": 0.45054945054945056,
        "f1_mad": 0.0
    },
    "5": {
        "loss_median": 0.42904384434223175,
        "loss_mad": 0.022835731506347656,
        "accuracy_median": 0.8199999928474426,
        "accuracy_mad": 0.0,
        "f1_median": 0.45054945054945056,
        "f1_mad": 0.0
    },
    "6": {
        "loss_median": 0.40301215648651123,
        "loss_mad": 0.03657831251621246,
        "accuracy_median": 0.8199999928474426,
        "accuracy_mad": 0.0,
        "f1_median": 0.45054945054945056,
        "f1_mad": 0.0
    },
    "7": {
        "loss_median": 0.36835877597332,
        "loss_mad": 0.054138973355293274,
        "accuracy_median": 0.8199999928474426,
        "accuracy_mad": 0.0,
        "f1_median": 0.45054945054945056,
        "f1_mad": 0.0
    },
    "8": {
        "loss_median": 0.3236287385225296,
        "loss_mad": 0.06770043075084686,
        "accuracy_median": 0.8325000107288361,
        "accuracy_mad": 0.012500017881393433,
        "f1_median": 0.5146625912982323,
        "f1_mad": 0.06411314074878177
    },
    "9": {
        "loss_median": 0.27557356655597687,
        "loss_mad": 0.05663137137889862,
        "accuracy_median": 0.8624999821186066,
        "accuracy_mad": 0.03749999403953552,
        "f1_median": 0.6421631897313655,
        "f1_mad": 0.16405333796638147
    },
    "10": {
        "loss_median": 0.23505766689777374,
        "loss_mad": 0.04698842763900757,
        "accuracy_median": 0.9149999916553497,
        "accuracy_mad": 0.034999996423721313,
        "f1_median": 0.8181080652792574,
        "f1_mad": 0.0960260534041033
    }
}