{
    "0": {
        "loss_median": 0.6660793125629425,
        "loss_mad": 0.023947596549987793,
        "accuracy_median": 0.7924999892711639,
        "accuracy_mad": 0.027500003576278687,
        "f1_median": 0.45054945054945056,
        "f1_mad": 0.0014535728821443161
    },
    "1": {
        "loss_median": 0.47206562757492065,
        "loss_mad": 0.0035558193922042847,
        "accuracy_median": 0.8199999928474426,
        "accuracy_mad": 0.0,
        "f1_median": 0.45054945054945056,
        "f1_mad": 0.0
    },
    "2": {
        "loss_median": 0.47471851110458374,
        "loss_mad": 0.0012739598751068115,
        "accuracy_median": 0.8199999928474426,
        "accuracy_mad": 0.0,
        "f1_median": 0.45054945054945056,
        "f1_mad": 0.0
    },
    "3": {
        "loss_median": 0.4576257914304733,
        "loss_mad": 0.01601143181324005,
        "accuracy_median": 0.8199999928474426,
        "accuracy_mad": 0.0,
        "f1_median": 0.45054945054945056,
        "f1_mad": 0.0
    },
    "4": {
        "loss_median": 0.39427347481250763,
        "loss_mad": 0.06560906767845154,
        "accuracy_median": 0.8199999928474426,
        "accuracy_mad": 0.0,
        "f1_median": 0.45054945054945056,
        "f1_mad": 0.0
    },
    "5": {
        "loss_median": 0.2842676639556885,
        "loss_mad": 0.08769381791353226,
        "accuracy_median": 0.875,
        "accuracy_mad": 0.047500014305114746,
        "f1_median": 0.7115054124380815,
        "f1_mad": 0.1565588462677467
    },
    "6": {
        "loss_median": 0.20439371466636658,
        "loss_mad": 0.04327875375747681,
        "accuracy_median": 0.9474999904632568,
        "accuracy_mad": 0.012499988079071045,
        "f1_median": 0.9103492962987747,
        "f1_mad": 0.02262376725113935
    },
    "7": {
        "loss_median": 0.17660551518201828,
        "loss_mad": 0.032171376049518585,
        "accuracy_median": 0.9449999928474426,
        "accuracy_mad": 0.012499988079071045,
        "f1_median": 0.9098775179103917,
        "f1_mad": 0.01781127238775998
    },
    "8": {
        "loss_median": 0.16319634020328522,
        "loss_mad": 0.03365948051214218,
        "accuracy_median": 0.9474999904632568,
        "accuracy_mad": 0.012499988079071045,
        "f1_median": 0.9158131166821943,
        "f1_mad": 0.017149548212237686
    },
    "9": {
        "loss_median": 0.14613109827041626,
        "loss_mad": 0.02647857367992401,
        "accuracy_median": 0.9575000107288361,
        "accuracy_mad": 0.015000015497207642,
        "f1_median": 0.9297977564231434,
        "f1_mad": 0.022335840528527884
    },
    "10": {
        "loss_median": 0.13643332570791245,
        "loss_mad": 0.014979910105466843,
        "accuracy_median": 0.9549999833106995,
        "accuracy_mad": 0.007500022649765015,
        "f1_median": 0.9236706443431781,
        "f1_mad": 0.013999774668704279
    }
}