{
    "0": {
        "loss_median": 0.6660793125629425,
        "loss_mad": 0.023947596549987793,
        "accuracy_median": 0.7924999892711639,
        "accuracy_mad": 0.027500003576278687,
        "f1_median": 0.45054945054945056,
        "f1_mad": 0.0014535728821443161
    },
    "1": {
        "loss_median": 0.47865018248558044,
        "loss_mad": 0.0064233094453811646,
        "accuracy_median": 0.8199999928474426,
        "accuracy_mad": 0.0,
        "f1_median": 0.45054945054945056,
        "f1_mad": 0.0
    },
    "2": {
        "loss_median": 0.47585535049438477,
        "loss_mad": 0.00538007915019989,
        "accuracy_median": 0.8199999928474426,
        "accuracy_mad": 0.0,
        "f1_median": 0.45054945054945056,
        "f1_mad": 0.0
    },
    "3": {
        "loss_median": 0.477953776717186,
        "loss_mad": 0.0008687824010848999,
        "accuracy_median": 0.8199999928474426,
        "accuracy_mad": 0.0,
        "f1_median": 0.45054945054945056,
        "f1_mad": 0.0
    },
    "4": {
        "loss_median": 0.4697549641132355,
        "loss_mad": 0.007422402501106262,
        "accuracy_median": 0.8199999928474426,
        "accuracy_mad": 0.0,
        "f1_median": 0.45054945054945056,
        "f1_mad": 0.0
    },
    "5": {
        "loss_median": 0.46434321999549866,
        "loss_mad": 0.008883029222488403,
        "accuracy_median": 0.8199999928474426,
        "accuracy_mad": 0.0,
        "f1_median": 0.45054945054945056,
        "f1_mad": 0.0
    },
    "6": {
        "loss_median": 0.45713232457637787,
        "loss_mad": 0.010190710425376892,
        "accuracy_median": 0.8199999928474426,
        "accuracy_mad": 0.0,
        "f1_median": 0.45054945054945056,
        "f1_mad": 0.0
    },
    "7": {
        "loss_median": 0.4461122304201126,
        "loss_mad": 0.020406216382980347,
        "accuracy_median": 0.8199999928474426,
        "accuracy_mad": 0.0,
        "f1_median": 0.45054945054945056,
        "f1_mad": 0.0
    },
    "8": {
        "loss_median": 0.4161054641008377,
        "loss_mad": 0.04757757484912872,
        "accuracy_median": 0.8199999928474426,
        "accuracy_mad": 0.0,
        "f1_median": 0.45054945054945056,
        "f1_mad": 0.0
    },
    "9": {
        "loss_median": 0.3654261380434036,
        "loss_mad": 0.08637592196464539,
        "accuracy_median": 0.8199999928474426,
        "accuracy_mad": 0.0,
        "f1_median": 0.45054945054945056,
        "f1_mad": 0.0
    },
    "10": {
        "loss_median": 0.3132490739226341,
        "loss_mad": 0.10886745154857635,
        "accuracy_median": 0.867499977350235,
        "accuracy_mad": 0.04249998927116394,
        "f1_median": 0.6495237241739085,
        "f1_mad": 0.1714138724089244
    }
}