{
    "0": {
        "loss_median": 0.6660793125629425,
        "loss_mad": 0.023947596549987793,
        "accuracy_median": 0.7924999892711639,
        "accuracy_mad": 0.027500003576278687,
        "f1_median": 0.45054945054945056,
        "f1_mad": 0.0014535728821443161
    },
    "1": {
        "loss_median": 0.43867649137973785,
        "loss_mad": 0.021100997924804688,
        "accuracy_median": 0.8199999928474426,
        "accuracy_mad": 0.002499997615814209,
        "f1_median": 0.46247196939717716,
        "f1_mad": 0.011922518847726604
    },
    "2": {
        "loss_median": 0.24313096702098846,
        "loss_mad": 0.10067304223775864,
        "accuracy_median": 0.887499988079071,
        "accuracy_mad": 0.06499999761581421,
        "f1_median": 0.8390842880375647,
        "f1_mad": 0.0789768746805346
    },
    "3": {
        "loss_median": 0.2080397829413414,
        "loss_mad": 0.06795670092105865,
        "accuracy_median": 0.9050000011920929,
        "accuracy_mad": 0.054999977350234985,
        "f1_median": 0.861924060485744,
        "f1_mad": 0.06870262452039722
    },
    "4": {
        "loss_median": 0.22446373850107193,
        "loss_mad": 0.029991254210472107,
        "accuracy_median": 0.8999999761581421,
        "accuracy_mad": 0.014999985694885254,
        "f1_median": 0.836600732511597,
        "f1_mad": 0.011724887480320412
    },
    "5": {
        "loss_median": 0.18054936826229095,
        "loss_mad": 0.014912933111190796,
        "accuracy_median": 0.9350000023841858,
        "accuracy_mad": 0.004999995231628418,
        "f1_median": 0.8790672889614384,
        "f1_mad": 0.016103013373043096
    },
    "6": {
        "loss_median": 0.17507869750261307,
        "loss_mad": 0.024289213120937347,
        "accuracy_median": 0.9424999952316284,
        "accuracy_mad": 0.007499992847442627,
        "f1_median": 0.8937955312722105,
        "f1_mad": 0.014337674718405746
    },
    "7": {
        "loss_median": 0.19769956171512604,
        "loss_mad": 0.06061939895153046,
        "accuracy_median": 0.9174999892711639,
        "accuracy_mad": 0.03749999403953552,
        "f1_median": 0.8580351374308419,
        "f1_mad": 0.061287169951167064
    },
    "8": {
        "loss_median": 0.20706115663051605,
        "loss_mad": 0.0472244992852211,
        "accuracy_median": 0.9174999892711639,
        "accuracy_mad": 0.02250000834465027,
        "f1_median": 0.8597607404205702,
        "f1_mad": 0.03128189651372165
    },
    "9": {
        "loss_median": 0.20368989557027817,
        "loss_mad": 0.021043255925178528,
        "accuracy_median": 0.9149999916553497,
        "accuracy_mad": 0.015000015497207642,
        "f1_median": 0.8338228885100919,
        "f1_mad": 0.045259620126637146
    },
    "10": {
        "loss_median": 0.18470016866922379,
        "loss_mad": 0.022732891142368317,
        "accuracy_median": 0.9424999952316284,
        "accuracy_mad": 0.009999990463256836,
        "f1_median": 0.9012273120970877,
        "f1_mad": 0.010937909186603811
    }
}