{
    "0": {
        "loss_median": 0.6660793125629425,
        "loss_mad": 0.023947596549987793,
        "accuracy_median": 0.7924999892711639,
        "accuracy_mad": 0.027500003576278687,
        "f1_median": 0.45054945054945056,
        "f1_mad": 0.0014535728821443161
    },
    "1": {
        "loss_median": 0.42055800557136536,
        "loss_mad": 0.03170016407966614,
        "accuracy_median": 0.8199999928474426,
        "accuracy_mad": 0.009999990463256836,
        "f1_median": 0.47963483335627777,
        "f1_mad": 0.02908538280682721
    },
    "2": {
        "loss_median": 0.24364355951547623,
        "loss_mad": 0.10390570759773254,
        "accuracy_median": 0.8899999856948853,
        "accuracy_mad": 0.06999999284744263,
        "f1_median": 0.8476202719647086,
        "f1_mad": 0.08629453903984308
    },
    "3": {
        "loss_median": 0.2121005579829216,
        "loss_mad": 0.03758644312620163,
        "accuracy_median": 0.8950000107288361,
        "accuracy_mad": 0.02000001072883606,
        "f1_median": 0.8390825770200108,
        "f1_mad": 0.02730015654193818
    },
    "4": {
        "loss_median": 0.2584507018327713,
        "loss_mad": 0.05404408276081085,
        "accuracy_median": 0.8925000131130219,
        "accuracy_mad": 0.02000001072883606,
        "f1_median": 0.8430981528187558,
        "f1_mad": 0.026224203107144017
    },
    "5": {
        "loss_median": 0.18925846368074417,
        "loss_mad": 0.02197079360485077,
        "accuracy_median": 0.9350000023841858,
        "accuracy_mad": 0.009999990463256836,
        "f1_median": 0.8795745278766124,
        "f1_mad": 0.02210320538678745
    },
    "6": {
        "loss_median": 0.15097840130329132,
        "loss_mad": 0.006671719253063202,
        "accuracy_median": 0.9524999856948853,
        "accuracy_mad": 0.007499992847442627,
        "f1_median": 0.916617888764695,
        "f1_mad": 0.011655195888754466
    },
    "7": {
        "loss_median": 0.2827545180916786,
        "loss_mad": 0.11802766472101212,
        "accuracy_median": 0.875,
        "accuracy_mad": 0.06000000238418579,
        "f1_median": 0.8112577908314733,
        "f1_mad": 0.06431223862985652
    },
    "8": {
        "loss_median": 0.26509901881217957,
        "loss_mad": 0.06874217092990875,
        "accuracy_median": 0.8799999952316284,
        "accuracy_mad": 0.03749999403953552,
        "f1_median": 0.8159317356817722,
        "f1_mad": 0.03123798396724997
    },
    "9": {
        "loss_median": 0.21430841833353043,
        "loss_mad": 0.02591215819120407,
        "accuracy_median": 0.9025000035762787,
        "accuracy_mad": 0.025000005960464478,
        "f1_median": 0.8327686805947676,
        "f1_mad": 0.03232873143327342
    },
    "10": {
        "loss_median": 0.18208187818527222,
        "loss_mad": 0.014552600681781769,
        "accuracy_median": 0.9275000095367432,
        "accuracy_mad": 0.009999990463256836,
        "f1_median": 0.8722219515985739,
        "f1_mad": 0.016816419940874516
    }
}