{
    "0": {
        "loss_median": 0.6660793125629425,
        "loss_mad": 0.023947596549987793,
        "accuracy_median": 0.7924999892711639,
        "accuracy_mad": 0.027500003576278687,
        "f1_median": 0.45054945054945056,
        "f1_mad": 0.0014535728821443161
    },
    "1": {
        "loss_median": 0.4656466841697693,
        "loss_mad": 0.0036989599466323853,
        "accuracy_median": 0.8199999928474426,
        "accuracy_mad": 0.0,
        "f1_median": 0.45054945054945056,
        "f1_mad": 0.0
    },
    "2": {
        "loss_median": 0.24202264845371246,
        "loss_mad": 0.07596578449010849,
        "accuracy_median": 0.9224999845027924,
        "accuracy_mad": 0.047500014305114746,
        "f1_median": 0.882603836383326,
        "f1_mad": 0.06412912830204148
    },
    "3": {
        "loss_median": 0.19132757931947708,
        "loss_mad": 0.05115741491317749,
        "accuracy_median": 0.9124999940395355,
        "accuracy_mad": 0.03999999165534973,
        "f1_median": 0.868461778045434,
        "f1_mad": 0.051145899522271554
    },
    "4": {
        "loss_median": 0.21477311104536057,
        "loss_mad": 0.0621626079082489,
        "accuracy_median": 0.9099999964237213,
        "accuracy_mad": 0.027500003576278687,
        "f1_median": 0.8565766921433839,
        "f1_mad": 0.021734069271293677
    },
    "5": {
        "loss_median": 0.17584628611803055,
        "loss_mad": 0.02570202201604843,
        "accuracy_median": 0.9350000023841858,
        "accuracy_mad": 0.004999995231628418,
        "f1_median": 0.8904689264554437,
        "f1_mad": 0.007750574914754005
    },
    "6": {
        "loss_median": 0.14263245463371277,
        "loss_mad": 0.0023831650614738464,
        "accuracy_median": 0.9449999928474426,
        "accuracy_mad": 0.009999990463256836,
        "f1_median": 0.9064687480195082,
        "f1_mad": 0.01933599811754738
    },
    "7": {
        "loss_median": 0.18200906366109848,
        "loss_mad": 0.05588570237159729,
        "accuracy_median": 0.9249999821186066,
        "accuracy_mad": 0.034999996423721313,
        "f1_median": 0.8742325093233092,
        "f1_mad": 0.05446865189074457
    },
    "8": {
        "loss_median": 0.19567060470581055,
        "loss_mad": 0.04677590727806091,
        "accuracy_median": 0.9050000011920929,
        "accuracy_mad": 0.025000005960464478,
        "f1_median": 0.8464646643657925,
        "f1_mad": 0.029466364211003848
    },
    "9": {
        "loss_median": 0.16361860930919647,
        "loss_mad": 0.014852926135063171,
        "accuracy_median": 0.9225000143051147,
        "accuracy_mad": 0.012499988079071045,
        "f1_median": 0.8678804855275444,
        "f1_mad": 0.009803921568627416
    },
    "10": {
        "loss_median": 0.15549584478139877,
        "loss_mad": 0.013829007744789124,
        "accuracy_median": 0.9375,
        "accuracy_mad": 0.004999995231628418,
        "f1_median": 0.8942995675190815,
        "f1_mad": 0.00391993385111622
    }
}