{
    "0": {
        "loss_median": 0.6660793125629425,
        "loss_mad": 0.023947596549987793,
        "accuracy_median": 0.7924999892711639,
        "accuracy_mad": 0.027500003576278687,
        "f1_median": 0.45054945054945056,
        "f1_mad": 0.0014535728821443161
    },
    "1": {
        "loss_median": 0.5739841759204865,
        "loss_mad": 0.02692282199859619,
        "accuracy_median": 0.8199999928474426,
        "accuracy_mad": 0.0,
        "f1_median": 0.45054945054945056,
        "f1_mad": 0.0
    },
    "2": {
        "loss_median": 0.49664178490638733,
        "loss_mad": 0.02176991105079651,
        "accuracy_median": 0.8199999928474426,
        "accuracy_mad": 0.0,
        "f1_median": 0.45054945054945056,
        "f1_mad": 0.0
    },
    "3": {
        "loss_median": 0.448294922709465,
        "loss_mad": 0.018198177218437195,
        "accuracy_median": 0.8199999928474426,
        "accuracy_mad": 0.0,
        "f1_median": 0.45054945054945056,
        "f1_mad": 0.0
    },
    "4": {
        "loss_median": 0.38318687677383423,
        "loss_mad": 0.04282310605049133,
        "accuracy_median": 0.8199999928474426,
        "accuracy_mad": 0.012499988079071045,
        "f1_median": 0.4868887726030583,
        "f1_mad": 0.036339322053607764
    },
    "5": {
        "loss_median": 0.3185073137283325,
        "loss_mad": 0.05610694736242294,
        "accuracy_median": 0.8449999988079071,
        "accuracy_mad": 0.025000005960464478,
        "f1_median": 0.6043669871794872,
        "f1_mad": 0.15381753663003667
    },
    "6": {
        "loss_median": 0.2573544681072235,
        "loss_mad": 0.04263843595981598,
        "accuracy_median": 0.887499988079071,
        "accuracy_mad": 0.03749999403953552,
        "f1_median": 0.7766820503889469,
        "f1_mad": 0.10263917581170967
    },
    "7": {
        "loss_median": 0.21700698137283325,
        "loss_mad": 0.03572170436382294,
        "accuracy_median": 0.9050000011920929,
        "accuracy_mad": 0.030000001192092896,
        "f1_median": 0.8414404223227752,
        "f1_mad": 0.03476438730929754
    },
    "8": {
        "loss_median": 0.19091413170099258,
        "loss_mad": 0.021367356181144714,
        "accuracy_median": 0.925000011920929,
        "accuracy_mad": 0.014999985694885254,
        "f1_median": 0.8763844936708861,
        "f1_mad": 0.01337535351785335
    },
    "9": {
        "loss_median": 0.19083748757839203,
        "loss_mad": 0.004860512912273407,
        "accuracy_median": 0.9275000095367432,
        "accuracy_mad": 0.009999990463256836,
        "f1_median": 0.8693223559258998,
        "f1_mad": 0.0063983600905115345
    },
    "10": {
        "loss_median": 0.18007291108369827,
        "loss_mad": 0.02475491166114807,
        "accuracy_median": 0.925000011920929,
        "accuracy_mad": 0.02000001072883606,
        "f1_median": 0.8763431690260959,
        "f1_mad": 0.042625530075898754
    }
}