{
    "0": {
        "loss_median": 0.6660793125629425,
        "loss_mad": 0.023947596549987793,
        "accuracy_median": 0.7924999892711639,
        "accuracy_mad": 0.027500003576278687,
        "f1_median": 0.45054945054945056,
        "f1_mad": 0.0014535728821443161
    },
    "1": {
        "loss_median": 0.5135190188884735,
        "loss_mad": 0.01631668210029602,
        "accuracy_median": 0.8199999928474426,
        "accuracy_mad": 0.0,
        "f1_median": 0.45054945054945056,
        "f1_mad": 0.0
    },
    "2": {
        "loss_median": 0.46179528534412384,
        "loss_mad": 0.030127331614494324,
        "accuracy_median": 0.8199999928474426,
        "accuracy_mad": 0.015000015497207642,
        "f1_median": 0.5257535760329056,
        "f1_mad": 0.07520412548345509
    },
    "3": {
        "loss_median": 0.5675992965698242,
        "loss_mad": 0.07574763894081116,
        "accuracy_median": 0.7299999892711639,
        "accuracy_mad": 0.03999999165534973,
        "f1_median": 0.6636731514146325,
        "f1_mad": 0.04193642766345412
    },
    "4": {
        "loss_median": 0.42182475328445435,
        "loss_mad": 0.07624378800392151,
        "accuracy_median": 0.8600000143051147,
        "accuracy_mad": 0.025000005960464478,
        "f1_median": 0.7335932820638806,
        "f1_mad": 0.1009286248245716
    },
    "5": {
        "loss_median": 0.5480484515428543,
        "loss_mad": 0.13159316778182983,
        "accuracy_median": 0.8199999928474426,
        "accuracy_mad": 0.03749999403953552,
        "f1_median": 0.682623940554975,
        "f1_mad": 0.07939190303174337
    },
    "6": {
        "loss_median": 0.4000402241945267,
        "loss_mad": 0.058437421917915344,
        "accuracy_median": 0.8449999988079071,
        "accuracy_mad": 0.027500003576278687,
        "f1_median": 0.7550151640474221,
        "f1_mad": 0.06589384471737414
    },
    "7": {
        "loss_median": 0.2251398116350174,
        "loss_mad": 0.03236566483974457,
        "accuracy_median": 0.9025000035762787,
        "accuracy_mad": 0.03999999165534973,
        "f1_median": 0.8102534901677712,
        "f1_mad": 0.08494656128598743
    },
    "8": {
        "loss_median": 0.39057646691799164,
        "loss_mad": 0.04594056308269501,
        "accuracy_median": 0.8700000047683716,
        "accuracy_mad": 0.012499988079071045,
        "f1_median": 0.7822666598995076,
        "f1_mad": 0.03716862068382143
    },
    "9": {
        "loss_median": 0.26536747068166733,
        "loss_mad": 0.059398800134658813,
        "accuracy_median": 0.9025000035762787,
        "accuracy_mad": 0.025000005960464478,
        "f1_median": 0.8159429098849642,
        "f1_mad": 0.04592422502870275
    },
    "10": {
        "loss_median": 0.3308940604329109,
        "loss_mad": 0.1333289071917534,
        "accuracy_median": 0.9000000059604645,
        "accuracy_mad": 0.02000001072883606,
        "f1_median": 0.8213869042989367,
        "f1_mad": 0.02780593978897261
    }
}