{
    "0": {
        "loss_median": 0.6660793125629425,
        "loss_mad": 0.023947596549987793,
        "accuracy_median": 0.7924999892711639,
        "accuracy_mad": 0.027500003576278687,
        "f1_median": 0.45054945054945056,
        "f1_mad": 0.0014535728821443161
    },
    "1": {
        "loss_median": 0.532334953546524,
        "loss_mad": 0.024357706308364868,
        "accuracy_median": 0.8199999928474426,
        "accuracy_mad": 0.0,
        "f1_median": 0.45054945054945056,
        "f1_mad": 0.0
    },
    "2": {
        "loss_median": 0.4730217903852463,
        "loss_mad": 0.0037236064672470093,
        "accuracy_median": 0.8199999928474426,
        "accuracy_mad": 0.0,
        "f1_median": 0.45054945054945056,
        "f1_mad": 0.0
    },
    "3": {
        "loss_median": 0.45352447032928467,
        "loss_mad": 0.019238397479057312,
        "accuracy_median": 0.8199999928474426,
        "accuracy_mad": 0.0,
        "f1_median": 0.45054945054945056,
        "f1_mad": 0.0
    },
    "4": {
        "loss_median": 0.418907105922699,
        "loss_mad": 0.03631401062011719,
        "accuracy_median": 0.8199999928474426,
        "accuracy_mad": 0.0,
        "f1_median": 0.45054945054945056,
        "f1_mad": 0.0
    },
    "5": {
        "loss_median": 0.3409266471862793,
        "loss_mad": 0.05782847851514816,
        "accuracy_median": 0.8199999928474426,
        "accuracy_mad": 0.0,
        "f1_median": 0.45054945054945056,
        "f1_mad": 0.0
    },
    "6": {
        "loss_median": 0.25676779448986053,
        "loss_mad": 0.03335113078355789,
        "accuracy_median": 0.8974999785423279,
        "accuracy_mad": 0.01750001311302185,
        "f1_median": 0.8123603472286958,
        "f1_mad": 0.04189421126540804
    },
    "7": {
        "loss_median": 0.2374611496925354,
        "loss_mad": 0.015623696148395538,
        "accuracy_median": 0.9099999964237213,
        "accuracy_mad": 0.007500022649765015,
        "f1_median": 0.8606757227446882,
        "f1_mad": 0.00982784590980501
    },
    "8": {
        "loss_median": 0.21348965167999268,
        "loss_mad": 0.024750404059886932,
        "accuracy_median": 0.9150000214576721,
        "accuracy_mad": 0.007499992847442627,
        "f1_median": 0.8659830884695014,
        "f1_mad": 0.007474747078044575
    },
    "9": {
        "loss_median": 0.20729775726795197,
        "loss_mad": 0.03322809189558029,
        "accuracy_median": 0.9225000143051147,
        "accuracy_mad": 0.019999980926513672,
        "f1_median": 0.8772260936895083,
        "f1_mad": 0.024085784758318574
    },
    "10": {
        "loss_median": 0.20576161891222,
        "loss_mad": 0.01850191503763199,
        "accuracy_median": 0.9175000190734863,
        "accuracy_mad": 0.014999985694885254,
        "f1_median": 0.8652938766003776,
        "f1_mad": 0.014592410794025068
    }
}