{
    "0": {
        "loss_median": 0.6660793125629425,
        "loss_mad": 0.023947596549987793,
        "accuracy_median": 0.7924999892711639,
        "accuracy_mad": 0.027500003576278687,
        "f1_median": 0.45054945054945056,
        "f1_mad": 0.0014535728821443161
    },
    "1": {
        "loss_median": 0.546899139881134,
        "loss_mad": 0.025195807218551636,
        "accuracy_median": 0.8199999928474426,
        "accuracy_mad": 0.0,
        "f1_median": 0.45054945054945056,
        "f1_mad": 0.0
    },
    "2": {
        "loss_median": 0.4781486690044403,
        "loss_mad": 0.009253889322280884,
        "accuracy_median": 0.8199999928474426,
        "accuracy_mad": 0.0,
        "f1_median": 0.45054945054945056,
        "f1_mad": 0.0
    },
    "3": {
        "loss_median": 0.4516029804944992,
        "loss_mad": 0.015762194991111755,
        "accuracy_median": 0.8199999928474426,
        "accuracy_mad": 0.0,
        "f1_median": 0.45054945054945056,
        "f1_mad": 0.0
    },
    "4": {
        "loss_median": 0.4224081039428711,
        "loss_mad": 0.03342659771442413,
        "accuracy_median": 0.8199999928474426,
        "accuracy_mad": 0.0,
        "f1_median": 0.45054945054945056,
        "f1_mad": 0.0
    },
    "5": {
        "loss_median": 0.36123110353946686,
        "loss_mad": 0.06277047097682953,
        "accuracy_median": 0.8199999928474426,
        "accuracy_mad": 0.0,
        "f1_median": 0.45054945054945056,
        "f1_mad": 0.0
    },
    "6": {
        "loss_median": 0.26900477707386017,
        "loss_mad": 0.03748013824224472,
        "accuracy_median": 0.8549999892711639,
        "accuracy_mad": 0.034999996423721313,
        "f1_median": 0.5995604395604396,
        "f1_mad": 0.14901098901098905
    },
    "7": {
        "loss_median": 0.2285918965935707,
        "loss_mad": 0.01948940008878708,
        "accuracy_median": 0.925000011920929,
        "accuracy_mad": 0.02249997854232788,
        "f1_median": 0.8813750569693762,
        "f1_mad": 0.027473088591546957
    },
    "8": {
        "loss_median": 0.2069009691476822,
        "loss_mad": 0.010761462152004242,
        "accuracy_median": 0.925000011920929,
        "accuracy_mad": 0.007499992847442627,
        "f1_median": 0.8806448992852501,
        "f1_mad": 0.010230288287563838
    },
    "9": {
        "loss_median": 0.19854095578193665,
        "loss_mad": 0.033724382519721985,
        "accuracy_median": 0.9199999868869781,
        "accuracy_mad": 0.01750001311302185,
        "f1_median": 0.8731344092263632,
        "f1_mad": 0.024799313970517822
    },
    "10": {
        "loss_median": 0.20341862738132477,
        "loss_mad": 0.027178116142749786,
        "accuracy_median": 0.9175000190734863,
        "accuracy_mad": 0.014999985694885254,
        "f1_median": 0.8668497470780445,
        "f1_mad": 0.015875918617310858
    }
}