{
    "1": {
        "loss_median": 0.5499404072761536,
        "loss_mad": 0.01497219006220507,
        "accuracy_median": 0.7550000150998433,
        "accuracy_mad": 0.023333311080932617,
        "f1_median": 0.7088776300890098,
        "f1_mad": 0.023968618328623736
    },
    "2": {
        "loss_median": 0.5167301098505656,
        "loss_mad": 0.008417844772338867,
        "accuracy_median": 0.8383333285649617,
        "accuracy_mad": 0.028333326180775886,
        "f1_median": 0.7678827291658905,
        "f1_mad": 0.016951434486578876
    },
    "3": {
        "loss_median": 0.48552443583806354,
        "loss_mad": 0.015429526567459051,
        "accuracy_median": 0.8733333349227904,
        "accuracy_mad": 0.010000010331471687,
        "f1_median": 0.8210747714828535,
        "f1_mad": 0.02093679124615966
    },
    "4": {
        "loss_median": 0.4675425887107849,
        "loss_mad": 0.023249238729476873,
        "accuracy_median": 0.8799999952316283,
        "accuracy_mad": 0.011666655540466309,
        "f1_median": 0.8415764584325058,
        "f1_mad": 0.01974430522192283
    },
    "5": {
        "loss_median": 0.4516263504823048,
        "loss_mad": 0.024228980143864987,
        "accuracy_median": 0.896666646003723,
        "accuracy_mad": 0.019999980926513672,
        "f1_median": 0.8595732921556039,
        "f1_mad": 0.014089180754224384
    },
    "6": {
        "loss_median": 0.42930255333582557,
        "loss_mad": 0.013162503639856937,
        "accuracy_median": 0.9083333214124043,
        "accuracy_mad": 0.02999999125798536,
        "f1_median": 0.8731602117706203,
        "f1_mad": 0.0348581559440605
    },
    "7": {
        "loss_median": 0.42151876290639234,
        "loss_mad": 0.0046193798383076246,
        "accuracy_median": 0.9266666769981384,
        "accuracy_mad": 0.006666660308837891,
        "f1_median": 0.8899788796312971,
        "f1_mad": 0.009784894883598905
    },
    "8": {
        "loss_median": 0.4176994860172272,
        "loss_mad": 0.01470935344696045,
        "accuracy_median": 0.9083333412806193,
        "accuracy_mad": 0.008333325386047363,
        "f1_median": 0.8702188707103503,
        "f1_mad": 0.018295287732670196
    },
    "9": {
        "loss_median": 0.42274765173594153,
        "loss_mad": 0.02078378200531006,
        "accuracy_median": 0.9099999864896138,
        "accuracy_mad": 0.0033333500226339075,
        "f1_median": 0.866256655064424,
        "f1_mad": 0.00980919338641928
    },
    "10": {
        "loss_median": 0.41337448358535767,
        "loss_mad": 0.01633855700492859,
        "accuracy_median": 0.9083333412806193,
        "accuracy_mad": 0.0033333301544189453,
        "f1_median": 0.8695444141434627,
        "f1_mad": 0.017876655784846096
    }
}