{
    "1": {
        "loss_median": 0.4567804435888926,
        "loss_mad": 0.022044003009796143,
        "accuracy_median": 0.8749999999999999,
        "accuracy_mad": 0.01833333571751916,
        "f1_median": 0.8150459084772055,
        "f1_mad": 0.024161162736627162
    },
    "2": {
        "loss_median": 0.4034824768702189,
        "loss_mad": 0.021056056022644043,
        "accuracy_median": 0.9033333261807759,
        "accuracy_mad": 0.020000000794728634,
        "f1_median": 0.8427295894738188,
        "f1_mad": 0.03249579698621874
    },
    "3": {
        "loss_median": 0.3718063334623972,
        "loss_mad": 0.04137512048085529,
        "accuracy_median": 0.9083333412806193,
        "accuracy_mad": 0.020000000794728634,
        "f1_median": 0.8731278840314639,
        "f1_mad": 0.03237650854654395
    },
    "4": {
        "loss_median": 0.36415942509969074,
        "loss_mad": 0.047241260608037294,
        "accuracy_median": 0.9316666722297668,
        "accuracy_mad": 0.0033333500226339075,
        "f1_median": 0.9017309740717926,
        "f1_mad": 0.003603806172234658
    },
    "5": {
        "loss_median": 0.3541567424933115,
        "loss_mad": 0.04607311884562176,
        "accuracy_median": 0.9350000023841858,
        "accuracy_mad": 0.0033333500226337964,
        "f1_median": 0.901172712952763,
        "f1_mad": 0.009236143527359464
    },
    "6": {
        "loss_median": 0.3370583653450012,
        "loss_mad": 0.03763317068417871,
        "accuracy_median": 0.9366666674613953,
        "accuracy_mad": 0.008333325386047363,
        "f1_median": 0.9063299297915923,
        "f1_mad": 0.015672101552680173
    },
    "7": {
        "loss_median": 0.32683328787485755,
        "loss_mad": 0.01809226473172504,
        "accuracy_median": 0.9383333325386047,
        "accuracy_mad": 0.0033333500226337964,
        "f1_median": 0.9096006055550826,
        "f1_mad": 0.007100215192162307
    },
    "8": {
        "loss_median": 0.3247677683830261,
        "loss_mad": 0.012000828981399536,
        "accuracy_median": 0.9333333373069763,
        "accuracy_mad": 0.0033333301544189453,
        "f1_median": 0.901574734028523,
        "f1_mad": 0.011752248823223455
    },
    "9": {
        "loss_median": 0.331924706697464,
        "loss_mad": 0.01769516865412396,
        "accuracy_median": 0.9299999872843424,
        "accuracy_mad": 0.008333305517832401,
        "f1_median": 0.883884913496564,
        "f1_mad": 0.01095282491669014
    },
    "10": {
        "loss_median": 0.3206002910931905,
        "loss_mad": 0.015881856282552065,
        "accuracy_median": 0.9383333325386047,
        "accuracy_mad": 0.0033333301544189453,
        "f1_median": 0.9122887158834977,
        "f1_mad": 0.0034811186385745874
    }
}