{
   "info": {
      "strategy": "FedAdam",
      "seed": 5,
      "sampling_seed": 5,
      "fraction_train": 0.75,
      "fraction_evaluate": 0.75,
      "local_epochs": 2,
      "num_rounds": 10,
      "num_clients": 5,
      "eta": 0.2,
      "eta_l": 0.15,
      "iid": true,
      "alpha": null,
      "training_mode": "noisy",
      "nshots": 1000,
      "model_type": "quantum",
      "base_pauli": 0.005,
      "base_readout": 0.005,
      "noise_scale": 0.002
   },
   "rounds": [
      {
         "round": 0,
         "train_metrics": {},
         "eval_metrics_client": {},
         "eval_metrics_server": {
            "accuracy": 0.6399999856948853,
            "loss": 0.630768895149231,
            "f1_score": 0.6017258546299369
         }
      },
      {
         "round": 1,
         "train_metrics": {
            "train_loss": 0.5812805050458664,
            "train_acc": 0.8099999825159708,
            "train_f1": 0.7546999519378036,
            "drift": 0.5034131982495917
         },
         "eval_metrics_client": {
            "loss": 0.5778868198394775,
            "accuracy": 0.7749999960263569,
            "f1": 0.7225122317806056
         },
         "eval_metrics_server": {
            "accuracy": 0.7200000286102295,
            "loss": 0.5736230611801147,
            "f1_score": 0.6697723788182569
         },
         "drift_metrics": {
            "drift_median": 0.5203119603706734,
            "drift_mean": 0.5034131982495919,
            "drift_max": 0.6049528176316529,
            "drift_min": 0.3849748167464493,
            "drift_per_client": [
               0.3849748167464493,
               0.5203119603706734,
               0.6049528176316529
            ]
         }
      },
      {
         "round": 2,
         "train_metrics": {
            "train_loss": 0.5300597212253473,
            "train_acc": 0.8900000055631001,
            "train_f1": 0.8153606081066853,
            "drift": 0.5424998763146729
         },
         "eval_metrics_client": {
            "loss": 0.5302630861600239,
            "accuracy": 0.8700000047683715,
            "f1": 0.7919847788020274
         },
         "eval_metrics_server": {
            "accuracy": 0.8700000047683716,
            "loss": 0.5052451491355896,
            "f1_score": 0.7844470237108274
         },
         "drift_metrics": {
            "drift_median": 0.5202882306912584,
            "drift_mean": 0.542499876314673,
            "drift_max": 0.5984488539783883,
            "drift_min": 0.5087625442743722,
            "drift_per_client": [
               0.5202882306912584,
               0.5087625442743722,
               0.5984488539783883
            ]
         }
      },
      {
         "round": 3,
         "train_metrics": {
            "train_loss": 0.48503398895263666,
            "train_acc": 0.9199999968210856,
            "train_f1": 0.8400085436760824,
            "drift": 0.46970094021935466
         },
         "eval_metrics_client": {
            "loss": 0.49188768863677973,
            "accuracy": 0.8716666698455809,
            "f1": 0.775191562015892
         },
         "eval_metrics_server": {
            "accuracy": 0.8899999856948853,
            "loss": 0.4453522562980652,
            "f1_score": 0.7645043887818455
         },
         "drift_metrics": {
            "drift_median": 0.45178428362784595,
            "drift_mean": 0.46970094021935466,
            "drift_max": 0.511790816216889,
            "drift_min": 0.44552772081332903,
            "drift_per_client": [
               0.45178428362784595,
               0.511790816216889,
               0.44552772081332903
            ]
         }
      },
      {
         "round": 4,
         "train_metrics": {
            "train_loss": 0.4855108161767323,
            "train_acc": 0.8833333253860474,
            "train_f1": 0.7938327648191457,
            "drift": 0.320464716201306
         },
         "eval_metrics_client": {
            "loss": 0.4767533739407857,
            "accuracy": 0.8566666841506957,
            "f1": 0.7197325274205163
         },
         "eval_metrics_server": {
            "accuracy": 0.8550000190734863,
            "loss": 0.40734875202178955,
            "f1_score": 0.6504128744500031
         },
         "drift_metrics": {
            "drift_median": 0.3376141338591222,
            "drift_mean": 0.32046471620130607,
            "drift_max": 0.3511565281211837,
            "drift_min": 0.27262348662361224,
            "drift_per_client": [
               0.3511565281211837,
               0.27262348662361224,
               0.3376141338591222
            ]
         }
      },
      {
         "round": 5,
         "train_metrics": {
            "train_loss": 0.47693938093307686,
            "train_acc": 0.8766666650772095,
            "train_f1": 0.7575953112168562,
            "drift": 0.22504959308853367
         },
         "eval_metrics_client": {
            "loss": 0.47956836223602295,
            "accuracy": 0.8633333444595336,
            "f1": 0.7203216340411467
         },
         "eval_metrics_server": {
            "accuracy": 0.8450000286102295,
            "loss": 0.39948925375938416,
            "f1_score": 0.6516658239226922
         },
         "drift_metrics": {
            "drift_median": 0.22753115458832399,
            "drift_mean": 0.22504959308853367,
            "drift_max": 0.2295278302658498,
            "drift_min": 0.21808979441142726,
            "drift_per_client": [
               0.2295278302658498,
               0.21808979441142726,
               0.22753115458832399
            ]
         }
      },
      {
         "round": 6,
         "train_metrics": {
            "train_loss": 0.4510902877037341,
            "train_acc": 0.8766666650772094,
            "train_f1": 0.7414459381216407,
            "drift": 0.24848846492144727
         },
         "eval_metrics_client": {
            "loss": 0.4755697349707285,
            "accuracy": 0.8533333341280619,
            "f1": 0.703448722634544
         },
         "eval_metrics_server": {
            "accuracy": 0.8450000286102295,
            "loss": 0.40717393159866333,
            "f1_score": 0.6732542819499341
         },
         "drift_metrics": {
            "drift_median": 0.23218295759786844,
            "drift_mean": 0.24848846492144727,
            "drift_max": 0.2919101310869976,
            "drift_min": 0.22137230607947578,
            "drift_per_client": [
               0.22137230607947578,
               0.2919101310869976,
               0.23218295759786844
            ]
         }
      },
      {
         "round": 7,
         "train_metrics": {
            "train_loss": 0.4334816435972849,
            "train_acc": 0.9099999864896138,
            "train_f1": 0.824564161817136,
            "drift": 0.3135839434275869
         },
         "eval_metrics_client": {
            "loss": 0.4724221328894297,
            "accuracy": 0.8533333142598469,
            "f1": 0.7314619279853637
         },
         "eval_metrics_server": {
            "accuracy": 0.8799999952316284,
            "loss": 0.41068345308303833,
            "f1_score": 0.7767857142857143
         },
         "drift_metrics": {
            "drift_median": 0.2958718688090838,
            "drift_mean": 0.3135839434275869,
            "drift_max": 0.360997998049348,
            "drift_min": 0.2838819634243289,
            "drift_per_client": [
               0.2838819634243289,
               0.2958718688090838,
               0.360997998049348
            ]
         }
      },
      {
         "round": 8,
         "train_metrics": {
            "train_loss": 0.43341009968366373,
            "train_acc": 0.9266666769981384,
            "train_f1": 0.8661556904901186,
            "drift": 0.3670455156266827
         },
         "eval_metrics_client": {
            "loss": 0.47896130879720045,
            "accuracy": 0.8733333349227904,
            "f1": 0.7945007895047609
         },