{
   "info": {
      "strategy": "FedAdam",
      "seed": 6,
      "sampling_seed": 6,
      "fraction_train": 0.75,
      "fraction_evaluate": 0.75,
      "local_epochs": 2,
      "num_rounds": 10,
      "num_clients": 5,
      "eta": 0.2,
      "eta_l": 0.15,
      "iid": true,
      "alpha": null,
      "training_mode": "noisy",
      "nshots": 1000,
      "model_type": "quantum",
      "base_pauli": 0.005,
      "base_readout": 0.005,
      "noise_scale": 0.002
   },
   "rounds": [
      {
         "round": 0,
         "train_metrics": {},
         "eval_metrics_client": {},
         "eval_metrics_server": {
            "accuracy": 0.6349999904632568,
            "loss": 0.6415873169898987,
            "f1_score": 0.6027318984517428
         }
      },
      {
         "round": 1,
         "train_metrics": {
            "train_loss": 0.5664886625913472,
            "train_acc": 0.8066666722297668,
            "train_f1": 0.7534710351870331,
            "drift": 0.6118315073268744
         },
         "eval_metrics_client": {
            "loss": 0.573175569375356,
            "accuracy": 0.7483333349227904,
            "f1": 0.7012691368244557
         },
         "eval_metrics_server": {
            "accuracy": 0.75,
            "loss": 0.5540330410003662,
            "f1_score": 0.7023809523809523
         },
         "drift_metrics": {
            "drift_median": 0.6187115413295602,
            "drift_mean": 0.6118315073268744,
            "drift_max": 0.6340649916466129,
            "drift_min": 0.5827179890044503,
            "drift_per_client": [
               0.5827179890044503,
               0.6340649916466129,
               0.6187115413295602
            ]
         }
      },
      {
         "round": 2,
         "train_metrics": {
            "train_loss": 0.5288057732276428,
            "train_acc": 0.8299999833106995,
            "train_f1": 0.7949035696491578,
            "drift": 0.4723929679800095
         },
         "eval_metrics_client": {
            "loss": 0.5370765725771586,
            "accuracy": 0.8166666626930237,
            "f1": 0.7694177776114461
         },
         "eval_metrics_server": {
            "accuracy": 0.824999988079071,
            "loss": 0.49158671498298645,
            "f1_score": 0.7711745284560818
         },
         "drift_metrics": {
            "drift_median": 0.4782625335803711,
            "drift_mean": 0.47239296798000946,
            "drift_max": 0.5022837844364721,
            "drift_min": 0.4366325859231853,
            "drift_per_client": [
               0.4782625335803711,
               0.5022837844364721,
               0.4366325859231853
            ]
         }
      },
      {
         "round": 3,
         "train_metrics": {
            "train_loss": 0.5122183423775892,
            "train_acc": 0.8633333245913187,
            "train_f1": 0.8235628890701354,
            "drift": 0.35070193528050186
         },
         "eval_metrics_client": {
            "loss": 0.5132525960604349,
            "accuracy": 0.865000009536743,
            "f1": 0.8195695170590285
         },
         "eval_metrics_server": {
            "accuracy": 0.8650000095367432,
            "loss": 0.46078765392303467,
            "f1_score": 0.813632441760138
         },
         "drift_metrics": {
            "drift_median": 0.3654410305351058,
            "drift_mean": 0.3507019352805019,
            "drift_max": 0.37582406834585613,
            "drift_min": 0.3108407069605439,
            "drift_per_client": [
               0.37582406834585613,
               0.3654410305351058,
               0.3108407069605439
            ]
         }
      },
      {
         "round": 4,
         "train_metrics": {
            "train_loss": 0.4821861271674816,
            "train_acc": 0.893333335717519,
            "train_f1": 0.8549168033298711,
            "drift": 0.3131681965525015
         },
         "eval_metrics_client": {
            "loss": 0.4979490041732788,
            "accuracy": 0.8716666698455809,
            "f1": 0.831424932186647
         },
         "eval_metrics_server": {
            "accuracy": 0.8650000095367432,
            "loss": 0.44675469398498535,
            "f1_score": 0.8162702868224967
         },
         "drift_metrics": {
            "drift_median": 0.32003129375939154,
            "drift_mean": 0.3131681965525015,
            "drift_max": 0.3383700926530326,
            "drift_min": 0.28110320324508037,
            "drift_per_client": [
               0.28110320324508037,
               0.3383700926530326,
               0.32003129375939154
            ]
         }
      },
      {
         "round": 5,
         "train_metrics": {
            "train_loss": 0.4607601540210919,
            "train_acc": 0.9000000158945719,
            "train_f1": 0.8609971005894315,
            "drift": 0.3469111206974921
         },
         "eval_metrics_client": {
            "loss": 0.4885106086730957,
            "accuracy": 0.868333339691162,
            "f1": 0.8285877742746053
         },
         "eval_metrics_server": {
            "accuracy": 0.8799999952316284,
            "loss": 0.43803414702415466,
            "f1_score": 0.833124739257405
         },
         "drift_metrics": {
            "drift_median": 0.34806320416722103,
            "drift_mean": 0.34691112069749214,
            "drift_max": 0.3683319026909361,
            "drift_min": 0.3243382552343192,
            "drift_per_client": [
               0.3683319026909361,
               0.34806320416722103,
               0.3243382552343192
            ]
         }
      },
      {
         "round": 6,
         "train_metrics": {
            "train_loss": 0.4483051093725058,
            "train_acc": 0.9066666762034098,
            "train_f1": 0.8640849719434625,
            "drift": 0.3716827038045904
         },
         "eval_metrics_client": {
            "loss": 0.47081707914670307,
            "accuracy": 0.8999999960263569,
            "f1": 0.8577164991666455
         },
         "eval_metrics_server": {
            "accuracy": 0.8999999761581421,
            "loss": 0.4235774278640747,
            "f1_score": 0.8566308243727598
         },
         "drift_metrics": {
            "drift_median": 0.35210441733925774,
            "drift_mean": 0.3716827038045904,
            "drift_max": 0.4188240440038685,
            "drift_min": 0.34411965007064493,
            "drift_per_client": [
               0.4188240440038685,
               0.35210441733925774,
               0.34411965007064493
            ]
         }
      },
      {
         "round": 7,
         "train_metrics": {
            "train_loss": 0.44482194918852586,
            "train_acc": 0.9066666563351948,
            "train_f1": 0.8767789570383939,
            "drift": 0.3594793169213958
         },
         "eval_metrics_client": {
            "loss": 0.4638572831948598,
            "accuracy": 0.9316666722297668,
            "f1": 0.8979190563996458
         },
         "eval_metrics_server": {
            "accuracy": 0.9300000071525574,
            "loss": 0.40299636125564575,
            "f1_score": 0.8980186480186481
         },
         "drift_metrics": {
            "drift_median": 0.34052989251563587,
            "drift_mean": 0.35947931692139584,
            "drift_max": 0.40268510443251526,
            "drift_min": 0.33522295381603623,
            "drift_per_client": [
               0.34052989251563587,
               0.40268510443251526,
               0.33522295381603623
            ]
         }
      },
      {
         "round": 8,
         "train_metrics": {
            "train_loss": 0.43828058319214064,
            "train_acc": 0.9166666666666666,
            "train_f1": 0.8848830190325182,
            "drift": 0.33971446049915716
         },
         "eval_metrics_client": {
            "loss": 0.456776738166809,
            "accuracy": 0.9449999928474426,
            "f1": 0.9192190255935833
         },