{
   "info": {
      "strategy": "FedAdam",
      "seed": 7,
      "sampling_seed": 7,
      "fraction_train": 0.75,
      "fraction_evaluate": 0.75,
      "local_epochs": 2,
      "num_rounds": 10,
      "num_clients": 5,
      "eta": 0.2,
      "eta_l": 0.15,
      "iid": true,
      "alpha": null,
      "training_mode": "noisy",
      "nshots": 1000,
      "model_type": "quantum",
      "base_pauli": 0.005,
      "base_readout": 0.005,
      "noise_scale": 0.002
   },
   "rounds": [
      {
         "round": 0,
         "train_metrics": {},
         "eval_metrics_client": {},
         "eval_metrics_server": {
            "accuracy": 0.4950000047683716,
            "loss": 0.7266889214515686,
            "f1_score": 0.46807109940750496
         }
      },
      {
         "round": 1,
         "train_metrics": {
            "train_loss": 0.6236186585365198,
            "train_acc": 0.7133333285649617,
            "train_f1": 0.6778875425581906,
            "drift": 0.7057337884682049
         },
         "eval_metrics_client": {
            "loss": 0.6459397276242573,
            "accuracy": 0.5883333285649617,
            "f1": 0.5669816185673392
         },
         "eval_metrics_server": {
            "accuracy": 0.6200000047683716,
            "loss": 0.6534096002578735,
            "f1_score": 0.5946666666666667
         },
         "drift_metrics": {
            "drift_median": 0.6704731689915991,
            "drift_mean": 0.705733788468205,
            "drift_max": 0.7858811064308201,
            "drift_min": 0.6608470899821957,
            "drift_per_client": [
               0.7858811064308201,
               0.6608470899821957,
               0.6704731689915991
            ]
         }
      },
      {
         "round": 2,
         "train_metrics": {
            "train_loss": 0.5625431491778446,
            "train_acc": 0.8233333230018616,
            "train_f1": 0.7778037897174531,
            "drift": 0.7122864160747986
         },
         "eval_metrics_client": {
            "loss": 0.5856382052103678,
            "accuracy": 0.7283333341280619,
            "f1": 0.6823018417352301
         },
         "eval_metrics_server": {
            "accuracy": 0.7450000047683716,
            "loss": 0.5684861540794373,
            "f1_score": 0.7006251650964164
         },
         "drift_metrics": {
            "drift_median": 0.6742610720182958,
            "drift_mean": 0.7122864160747987,
            "drift_max": 0.7886610575715197,
            "drift_min": 0.6739371186345804,
            "drift_per_client": [
               0.6739371186345804,
               0.7886610575715197,
               0.6742610720182958
            ]
         }
      },
      {
         "round": 3,
         "train_metrics": {
            "train_loss": 0.5071517091531019,
            "train_acc": 0.8866666555404662,
            "train_f1": 0.842618191129746,
            "drift": 0.6848097828261656
         },
         "eval_metrics_client": {
            "loss": 0.532615045706431,
            "accuracy": 0.7833333214124043,
            "f1": 0.7338215586768904
         },
         "eval_metrics_server": {
            "accuracy": 0.800000011920929,
            "loss": 0.4872303009033203,
            "f1_score": 0.754631333578702
         },
         "drift_metrics": {
            "drift_median": 0.6920339861637171,
            "drift_mean": 0.6848097828261656,
            "drift_max": 0.7319669306777696,
            "drift_min": 0.6304284316370099,
            "drift_per_client": [
               0.7319669306777696,
               0.6304284316370099,
               0.6920339861637171
            ]
         }
      },
      {
         "round": 4,
         "train_metrics": {
            "train_loss": 0.48091832414651525,
            "train_acc": 0.9100000063578287,
            "train_f1": 0.8729258163220427,
            "drift": 0.5327709684174646
         },
         "eval_metrics_client": {
            "loss": 0.4954091707865397,
            "accuracy": 0.8533333341280619,
            "f1": 0.8081417510280076
         },
         "eval_metrics_server": {
            "accuracy": 0.8399999737739563,
            "loss": 0.42574813961982727,
            "f1_score": 0.7894459797341755
         },
         "drift_metrics": {
            "drift_median": 0.5368117842454101,
            "drift_mean": 0.5327709684174646,
            "drift_max": 0.5371674927450051,
            "drift_min": 0.5243336282619787,
            "drift_per_client": [
               0.5368117842454101,
               0.5243336282619787,
               0.5371674927450051
            ]
         }
      },
      {
         "round": 5,
         "train_metrics": {
            "train_loss": 0.45406367381413776,
            "train_acc": 0.9199999968210856,
            "train_f1": 0.8962034200463372,
            "drift": 0.3922112646804305
         },
         "eval_metrics_client": {
            "loss": 0.47344637910525,
            "accuracy": 0.8699999849001566,
            "f1": 0.834377280804123
         },
         "eval_metrics_server": {
            "accuracy": 0.8799999952316284,
            "loss": 0.39637643098831177,
            "f1_score": 0.833124739257405
         },
         "drift_metrics": {
            "drift_median": 0.3965170558449784,
            "drift_mean": 0.39221126468043055,
            "drift_max": 0.3988122365328709,
            "drift_min": 0.3813045016634423,
            "drift_per_client": [
               0.3813045016634423,
               0.3965170558449784,
               0.3988122365328709
            ]
         }
      },
      {
         "round": 6,
         "train_metrics": {
            "train_loss": 0.4319625963003207,
            "train_acc": 0.9166666666666666,
            "train_f1": 0.8831240385024538,
            "drift": 0.34287981321960287
         },
         "eval_metrics_client": {
            "loss": 0.4557431638240814,
            "accuracy": 0.9049999912579854,
            "f1": 0.8721447960846075
         },
         "eval_metrics_server": {
            "accuracy": 0.925000011920929,
            "loss": 0.3906446099281311,
            "f1_score": 0.8879551820728291
         },
         "drift_metrics": {
            "drift_median": 0.3010393695033321,
            "drift_mean": 0.3428798132196029,
            "drift_max": 0.4317962960531277,
            "drift_min": 0.2958037741023489,
            "drift_per_client": [
               0.3010393695033321,
               0.4317962960531277,
               0.2958037741023489
            ]
         }
      },
      {
         "round": 7,
         "train_metrics": {
            "train_loss": 0.42703519264856965,
            "train_acc": 0.9066666563351948,
            "train_f1": 0.8674917500214686,
            "drift": 0.3437526768618985
         },
         "eval_metrics_client": {
            "loss": 0.44544686873753864,
            "accuracy": 0.9133333365122477,
            "f1": 0.874785762480225
         },
         "eval_metrics_server": {
            "accuracy": 0.9049999713897705,
            "loss": 0.39112064242362976,
            "f1_score": 0.8604531600014689
         },
         "drift_metrics": {
            "drift_median": 0.3417045944217676,
            "drift_mean": 0.34375267686189853,
            "drift_max": 0.4251511891123009,
            "drift_min": 0.26440224705162707,
            "drift_per_client": [
               0.3417045944217676,
               0.4251511891123009,
               0.26440224705162707
            ]
         }
      },
      {
         "round": 8,
         "train_metrics": {
            "train_loss": 0.42378279413932407,
            "train_acc": 0.9266666769981384,
            "train_f1": 0.8890846970136703,
            "drift": 0.39330893944891254
         },
         "eval_metrics_client": {
            "loss": 0.4438543121019999,
            "accuracy": 0.9133333563804626,
            "f1": 0.8770030889596107
         },