{
   "info": {
      "strategy": "FedAvg",
      "seed": 2,
      "init_seed": 2,
      "sampling_seed": 2,
      "data_seed": 2,
      "fraction_train": 0.75,
      "fraction_evaluate": 0.75,
      "local_epochs": 2,
      "num_rounds": 10,
      "num_clients": 5,
      "eta_l": 0.3,
      "iid": true,
      "alpha": null,
      "training_mode": "mitigated",
      "nshots": 1000,
      "model_type": "quantum",
      "base_pauli": 0.014,
      "base_readout": 0.014,
      "noise_scale": 0.002
   },
   "rounds": [
      {
         "round": 0,
         "train_metrics": {},
         "eval_metrics_client": {},
         "eval_metrics_server": {
            "accuracy": 0.6800000071525574,
            "loss": 0.6009007096290588,
            "f1_score": 0.6259934548854604
         }
      },
      {
         "round": 1,
         "train_metrics": {
            "train_loss": 0.5418589734114132,
            "train_acc": 0.7233333388964335,
            "train_f1": 0.6682333212426235,
            "drift": 0.9356578627183639
         },
         "eval_metrics_client": {
            "loss": 0.5140651067097981,
            "accuracy": 0.7449999849001566,
            "f1": 0.6969671582471682
         },
         "eval_metrics_server": {
            "accuracy": 0.7850000262260437,
            "loss": 0.5126311779022217,
            "f1_score": 0.7288691320659542
         },
         "drift_metrics": {
            "drift_median": 0.9332122400046278,
            "drift_mean": 0.9356578627183639,
            "drift_max": 1.0067421888663808,
            "drift_min": 0.8670191592840834,
            "drift_per_client": [
               0.9332122400046278,
               1.0067421888663808,
               0.8670191592840834
            ]
         }
      },
      {
         "round": 2,
         "train_metrics": {
            "train_loss": 0.43756839327323127,
            "train_acc": 0.8533333142598469,
            "train_f1": 0.8000885701909093,
            "drift": 0.9150835269698872
         },
         "eval_metrics_client": {
            "loss": 0.38899956146876014,
            "accuracy": 0.8799999952316283,
            "f1": 0.834929503381761
         },
         "eval_metrics_server": {
            "accuracy": 0.875,
            "loss": 0.4326438009738922,
            "f1_score": 0.8248747854716122
         },
         "drift_metrics": {
            "drift_median": 0.8188791901373296,
            "drift_mean": 0.9150835269698874,
            "drift_max": 1.1307703691369027,
            "drift_min": 0.7956010216354298,
            "drift_per_client": [
               1.1307703691369027,
               0.7956010216354298,
               0.8188791901373296
            ]
         }
      },
      {
         "round": 3,
         "train_metrics": {
            "train_loss": 0.34708635776470864,
            "train_acc": 0.9099999864896138,
            "train_f1": 0.8761759831258329,
            "drift": 0.8648766355456511
         },
         "eval_metrics_client": {
            "loss": 0.3263930678367615,
            "accuracy": 0.9116666714350382,
            "f1": 0.8812387227141534
         },
         "eval_metrics_server": {
            "accuracy": 0.9399999976158142,
            "loss": 0.3550524115562439,
            "f1_score": 0.90625
         },
         "drift_metrics": {
            "drift_median": 0.8812737827607037,
            "drift_mean": 0.8648766355456511,
            "drift_max": 0.9138228185738027,
            "drift_min": 0.7995333053024473,
            "drift_per_client": [
               0.9138228185738027,
               0.7995333053024473,
               0.8812737827607037
            ]
         }
      },
      {
         "round": 4,
         "train_metrics": {
            "train_loss": 0.3060309726458329,
            "train_acc": 0.9266666769981384,
            "train_f1": 0.9043617469653581,
            "drift": 0.42347910769998703
         },
         "eval_metrics_client": {
            "loss": 0.3244883318742116,
            "accuracy": 0.9133333166440327,
            "f1": 0.8866247471259336
         },
         "eval_metrics_server": {
            "accuracy": 0.925000011920929,
            "loss": 0.32940614223480225,
            "f1_score": 0.8859792482231765
         },
         "drift_metrics": {
            "drift_median": 0.42902329833899233,
            "drift_mean": 0.4234791076999871,
            "drift_max": 0.4324358950212433,
            "drift_min": 0.4089781297397256,
            "drift_per_client": [
               0.4324358950212433,
               0.4089781297397256,
               0.42902329833899233
            ]
         }
      },
      {
         "round": 5,
         "train_metrics": {
            "train_loss": 0.3073103660956407,
            "train_acc": 0.9066666762034098,
            "train_f1": 0.87804327456565,
            "drift": 0.31741469725771865
         },
         "eval_metrics_client": {
            "loss": 0.34923264384269714,
            "accuracy": 0.8950000007947285,
            "f1": 0.8574762328807636
         },
         "eval_metrics_server": {
            "accuracy": 0.9350000023841858,
            "loss": 0.31721290946006775,
            "f1_score": 0.9011820151267531
         },
         "drift_metrics": {
            "drift_median": 0.306431435475126,
            "drift_mean": 0.3174146972577187,
            "drift_max": 0.37872470102307737,
            "drift_min": 0.26708795527495255,
            "drift_per_client": [
               0.306431435475126,
               0.26708795527495255,
               0.37872470102307737
            ]
         }
      },
      {
         "round": 6,
         "train_metrics": {
            "train_loss": 0.31098313820667756,
            "train_acc": 0.9133333365122477,
            "train_f1": 0.8765373562994205,
            "drift": 0.2797355282034214
         },
         "eval_metrics_client": {
            "loss": 0.32047956188519794,
            "accuracy": 0.9283333420753479,
            "f1": 0.8964230812412112
         },
         "eval_metrics_server": {
            "accuracy": 0.9449999928474426,
            "loss": 0.31208017468452454,
            "f1_score": 0.9163847820303295
         },
         "drift_metrics": {
            "drift_median": 0.28425342851147173,
            "drift_mean": 0.2797355282034214,
            "drift_max": 0.32166207050406426,
            "drift_min": 0.23329108559472825,
            "drift_per_client": [
               0.32166207050406426,
               0.23329108559472825,
               0.28425342851147173
            ]
         }
      },
      {
         "round": 7,
         "train_metrics": {
            "train_loss": 0.29236785494364226,
            "train_acc": 0.9233333269755045,
            "train_f1": 0.8840930939912511,
            "drift": 0.22215557876005496
         },
         "eval_metrics_client": {
            "loss": 0.3148285945256551,
            "accuracy": 0.9433333277702332,
            "f1": 0.9154757739577835
         },
         "eval_metrics_server": {
            "accuracy": 0.949999988079071,
            "loss": 0.3093905448913574,
            "f1_score": 0.921875
         },
         "drift_metrics": {
            "drift_median": 0.2199146570207929,
            "drift_mean": 0.22215557876005498,
            "drift_max": 0.249316027537212,
            "drift_min": 0.19723605172216005,
            "drift_per_client": [
               0.249316027537212,
               0.19723605172216005,
               0.2199146570207929
            ]
         }
      },
      {
         "round": 8,
         "train_metrics": {
            "train_loss": 0.3016015365719795,
            "train_acc": 0.9333333373069763,
            "train_f1": 0.9044963411619296,
            "drift": 0.22370948236789007
         },
         "eval_metrics_client": {
            "loss": 0.3081257939338684,
            "accuracy": 0.921666661898295,
            "f1": 0.8916863781036197
         },