{
    "0": {
        "loss_median": 0.6664066314697266,
        "loss_mad": 0.07621932029724121,
        "accuracy_median": 0.6150000095367432,
        "accuracy_mad": 0.20499998331069946,
        "f1_median": 0.45054945054945056,
        "f1_mad": 0.2321008068134504
    },
    "1": {
        "loss_median": 0.4798985421657562,
        "loss_mad": 0.024496644735336304,
        "accuracy_median": 0.8199999928474426,
        "accuracy_mad": 0.0,
        "f1_median": 0.45054945054945056,
        "f1_mad": 0.0
    },
    "2": {
        "loss_median": 0.43393170833587646,
        "loss_mad": 0.021627813577651978,
        "accuracy_median": 0.8199999928474426,
        "accuracy_mad": 0.0,
        "f1_median": 0.45054945054945056,
        "f1_mad": 0.0
    },
    "3": {
        "loss_median": 0.3893274664878845,
        "loss_mad": 0.02497786283493042,
        "accuracy_median": 0.8199999928474426,
        "accuracy_mad": 0.0,
        "f1_median": 0.45054945054945056,
        "f1_mad": 0.0
    },
    "4": {
        "loss_median": 0.3400919735431671,
        "loss_mad": 0.028261840343475342,
        "accuracy_median": 0.875,
        "accuracy_mad": 0.05500000715255737,
        "f1_median": 0.7092854235711379,
        "f1_mad": 0.16148350132572586
    },
    "5": {
        "loss_median": 0.30538758635520935,
        "loss_mad": 0.018709927797317505,
        "accuracy_median": 0.9100000262260437,
        "accuracy_mad": 0.039999961853027344,
        "f1_median": 0.8073217726396917,
        "f1_mad": 0.09801944705829646
    },
    "6": {
        "loss_median": 0.25375109910964966,
        "loss_mad": 0.02158030867576599,
        "accuracy_median": 0.9200000166893005,
        "accuracy_mad": 0.029999971389770508,
        "f1_median": 0.8548357829794955,
        "f1_mad": 0.07429249483765554
    },
    "7": {
        "loss_median": 0.23083725571632385,
        "loss_mad": 0.02066376805305481,
        "accuracy_median": 0.9200000166893005,
        "accuracy_mad": 0.01500004529953003,
        "f1_median": 0.8544458238794469,
        "f1_mad": 0.03820712761753875
    },
    "8": {
        "loss_median": 0.20606140792369843,
        "loss_mad": 0.011552706360816956,
        "accuracy_median": 0.9399999976158142,
        "accuracy_mad": 0.009999990463256836,
        "f1_median": 0.8854743271616721,
        "f1_mad": 0.02663181859139585
    },
    "9": {
        "loss_median": 0.19199474155902863,
        "loss_mad": 0.008393093943595886,
        "accuracy_median": 0.949999988079071,
        "accuracy_mad": 0.009999990463256836,
        "f1_median": 0.9153116531165312,
        "f1_mad": 0.018364354179107978
    },
    "10": {
        "loss_median": 0.1971069723367691,
        "loss_mad": 0.004864618182182312,
        "accuracy_median": 0.9350000023841858,
        "accuracy_mad": 0.014999985694885254,
        "f1_median": 0.8838964356205735,
        "f1_mad": 0.03659733273834409
    },
    "11": {
        "loss_median": 0.18648628890514374,
        "loss_mad": 0.010948479175567627,
        "accuracy_median": 0.9449999928474426,
        "accuracy_mad": 0.009999990463256836,
        "f1_median": 0.9058178860396421,
        "f1_mad": 0.012960541510715351
    },
    "12": {
        "loss_median": 0.17129477858543396,
        "loss_mad": 0.01358690857887268,
        "accuracy_median": 0.949999988079071,
        "accuracy_mad": 0.009999990463256836,
        "f1_median": 0.9153116531165312,
        "f1_mad": 0.015424277619399462
    },
    "13": {
        "loss_median": 0.16779397428035736,
        "loss_mad": 0.007139906287193298,
        "accuracy_median": 0.949999988079071,
        "accuracy_mad": 0.009999990463256836,
        "f1_median": 0.9134199134199135,
        "f1_mad": 0.00897653071566118
    },
    "14": {
        "loss_median": 0.1512850821018219,
        "loss_mad": 0.004916861653327942,
        "accuracy_median": 0.9549999833106995,
        "accuracy_mad": 0.009999990463256836,
        "f1_median": 0.9229419067597071,
        "f1_mad": 0.017124020720065136
    },
    "15": {
        "loss_median": 0.1619337648153305,
        "loss_mad": 0.007253736257553101,
        "accuracy_median": 0.949999988079071,
        "accuracy_mad": 0.014999985694885254,
        "f1_median": 0.9134199134199135,
        "f1_mad": 0.01795933684478579
    },
    "16": {
        "loss_median": 0.15272851288318634,
        "loss_mad": 0.006695613265037537,
        "accuracy_median": 0.9549999833106995,
        "accuracy_mad": 0.004999995231628418,
        "f1_median": 0.9255952380952381,
        "f1_mad": 0.006816810544880703
    },
    "17": {
        "loss_median": 0.15175524353981018,
        "loss_mad": 0.0057392418384552,
        "accuracy_median": 0.9549999833106995,
        "accuracy_mad": 0.004999995231628418,
        "f1_median": 0.9245946964936533,
        "f1_mad": 0.004533581323497682
    },
    "18": {
        "loss_median": 0.14200995862483978,
        "loss_mad": 0.013547435402870178,
        "accuracy_median": 0.949999988079071,
        "accuracy_mad": 0.009999990463256836,
        "f1_median": 0.9134199134199135,
        "f1_mad": 0.00897653071566118
    },
    "19": {
        "loss_median": 0.14340530335903168,
        "loss_mad": 0.00586073100566864,
        "accuracy_median": 0.9549999833106995,
        "accuracy_mad": 0.004999995231628418,
        "f1_median": 0.9245946964936533,
        "f1_mad": 0.007654625999571563
    },
    "20": {
        "loss_median": 0.1399213969707489,
        "loss_mad": 0.0061140358448028564,
        "accuracy_median": 0.949999988079071,
        "accuracy_mad": 0.004999995231628418,
        "f1_median": 0.9153116531165312,
        "f1_mad": 0.0055680633729414675
    },
    "21": {
        "loss_median": 0.1390911489725113,
        "loss_mad": 0.005033507943153381,
        "accuracy_median": 0.9549999833106995,
        "accuracy_mad": 0.004999995231628418,
        "f1_median": 0.9261538461538461,
        "f1_mad": 0.009058837034297107
    },
    "22": {
        "loss_median": 0.13440760970115662,
        "loss_mad": 0.0074568986892700195,
        "accuracy_median": 0.9599999785423279,
        "accuracy_mad": 0.004999995231628418,
        "f1_median": 0.9336760072956392,
        "f1_mad": 0.006389920184133091
    },
    "23": {
        "loss_median": 0.13108955323696136,
        "loss_mad": 0.010500296950340271,
        "accuracy_median": 0.9599999785423279,
        "accuracy_mad": 0.004999995231628418,
        "f1_median": 0.9307359307359306,
        "f1_mad": 0.007965413456021642
    },
    "24": {
        "loss_median": 0.12871144711971283,
        "loss_mad": 0.007421024143695831,
        "accuracy_median": 0.9549999833106995,
        "accuracy_mad": 0.004999995231628418,
        "f1_median": 0.9229419067597071,
        "f1_mad": 0.009307415733517788
    },
    "25": {
        "loss_median": 0.12696142494678497,
        "loss_mad": 0.007513806223869324,
        "accuracy_median": 0.9599999785423279,
        "accuracy_mad": 0.004999995231628418,
        "f1_median": 0.9307359307359306,
        "f1_mad": 0.0045820845820845335
    },
    "26": {
        "loss_median": 0.12353208661079407,
        "loss_mad": 0.00960513949394226,
        "accuracy_median": 0.9549999833106995,
        "accuracy_mad": 0.004999995231628418,
        "f1_median": 0.9229419067597071,
        "f1_mad": 0.005846897640158111
    },
    "27": {
        "loss_median": 0.1205773651599884,
        "loss_mad": 0.01015479862689972,
        "accuracy_median": 0.9649999737739563,
        "accuracy_mad": 0.0,
        "f1_median": 0.9372506835193403,
        "f1_mad": 0.0041007470868345
    },
    "28": {
        "loss_median": 0.12046404182910919,
        "loss_mad": 0.011120475828647614,
        "accuracy_median": 0.9549999833106995,
        "accuracy_mad": 0.004999995231628418,
        "f1_median": 0.9261538461538461,
        "f1_mad": 0.004966403621335935
    },
    "29": {
        "loss_median": 0.1179521307349205,
        "loss_mad": 0.0037827789783477783,