{
    "0": {
        "loss_median": 0.6664066314697266,
        "loss_mad": 0.07621932029724121,
        "accuracy_median": 0.6150000095367432,
        "accuracy_mad": 0.20499998331069946,
        "f1_median": 0.45054945054945056,
        "f1_mad": 0.2321008068134504
    },
    "1": {
        "loss_median": 0.5140466094017029,
        "loss_mad": 0.011270403861999512,
        "accuracy_median": 0.8199999928474426,
        "accuracy_mad": 0.0,
        "f1_median": 0.45054945054945056,
        "f1_mad": 0.0
    },
    "2": {
        "loss_median": 0.4719277620315552,
        "loss_mad": 0.007571756839752197,
        "accuracy_median": 0.8199999928474426,
        "accuracy_mad": 0.0,
        "f1_median": 0.45054945054945056,
        "f1_mad": 0.0
    },
    "3": {
        "loss_median": 0.45660972595214844,
        "loss_mad": 0.013631641864776611,
        "accuracy_median": 0.8199999928474426,
        "accuracy_mad": 0.0,
        "f1_median": 0.45054945054945056,
        "f1_mad": 0.0
    },
    "4": {
        "loss_median": 0.44984254240989685,
        "loss_mad": 0.007968783378601074,
        "accuracy_median": 0.8199999928474426,
        "accuracy_mad": 0.0,
        "f1_median": 0.45054945054945056,
        "f1_mad": 0.0
    },
    "5": {
        "loss_median": 0.43820083141326904,
        "loss_mad": 0.012262284755706787,
        "accuracy_median": 0.8199999928474426,
        "accuracy_mad": 0.0,
        "f1_median": 0.45054945054945056,
        "f1_mad": 0.0
    },
    "6": {
        "loss_median": 0.4234335720539093,
        "loss_mad": 0.015758931636810303,
        "accuracy_median": 0.8199999928474426,
        "accuracy_mad": 0.0,
        "f1_median": 0.45054945054945056,
        "f1_mad": 0.0
    },
    "7": {
        "loss_median": 0.4039134979248047,
        "loss_mad": 0.02005290985107422,
        "accuracy_median": 0.8199999928474426,
        "accuracy_mad": 0.0,
        "f1_median": 0.45054945054945056,
        "f1_mad": 0.0
    },
    "8": {
        "loss_median": 0.3828151226043701,
        "loss_mad": 0.019781440496444702,
        "accuracy_median": 0.8399999737739563,
        "accuracy_mad": 0.019999980926513672,
        "f1_median": 0.5555555555555556,
        "f1_mad": 0.10500610500610502
    },
    "9": {
        "loss_median": 0.35794487595558167,
        "loss_mad": 0.022024154663085938,
        "accuracy_median": 0.8500000238418579,
        "accuracy_mad": 0.030000030994415283,
        "f1_median": 0.6009577015163607,
        "f1_mad": 0.15040825096691018
    },
    "10": {
        "loss_median": 0.33010387420654297,
        "loss_mad": 0.02837502956390381,
        "accuracy_median": 0.8600000143051147,
        "accuracy_mad": 0.009999990463256836,
        "f1_median": 0.6905393457117595,
        "f1_mad": 0.048047006590206776
    },
    "11": {
        "loss_median": 0.30330345034599304,
        "loss_mad": 0.026559829711914062,
        "accuracy_median": 0.8899999856948853,
        "accuracy_mad": 0.029999971389770508,
        "f1_median": 0.7781810848961483,
        "f1_mad": 0.1079785543174775
    },
    "12": {
        "loss_median": 0.2799108028411865,
        "loss_mad": 0.01763489842414856,
        "accuracy_median": 0.9100000262260437,
        "accuracy_mad": 0.020000040531158447,
        "f1_median": 0.8282114907425081,
        "f1_mad": 0.04932607225499552
    },
    "13": {
        "loss_median": 0.2587292194366455,
        "loss_mad": 0.0218106210231781,
        "accuracy_median": 0.925000011920929,
        "accuracy_mad": 0.014999985694885254,
        "f1_median": 0.8586971880740426,
        "f1_mad": 0.03260133619945815
    },
    "14": {
        "loss_median": 0.24015741050243378,
        "loss_mad": 0.026102647185325623,
        "accuracy_median": 0.9399999976158142,
        "accuracy_mad": 0.004999995231628418,
        "f1_median": 0.8936924167257264,
        "f1_mad": 0.009981124147341647
    },
    "15": {
        "loss_median": 0.22629736363887787,
        "loss_mad": 0.01943109929561615,
        "accuracy_median": 0.9350000023841858,
        "accuracy_mad": 0.014999985694885254,
        "f1_median": 0.8910812282686105,
        "f1_mad": 0.026013780850938528
    },
    "16": {
        "loss_median": 0.21557243168354034,
        "loss_mad": 0.01405864953994751,
        "accuracy_median": 0.9350000023841858,
        "accuracy_mad": 0.009999990463256836,
        "f1_median": 0.8862897985705003,
        "f1_mad": 0.023453791173089433
    },
    "17": {
        "loss_median": 0.19264522194862366,
        "loss_mad": 0.015319466590881348,
        "accuracy_median": 0.9449999928474426,
        "accuracy_mad": 0.004999995231628418,
        "f1_median": 0.9078379623811319,
        "f1_mad": 0.009257046738417096
    },
    "18": {
        "loss_median": 0.17738109827041626,
        "loss_mad": 0.011927396059036255,
        "accuracy_median": 0.949999988079071,
        "accuracy_mad": 0.004999995231628418,
        "f1_median": 0.9153116531165312,
        "f1_mad": 0.007630253643175933
    },
    "19": {
        "loss_median": 0.16452957689762115,
        "loss_mad": 0.014447793364524841,
        "accuracy_median": 0.949999988079071,
        "accuracy_mad": 0.009999990463256836,
        "f1_median": 0.9153116531165312,
        "f1_mad": 0.01693766937669372
    },
    "20": {
        "loss_median": 0.1689380258321762,
        "loss_mad": 0.010763108730316162,
        "accuracy_median": 0.9449999928474426,
        "accuracy_mad": 0.004999995231628418,
        "f1_median": 0.9036735408730681,
        "f1_mad": 0.007736806398370599
    },
    "21": {
        "loss_median": 0.17589615285396576,
        "loss_mad": 0.014770567417144775,
        "accuracy_median": 0.9399999976158142,
        "accuracy_mad": 0.004999995231628418,
        "f1_median": 0.9025341130604287,
        "f1_mad": 0.018653329472081426
    },
    "22": {
        "loss_median": 0.16592583060264587,
        "loss_mad": 0.014946192502975464,
        "accuracy_median": 0.9549999833106995,
        "accuracy_mad": 0.004999995231628418,
        "f1_median": 0.9193223073820089,
        "f1_mad": 0.006831538771837176
    },
    "23": {
        "loss_median": 0.1560579240322113,
        "loss_mad": 0.009450957179069519,
        "accuracy_median": 0.9549999833106995,
        "accuracy_mad": 0.0,
        "f1_median": 0.9229419067597071,
        "f1_mad": 0.0036195993776981794
    },
    "24": {
        "loss_median": 0.14572113752365112,
        "loss_mad": 0.012507632374763489,
        "accuracy_median": 0.9549999833106995,
        "accuracy_mad": 0.004999995231628418,
        "f1_median": 0.9245946964936533,
        "f1_mad": 0.006141234242277305
    },
    "25": {
        "loss_median": 0.15419955551624298,
        "loss_mad": 0.0071039944887161255,
        "accuracy_median": 0.9549999833106995,
        "accuracy_mad": 0.004999995231628418,
        "f1_median": 0.9229419067597071,
        "f1_mad": 0.005846897640158111
    },
    "26": {
        "loss_median": 0.15706805884838104,
        "loss_mad": 0.015433624386787415,
        "accuracy_median": 0.9549999833106995,
        "accuracy_mad": 0.004999995231628418,
        "f1_median": 0.9229419067597071,
        "f1_mad": 0.010734100535932045
    },
    "27": {
        "loss_median": 0.1448737382888794,
        "loss_mad": 0.011229261755943298,
        "accuracy_median": 0.9549999833106995,
        "accuracy_mad": 0.004999995231628418,
        "f1_median": 0.9229419067597071,
        "f1_mad": 0.010734100535932045
    },
    "28": {
        "loss_median": 0.13820554316043854,
        "loss_mad": 0.00923098623752594,
        "accuracy_median": 0.9599999785423279,
        "accuracy_mad": 0.0,
        "f1_median": 0.9307359307359306,
        "f1_mad": 0.0029400765597085154
    },
    "29": {
        "loss_median": 0.134362131357193,
        "loss_mad": 0.012559950351715088,
        "accuracy_median": 0.9549999833106995,
        "accuracy_mad": 0.004999995231628418,
        "f1_median": 0.9245946964936533,