{
    "0": {
        "loss_median": 0.6664066314697266,
        "loss_mad": 0.07621932029724121,
        "accuracy_median": 0.6150000095367432,
        "accuracy_mad": 0.20499998331069946,
        "f1_median": 0.45054945054945056,
        "f1_mad": 0.2321008068134504
    },
    "1": {
        "loss_median": 0.5992689728736877,
        "loss_mad": 0.048209428787231445,
        "accuracy_median": 0.8199999928474426,
        "accuracy_mad": 0.0,
        "f1_median": 0.45054945054945056,
        "f1_mad": 0.0
    },
    "2": {
        "loss_median": 0.5241367220878601,
        "loss_mad": 0.020550966262817383,
        "accuracy_median": 0.8199999928474426,
        "accuracy_mad": 0.0,
        "f1_median": 0.45054945054945056,
        "f1_mad": 0.0
    },
    "3": {
        "loss_median": 0.4641234576702118,
        "loss_mad": 0.017516642808914185,
        "accuracy_median": 0.8199999928474426,
        "accuracy_mad": 0.0,
        "f1_median": 0.45054945054945056,
        "f1_mad": 0.0
    },
    "4": {
        "loss_median": 0.45491158962249756,
        "loss_mad": 0.006806552410125732,
        "accuracy_median": 0.8199999928474426,
        "accuracy_mad": 0.0,
        "f1_median": 0.45054945054945056,
        "f1_mad": 0.0
    },
    "5": {
        "loss_median": 0.45515552163124084,
        "loss_mad": 0.016721516847610474,
        "accuracy_median": 0.8199999928474426,
        "accuracy_mad": 0.0,
        "f1_median": 0.45054945054945056,
        "f1_mad": 0.0
    },
    "6": {
        "loss_median": 0.44988375902175903,
        "loss_mad": 0.02401009202003479,
        "accuracy_median": 0.8199999928474426,
        "accuracy_mad": 0.0,
        "f1_median": 0.45054945054945056,
        "f1_mad": 0.0
    },
    "7": {
        "loss_median": 0.42857834696769714,
        "loss_mad": 0.022714346647262573,
        "accuracy_median": 0.8199999928474426,
        "accuracy_mad": 0.0,
        "f1_median": 0.45054945054945056,
        "f1_mad": 0.0
    },
    "8": {
        "loss_median": 0.3981682062149048,
        "loss_mad": 0.028752565383911133,
        "accuracy_median": 0.8199999928474426,
        "accuracy_mad": 0.0,
        "f1_median": 0.45054945054945056,
        "f1_mad": 0.0
    },
    "9": {
        "loss_median": 0.3621004521846771,
        "loss_mad": 0.024233967065811157,
        "accuracy_median": 0.8349999785423279,
        "accuracy_mad": 0.014999985694885254,
        "f1_median": 0.6021939605810379,
        "f1_mad": 0.15164451003158735
    },
    "10": {
        "loss_median": 0.3321869671344757,
        "loss_mad": 0.02694430947303772,
        "accuracy_median": 0.8999999761581421,
        "accuracy_mad": 0.020000040531158447,
        "f1_median": 0.7933771953672992,
        "f1_mad": 0.07921398157170378
    },
    "11": {
        "loss_median": 0.3185277581214905,
        "loss_mad": 0.033346205949783325,
        "accuracy_median": 0.8949999809265137,
        "accuracy_mad": 0.02499997615814209,
        "f1_median": 0.8210164382271208,
        "f1_mad": 0.036702712736924714
    },
    "12": {
        "loss_median": 0.28229382634162903,
        "loss_mad": 0.05298838019371033,
        "accuracy_median": 0.9049999713897705,
        "accuracy_mad": 0.010000050067901611,
        "f1_median": 0.8555737144160238,
        "f1_mad": 0.004879445585445064
    },
    "13": {
        "loss_median": 0.27258557081222534,
        "loss_mad": 0.057364314794540405,
        "accuracy_median": 0.9300000071525574,
        "accuracy_mad": 0.019999980926513672,
        "f1_median": 0.8885172798216276,
        "f1_mad": 0.02857772929792135
    },
    "14": {
        "loss_median": 0.23301643133163452,
        "loss_mad": 0.041199445724487305,
        "accuracy_median": 0.9300000071525574,
        "accuracy_mad": 0.02499997615814209,
        "f1_median": 0.8885172798216276,
        "f1_mad": 0.03267016271088252
    },
    "15": {
        "loss_median": 0.19440051913261414,
        "loss_mad": 0.04250408709049225,
        "accuracy_median": 0.9399999976158142,
        "accuracy_mad": 0.014999985694885254,
        "f1_median": 0.9005140109434588,
        "f1_mad": 0.026903880546288894
    },
    "16": {
        "loss_median": 0.17722897231578827,
        "loss_mad": 0.036647289991378784,
        "accuracy_median": 0.949999988079071,
        "accuracy_mad": 0.009999990463256836,
        "f1_median": 0.9069940476190477,
        "f1_mad": 0.022134230198103344
    },
    "17": {
        "loss_median": 0.18198229372501373,
        "loss_mad": 0.02600736916065216,
        "accuracy_median": 0.9399999976158142,
        "accuracy_mad": 0.014999985694885254,
        "f1_median": 0.8861596392136258,
        "f1_mad": 0.03123435269106667
    },
    "18": {
        "loss_median": 0.17185647785663605,
        "loss_mad": 0.02215699851512909,
        "accuracy_median": 0.9300000071525574,
        "accuracy_mad": 0.004999995231628418,
        "f1_median": 0.8686457375541836,
        "f1_mad": 0.021036934721500145
    },
    "19": {
        "loss_median": 0.15630078315734863,
        "loss_mad": 0.009775623679161072,
        "accuracy_median": 0.9399999976158142,
        "accuracy_mad": 0.004999995231628418,
        "f1_median": 0.8963779379209647,
        "f1_mad": 0.01146002446016725
    },
    "20": {
        "loss_median": 0.1547238677740097,
        "loss_mad": 0.00135861337184906,
        "accuracy_median": 0.9449999928474426,
        "accuracy_mad": 0.009999990463256836,
        "f1_median": 0.9097435897435897,
        "f1_mad": 0.016410256410256396
    },
    "21": {
        "loss_median": 0.1695682853460312,
        "loss_mad": 0.006952553987503052,
        "accuracy_median": 0.9300000071525574,
        "accuracy_mad": 0.0,
        "f1_median": 0.8862897985705003,
        "f1_mad": 0.007501919782621491
    },
    "22": {
        "loss_median": 0.1710769534111023,
        "loss_mad": 0.007502928376197815,
        "accuracy_median": 0.9399999976158142,
        "accuracy_mad": 0.009999990463256836,
        "f1_median": 0.8983739837398375,
        "f1_mad": 0.013036363531601203
    },
    "23": {
        "loss_median": 0.1569809466600418,
        "loss_mad": 0.006734222173690796,
        "accuracy_median": 0.949999988079071,
        "accuracy_mad": 0.004999995231628418,
        "f1_median": 0.917095009119549,
        "f1_mad": 0.009058837034297107
    },
    "24": {
        "loss_median": 0.14623834192752838,
        "loss_mad": 0.011087298393249512,
        "accuracy_median": 0.949999988079071,
        "accuracy_mad": 0.009999990463256836,
        "f1_median": 0.9187784275503574,
        "f1_mad": 0.013470894942867462
    },
    "25": {
        "loss_median": 0.13271339237689972,
        "loss_mad": 0.01437532901763916,
        "accuracy_median": 0.9549999833106995,
        "accuracy_mad": 0.004999995231628418,
        "f1_median": 0.9245946964936533,
        "f1_mad": 0.007499687374104336
    },
    "26": {
        "loss_median": 0.13368898630142212,
        "loss_mad": 0.017238140106201172,
        "accuracy_median": 0.9599999785423279,
        "accuracy_mad": 0.010000050067901611,
        "f1_median": 0.9307359307359306,
        "f1_mad": 0.014827487881380108
    },
    "27": {
        "loss_median": 0.13130393624305725,
        "loss_mad": 0.02257046103477478,
        "accuracy_median": 0.9549999833106995,
        "accuracy_mad": 0.004999995231628418,
        "f1_median": 0.9229419067597071,
        "f1_mad": 0.006186371057443907
    },
    "28": {
        "loss_median": 0.1346072256565094,
        "loss_mad": 0.0231199711561203,
        "accuracy_median": 0.9549999833106995,
        "accuracy_mad": 0.009999990463256836,
        "f1_median": 0.9229419067597071,
        "f1_mad": 0.015947859140659437
    },
    "29": {
        "loss_median": 0.13872763514518738,
        "loss_mad": 0.009174853563308716,
        "accuracy_median": 0.9599999785423279,
        "accuracy_mad": 0.004999995231628418,
        "f1_median": 0.9307359307359306,