{
   "info": {
      "strategy": "FedYogi",
      "seed": 5,
      "sampling_seed": 5,
      "local_epochs": 2,
      "num_rounds": 10,
      "num_clients": 5,
      "eta": 0.1,
      "eta_l": 0.1,
      "iid": false,
      "alpha": 1.8,
      "training_mode": "noiseless",
      "nshots": 1000,
      "model_type": "quantum"
   },
   "rounds": [
      {
         "round": 0,
         "train_metrics": {},
         "eval_metrics_client": {},
         "eval_metrics_server": {
            "accuracy": 0.6399999856948853,
            "loss": 0.630768895149231,
            "f1_score": 0.6017258546299369
         }
      },
      {
         "round": 1,
         "train_metrics": {
            "train_loss": 0.5382612354653149,
            "train_acc": 0.8437499983443154,
            "train_f1": 0.7319988863750655,
            "drift": 0.5576165016221666
         },
         "eval_metrics_client": {
            "loss": 0.5682417750358582,
            "accuracy": 0.7399999896685282,
            "f1": 0.6910531531743991
         },
         "eval_metrics_server": {
            "accuracy": 0.6949999928474426,
            "loss": 0.5928633809089661,
            "f1_score": 0.6510197660116137
         },
         "drift_metrics": {
            "drift_median": 0.5383217478972546,
            "drift_mean": 0.5045285847792038,
            "drift_max": 0.6716144553185314,
            "drift_min": 0.30364955112182557,
            "drift_per_client": [
               0.30364955112182557,
               0.5383217478972546,
               0.6716144553185314
            ]
         }
      },
      {
         "round": 2,
         "train_metrics": {
            "train_loss": 0.5158216599239491,
            "train_acc": 0.8758865159454075,
            "train_f1": 0.8341408983184337,
            "drift": 0.4575184662260079
         },
         "eval_metrics_client": {
            "loss": 0.5249659419059753,
            "accuracy": 0.8050000071525574,
            "f1": 0.7353419639550707
         },
         "eval_metrics_server": {
            "accuracy": 0.8500000238418579,
            "loss": 0.5378024578094482,
            "f1_score": 0.7914059240717564
         },
         "drift_metrics": {
            "drift_median": 0.4639472192791699,
            "drift_mean": 0.43260390647997377,
            "drift_max": 0.5314084612808827,
            "drift_min": 0.30245603887986877,
            "drift_per_client": [
               0.30245603887986877,
               0.5314084612808827,
               0.4639472192791699
            ]
         }
      },
      {
         "round": 3,
         "train_metrics": {
            "train_loss": 0.4708166374166408,
            "train_acc": 0.8942307690397286,
            "train_f1": 0.8494244746205426,
            "drift": 0.42956259789395806
         },
         "eval_metrics_client": {
            "loss": 0.46705791354179377,
            "accuracy": 0.8749999999999999,
            "f1": 0.7987850375639969
         },
         "eval_metrics_server": {
            "accuracy": 0.8999999761581421,
            "loss": 0.4778304994106293,
            "f1_score": 0.8091238786027868
         },
         "drift_metrics": {
            "drift_median": 0.411202027330122,
            "drift_mean": 0.4296871597833798,
            "drift_max": 0.47741967645104294,
            "drift_min": 0.40043977556897437,
            "drift_per_client": [
               0.40043977556897437,
               0.47741967645104294,
               0.411202027330122
            ]
         }
      },
      {
         "round": 4,
         "train_metrics": {
            "train_loss": 0.43559820390649284,
            "train_acc": 0.864553300551104,
            "train_f1": 0.6912312283222607,
            "drift": 0.41927259428369307
         },
         "eval_metrics_client": {
            "loss": 0.4200500647226969,
            "accuracy": 0.8616666793823241,
            "f1": 0.7376331096309605
         },
         "eval_metrics_server": {
            "accuracy": 0.8849999904632568,
            "loss": 0.4271336495876312,
            "f1_score": 0.7498776575498884
         },
         "drift_metrics": {
            "drift_median": 0.37241302645720403,
            "drift_mean": 0.40926723105053836,
            "drift_max": 0.508635585919732,
            "drift_min": 0.346753080774679,
            "drift_per_client": [
               0.346753080774679,
               0.508635585919732,
               0.37241302645720403
            ]
         }
      },
      {
         "round": 5,
         "train_metrics": {
            "train_loss": 0.38108572738782076,
            "train_acc": 0.8782287897658965,
            "train_f1": 0.6351708241147431,
            "drift": 0.2864328977300275
         },
         "eval_metrics_client": {
            "loss": 0.39910264809926344,
            "accuracy": 0.8483333388964335,
            "f1": 0.6651374382828337
         },
         "eval_metrics_server": {
            "accuracy": 0.8450000286102295,
            "loss": 0.400751531124115,
            "f1_score": 0.6395139252282109
         },
         "drift_metrics": {
            "drift_median": 0.2600706954529113,
            "drift_mean": 0.25319788443823166,
            "drift_max": 0.3605211072630643,
            "drift_min": 0.13900185059871945,
            "drift_per_client": [
               0.13900185059871945,
               0.2600706954529113,
               0.3605211072630643
            ]
         }
      },
      {
         "round": 6,
         "train_metrics": {
            "train_loss": 0.35312229669888,
            "train_acc": 0.8993055543137921,
            "train_f1": 0.6516521580416292,
            "drift": 0.20332333309369932
         },
         "eval_metrics_client": {
            "loss": 0.40398172537485755,
            "accuracy": 0.8399999936421711,
            "f1": 0.63673277626766
         },
         "eval_metrics_server": {
            "accuracy": 0.8500000238418579,
            "loss": 0.4006148874759674,
            "f1_score": 0.6788696210661529
         },
         "drift_metrics": {
            "drift_median": 0.20085696326969604,
            "drift_mean": 0.1797149749554617,
            "drift_max": 0.25051416633404006,
            "drift_min": 0.08777379526264906,
            "drift_per_client": [
               0.08777379526264906,
               0.20085696326969604,
               0.25051416633404006
            ]
         }
      },
      {
         "round": 7,
         "train_metrics": {
            "train_loss": 0.39557211071768866,
            "train_acc": 0.8723404333523825,
            "train_f1": 0.724739644421186,
            "drift": 0.2536969881048571
         },
         "eval_metrics_client": {
            "loss": 0.41682092348734534,
            "accuracy": 0.8383333285649617,
            "f1": 0.680175066175062
         },
         "eval_metrics_server": {
            "accuracy": 0.8600000143051147,
            "loss": 0.4109572470188141,
            "f1_score": 0.7176850171405526
         },
         "drift_metrics": {
            "drift_median": 0.2600834969161827,
            "drift_mean": 0.22510446643879875,
            "drift_max": 0.309566001667633,
            "drift_min": 0.10566390073258053,
            "drift_per_client": [
               0.10566390073258053,
               0.2600834969161827,
               0.309566001667633
            ]
         }
      },
      {
         "round": 8,
         "train_metrics": {
            "train_loss": 0.386191620843595,
            "train_acc": 0.9038461633981802,
            "train_f1": 0.8147519656732833,
            "drift": 0.3254552629592827
         },
         "eval_metrics_client": {
            "loss": 0.4312367041905721,
            "accuracy": 0.8450000087420144,
            "f1": 0.7411157096133824
         },
         "eval_metrics_server": {
            "accuracy": 0.8999999761581421,
            "loss": 0.4185088872909546,
            "f1_score": 0.8228206945428774
         },