{
   "info": {
      "strategy": "FedYogi",
      "seed": 3,
      "sampling_seed": 3,
      "local_epochs": 2,
      "num_rounds": 10,
      "num_clients": 5,
      "eta": 0.1,
      "eta_l": 0.1,
      "iid": false,
      "alpha": 1.8,
      "training_mode": "noiseless",
      "nshots": 1000,
      "model_type": "quantum"
   },
   "rounds": [
      {
         "round": 0,
         "train_metrics": {},
         "eval_metrics_client": {},
         "eval_metrics_server": {
            "accuracy": 0.47999998927116394,
            "loss": 0.7357013821601868,
            "f1_score": 0.4164515767029514
         }
      },
      {
         "round": 1,
         "train_metrics": {
            "train_loss": 0.5799236041840338,
            "train_acc": 0.7664835007636102,
            "train_f1": 0.6666517494974592,
            "drift": 0.8380812911138737
         },
         "eval_metrics_client": {
            "loss": 0.6747685074806213,
            "accuracy": 0.5649999777475992,
            "f1": 0.5079530899580186
         },
         "eval_metrics_server": {
            "accuracy": 0.5600000023841858,
            "loss": 0.6754171848297119,
            "f1_score": 0.46576007770762506
         },
         "drift_metrics": {
            "drift_median": 0.8547187330355788,
            "drift_mean": 0.8321535367767536,
            "drift_max": 0.8793232164199566,
            "drift_min": 0.7624186608747252,
            "drift_per_client": [
               0.7624186608747252,
               0.8793232164199566,
               0.8547187330355788
            ]
         }
      },
      {
         "round": 2,
         "train_metrics": {
            "train_loss": 0.5328373283411937,
            "train_acc": 0.8076923130414425,
            "train_f1": 0.7469548434747793,
            "drift": 0.7259719268651419
         },
         "eval_metrics_client": {
            "loss": 0.6069759726524353,
            "accuracy": 0.6299999952316284,
            "f1": 0.5644773564244827
         },
         "eval_metrics_server": {
            "accuracy": 0.6800000071525574,
            "loss": 0.5961717963218689,
            "f1_score": 0.5733333333333333
         },
         "drift_metrics": {
            "drift_median": 0.7086807896076988,
            "drift_mean": 0.7115850403206402,
            "drift_max": 0.8102389721468259,
            "drift_min": 0.6158353592073961,
            "drift_per_client": [
               0.6158353592073961,
               0.7086807896076988,
               0.8102389721468259
            ]
         }
      },
      {
         "round": 3,
         "train_metrics": {
            "train_loss": 0.49901502530199743,
            "train_acc": 0.8559321927822243,
            "train_f1": 0.7941337956967298,
            "drift": 0.5381990911290796
         },
         "eval_metrics_client": {
            "loss": 0.5256722172101338,
            "accuracy": 0.75,
            "f1": 0.6543478672362562
         },
         "eval_metrics_server": {
            "accuracy": 0.7749999761581421,
            "loss": 0.5235598087310791,
            "f1_score": 0.6638655462184874
         },
         "drift_metrics": {
            "drift_median": 0.535105478947823,
            "drift_mean": 0.5147411142318443,
            "drift_max": 0.6195315739396778,
            "drift_min": 0.389586289808032,
            "drift_per_client": [
               0.389586289808032,
               0.535105478947823,
               0.6195315739396778
            ]
         }
      },
      {
         "round": 4,
         "train_metrics": {
            "train_loss": 0.45777880569264395,
            "train_acc": 0.863468641944477,
            "train_f1": 0.7524271615776285,
            "drift": 0.5090874214377309
         },
         "eval_metrics_client": {
            "loss": 0.4605101148287455,
            "accuracy": 0.8416666785875956,
            "f1": 0.7465949629954962
         },
         "eval_metrics_server": {
            "accuracy": 0.8450000286102295,
            "loss": 0.46404919028282166,
            "f1_score": 0.7507136826022275
         },
         "drift_metrics": {
            "drift_median": 0.4425987834170257,
            "drift_mean": 0.4662112887556386,
            "drift_max": 0.616550399938631,
            "drift_min": 0.3394846829112591,
            "drift_per_client": [
               0.3394846829112591,
               0.4425987834170257,
               0.616550399938631
            ]
         }
      },
      {
         "round": 5,
         "train_metrics": {
            "train_loss": 0.4298989613415868,
            "train_acc": 0.8454258669438046,
            "train_f1": 0.7447647104879564,
            "drift": 0.4493909581679713
         },
         "eval_metrics_client": {
            "loss": 0.4281188646952311,
            "accuracy": 0.8699999849001566,
            "f1": 0.781503772689851
         },
         "eval_metrics_server": {
            "accuracy": 0.8500000238418579,
            "loss": 0.4230431020259857,
            "f1_score": 0.7459349593495935
         },
         "drift_metrics": {
            "drift_median": 0.4693460409170445,
            "drift_mean": 0.4164956883546241,
            "drift_max": 0.4946807339166618,
            "drift_min": 0.28546029023016617,
            "drift_per_client": [
               0.28546029023016617,
               0.4693460409170445,
               0.4946807339166618
            ]
         }
      },
      {
         "round": 6,
         "train_metrics": {
            "train_loss": 0.38880716453976333,
            "train_acc": 0.9038461644898405,
            "train_f1": 0.8271671260430442,
            "drift": 0.3650431873897967
         },
         "eval_metrics_client": {
            "loss": 0.41361793875694275,
            "accuracy": 0.8816666603088378,
            "f1": 0.7993365182990808
         },
         "eval_metrics_server": {
            "accuracy": 0.8700000047683716,
            "loss": 0.4034977853298187,
            "f1_score": 0.7641081473416803
         },
         "drift_metrics": {
            "drift_median": 0.36119511613203537,
            "drift_mean": 0.36362696458332083,
            "drift_max": 0.38037064191602044,
            "drift_min": 0.3493151357019067,
            "drift_per_client": [
               0.3493151357019067,
               0.36119511613203537,
               0.38037064191602044
            ]
         }
      },
      {
         "round": 7,
         "train_metrics": {
            "train_loss": 0.3824720342400603,
            "train_acc": 0.9070512702067693,
            "train_f1": 0.8750130620790653,
            "drift": 0.2623528901861536
         },
         "eval_metrics_client": {
            "loss": 0.4187928239504496,
            "accuracy": 0.9066666563351948,
            "f1": 0.8472396240873303
         },
         "eval_metrics_server": {
            "accuracy": 0.925000011920929,
            "loss": 0.40262436866760254,
            "f1_score": 0.8655371789700148
         },
         "drift_metrics": {
            "drift_median": 0.27625246283936944,
            "drift_mean": 0.25698959222816853,
            "drift_max": 0.28624785663036245,
            "drift_min": 0.20846845721477367,
            "drift_per_client": [
               0.20846845721477367,
               0.27625246283936944,
               0.28624785663036245
            ]
         }
      },
      {
         "round": 8,
         "train_metrics": {
            "train_loss": 0.3622286158448077,
            "train_acc": 0.9491525446459399,
            "train_f1": 0.8936321597398096,
            "drift": 0.2019193798025199
         },
         "eval_metrics_client": {
            "loss": 0.4206972519556681,
            "accuracy": 0.8999999960263569,
            "f1": 0.8248687558671142
         },
         "eval_metrics_server": {
            "accuracy": 0.9150000214576721,
            "loss": 0.41283106803894043,
            "f1_score": 0.8511318358947415
         },