{
    "1": {
        "loss_median": 0.5840943853060404,
        "loss_mad": 0.013005177179972294,
        "accuracy_median": 0.6683333317438761,
        "accuracy_mad": 0.04999999205271399,
        "f1_median": 0.6242462748086475,
        "f1_mad": 0.05180070930755243
    },
    "2": {
        "loss_median": 0.5541340907414753,
        "loss_mad": 0.021353433529535892,
        "accuracy_median": 0.725000003973643,
        "accuracy_mad": 0.036666691303253174,
        "f1_median": 0.6760608782112991,
        "f1_mad": 0.0303027667929876
    },
    "3": {
        "loss_median": 0.5063862403233845,
        "loss_mad": 0.010646313428878729,
        "accuracy_median": 0.7466666698455809,
        "accuracy_mad": 0.07333332300186168,
        "f1_median": 0.6919236502969037,
        "f1_mad": 0.06243413895361538
    },
    "4": {
        "loss_median": 0.500181645154953,
        "loss_mad": 0.025233934322992924,
        "accuracy_median": 0.768333335717519,
        "accuracy_mad": 0.05500000715255737,
        "f1_median": 0.7234531306941143,
        "f1_mad": 0.055425475968735594
    },
    "5": {
        "loss_median": 0.49151728550593055,
        "loss_mad": 0.028119951486587524,
        "accuracy_median": 0.8033333222071328,
        "accuracy_mad": 0.051666657129923355,
        "f1_median": 0.7480977912124605,
        "f1_mad": 0.038067379004380064
    },
    "6": {
        "loss_median": 0.44811740517616266,
        "loss_mad": 0.008930126825968443,
        "accuracy_median": 0.8383333285649617,
        "accuracy_mad": 0.020000020662943485,
        "f1_median": 0.7983314182444983,
        "f1_mad": 0.02284535567562418
    },
    "7": {
        "loss_median": 0.4365825951099395,
        "loss_mad": 0.010073194901148497,
        "accuracy_median": 0.8516666690508524,
        "accuracy_mad": 0.021666665871938107,
        "f1_median": 0.8016163686898617,
        "f1_mad": 0.029108109270723603
    },
    "8": {
        "loss_median": 0.4142475326855977,
        "loss_mad": 0.015402654806772886,
        "accuracy_median": 0.8716666698455809,
        "accuracy_mad": 0.009999990463256836,
        "f1_median": 0.8145947267952796,
        "f1_mad": 0.02145484188442459
    },
    "9": {
        "loss_median": 0.39964772264162696,
        "loss_mad": 0.00905237595240277,
        "accuracy_median": 0.8883333206176757,
        "accuracy_mad": 0.0016666650772094727,
        "f1_median": 0.8409789725153376,
        "f1_mad": 0.01224100605228906
    },
    "10": {
        "loss_median": 0.3808597524960835,
        "loss_mad": 0.01019005974133802,
        "accuracy_median": 0.893333335717519,
        "accuracy_mad": 0.0016666849454244348,
        "f1_median": 0.8404038773289191,
        "f1_mad": 0.018248202539096314
    }
}