{
   "info": {
      "strategy": "FedAvg",
      "seed": 1,
      "init_seed": 1,
      "sampling_seed": 1,
      "data_seed": 1,
      "fraction_train": 0.75,
      "fraction_evaluate": 0.75,
      "local_epochs": 2,
      "num_rounds": 10,
      "num_clients": 5,
      "eta_l": 0.3,
      "iid": true,
      "alpha": null,
      "training_mode": "noiseless",
      "nshots": 1000,
      "model_type": "quantum"
   },
   "rounds": [
      {
         "round": 0,
         "train_metrics": {},
         "eval_metrics_client": {},
         "eval_metrics_server": {
            "accuracy": 0.6150000095367432,
            "loss": 0.6220965385437012,
            "f1_score": 0.548002700243609
         }
      },
      {
         "round": 1,
         "train_metrics": {
            "train_loss": 0.515079976656498,
            "train_acc": 0.7633333206176757,
            "train_f1": 0.7330381236569865,
            "drift": 0.9017719667432974
         },
         "eval_metrics_client": {
            "loss": 0.5178712407747904,
            "accuracy": 0.7099999984105427,
            "f1": 0.6805438723793287
         },
         "eval_metrics_server": {
            "accuracy": 0.7099999785423279,
            "loss": 0.5398199558258057,
            "f1_score": 0.6668198529411764
         },
         "drift_metrics": {
            "drift_median": 0.907114193023514,
            "drift_mean": 0.9017719667432975,
            "drift_max": 0.9679762152016825,
            "drift_min": 0.8302254920046961,
            "drift_per_client": [
               0.907114193023514,
               0.9679762152016825,
               0.8302254920046961
            ]
         }
      },
      {
         "round": 2,
         "train_metrics": {
            "train_loss": 0.5055936620785639,
            "train_acc": 0.793333331743876,
            "train_f1": 0.748615269243338,
            "drift": 0.5412517783891228
         },
         "eval_metrics_client": {
            "loss": 0.47323277592658997,
            "accuracy": 0.7883333365122477,
            "f1": 0.7500254105584714
         },
         "eval_metrics_server": {
            "accuracy": 0.7350000143051147,
            "loss": 0.505805253982544,
            "f1_score": 0.6888849754923542
         },
         "drift_metrics": {
            "drift_median": 0.5324284799459124,
            "drift_mean": 0.5412517783891228,
            "drift_max": 0.5913543620708264,
            "drift_min": 0.4999724931506297,
            "drift_per_client": [
               0.5324284799459124,
               0.4999724931506297,
               0.5913543620708264
            ]
         }
      },
      {
         "round": 3,
         "train_metrics": {
            "train_loss": 0.4647061694891025,
            "train_acc": 0.846666673819224,
            "train_f1": 0.7966843455034512,
            "drift": 0.5420782271444924
         },
         "eval_metrics_client": {
            "loss": 0.4405697087446848,
            "accuracy": 0.8450000087420144,
            "f1": 0.7963788154151058
         },
         "eval_metrics_server": {
            "accuracy": 0.8050000071525574,
            "loss": 0.46567630767822266,
            "f1_score": 0.7512041083219037
         },
         "drift_metrics": {
            "drift_median": 0.5650030140645382,
            "drift_mean": 0.5420782271444925,
            "drift_max": 0.6326455338665752,
            "drift_min": 0.42858613350236385,
            "drift_per_client": [
               0.42858613350236385,
               0.6326455338665752,
               0.5650030140645382
            ]
         }
      },
      {
         "round": 4,
         "train_metrics": {
            "train_loss": 0.42580179870128626,
            "train_acc": 0.8766666650772094,
            "train_f1": 0.8304749197860084,
            "drift": 0.49224958703412514
         },
         "eval_metrics_client": {
            "loss": 0.4236152768135071,
            "accuracy": 0.8516666491826375,
            "f1": 0.7969882483158781
         },
         "eval_metrics_server": {
            "accuracy": 0.8399999737739563,
            "loss": 0.43324869871139526,
            "f1_score": 0.7774996523432067
         },
         "drift_metrics": {
            "drift_median": 0.4447944099470296,
            "drift_mean": 0.4922495870341252,
            "drift_max": 0.5945077122412455,
            "drift_min": 0.4374466389141004,
            "drift_per_client": [
               0.4447944099470296,
               0.4374466389141004,
               0.5945077122412455
            ]
         }
      },
      {
         "round": 5,
         "train_metrics": {
            "train_loss": 0.4142654228668946,
            "train_acc": 0.8900000055631001,
            "train_f1": 0.8574418640936209,
            "drift": 0.3678472454748256
         },
         "eval_metrics_client": {
            "loss": 0.41315304239590955,
            "accuracy": 0.8633333444595336,
            "f1": 0.8033634773631984
         },
         "eval_metrics_server": {
            "accuracy": 0.8849999904632568,
            "loss": 0.41127052903175354,
            "f1_score": 0.8281979458450046
         },
         "drift_metrics": {
            "drift_median": 0.36294637902686616,
            "drift_mean": 0.3678472454748256,
            "drift_max": 0.4041960276294135,
            "drift_min": 0.33639932976819714,
            "drift_per_client": [
               0.4041960276294135,
               0.36294637902686616,
               0.33639932976819714
            ]
         }
      },
      {
         "round": 6,
         "train_metrics": {
            "train_loss": 0.41238510073759616,
            "train_acc": 0.9266666769981384,
            "train_f1": 0.8918442631892923,
            "drift": 0.3744522432849786
         },
         "eval_metrics_client": {
            "loss": 0.3965406715869903,
            "accuracy": 0.9066666563351948,
            "f1": 0.8602302756087152
         },
         "eval_metrics_server": {
            "accuracy": 0.9300000071525574,
            "loss": 0.391709566116333,
            "f1_score": 0.8814363143631436
         },
         "drift_metrics": {
            "drift_median": 0.38819875298667267,
            "drift_mean": 0.37445224328497867,
            "drift_max": 0.4063399869374804,
            "drift_min": 0.32881798993078293,
            "drift_per_client": [
               0.4063399869374804,
               0.32881798993078293,
               0.38819875298667267
            ]
         }
      },
      {
         "round": 7,
         "train_metrics": {
            "train_loss": 0.40635831615863693,
            "train_acc": 0.9066666762034098,
            "train_f1": 0.8346155294037829,
            "drift": 0.37680814456095635
         },
         "eval_metrics_client": {
            "loss": 0.3760030666987101,
            "accuracy": 0.9183333317438761,
            "f1": 0.860175667562382
         },
         "eval_metrics_server": {
            "accuracy": 0.9350000023841858,
            "loss": 0.37612807750701904,
            "f1_score": 0.8805970149253732
         },
         "drift_metrics": {
            "drift_median": 0.3483308177221339,
            "drift_mean": 0.3768081445609564,
            "drift_max": 0.4454015684053302,
            "drift_min": 0.33669204755540505,
            "drift_per_client": [
               0.33669204755540505,
               0.3483308177221339,
               0.4454015684053302
            ]
         }
      },
      {
         "round": 8,
         "train_metrics": {
            "train_loss": 0.38475245390182883,
            "train_acc": 0.9100000063578287,
            "train_f1": 0.8317944568758084,
            "drift": 0.24848103608891692
         },
         "eval_metrics_client": {
            "loss": 0.36910011370976764,
            "accuracy": 0.9083333412806193,
            "f1": 0.8320393249400387
         },
         "eval_metrics_server": {
            "accuracy": 0.9300000071525574,