{
   "info": {
      "strategy": "FedYogi",
      "seed": 4,
      "sampling_seed": 4,
      "local_epochs": 2,
      "num_rounds": 10,
      "num_clients": 5,
      "eta": 0.1,
      "eta_l": 0.1,
      "iid": true,
      "alpha": null,
      "training_mode": "mitigated",
      "nshots": 1000,
      "model_type": "quantum",
      "base_pauli": 0.005,
      "base_readout": 0.005,
      "noise_scale": 0.002
   },
   "rounds": [
      {
         "round": 0,
         "train_metrics": {},
         "eval_metrics_client": {},
         "eval_metrics_server": {
            "accuracy": 0.6700000166893005,
            "loss": 0.6031970381736755,
            "f1_score": 0.6268656716417911
         }
      },
      {
         "round": 1,
         "train_metrics": {
            "train_loss": 0.554119505179234,
            "train_acc": 0.7500000198682149,
            "train_f1": 0.708193824634133,
            "drift": 0.5421995118925029
         },
         "eval_metrics_client": {
            "loss": 0.572738528251648,
            "accuracy": 0.7366666595141093,
            "f1": 0.692445815160758
         },
         "eval_metrics_server": {
            "accuracy": 0.7400000095367432,
            "loss": 0.5616573095321655,
            "f1_score": 0.6810207336523126
         },
         "drift_metrics": {
            "drift_median": 0.5356314538548416,
            "drift_mean": 0.542199511892503,
            "drift_max": 0.6035578520339754,
            "drift_min": 0.4874092297886922,
            "drift_per_client": [
               0.4874092297886922,
               0.5356314538548416,
               0.6035578520339754
            ]
         }
      },
      {
         "round": 2,
         "train_metrics": {
            "train_loss": 0.49031902047304005,
            "train_acc": 0.8066666722297668,
            "train_f1": 0.7748790162583266,
            "drift": 0.5183594994194081
         },
         "eval_metrics_client": {
            "loss": 0.5258039732774098,
            "accuracy": 0.7349999944368998,
            "f1": 0.6778847916496026
         },
         "eval_metrics_server": {
            "accuracy": 0.75,
            "loss": 0.5117679238319397,
            "f1_score": 0.6829020801623542
         },
         "drift_metrics": {
            "drift_median": 0.5027453702342196,
            "drift_mean": 0.5183594994194082,
            "drift_max": 0.5712675041978745,
            "drift_min": 0.4810656238261304,
            "drift_per_client": [
               0.5712675041978745,
               0.5027453702342196,
               0.4810656238261304
            ]
         }
      },
      {
         "round": 3,
         "train_metrics": {
            "train_loss": 0.4664521652918595,
            "train_acc": 0.8333333333333333,
            "train_f1": 0.7950524173656066,
            "drift": 0.4031741381425046
         },
         "eval_metrics_client": {
            "loss": 0.4880644977092743,
            "accuracy": 0.7866666515668232,
            "f1": 0.7320169487696495
         },
         "eval_metrics_server": {
            "accuracy": 0.8199999928474426,
            "loss": 0.46843743324279785,
            "f1_score": 0.7496871088861077
         },
         "drift_metrics": {
            "drift_median": 0.39068429071651406,
            "drift_mean": 0.40317413814250463,
            "drift_max": 0.4329717695843734,
            "drift_min": 0.38586635412662645,
            "drift_per_client": [
               0.38586635412662645,
               0.39068429071651406,
               0.4329717695843734
            ]
         }
      },
      {
         "round": 4,
         "train_metrics": {
            "train_loss": 0.4400408917512648,
            "train_acc": 0.8566666642824808,
            "train_f1": 0.8015108930842831,
            "drift": 0.3170558382692651
         },
         "eval_metrics_client": {
            "loss": 0.4513010382652282,
            "accuracy": 0.8116666674613953,
            "f1": 0.755973780691585
         },
         "eval_metrics_server": {
            "accuracy": 0.8700000047683716,
            "loss": 0.44173622131347656,
            "f1_score": 0.8192184675288555
         },
         "drift_metrics": {
            "drift_median": 0.3236898107944038,
            "drift_mean": 0.31705583826926514,
            "drift_max": 0.34990685283862805,
            "drift_min": 0.27757085117476354,
            "drift_per_client": [
               0.34990685283862805,
               0.3236898107944038,
               0.27757085117476354
            ]
         }
      },
      {
         "round": 5,
         "train_metrics": {
            "train_loss": 0.39929992266190356,
            "train_acc": 0.8766666650772095,
            "train_f1": 0.8214249400359082,
            "drift": 0.29843055480118275
         },
         "eval_metrics_client": {
            "loss": 0.42109569907188416,
            "accuracy": 0.8716666698455809,
            "f1": 0.820677887556544
         },
         "eval_metrics_server": {
            "accuracy": 0.8899999856948853,
            "loss": 0.4259184002876282,
            "f1_score": 0.8422939068100359
         },
         "drift_metrics": {
            "drift_median": 0.2942940133855857,
            "drift_mean": 0.29843055480118275,
            "drift_max": 0.3077956133917223,
            "drift_min": 0.29320203762624025,
            "drift_per_client": [
               0.29320203762624025,
               0.3077956133917223,
               0.2942940133855857
            ]
         }
      },
      {
         "round": 6,
         "train_metrics": {
            "train_loss": 0.37582035630177224,
            "train_acc": 0.9199999968210856,
            "train_f1": 0.888689842287866,
            "drift": 0.2882565296722125
         },
         "eval_metrics_client": {
            "loss": 0.40355898936589557,
            "accuracy": 0.8916666507720946,
            "f1": 0.8487714147533473
         },
         "eval_metrics_server": {
            "accuracy": 0.9049999713897705,
            "loss": 0.41305238008499146,
            "f1_score": 0.8604531600014689
         },
         "drift_metrics": {
            "drift_median": 0.2892301062545738,
            "drift_mean": 0.2882565296722125,
            "drift_max": 0.3061919814547861,
            "drift_min": 0.2693475013072775,
            "drift_per_client": [
               0.3061919814547861,
               0.2693475013072775,
               0.2892301062545738
            ]
         }
      },
      {
         "round": 7,
         "train_metrics": {
            "train_loss": 0.35733916171086133,
            "train_acc": 0.9166666666666666,
            "train_f1": 0.8921273329063439,
            "drift": 0.2796796799010149
         },
         "eval_metrics_client": {
            "loss": 0.3932519257068634,
            "accuracy": 0.9050000111262003,
            "f1": 0.8728229772330934
         },
         "eval_metrics_server": {
            "accuracy": 0.9049999713897705,
            "loss": 0.3982312083244324,
            "f1_score": 0.8604531600014689
         },
         "drift_metrics": {
            "drift_median": 0.2749672846282776,
            "drift_mean": 0.2796796799010149,
            "drift_max": 0.29982430800156085,
            "drift_min": 0.2642474470732063,
            "drift_per_client": [
               0.29982430800156085,
               0.2642474470732063,
               0.2749672846282776
            ]
         }
      },
      {
         "round": 8,
         "train_metrics": {
            "train_loss": 0.36834367651205796,
            "train_acc": 0.9199999968210856,
            "train_f1": 0.8920766821925483,
            "drift": 0.3161294255406002
         },
         "eval_metrics_client": {
            "loss": 0.386084775129954,
            "accuracy": 0.9083333214124043,
            "f1": 0.8710423591047309
         },
         "eval_metrics_server": {
            "accuracy": 0.925000011920929,