{
   "info": {
      "strategy": "FedYogi",
      "seed": 3,
      "sampling_seed": 3,
      "local_epochs": 2,
      "num_rounds": 10,
      "num_clients": 5,
      "eta": 0.1,
      "eta_l": 0.1,
      "iid": true,
      "alpha": null,
      "training_mode": "mitigated",
      "nshots": 1000,
      "model_type": "quantum",
      "base_pauli": 0.005,
      "base_readout": 0.005,
      "noise_scale": 0.002
   },
   "rounds": [
      {
         "round": 0,
         "train_metrics": {},
         "eval_metrics_client": {},
         "eval_metrics_server": {
            "accuracy": 0.47999998927116394,
            "loss": 0.7357013821601868,
            "f1_score": 0.4164515767029514
         }
      },
      {
         "round": 1,
         "train_metrics": {
            "train_loss": 0.5821276154273595,
            "train_acc": 0.753333330154419,
            "train_f1": 0.6730029433803255,
            "drift": 0.7042894580397336
         },
         "eval_metrics_client": {
            "loss": 0.6763853033383687,
            "accuracy": 0.5683333277702332,
            "f1": 0.5095776817037281
         },
         "eval_metrics_server": {
            "accuracy": 0.5600000023841858,
            "loss": 0.6762460470199585,
            "f1_score": 0.46576007770762506
         },
         "drift_metrics": {
            "drift_median": 0.7022873609678252,
            "drift_mean": 0.7042894580397335,
            "drift_max": 0.7252257190003041,
            "drift_min": 0.6853552941510715,
            "drift_per_client": [
               0.6853552941510715,
               0.7022873609678252,
               0.7252257190003041
            ]
         }
      },
      {
         "round": 2,
         "train_metrics": {
            "train_loss": 0.5205603952591236,
            "train_acc": 0.8033333222071328,
            "train_f1": 0.7179487163136844,
            "drift": 0.6960157522497576
         },
         "eval_metrics_client": {
            "loss": 0.598721444606781,
            "accuracy": 0.6499999960263569,
            "f1": 0.5791524279869533
         },
         "eval_metrics_server": {
            "accuracy": 0.675000011920929,
            "loss": 0.596958577632904,
            "f1_score": 0.5637437497902614
         },
         "drift_metrics": {
            "drift_median": 0.6726825973302757,
            "drift_mean": 0.6960157522497576,
            "drift_max": 0.7771655841978974,
            "drift_min": 0.6381990752210999,
            "drift_per_client": [
               0.6726825973302757,
               0.7771655841978974,
               0.6381990752210999
            ]
         }
      },
      {
         "round": 3,
         "train_metrics": {
            "train_loss": 0.49064347759271276,
            "train_acc": 0.8333333333333333,
            "train_f1": 0.7443009337133146,
            "drift": 0.6166000306923737
         },
         "eval_metrics_client": {
            "loss": 0.5146901210149128,
            "accuracy": 0.7616666555404663,
            "f1": 0.6693169191922921
         },
         "eval_metrics_server": {
            "accuracy": 0.7749999761581421,
            "loss": 0.5218313336372375,
            "f1_score": 0.6638655462184874
         },
         "drift_metrics": {
            "drift_median": 0.6183574126018696,
            "drift_mean": 0.6166000306923737,
            "drift_max": 0.6770982320917922,
            "drift_min": 0.5543444473834593,
            "drift_per_client": [
               0.6183574126018696,
               0.6770982320917922,
               0.5543444473834593
            ]
         }
      },
      {
         "round": 4,
         "train_metrics": {
            "train_loss": 0.4552237292130788,
            "train_acc": 0.8666666746139525,
            "train_f1": 0.8133244360973816,
            "drift": 0.5312704110976731
         },
         "eval_metrics_client": {
            "loss": 0.4516718784968058,
            "accuracy": 0.8466666738192239,
            "f1": 0.7558324735691336
         },
         "eval_metrics_server": {
            "accuracy": 0.8399999737739563,
            "loss": 0.46173274517059326,
            "f1_score": 0.7400909681611436
         },
         "drift_metrics": {
            "drift_median": 0.5320936994469545,
            "drift_mean": 0.531270411097673,
            "drift_max": 0.5574507665713132,
            "drift_min": 0.5042667672747516,
            "drift_per_client": [
               0.5320936994469545,
               0.5574507665713132,
               0.5042667672747516
            ]
         }
      },
      {
         "round": 5,
         "train_metrics": {
            "train_loss": 0.4348688992934349,
            "train_acc": 0.8399999936421711,
            "train_f1": 0.7686165186165186,
            "drift": 0.4192552541226427
         },
         "eval_metrics_client": {
            "loss": 0.42774209380149836,
            "accuracy": 0.8683333198229471,
            "f1": 0.7963160106733445
         },
         "eval_metrics_server": {
            "accuracy": 0.8550000190734863,
            "loss": 0.42212826013565063,
            "f1_score": 0.7570273553684387
         },
         "drift_metrics": {
            "drift_median": 0.41766986974141856,
            "drift_mean": 0.4192552541226427,
            "drift_max": 0.43894637940239134,
            "drift_min": 0.40114951322411835,
            "drift_per_client": [
               0.41766986974141856,
               0.43894637940239134,
               0.40114951322411835
            ]
         }
      },
      {
         "round": 6,
         "train_metrics": {
            "train_loss": 0.3853596234932924,
            "train_acc": 0.896666665871938,
            "train_f1": 0.8429765512822056,
            "drift": 0.31124710334160527
         },
         "eval_metrics_client": {
            "loss": 0.41928481062253314,
            "accuracy": 0.8916666507720946,
            "f1": 0.8289609930938125
         },
         "eval_metrics_server": {
            "accuracy": 0.9049999713897705,
            "loss": 0.40392372012138367,
            "f1_score": 0.82548794489093
         },
         "drift_metrics": {
            "drift_median": 0.3013308579487729,
            "drift_mean": 0.31124710334160527,
            "drift_max": 0.34025638212736425,
            "drift_min": 0.29215406994867876,
            "drift_per_client": [
               0.34025638212736425,
               0.29215406994867876,
               0.3013308579487729
            ]
         }
      },
      {
         "round": 7,
         "train_metrics": {
            "train_loss": 0.3699594858365181,
            "train_acc": 0.9366666674613953,
            "train_f1": 0.8932641306733865,
            "drift": 0.2615094822887187
         },
         "eval_metrics_client": {
            "loss": 0.41229187448819477,
            "accuracy": 0.8916666507720946,
            "f1": 0.8179060116489144
         },
         "eval_metrics_server": {
            "accuracy": 0.9300000071525574,
            "loss": 0.40429648756980896,
            "f1_score": 0.8759744861800142
         },
         "drift_metrics": {
            "drift_median": 0.27243484655857975,
            "drift_mean": 0.2615094822887187,
            "drift_max": 0.2747068684077114,
            "drift_min": 0.23738673189986495,
            "drift_per_client": [
               0.2747068684077114,
               0.27243484655857975,
               0.23738673189986495
            ]
         }
      },
      {
         "round": 8,
         "train_metrics": {
            "train_loss": 0.37694724209797686,
            "train_acc": 0.946666677792867,
            "train_f1": 0.8909920274824992,
            "drift": 0.2329401784090828
         },
         "eval_metrics_client": {
            "loss": 0.41211442152659095,
            "accuracy": 0.8750000198682149,
            "f1": 0.7806488804035197
         },
         "eval_metrics_server": {
            "accuracy": 0.9200000166893005,