{
   "info": {
      "strategy": "FedYogi",
      "seed": 6,
      "sampling_seed": 6,
      "local_epochs": 2,
      "num_rounds": 10,
      "num_clients": 5,
      "eta": 0.1,
      "eta_l": 0.1,
      "iid": true,
      "alpha": null,
      "training_mode": "mitigated",
      "nshots": 1000,
      "model_type": "quantum",
      "base_pauli": 0.005,
      "base_readout": 0.005,
      "noise_scale": 0.002
   },
   "rounds": [
      {
         "round": 0,
         "train_metrics": {},
         "eval_metrics_client": {},
         "eval_metrics_server": {
            "accuracy": 0.6349999904632568,
            "loss": 0.6415873169898987,
            "f1_score": 0.6027318984517428
         }
      },
      {
         "round": 1,
         "train_metrics": {
            "train_loss": 0.5500491353181691,
            "train_acc": 0.8066666722297668,
            "train_f1": 0.7533392195013134,
            "drift": 0.5493225704626084
         },
         "eval_metrics_client": {
            "loss": 0.57015856107076,
            "accuracy": 0.7299999992052714,
            "f1": 0.6882315288745353
         },
         "eval_metrics_server": {
            "accuracy": 0.7250000238418579,
            "loss": 0.5801365375518799,
            "f1_score": 0.68
         },
         "drift_metrics": {
            "drift_median": 0.5468640110699028,
            "drift_mean": 0.5493225704626084,
            "drift_max": 0.5695555590433043,
            "drift_min": 0.5315481412746179,
            "drift_per_client": [
               0.5315481412746179,
               0.5468640110699028,
               0.5695555590433043
            ]
         }
      },
      {
         "round": 2,
         "train_metrics": {
            "train_loss": 0.49741966220048756,
            "train_acc": 0.8266666531562805,
            "train_f1": 0.7896089174237955,
            "drift": 0.4711798869625533
         },
         "eval_metrics_client": {
            "loss": 0.5237739384174347,
            "accuracy": 0.7883333166440327,
            "f1": 0.744959090425125
         },
         "eval_metrics_server": {
            "accuracy": 0.8100000023841858,
            "loss": 0.5173386335372925,
            "f1_score": 0.756128866640996
         },
         "drift_metrics": {
            "drift_median": 0.4727863787127086,
            "drift_mean": 0.47117988696255336,
            "drift_max": 0.4901857181498421,
            "drift_min": 0.4505675640251093,
            "drift_per_client": [
               0.4505675640251093,
               0.4901857181498421,
               0.4727863787127086
            ]
         }
      },
      {
         "round": 3,
         "train_metrics": {
            "train_loss": 0.45172033707300824,
            "train_acc": 0.8366666634877522,
            "train_f1": 0.7924283257616591,
            "drift": 0.368576201840698
         },
         "eval_metrics_client": {
            "loss": 0.4646752973397572,
            "accuracy": 0.8533333341280619,
            "f1": 0.8117883505882443
         },
         "eval_metrics_server": {
            "accuracy": 0.8550000190734863,
            "loss": 0.4775572121143341,
            "f1_score": 0.8026606784389778
         },
         "drift_metrics": {
            "drift_median": 0.37092621637950607,
            "drift_mean": 0.36857620184069795,
            "drift_max": 0.3983316948037315,
            "drift_min": 0.33647069433885646,
            "drift_per_client": [
               0.33647069433885646,
               0.3983316948037315,
               0.37092621637950607
            ]
         }
      },
      {
         "round": 4,
         "train_metrics": {
            "train_loss": 0.43470904995233584,
            "train_acc": 0.8766666650772094,
            "train_f1": 0.8354395994182606,
            "drift": 0.28024369313387226
         },
         "eval_metrics_client": {
            "loss": 0.44546415408452344,
            "accuracy": 0.8566666642824807,
            "f1": 0.8164438886112789
         },
         "eval_metrics_server": {
            "accuracy": 0.8600000143051147,
            "loss": 0.45927131175994873,
            "f1_score": 0.805312195800306
         },
         "drift_metrics": {
            "drift_median": 0.25859071627834923,
            "drift_mean": 0.28024369313387226,
            "drift_max": 0.32861100501772805,
            "drift_min": 0.25352935810553956,
            "drift_per_client": [
               0.25859071627834923,
               0.25352935810553956,
               0.32861100501772805
            ]
         }
      },
      {
         "round": 5,
         "train_metrics": {
            "train_loss": 0.41284867127736413,
            "train_acc": 0.8799999952316283,
            "train_f1": 0.8345931249895968,
            "drift": 0.2878488145766347
         },
         "eval_metrics_client": {
            "loss": 0.4366476237773895,
            "accuracy": 0.8666666547457376,
            "f1": 0.8265040120180165
         },
         "eval_metrics_server": {
            "accuracy": 0.8650000095367432,
            "loss": 0.453073650598526,
            "f1_score": 0.8162702868224967
         },
         "drift_metrics": {
            "drift_median": 0.2693922392670321,
            "drift_mean": 0.28784881457663475,
            "drift_max": 0.32630642789687986,
            "drift_min": 0.26784777656599223,
            "drift_per_client": [
               0.26784777656599223,
               0.2693922392670321,
               0.32630642789687986
            ]
         }
      },
      {
         "round": 6,
         "train_metrics": {
            "train_loss": 0.40498598034565264,
            "train_acc": 0.8833333253860473,
            "train_f1": 0.832866248381747,
            "drift": 0.3231596476880192
         },
         "eval_metrics_client": {
            "loss": 0.4433278739452362,
            "accuracy": 0.849999984105428,
            "f1": 0.7978823337046589
         },
         "eval_metrics_server": {
            "accuracy": 0.8799999952316284,
            "loss": 0.44816577434539795,
            "f1_score": 0.833124739257405
         },
         "drift_metrics": {
            "drift_median": 0.3284561645708728,
            "drift_mean": 0.3231596476880192,
            "drift_max": 0.33926199521727657,
            "drift_min": 0.3017607832759083,
            "drift_per_client": [
               0.3284561645708728,
               0.3017607832759083,
               0.33926199521727657
            ]
         }
      },
      {
         "round": 7,
         "train_metrics": {
            "train_loss": 0.3799885828525592,
            "train_acc": 0.893333335717519,
            "train_f1": 0.8587342318733961,
            "drift": 0.35848367671142156
         },
         "eval_metrics_client": {
            "loss": 0.4329678912957509,
            "accuracy": 0.8666666746139525,
            "f1": 0.8169100022750438
         },
         "eval_metrics_server": {
            "accuracy": 0.8849999904632568,
            "loss": 0.432874858379364,
            "f1_score": 0.8364095451474092
         },
         "drift_metrics": {
            "drift_median": 0.3471664705802073,
            "drift_mean": 0.3584836767114216,
            "drift_max": 0.403020582234495,
            "drift_min": 0.3252639773195625,
            "drift_per_client": [
               0.3252639773195625,
               0.403020582234495,
               0.3471664705802073
            ]
         }
      },
      {
         "round": 8,
         "train_metrics": {
            "train_loss": 0.3454870153696109,
            "train_acc": 0.9033333261807759,
            "train_f1": 0.8662082813555464,
            "drift": 0.35769757677582925
         },
         "eval_metrics_client": {
            "loss": 0.3917900125185648,
            "accuracy": 0.9183333317438761,
            "f1": 0.8836404702829446
         },
         "eval_metrics_server": {
            "accuracy": 0.9200000166893005,