{
   "info": {
      "strategy": "FedYogi",
      "seed": 5,
      "sampling_seed": 5,
      "local_epochs": 2,
      "num_rounds": 10,
      "num_clients": 5,
      "eta": 0.1,
      "eta_l": 0.1,
      "iid": true,
      "alpha": null,
      "training_mode": "mitigated",
      "nshots": 1000,
      "model_type": "quantum",
      "base_pauli": 0.005,
      "base_readout": 0.005,
      "noise_scale": 0.002
   },
   "rounds": [
      {
         "round": 0,
         "train_metrics": {},
         "eval_metrics_client": {},
         "eval_metrics_server": {
            "accuracy": 0.6399999856948853,
            "loss": 0.630768895149231,
            "f1_score": 0.6017258546299369
         }
      },
      {
         "round": 1,
         "train_metrics": {
            "train_loss": 0.5571077871016967,
            "train_acc": 0.796666661898295,
            "train_f1": 0.7450947041464282,
            "drift": 0.47412791556293854
         },
         "eval_metrics_client": {
            "loss": 0.5740245580673218,
            "accuracy": 0.7399999896685282,
            "f1": 0.6926903066300332
         },
         "eval_metrics_server": {
            "accuracy": 0.7049999833106995,
            "loss": 0.5930470824241638,
            "f1_score": 0.6596579273744628
         },
         "drift_metrics": {
            "drift_median": 0.5068280643219563,
            "drift_mean": 0.47412791556293854,
            "drift_max": 0.51892158249734,
            "drift_min": 0.3966340998695194,
            "drift_per_client": [
               0.5068280643219563,
               0.51892158249734,
               0.3966340998695194
            ]
         }
      },
      {
         "round": 2,
         "train_metrics": {
            "train_loss": 0.5162187738296313,
            "train_acc": 0.8766666650772095,
            "train_f1": 0.8133312227571928,
            "drift": 0.5013020737124587
         },
         "eval_metrics_client": {
            "loss": 0.5215758085250854,
            "accuracy": 0.8149999976158142,
            "f1": 0.7464861047131903
         },
         "eval_metrics_server": {
            "accuracy": 0.8500000238418579,
            "loss": 0.5376533269882202,
            "f1_score": 0.7914059240717564
         },
         "drift_metrics": {
            "drift_median": 0.5150315211390011,
            "drift_mean": 0.5013020737124587,
            "drift_max": 0.5201396933880703,
            "drift_min": 0.4687350066103048,
            "drift_per_client": [
               0.5150315211390011,
               0.4687350066103048,
               0.5201396933880703
            ]
         }
      },
      {
         "round": 3,
         "train_metrics": {
            "train_loss": 0.4499786373896476,
            "train_acc": 0.9166666666666666,
            "train_f1": 0.8525804985596082,
            "drift": 0.46385869372742283
         },
         "eval_metrics_client": {
            "loss": 0.45157044132550556,
            "accuracy": 0.8783333301544188,
            "f1": 0.8044119501321756
         },
         "eval_metrics_server": {
            "accuracy": 0.9049999713897705,
            "loss": 0.47761139273643494,
            "f1_score": 0.8162386962619081
         },
         "drift_metrics": {
            "drift_median": 0.47377340291246867,
            "drift_mean": 0.4638586937274229,
            "drift_max": 0.4908402568597154,
            "drift_min": 0.4269624214100846,
            "drift_per_client": [
               0.4908402568597154,
               0.4269624214100846,
               0.47377340291246867
            ]
         }
      },
      {
         "round": 4,
         "train_metrics": {
            "train_loss": 0.42766501964666903,
            "train_acc": 0.8766666849454243,
            "train_f1": 0.7830416387754273,
            "drift": 0.3487125361501872
         },
         "eval_metrics_client": {
            "loss": 0.41156048576037085,
            "accuracy": 0.8866666555404662,
            "f1": 0.7967599322586213
         },
         "eval_metrics_server": {
            "accuracy": 0.8799999952316284,
            "loss": 0.42744162678718567,
            "f1_score": 0.7347480106100795
         },
         "drift_metrics": {
            "drift_median": 0.3509660057551271,
            "drift_mean": 0.34871253615018727,
            "drift_max": 0.39157897781672474,
            "drift_min": 0.3035926248787099,
            "drift_per_client": [
               0.3035926248787099,
               0.3509660057551271,
               0.39157897781672474
            ]
         }
      },
      {
         "round": 5,
         "train_metrics": {
            "train_loss": 0.39092814998748976,
            "train_acc": 0.8566666841506958,
            "train_f1": 0.6933747893943425,
            "drift": 0.2609183539465222
         },
         "eval_metrics_client": {
            "loss": 0.3942692677179972,
            "accuracy": 0.8849999904632568,
            "f1": 0.7639716234768573
         },
         "eval_metrics_server": {
            "accuracy": 0.8450000286102295,
            "loss": 0.4001607894897461,
            "f1_score": 0.6395139252282109
         },
         "drift_metrics": {
            "drift_median": 0.26816971979630716,
            "drift_mean": 0.26091835394652224,
            "drift_max": 0.27411626914605974,
            "drift_min": 0.24046907289719974,
            "drift_per_client": [
               0.26816971979630716,
               0.24046907289719974,
               0.27411626914605974
            ]
         }
      },
      {
         "round": 6,
         "train_metrics": {
            "train_loss": 0.38401947648097307,
            "train_acc": 0.8699999849001566,
            "train_f1": 0.7188046274356412,
            "drift": 0.20762659411114914
         },
         "eval_metrics_client": {
            "loss": 0.40736888845761615,
            "accuracy": 0.868333319822947,
            "f1": 0.7313600774251672
         },
         "eval_metrics_server": {
            "accuracy": 0.8500000238418579,
            "loss": 0.40054911375045776,
            "f1_score": 0.6885382059800664
         },
         "drift_metrics": {
            "drift_median": 0.2103926542618989,
            "drift_mean": 0.20762659411114917,
            "drift_max": 0.21681162451343874,
            "drift_min": 0.19567550355810986,
            "drift_per_client": [
               0.19567550355810986,
               0.2103926542618989,
               0.21681162451343874
            ]
         }
      },
      {
         "round": 7,
         "train_metrics": {
            "train_loss": 0.36780573771550107,
            "train_acc": 0.8733333349227905,
            "train_f1": 0.7289719264395357,
            "drift": 0.2355674188520407
         },
         "eval_metrics_client": {
            "loss": 0.4149231016635895,
            "accuracy": 0.8649999896685281,
            "f1": 0.7514554118741095
         },
         "eval_metrics_server": {
            "accuracy": 0.875,
            "loss": 0.4121662974357605,
            "f1_score": 0.7582088108709318
         },
         "drift_metrics": {
            "drift_median": 0.2198759940302735,
            "drift_mean": 0.2355674188520407,
            "drift_max": 0.26890917924112695,
            "drift_min": 0.21791708328472167,
            "drift_per_client": [
               0.21791708328472167,
               0.2198759940302735,
               0.26890917924112695
            ]
         }
      },
      {
         "round": 8,
         "train_metrics": {
            "train_loss": 0.3605733425953449,
            "train_acc": 0.9100000063578287,
            "train_f1": 0.8276776818589684,
            "drift": 0.3165678868994194
         },
         "eval_metrics_client": {
            "loss": 0.42302387952804565,
            "accuracy": 0.8566666642824807,
            "f1": 0.7676723327794739
         },
         "eval_metrics_server": {
            "accuracy": 0.8999999761581421,