{
   "info": {
      "strategy": "FedAvg",
      "seed": 1,
      "init_seed": 1,
      "sampling_seed": 1,
      "data_seed": 2,
      "fraction_train": 0.75,
      "fraction_evaluate": 0.75,
      "local_epochs": 2,
      "num_rounds": 10,
      "num_clients": 5,
      "eta_l": 0.3,
      "iid": true,
      "alpha": null,
      "training_mode": "noiseless",
      "nshots": 50,
      "model_type": "quantum"
   },
   "rounds": [
      {
         "round": 0,
         "train_metrics": {},
         "eval_metrics_client": {},
         "eval_metrics_server": {
            "accuracy": 0.6150000095367432,
            "loss": 0.6220965385437012,
            "f1_score": 0.548002700243609
         }
      },
      {
         "round": 1,
         "train_metrics": {
            "train_loss": 0.5286097878064864,
            "train_acc": 0.8366666634877522,
            "train_f1": 0.7835004967739969,
            "drift": 0.994647968659722
         },
         "eval_metrics_client": {
            "loss": 0.4911346435546875,
            "accuracy": 0.8133333524068196,
            "f1": 0.7721217268964455
         },
         "eval_metrics_server": {
            "accuracy": 0.8500000238418579,
            "loss": 0.5054072141647339,
            "f1_score": 0.7972699013380187
         },
         "drift_metrics": {
            "drift_median": 0.9801666289063317,
            "drift_mean": 0.9946479686597222,
            "drift_max": 1.0296351492535973,
            "drift_min": 0.9741421278192373,
            "drift_per_client": [
               1.0296351492535973,
               0.9801666289063317,
               0.9741421278192373
            ]
         }
      },
      {
         "round": 2,
         "train_metrics": {
            "train_loss": 0.42823905975390697,
            "train_acc": 0.8533333142598469,
            "train_f1": 0.8068510389408003,
            "drift": 0.6782671578830813
         },
         "eval_metrics_client": {
            "loss": 0.43422051270802814,
            "accuracy": 0.8433333436648051,
            "f1": 0.7990323771149973
         },
         "eval_metrics_server": {
            "accuracy": 0.8600000143051147,
            "loss": 0.45005548000335693,
            "f1_score": 0.8081140350877194
         },
         "drift_metrics": {
            "drift_median": 0.6971875262016735,
            "drift_mean": 0.6782671578830813,
            "drift_max": 0.7952519250646334,
            "drift_min": 0.5423620223829373,
            "drift_per_client": [
               0.6971875262016735,
               0.5423620223829373,
               0.7952519250646334
            ]
         }
      },
      {
         "round": 3,
         "train_metrics": {
            "train_loss": 0.4383472295907827,
            "train_acc": 0.8533333341280618,
            "train_f1": 0.8092444659850282,
            "drift": 0.4234951304016055
         },
         "eval_metrics_client": {
            "loss": 0.41869183381398517,
            "accuracy": 0.8533333341280619,
            "f1": 0.7993113468833958
         },
         "eval_metrics_server": {
            "accuracy": 0.8600000143051147,
            "loss": 0.4319606125354767,
            "f1_score": 0.8081140350877194
         },
         "drift_metrics": {
            "drift_median": 0.4736590209734995,
            "drift_mean": 0.4234951304016055,
            "drift_max": 0.4832292390738988,
            "drift_min": 0.31359713115741833,
            "drift_per_client": [
               0.31359713115741833,
               0.4736590209734995,
               0.4832292390738988
            ]
         }
      },
      {
         "round": 4,
         "train_metrics": {
            "train_loss": 0.43103237717579573,
            "train_acc": 0.8600000143051146,
            "train_f1": 0.8136926577557942,
            "drift": 0.4040938912269414
         },
         "eval_metrics_client": {
            "loss": 0.4137937029202779,
            "accuracy": 0.8616666793823241,
            "f1": 0.8055712840174805
         },
         "eval_metrics_server": {
            "accuracy": 0.8700000047683716,
            "loss": 0.4165412187576294,
            "f1_score": 0.8136200716845878
         },
         "drift_metrics": {
            "drift_median": 0.4297825686269786,
            "drift_mean": 0.40409389122694145,
            "drift_max": 0.5004447770090745,
            "drift_min": 0.28205432804477115,
            "drift_per_client": [
               0.5004447770090745,
               0.4297825686269786,
               0.28205432804477115
            ]
         }
      },
      {
         "round": 5,
         "train_metrics": {
            "train_loss": 0.39526129800539744,
            "train_acc": 0.8999999960263569,
            "train_f1": 0.8368511412660841,
            "drift": 0.47500080062847483
         },
         "eval_metrics_client": {
            "loss": 0.4039570887883504,
            "accuracy": 0.8700000047683715,
            "f1": 0.7978760734001584
         },
         "eval_metrics_server": {
            "accuracy": 0.9350000023841858,
            "loss": 0.39389047026634216,
            "f1_score": 0.8933333333333333
         },
         "drift_metrics": {
            "drift_median": 0.43258387406478566,
            "drift_mean": 0.4750008006284748,
            "drift_max": 0.5667512966433301,
            "drift_min": 0.4256672311773087,
            "drift_per_client": [
               0.43258387406478566,
               0.5667512966433301,
               0.4256672311773087
            ]
         }
      },
      {
         "round": 6,
         "train_metrics": {
            "train_loss": 0.35578587116339266,
            "train_acc": 0.9400000174840291,
            "train_f1": 0.897763937010761,
            "drift": 0.3798254530377065
         },
         "eval_metrics_client": {
            "loss": 0.39222797751426697,
            "accuracy": 0.8950000007947285,
            "f1": 0.8369407852520142
         },
         "eval_metrics_server": {
            "accuracy": 0.9449999928474426,
            "loss": 0.37884941697120667,
            "f1_score": 0.9013939312446775
         },
         "drift_metrics": {
            "drift_median": 0.37261873362102016,
            "drift_mean": 0.3798254530377065,
            "drift_max": 0.43259073144423726,
            "drift_min": 0.3342668940478621,
            "drift_per_client": [
               0.3342668940478621,
               0.37261873362102016,
               0.43259073144423726
            ]
         }
      },
      {
         "round": 7,
         "train_metrics": {
            "train_loss": 0.35756059984366095,
            "train_acc": 0.9066666762034098,
            "train_f1": 0.8512729006634918,
            "drift": 0.3027087252095192
         },
         "eval_metrics_client": {
            "loss": 0.3769127627213796,
            "accuracy": 0.8950000007947285,
            "f1": 0.828482612557218
         },
         "eval_metrics_server": {
            "accuracy": 0.9350000023841858,
            "loss": 0.3743616044521332,
            "f1_score": 0.8834655551073461
         },
         "drift_metrics": {
            "drift_median": 0.23805876616185334,
            "drift_mean": 0.30270872520951925,
            "drift_max": 0.4326855754600163,
            "drift_min": 0.23738183400668797,
            "drift_per_client": [
               0.23805876616185334,
               0.4326855754600163,
               0.23738183400668797
            ]
         }
      },
      {
         "round": 8,
         "train_metrics": {
            "train_loss": 0.3753929837391926,
            "train_acc": 0.8900000254313151,
            "train_f1": 0.8137606432765475,
            "drift": 0.2718921553552248
         },
         "eval_metrics_client": {
            "loss": 0.3723646203676859,
            "accuracy": 0.8983333110809325,
            "f1": 0.8244729051038054
         },
         "eval_metrics_server": {
            "accuracy": 0.9300000071525574,