{
   "info": {
      "strategy": "FedAvg",
      "seed": 4,
      "init_seed": 4,
      "sampling_seed": 4,
      "data_seed": 2,
      "fraction_train": 0.75,
      "fraction_evaluate": 0.75,
      "local_epochs": 2,
      "num_rounds": 10,
      "num_clients": 5,
      "eta_l": 0.3,
      "iid": true,
      "alpha": null,
      "training_mode": "noiseless",
      "nshots": 50,
      "model_type": "quantum"
   },
   "rounds": [
      {
         "round": 0,
         "train_metrics": {},
         "eval_metrics_client": {},
         "eval_metrics_server": {
            "accuracy": 0.6700000166893005,
            "loss": 0.6031970381736755,
            "f1_score": 0.6268656716417911
         }
      },
      {
         "round": 1,
         "train_metrics": {
            "train_loss": 0.4573300924056615,
            "train_acc": 0.8933333158493041,
            "train_f1": 0.8542172354078463,
            "drift": 1.249677737369627
         },
         "eval_metrics_client": {
            "loss": 0.4359603822231293,
            "accuracy": 0.8899999856948851,
            "f1": 0.8523762464636341
         },
         "eval_metrics_server": {
            "accuracy": 0.8899999856948853,
            "loss": 0.43450891971588135,
            "f1_score": 0.84472049689441
         },
         "drift_metrics": {
            "drift_median": 1.222019752210572,
            "drift_mean": 1.249677737369627,
            "drift_max": 1.3309328958154447,
            "drift_min": 1.1960805640828645,
            "drift_per_client": [
               1.3309328958154447,
               1.1960805640828645,
               1.222019752210572
            ]
         }
      },
      {
         "round": 2,
         "train_metrics": {
            "train_loss": 0.37244183130753344,
            "train_acc": 0.9199999968210856,
            "train_f1": 0.8951409502338674,
            "drift": 0.6586901936449765
         },
         "eval_metrics_client": {
            "loss": 0.38591386874516803,
            "accuracy": 0.9183333317438761,
            "f1": 0.8908704575931663
         },
         "eval_metrics_server": {
            "accuracy": 0.9049999713897705,
            "loss": 0.38377612829208374,
            "f1_score": 0.8604531600014689
         },
         "drift_metrics": {
            "drift_median": 0.669261891763404,
            "drift_mean": 0.6586901936449766,
            "drift_max": 0.7668567851399025,
            "drift_min": 0.5399519040316233,
            "drift_per_client": [
               0.5399519040316233,
               0.669261891763404,
               0.7668567851399025
            ]
         }
      },
      {
         "round": 3,
         "train_metrics": {
            "train_loss": 0.3537630354746794,
            "train_acc": 0.9100000063578287,
            "train_f1": 0.8795609425806934,
            "drift": 0.5377931855956326
         },
         "eval_metrics_client": {
            "loss": 0.342881977558136,
            "accuracy": 0.9283333420753479,
            "f1": 0.8962521715104738
         },
         "eval_metrics_server": {
            "accuracy": 0.9399999976158142,
            "loss": 0.3461378216743469,
            "f1_score": 0.9111242778847578
         },
         "drift_metrics": {
            "drift_median": 0.524699266047705,
            "drift_mean": 0.5377931855956327,
            "drift_max": 0.6027199946795838,
            "drift_min": 0.4859602960596091,
            "drift_per_client": [
               0.6027199946795838,
               0.524699266047705,
               0.4859602960596091
            ]
         }
      },
      {
         "round": 4,
         "train_metrics": {
            "train_loss": 0.3271994755054131,
            "train_acc": 0.9300000071525574,
            "train_f1": 0.8939450069706547,
            "drift": 0.42421154081970897
         },
         "eval_metrics_client": {
            "loss": 0.3255879978338877,
            "accuracy": 0.9416666626930237,
            "f1": 0.9132649834989941
         },
         "eval_metrics_server": {
            "accuracy": 0.9549999833106995,
            "loss": 0.3240819573402405,
            "f1_score": 0.9315875489339059
         },
         "drift_metrics": {
            "drift_median": 0.3906971525953296,
            "drift_mean": 0.42421154081970897,
            "drift_max": 0.5266105768725551,
            "drift_min": 0.35532689299124226,
            "drift_per_client": [
               0.35532689299124226,
               0.5266105768725551,
               0.3906971525953296
            ]
         }
      },
      {
         "round": 5,
         "train_metrics": {
            "train_loss": 0.3001064383066617,
            "train_acc": 0.949999988079071,
            "train_f1": 0.9159572490479551,
            "drift": 0.2928875712572055
         },
         "eval_metrics_client": {
            "loss": 0.3159521818161011,
            "accuracy": 0.9449999928474426,
            "f1": 0.9164401141664658
         },
         "eval_metrics_server": {
            "accuracy": 0.949999988079071,
            "loss": 0.3142422139644623,
            "f1_score": 0.921875
         },
         "drift_metrics": {
            "drift_median": 0.26187721519488166,
            "drift_mean": 0.2928875712572055,
            "drift_max": 0.3752825451308691,
            "drift_min": 0.24150295344586573,
            "drift_per_client": [
               0.26187721519488166,
               0.3752825451308691,
               0.24150295344586573
            ]
         }
      },
      {
         "round": 6,
         "train_metrics": {
            "train_loss": 0.2954788490747794,
            "train_acc": 0.9366666674613953,
            "train_f1": 0.908534439649697,
            "drift": 0.26624251589329806
         },
         "eval_metrics_client": {
            "loss": 0.30655502279599506,
            "accuracy": 0.9416666626930237,
            "f1": 0.9151452625029357
         },
         "eval_metrics_server": {
            "accuracy": 0.9449999928474426,
            "loss": 0.3122594952583313,
            "f1_score": 0.9148573861217539
         },
         "drift_metrics": {
            "drift_median": 0.26293506018942775,
            "drift_mean": 0.26624251589329806,
            "drift_max": 0.3351695660053734,
            "drift_min": 0.20062292148509306,
            "drift_per_client": [
               0.3351695660053734,
               0.26293506018942775,
               0.20062292148509306
            ]
         }
      },
      {
         "round": 7,
         "train_metrics": {
            "train_loss": 0.30659205447404814,
            "train_acc": 0.9133333166440327,
            "train_f1": 0.8879326793006159,
            "drift": 0.22023362183641276
         },
         "eval_metrics_client": {
            "loss": 0.30573470393816626,
            "accuracy": 0.9333333373069763,
            "f1": 0.907934776000551
         },
         "eval_metrics_server": {
            "accuracy": 0.9399999976158142,
            "loss": 0.31274235248565674,
            "f1_score": 0.9111242778847578
         },
         "drift_metrics": {
            "drift_median": 0.20660793127253882,
            "drift_mean": 0.2202336218364128,
            "drift_max": 0.2981502960819318,
            "drift_min": 0.15594263815476778,
            "drift_per_client": [
               0.2981502960819318,
               0.15594263815476778,
               0.20660793127253882
            ]
         }
      },
      {
         "round": 8,
         "train_metrics": {
            "train_loss": 0.32384234284743285,
            "train_acc": 0.9066666563351948,
            "train_f1": 0.8757871883607798,
            "drift": 0.23620859824500517
         },
         "eval_metrics_client": {
            "loss": 0.3059826890627543,
            "accuracy": 0.9383333325386047,
            "f1": 0.909560408709775
         },
         "eval_metrics_server": {
            "accuracy": 0.949999988079071,