{
   "info": {
      "strategy": "FedAvg",
      "seed": 5,
      "init_seed": 5,
      "sampling_seed": 5,
      "data_seed": 2,
      "fraction_train": 0.75,
      "fraction_evaluate": 0.75,
      "local_epochs": 2,
      "num_rounds": 10,
      "num_clients": 5,
      "eta_l": 0.3,
      "iid": true,
      "alpha": null,
      "training_mode": "noiseless",
      "nshots": 50,
      "model_type": "quantum"
   },
   "rounds": [
      {
         "round": 0,
         "train_metrics": {},
         "eval_metrics_client": {},
         "eval_metrics_server": {
            "accuracy": 0.6399999856948853,
            "loss": 0.630768895149231,
            "f1_score": 0.6017258546299369
         }
      },
      {
         "round": 1,
         "train_metrics": {
            "train_loss": 0.4739859577937004,
            "train_acc": 0.8833333253860473,
            "train_f1": 0.7969114684718711,
            "drift": 1.1393083334994047
         },
         "eval_metrics_client": {
            "loss": 0.4388547341028849,
            "accuracy": 0.8900000055631001,
            "f1": 0.7913209211651484
         },
         "eval_metrics_server": {
            "accuracy": 0.925000011920929,
            "loss": 0.4495375156402588,
            "f1_score": 0.8586971880740426
         },
         "drift_metrics": {
            "drift_median": 1.190029792239749,
            "drift_mean": 1.1393083334994047,
            "drift_max": 1.2917147099683643,
            "drift_min": 0.936180498290101,
            "drift_per_client": [
               0.936180498290101,
               1.190029792239749,
               1.2917147099683643
            ]
         }
      },
      {
         "round": 2,
         "train_metrics": {
            "train_loss": 0.3931834602203125,
            "train_acc": 0.8600000143051146,
            "train_f1": 0.6596418712420474,
            "drift": 0.7112735644798561
         },
         "eval_metrics_client": {
            "loss": 0.38924351334571833,
            "accuracy": 0.8366666634877522,
            "f1": 0.6212296050946863
         },
         "eval_metrics_server": {
            "accuracy": 0.8700000047683716,
            "loss": 0.38464614748954773,
            "f1_score": 0.7028571428571428
         },
         "drift_metrics": {
            "drift_median": 0.7281066525427871,
            "drift_mean": 0.7112735644798561,
            "drift_max": 0.7310126486822447,
            "drift_min": 0.6747013922145367,
            "drift_per_client": [
               0.7281066525427871,
               0.7310126486822447,
               0.6747013922145367
            ]
         }
      },
      {
         "round": 3,
         "train_metrics": {
            "train_loss": 0.3592644738845336,
            "train_acc": 0.8766666650772094,
            "train_f1": 0.7181569731337982,
            "drift": 0.344853587357846
         },
         "eval_metrics_client": {
            "loss": 0.3888950447241465,
            "accuracy": 0.8233333230018616,
            "f1": 0.6460780545142264
         },
         "eval_metrics_server": {
            "accuracy": 0.8799999952316284,
            "loss": 0.3736032545566559,
            "f1_score": 0.7347480106100795
         },
         "drift_metrics": {
            "drift_median": 0.34881228475125997,
            "drift_mean": 0.344853587357846,
            "drift_max": 0.3636369788910315,
            "drift_min": 0.3221114984312466,
            "drift_per_client": [
               0.3221114984312466,
               0.34881228475125997,
               0.3636369788910315
            ]
         }
      },
      {
         "round": 4,
         "train_metrics": {
            "train_loss": 0.3740509714071567,
            "train_acc": 0.8833333253860474,
            "train_f1": 0.8094475401578919,
            "drift": 0.299294786988213
         },
         "eval_metrics_client": {
            "loss": 0.3769504129886627,
            "accuracy": 0.8783333301544188,
            "f1": 0.7928668327952715
         },
         "eval_metrics_server": {
            "accuracy": 0.9300000071525574,
            "loss": 0.3671908974647522,
            "f1_score": 0.8663867150219507
         },
         "drift_metrics": {
            "drift_median": 0.2730960535570405,
            "drift_mean": 0.299294786988213,
            "drift_max": 0.39631096021718665,
            "drift_min": 0.22847734719041188,
            "drift_per_client": [
               0.39631096021718665,
               0.22847734719041188,
               0.2730960535570405
            ]
         }
      },
      {
         "round": 5,
         "train_metrics": {
            "train_loss": 0.3614433251130275,
            "train_acc": 0.9300000071525574,
            "train_f1": 0.8927936306138669,
            "drift": 0.3641488347224068
         },
         "eval_metrics_client": {
            "loss": 0.3531034489472707,
            "accuracy": 0.9366666674613953,
            "f1": 0.8997966910413641
         },
         "eval_metrics_server": {
            "accuracy": 0.9350000023841858,
            "loss": 0.35594189167022705,
            "f1_score": 0.8861596392136258
         },
         "drift_metrics": {
            "drift_median": 0.2800464706607867,
            "drift_mean": 0.36414883472240683,
            "drift_max": 0.5460832382634475,
            "drift_min": 0.2663167952429863,
            "drift_per_client": [
               0.2800464706607867,
               0.2663167952429863,
               0.5460832382634475
            ]
         }
      },
      {
         "round": 6,
         "train_metrics": {
            "train_loss": 0.3432637049983709,
            "train_acc": 0.9299999872843424,
            "train_f1": 0.8997684299707667,
            "drift": 0.4105696891406575
         },
         "eval_metrics_client": {
            "loss": 0.33147362867991126,
            "accuracy": 0.9416666626930237,
            "f1": 0.9099761226626898
         },
         "eval_metrics_server": {
            "accuracy": 0.9399999976158142,
            "loss": 0.34128516912460327,
            "f1_score": 0.90625
         },
         "drift_metrics": {
            "drift_median": 0.3516335092701088,
            "drift_mean": 0.41056968914065756,
            "drift_max": 0.5609328246491969,
            "drift_min": 0.31914273350266686,
            "drift_per_client": [
               0.5609328246491969,
               0.3516335092701088,
               0.31914273350266686
            ]
         }
      },
      {
         "round": 7,
         "train_metrics": {
            "train_loss": 0.33259177895692676,
            "train_acc": 0.9299999872843424,
            "train_f1": 0.8962099416414426,
            "drift": 0.32450064310522336
         },
         "eval_metrics_client": {
            "loss": 0.32748984297116596,
            "accuracy": 0.9333333373069763,
            "f1": 0.899895571668418
         },
         "eval_metrics_server": {
            "accuracy": 0.9399999976158142,
            "loss": 0.3304089307785034,
            "f1_score": 0.907961343764381
         },
         "drift_metrics": {
            "drift_median": 0.33932741816406076,
            "drift_mean": 0.32450064310522336,
            "drift_max": 0.3488608298108454,
            "drift_min": 0.28531368134076407,
            "drift_per_client": [
               0.33932741816406076,
               0.28531368134076407,
               0.3488608298108454
            ]
         }
      },
      {
         "round": 8,
         "train_metrics": {
            "train_loss": 0.30787418935543454,
            "train_acc": 0.9266666571299235,
            "train_f1": 0.8937063008680185,
            "drift": 0.2975897991887026
         },
         "eval_metrics_client": {
            "loss": 0.32026786605517066,
            "accuracy": 0.9333333373069763,
            "f1": 0.9077068601895409
         },
         "eval_metrics_server": {
            "accuracy": 0.9350000023841858,