{
    "0": {
        "loss_median": 0.6879440546035767,
        "loss_mad": 0.0965735912322998,
        "accuracy_median": 0.5649999976158142,
        "accuracy_mad": 0.12000000476837158,
        "f1_median": 0.4981396556199706,
        "f1_mad": 0.08558110993448992
    },
    "1": {
        "loss_median": 0.6651984453201294,
        "loss_mad": 0.1046796441078186,
        "accuracy_median": 0.6150000095367432,
        "accuracy_mad": 0.09500002861022949,
        "f1_median": 0.562984193649082,
        "f1_mad": 0.060961162214285936
    },
    "2": {
        "loss_median": 0.6083028316497803,
        "loss_mad": 0.07061445713043213,
        "accuracy_median": 0.7300000190734863,
        "accuracy_mad": 0.08499997854232788,
        "f1_median": 0.6844319775596073,
        "f1_mad": 0.08488751494327618
    },
    "3": {
        "loss_median": 0.5510832667350769,
        "loss_mad": 0.06304025650024414,
        "accuracy_median": 0.8149999976158142,
        "accuracy_mad": 0.04000002145767212,
        "f1_median": 0.7667013461962862,
        "f1_mad": 0.04370040595303881
    },
    "4": {
        "loss_median": 0.507636547088623,
        "loss_mad": 0.06439632177352905,
        "accuracy_median": 0.824999988079071,
        "accuracy_mad": 0.025000035762786865,
        "f1_median": 0.7711745284560818,
        "f1_mad": 0.028825471543918235
    },
    "5": {
        "loss_median": 0.47294822335243225,
        "loss_mad": 0.06238093972206116,
        "accuracy_median": 0.8399999737739563,
        "accuracy_mad": 0.04500001668930054,
        "f1_median": 0.7866666666666666,
        "f1_mad": 0.05221813596721658
    },
    "6": {
        "loss_median": 0.44584450125694275,
        "loss_mad": 0.04759827256202698,
        "accuracy_median": 0.8849999904632568,
        "accuracy_mad": 0.009999990463256836,
        "f1_median": 0.8338090248925178,
        "f1_mad": 0.011954994056474044
    },
    "7": {
        "loss_median": 0.4166959524154663,
        "loss_mad": 0.02797958254814148,
        "accuracy_median": 0.8849999904632568,
        "accuracy_mad": 0.014999985694885254,
        "f1_median": 0.8281979458450046,
        "f1_mad": 0.020257285558240135
    },
    "8": {
        "loss_median": 0.3944627642631531,
        "loss_mad": 0.0031294822692871094,
        "accuracy_median": 0.8999999761581421,
        "accuracy_mad": 0.004999995231628418,
        "f1_median": 0.8466022396073017,
        "f1_mad": 0.005359789219035904
    },
    "9": {
        "loss_median": 0.37572982907295227,
        "loss_mad": 0.0051114559173583984,
        "accuracy_median": 0.9049999713897705,
        "accuracy_mad": 0.004999995231628418,
        "f1_median": 0.8604531600014689,
        "f1_mad": 0.00048412271303543974
    },
    "10": {
        "loss_median": 0.3612145185470581,
        "loss_mad": 0.0027802884578704834,
        "accuracy_median": 0.925000011920929,
        "accuracy_mad": 0.004999995231628418,
        "f1_median": 0.8879551820728291,
        "f1_mad": 0.006456144893151938
    },
    "11": {
        "loss_median": 0.3758302330970764,
        "loss_mad": 0.0013024210929870605,
        "accuracy_median": 0.9300000071525574,
        "accuracy_mad": 0.0,
        "f1_median": 0.8963116575322174,
        "f1_mad": 0.0017968895997280132
    },
    "12": {
        "loss_median": 0.3728136718273163,
        "loss_mad": 0.027898073196411133,
        "accuracy_median": 0.9399999976158142,
        "accuracy_mad": 0.02499997615814209,
        "f1_median": 0.90625,
        "f1_mad": 0.03323412698412698
    },
    "13": {
        "loss_median": 0.3639267385005951,
        "loss_mad": 0.024929732084274292,
        "accuracy_median": 0.949999988079071,
        "accuracy_mad": 0.014999985694885254,
        "f1_median": 0.9187784275503574,
        "f1_mad": 0.02128749992941481
    },
    "14": {
        "loss_median": 0.3538191616535187,
        "loss_mad": 0.019761323928833008,
        "accuracy_median": 0.9549999833106995,
        "accuracy_mad": 0.009999990463256836,
        "f1_median": 0.9261538461538461,
        "f1_mad": 0.01391208132592614
    },
    "15": {
        "loss_median": 0.34766685962677,
        "loss_mad": 0.018848687410354614,
        "accuracy_median": 0.9350000023841858,
        "accuracy_mad": 0.0350000262260437,
        "f1_median": 0.8933333333333333,
        "f1_mad": 0.052594362159579466
    },
    "16": {
        "loss_median": 0.3462938070297241,
        "loss_mad": 0.021170586347579956,
        "accuracy_median": 0.9150000214576721,
        "accuracy_mad": 0.004999995231628418,
        "f1_median": 0.865925312512323,
        "f1_mad": 0.0151542960971347
    },
    "17": {
        "loss_median": 0.3451504111289978,
        "loss_mad": 0.021714061498641968,
        "accuracy_median": 0.925000011920929,
        "accuracy_mad": 0.014999985694885254,
        "f1_median": 0.8838964356205735,
        "f1_mad": 0.033125419205385254
    },
    "18": {
        "loss_median": 0.34411564469337463,
        "loss_mad": 0.015098631381988525,
        "accuracy_median": 0.9300000071525574,
        "accuracy_mad": 0.019999980926513672,
        "f1_median": 0.890625,
        "f1_mad": 0.03682383040935666
    },
    "19": {
        "loss_median": 0.3420390784740448,
        "loss_mad": 0.010399550199508667,
        "accuracy_median": 0.9350000023841858,
        "accuracy_mad": 0.014999985694885254,
        "f1_median": 0.9011820151267531,
        "f1_mad": 0.031136531046181304
    },
    "20": {
        "loss_median": 0.33884596824645996,
        "loss_mad": 0.008468866348266602,
        "accuracy_median": 0.9350000023841858,
        "accuracy_mad": 0.004999995231628418,
        "f1_median": 0.9011820151267531,
        "f1_mad": 0.012664735305125463
    },
    "21": {
        "loss_median": 0.33420127630233765,
        "loss_mad": 0.006539791822433472,
        "accuracy_median": 0.9449999928474426,
        "accuracy_mad": 0.014999985694885254,
        "f1_median": 0.9148573861217539,
        "f1_mad": 0.020342618189264527
    },
    "22": {
        "loss_median": 0.3278238773345947,
        "loss_mad": 0.0037769973278045654,
        "accuracy_median": 0.949999988079071,
        "accuracy_mad": 0.02499997615814209,
        "f1_median": 0.921875,
        "f1_mad": 0.033919817927170914
    },
    "23": {
        "loss_median": 0.3211594521999359,
        "loss_mad": 0.0003255605697631836,
        "accuracy_median": 0.949999988079071,
        "accuracy_mad": 0.014999985694885254,
        "f1_median": 0.9233011198036509,
        "f1_mad": 0.019262982760451575
    },
    "24": {
        "loss_median": 0.3162071704864502,
        "loss_mad": 0.0006931424140930176,
        "accuracy_median": 0.949999988079071,
        "accuracy_mad": 0.009999990463256836,
        "f1_median": 0.9233011198036509,
        "f1_mad": 0.011721622236634976
    },
    "25": {
        "loss_median": 0.3128015398979187,
        "loss_mad": 0.000628054141998291,
        "accuracy_median": 0.9549999833106995,
        "accuracy_mad": 0.0,
        "f1_median": 0.9261538461538461,
        "f1_mad": 0.005433702780059835
    },
    "26": {
        "loss_median": 0.31269583106040955,
        "loss_mad": 0.0006185770034790039,
        "accuracy_median": 0.9399999976158142,
        "accuracy_mad": 0.004999995231628418,
        "f1_median": 0.9111242778847578,
        "f1_mad": 0.006603694725857978
    },
    "27": {
        "loss_median": 0.3135244846343994,
        "loss_mad": 0.0004062652587890625,
        "accuracy_median": 0.9350000023841858,
        "accuracy_mad": 0.004999995231628418,
        "f1_median": 0.9045205831588998,
        "f1_mad": 0.006501935140251769
    },
    "28": {
        "loss_median": 0.3134685754776001,
        "loss_mad": 8.252263069152832e-05,
        "accuracy_median": 0.9350000023841858,
        "accuracy_mad": 0.009999990463256836,
        "f1_median": 0.9045205831588998,
        "f1_mad": 0.014689141052476984
    },
    "29": {
        "loss_median": 0.3139684200286865,