{
    "0": {
        "loss_median": 0.6879440546035767,
        "loss_mad": 0.0965735912322998,
        "accuracy_median": 0.5649999976158142,
        "accuracy_mad": 0.12000000476837158,
        "f1_median": 0.4981396556199706,
        "f1_mad": 0.08558110993448992
    },
    "1": {
        "loss_median": 0.6859648823738098,
        "loss_mad": 0.10005253553390503,
        "accuracy_median": 0.5649999976158142,
        "accuracy_mad": 0.12000000476837158,
        "f1_median": 0.4981396556199706,
        "f1_mad": 0.08558110993448992
    },
    "2": {
        "loss_median": 0.6829559206962585,
        "loss_mad": 0.10143858194351196,
        "accuracy_median": 0.5699999928474426,
        "accuracy_mad": 0.12000000476837158,
        "f1_median": 0.5017958521608157,
        "f1_mad": 0.08541215097236066
    },
    "3": {
        "loss_median": 0.6802121996879578,
        "loss_mad": 0.10347115993499756,
        "accuracy_median": 0.574999988079071,
        "accuracy_mad": 0.125,
        "f1_median": 0.5054545454545455,
        "f1_mad": 0.08907084426609047
    },
    "4": {
        "loss_median": 0.6780330538749695,
        "loss_mad": 0.1048729419708252,
        "accuracy_median": 0.574999988079071,
        "accuracy_mad": 0.12999999523162842,
        "f1_median": 0.5054545454545455,
        "f1_mad": 0.09289599976906482
    },
    "5": {
        "loss_median": 0.6763454675674438,
        "loss_mad": 0.1061674952507019,
        "accuracy_median": 0.5899999737739563,
        "accuracy_mad": 0.13999998569488525,
        "f1_median": 0.5208041140719962,
        "f1_mad": 0.1044204128835412
    },
    "6": {
        "loss_median": 0.6755939722061157,
        "loss_mad": 0.10644984245300293,
        "accuracy_median": 0.5950000286102295,
        "accuracy_mad": 0.14500004053115845,
        "f1_median": 0.5245223210354847,
        "f1_mad": 0.10813861984702966
    },
    "7": {
        "loss_median": 0.6742154955863953,
        "loss_mad": 0.10634130239486694,
        "accuracy_median": 0.5950000286102295,
        "accuracy_mad": 0.14500004053115845,
        "f1_median": 0.5245223210354847,
        "f1_mad": 0.10813861984702966
    },
    "8": {
        "loss_median": 0.6725910902023315,
        "loss_mad": 0.10721981525421143,
        "accuracy_median": 0.5950000286102295,
        "accuracy_mad": 0.14500004053115845,
        "f1_median": 0.5245223210354847,
        "f1_mad": 0.10813861984702966
    },
    "9": {
        "loss_median": 0.6711362600326538,
        "loss_mad": 0.10801535844802856,
        "accuracy_median": 0.5950000286102295,
        "accuracy_mad": 0.14500004053115845,
        "f1_median": 0.5245223210354847,
        "f1_mad": 0.10813861984702966
    },
    "10": {
        "loss_median": 0.669940710067749,
        "loss_mad": 0.10888707637786865,
        "accuracy_median": 0.6000000238418579,
        "accuracy_mad": 0.15000003576278687,
        "f1_median": 0.5282462554546526,
        "f1_mad": 0.11186255426619762
    },
    "11": {
        "loss_median": 0.6693947315216064,
        "loss_mad": 0.10908102989196777,
        "accuracy_median": 0.6000000238418579,
        "accuracy_mad": 0.15000003576278687,
        "f1_median": 0.5282462554546526,
        "f1_mad": 0.11186255426619762
    },
    "12": {
        "loss_median": 0.6683681607246399,
        "loss_mad": 0.10897618532180786,
        "accuracy_median": 0.6050000190734863,
        "accuracy_mad": 0.15000000596046448,
        "f1_median": 0.5362625106395469,
        "f1_mad": 0.11606516496545982
    },
    "13": {
        "loss_median": 0.6671047806739807,
        "loss_mad": 0.10959422588348389,
        "accuracy_median": 0.6050000190734863,
        "accuracy_mad": 0.14500001072883606,
        "f1_median": 0.5362625106395469,
        "f1_mad": 0.1122625106395469
    },
    "14": {
        "loss_median": 0.6659401059150696,
        "loss_mad": 0.11018550395965576,
        "accuracy_median": 0.6150000095367432,
        "accuracy_mad": 0.1550000011920929,
        "f1_median": 0.548002700243609,
        "f1_mad": 0.12400270024360899
    },
    "15": {
        "loss_median": 0.6649643778800964,
        "loss_mad": 0.1108705997467041,
        "accuracy_median": 0.6100000143051147,
        "accuracy_mad": 0.15000000596046448,
        "f1_median": 0.5400400990682863,
        "f1_mad": 0.11604009906828633
    },
    "16": {
        "loss_median": 0.6645147204399109,
        "loss_mad": 0.11102551221847534,
        "accuracy_median": 0.6150000095367432,
        "accuracy_mad": 0.1550000011920929,
        "f1_median": 0.548002700243609,
        "f1_mad": 0.12400270024360899
    },
    "17": {
        "loss_median": 0.663663387298584,
        "loss_mad": 0.11093258857727051,
        "accuracy_median": 0.6200000047683716,
        "accuracy_mad": 0.1599999964237213,
        "f1_median": 0.5558672276764843,
        "f1_mad": 0.13186722767648434
    },
    "18": {
        "loss_median": 0.6625964641571045,
        "loss_mad": 0.11142474412918091,
        "accuracy_median": 0.6200000047683716,
        "accuracy_mad": 0.1599999964237213,
        "f1_median": 0.5558672276764843,
        "f1_mad": 0.13186722767648434
    },
    "19": {
        "loss_median": 0.6615995168685913,
        "loss_mad": 0.11190646886825562,
        "accuracy_median": 0.6200000047683716,
        "accuracy_mad": 0.1599999964237213,
        "f1_median": 0.5558672276764843,
        "f1_mad": 0.13186722767648434
    },
    "20": {
        "loss_median": 0.6607561707496643,
        "loss_mad": 0.11248141527175903,
        "accuracy_median": 0.625,
        "accuracy_mad": 0.1599999964237213,
        "f1_median": 0.5597428898476711,
        "f1_mad": 0.13195070289080058
    },
    "21": {
        "loss_median": 0.6603652238845825,
        "loss_mad": 0.11261290311813354,
        "accuracy_median": 0.625,
        "accuracy_mad": 0.1599999964237213,
        "f1_median": 0.5597428898476711,
        "f1_mad": 0.13195070289080058
    },
    "22": {
        "loss_median": 0.6596233248710632,
        "loss_mad": 0.112529456615448,
        "accuracy_median": 0.625,
        "accuracy_mad": 0.1599999964237213,
        "f1_median": 0.5597428898476711,
        "f1_mad": 0.13195070289080058
    },
    "23": {
        "loss_median": 0.6586847901344299,
        "loss_mad": 0.11294490098953247,
        "accuracy_median": 0.625,
        "accuracy_mad": 0.1550000011920929,
        "f1_median": 0.5597428898476711,
        "f1_mad": 0.12816845827323947
    },
    "24": {
        "loss_median": 0.6578008532524109,
        "loss_mad": 0.1133565902709961,
        "accuracy_median": 0.625,
        "accuracy_mad": 0.1550000011920929,
        "f1_median": 0.5597428898476711,
        "f1_mad": 0.12816845827323947
    },
    "25": {
        "loss_median": 0.6570485830307007,
        "loss_mad": 0.11385750770568848,
        "accuracy_median": 0.6299999952316284,
        "accuracy_mad": 0.1599999964237213,
        "f1_median": 0.5636277862955537,
        "f1_mad": 0.13205335472112206
    },
    "26": {
        "loss_median": 0.6566978693008423,
        "loss_mad": 0.11397266387939453,
        "accuracy_median": 0.6299999952316284,
        "accuracy_mad": 0.1550000011920929,
        "f1_median": 0.5636277862955537,
        "f1_mad": 0.12828052486133573
    },
    "27": {
        "loss_median": 0.6560328006744385,
        "loss_mad": 0.11389672756195068,
        "accuracy_median": 0.6299999952316284,
        "accuracy_mad": 0.1550000011920929,
        "f1_median": 0.5636277862955537,
        "f1_mad": 0.12828052486133573
    },
    "28": {
        "loss_median": 0.6551864743232727,
        "loss_mad": 0.11425960063934326,
        "accuracy_median": 0.6349999904632568,
        "accuracy_mad": 0.1599999964237213,
        "f1_median": 0.56752273467816,
        "f1_mad": 0.13217547324394202
    },
    "29": {
        "loss_median": 0.6543853282928467,
        "loss_mad": 0.11462181806564331,
        "accuracy_median": 0.6399999856948853,