{
    "0": {
        "loss_median": 0.6879440546035767,
        "loss_mad": 0.0965735912322998,
        "accuracy_median": 0.5649999976158142,
        "accuracy_mad": 0.12000000476837158,
        "f1_median": 0.4981396556199706,
        "f1_mad": 0.08558110993448992
    },
    "1": {
        "loss_median": 0.6436324119567871,
        "loss_mad": 0.0685315728187561,
        "accuracy_median": 0.6650000214576721,
        "accuracy_mad": 0.08000004291534424,
        "f1_median": 0.6254367575122292,
        "f1_mad": 0.09650574357880315
    },
    "2": {
        "loss_median": 0.5561214685440063,
        "loss_mad": 0.05027735233306885,
        "accuracy_median": 0.8100000023841858,
        "accuracy_mad": 0.05500000715255737,
        "f1_median": 0.7590055809233891,
        "f1_mad": 0.062180551067736456
    },
    "3": {
        "loss_median": 0.4796355068683624,
        "loss_mad": 0.07028135657310486,
        "accuracy_median": 0.8650000095367432,
        "accuracy_mad": 0.009999990463256836,
        "f1_median": 0.8162702868224967,
        "f1_mad": 0.011167159251705194
    },
    "4": {
        "loss_median": 0.41773685812950134,
        "loss_mad": 0.0728541910648346,
        "accuracy_median": 0.8899999856948853,
        "accuracy_mad": 0.0,
        "f1_median": 0.8397435897435898,
        "f1_mad": 0.00497690715082022
    },
    "5": {
        "loss_median": 0.38601425290107727,
        "loss_mad": 0.022661328315734863,
        "accuracy_median": 0.8999999761581421,
        "accuracy_mad": 0.01500004529953003,
        "f1_median": 0.8466022396073017,
        "f1_mad": 0.025416107616176187
    },
    "6": {
        "loss_median": 0.3774186670780182,
        "loss_mad": 0.015589207410812378,
        "accuracy_median": 0.9150000214576721,
        "accuracy_mad": 0.0,
        "f1_median": 0.8790853159785199,
        "f1_mad": 0.0019221236666588926
    },
    "7": {
        "loss_median": 0.3790908753871918,
        "loss_mad": 0.004712402820587158,
        "accuracy_median": 0.9200000166893005,
        "accuracy_mad": 0.004999995231628418,
        "f1_median": 0.8814990371796771,
        "f1_mad": 0.006356736125731288
    },
    "8": {
        "loss_median": 0.39690685272216797,
        "loss_mad": 0.02289322018623352,
        "accuracy_median": 0.9200000166893005,
        "accuracy_mad": 0.004999995231628418,
        "f1_median": 0.875,
        "f1_mad": 0.004223518680399829
    },
    "9": {
        "loss_median": 0.39621424674987793,
        "loss_mad": 0.03769266605377197,
        "accuracy_median": 0.9100000262260437,
        "accuracy_mad": 0.04999995231628418,
        "f1_median": 0.8475609756097561,
        "f1_mad": 0.08156730220739494
    },
    "10": {
        "loss_median": 0.397165983915329,
        "loss_mad": 0.05208343267440796,
        "accuracy_median": 0.8949999809265137,
        "accuracy_mad": 0.06499999761581421,
        "f1_median": 0.8201977824393167,
        "f1_mad": 0.1105381482966139
    },
    "11": {
        "loss_median": 0.40328651666641235,
        "loss_mad": 0.05717238783836365,
        "accuracy_median": 0.8849999904632568,
        "accuracy_mad": 0.09000003337860107,
        "f1_median": 0.798590130916415,
        "f1_mad": 0.14065238624688514
    },
    "12": {
        "loss_median": 0.40870001912117004,
        "loss_mad": 0.03084695339202881,
        "accuracy_median": 0.8899999856948853,
        "accuracy_mad": 0.07499998807907104,
        "f1_median": 0.8095238095238095,
        "f1_mad": 0.11311355311355309
    },
    "13": {
        "loss_median": 0.4075517952442169,
        "loss_mad": 0.00010949373245239258,
        "accuracy_median": 0.8949999809265137,
        "accuracy_mad": 0.02499997615814209,
        "f1_median": 0.8201977824393167,
        "f1_mad": 0.050530879533576156
    },
    "14": {
        "loss_median": 0.3748618960380554,
        "loss_mad": 0.022836238145828247,
        "accuracy_median": 0.9449999928474426,
        "accuracy_mad": 0.014999985694885254,
        "f1_median": 0.9132457904491502,
        "f1_mad": 0.021776951591135685
    },
    "15": {
        "loss_median": 0.35028743743896484,
        "loss_mad": 0.03179946541786194,
        "accuracy_median": 0.9449999928474426,
        "accuracy_mad": 0.004999995231628418,
        "f1_median": 0.9097435897435897,
        "f1_mad": 0.0017822459792087297
    },
    "16": {
        "loss_median": 0.3354886770248413,
        "loss_mad": 0.02248692512512207,
        "accuracy_median": 0.949999988079071,
        "accuracy_mad": 0.004999995231628418,
        "f1_median": 0.9203694855868769,
        "f1_mad": 0.008649797507882306
    },
    "17": {
        "loss_median": 0.3278268873691559,
        "loss_mad": 0.013832628726959229,
        "accuracy_median": 0.9449999928474426,
        "accuracy_mad": 0.009999990463256836,
        "f1_median": 0.9148573861217539,
        "f1_mad": 0.013675370995000824
    },
    "18": {
        "loss_median": 0.32610616087913513,
        "loss_mad": 0.0027497410774230957,
        "accuracy_median": 0.9350000023841858,
        "accuracy_mad": 0.009999990463256836,
        "f1_median": 0.9011820151267531,
        "f1_mad": 0.013226833053924025
    },
    "19": {
        "loss_median": 0.3158462941646576,
        "loss_mad": 0.0002212226390838623,
        "accuracy_median": 0.9300000071525574,
        "accuracy_mad": 0.0,
        "f1_median": 0.8980186480186481,
        "f1_mad": 0.0035038800861586505
    },
    "20": {
        "loss_median": 0.3151666522026062,
        "loss_mad": 0.004891723394393921,
        "accuracy_median": 0.9300000071525574,
        "accuracy_mad": 0.004999995231628418,
        "f1_median": 0.8945147679324894,
        "f1_mad": 0.002900186480847333
    },
    "21": {
        "loss_median": 0.3150714039802551,
        "loss_mad": 0.0019054114818572998,
        "accuracy_median": 0.925000011920929,
        "accuracy_mad": 0.0,
        "f1_median": 0.8916145814516421,
        "f1_mad": 0.0036593993788129886
    },
    "22": {
        "loss_median": 0.31866762042045593,
        "loss_mad": 0.002642720937728882,
        "accuracy_median": 0.9200000166893005,
        "accuracy_mad": 0.004999995231628418,
        "f1_median": 0.8853046594982079,
        "f1_mad": 0.010162358444262054
    },
    "23": {
        "loss_median": 0.32266753911972046,
        "loss_mad": 0.0031302571296691895,
        "accuracy_median": 0.925000011920929,
        "accuracy_mad": 0.004999995231628418,
        "f1_median": 0.8898314421064228,
        "f1_mad": 0.00452678260821493
    },
    "24": {
        "loss_median": 0.3230600655078888,
        "loss_mad": 0.0007627308368682861,
        "accuracy_median": 0.9399999976158142,
        "accuracy_mad": 0.0,
        "f1_median": 0.9095840867992766,
        "f1_mad": 0.0015401910854812018
    },
    "25": {
        "loss_median": 0.3233344256877899,
        "loss_mad": 0.0005453824996948242,
        "accuracy_median": 0.9300000071525574,
        "accuracy_mad": 0.004999995231628418,
        "f1_median": 0.8980186480186481,
        "f1_mad": 0.003163367108105053
    },
    "26": {
        "loss_median": 0.323365718126297,
        "loss_mad": 0.0009788572788238525,
        "accuracy_median": 0.925000011920929,
        "accuracy_mad": 0.009999990463256836,
        "f1_median": 0.8916145814516421,
        "f1_mad": 0.016346762312738905
    },
    "27": {
        "loss_median": 0.32053670287132263,
        "loss_mad": 0.0006924271583557129,
        "accuracy_median": 0.9150000214576721,
        "accuracy_mad": 0.004999995231628418,
        "f1_median": 0.873015873015873,
        "f1_mad": 0.0020481310803891484
    },
    "28": {
        "loss_median": 0.3155185580253601,
        "loss_mad": 6.619095802307129e-05,
        "accuracy_median": 0.9150000214576721,
        "accuracy_mad": 0.004999995231628418,
        "f1_median": 0.873015873015873,
        "f1_mad": 0.0041347541347541705
    },
    "29": {
        "loss_median": 0.3116842210292816,