{
    "0": {
        "loss_median": 0.6879440546035767,
        "loss_mad": 0.0965735912322998,
        "accuracy_median": 0.5649999976158142,
        "accuracy_mad": 0.12000000476837158,
        "f1_median": 0.4981396556199706,
        "f1_mad": 0.08558110993448992
    },
    "1": {
        "loss_median": 0.5318432450294495,
        "loss_mad": 0.06844395399093628,
        "accuracy_median": 0.7549999952316284,
        "accuracy_mad": 0.06999999284744263,
        "f1_median": 0.7069290349591795,
        "f1_mad": 0.07238304928055062
    },
    "2": {
        "loss_median": 0.33135613799095154,
        "loss_mad": 0.00521773099899292,
        "accuracy_median": 0.9100000262260437,
        "accuracy_mad": 0.009999990463256836,
        "f1_median": 0.8688811188811189,
        "f1_mad": 0.01642354061708906
    },
    "3": {
        "loss_median": 0.3154633939266205,
        "loss_mad": 0.009600937366485596,
        "accuracy_median": 0.9549999833106995,
        "accuracy_mad": 0.020000040531158447,
        "f1_median": 0.9290192830947592,
        "f1_mad": 0.02908888162393708
    },
    "4": {
        "loss_median": 0.31293240189552307,
        "loss_mad": 0.0016250312328338623,
        "accuracy_median": 0.9549999833106995,
        "accuracy_mad": 0.009999990463256836,
        "f1_median": 0.9303378613723441,
        "f1_mad": 0.012226241191758414
    },
    "5": {
        "loss_median": 0.3133102357387543,
        "loss_mad": 0.0003917515277862549,
        "accuracy_median": 0.9449999928474426,
        "accuracy_mad": 0.009999990463256836,
        "f1_median": 0.9178338001867414,
        "f1_mad": 0.00979275282680847
    },
    "6": {
        "loss_median": 0.31783005595207214,
        "loss_mad": 0.005307495594024658,
        "accuracy_median": 0.9100000262260437,
        "accuracy_mad": 0.0,
        "f1_median": 0.872953133822699,
        "f1_mad": 0.0
    },
    "7": {
        "loss_median": 0.30724605917930603,
        "loss_mad": 0.0013979077339172363,
        "accuracy_median": 0.9350000023841858,
        "accuracy_mad": 0.004999995231628418,
        "f1_median": 0.9028944911297853,
        "f1_mad": 0.008229786754972546
    },
    "8": {
        "loss_median": 0.3110028803348541,
        "loss_mad": 0.001382976770401001,
        "accuracy_median": 0.949999988079071,
        "accuracy_mad": 0.025000035762786865,
        "f1_median": 0.921875,
        "f1_mad": 0.03623316471869631
    },
    "9": {
        "loss_median": 0.3094710111618042,
        "loss_mad": 0.002098977565765381,
        "accuracy_median": 0.949999988079071,
        "accuracy_mad": 0.014999985694885254,
        "f1_median": 0.9233011198036509,
        "f1_mad": 0.019262982760451575
    },
    "10": {
        "loss_median": 0.3114723265171051,
        "loss_mad": 0.0012958645820617676,
        "accuracy_median": 0.9449999928474426,
        "accuracy_mad": 0.009999990463256836,
        "f1_median": 0.9178338001867414,
        "f1_mad": 0.00979275282680847
    },
    "11": {
        "loss_median": 0.31736132502555847,
        "loss_mad": 0.006339222192764282,
        "accuracy_median": 0.9100000262260437,
        "accuracy_mad": 0.005000054836273193,
        "f1_median": 0.872953133822699,
        "f1_mad": 0.006048296864273772
    },
    "12": {
        "loss_median": 0.307018905878067,
        "loss_mad": 0.0011932849884033203,
        "accuracy_median": 0.9350000023841858,
        "accuracy_mad": 0.004999995231628418,
        "f1_median": 0.9028944911297853,
        "f1_mad": 0.008229786754972546
    },
    "13": {
        "loss_median": 0.3103090524673462,
        "loss_mad": 0.0019377171993255615,
        "accuracy_median": 0.949999988079071,
        "accuracy_mad": 0.025000035762786865,
        "f1_median": 0.921875,
        "f1_mad": 0.03623316471869631
    },
    "14": {
        "loss_median": 0.30899083614349365,
        "loss_mad": 0.002493053674697876,
        "accuracy_median": 0.949999988079071,
        "accuracy_mad": 0.014999985694885254,
        "f1_median": 0.9233011198036509,
        "f1_mad": 0.019262982760451575
    },
    "15": {
        "loss_median": 0.31123217940330505,
        "loss_mad": 0.001494377851486206,
        "accuracy_median": 0.9449999928474426,
        "accuracy_mad": 0.009999990463256836,
        "f1_median": 0.9178338001867414,
        "f1_mad": 0.00979275282680847
    },
    "16": {
        "loss_median": 0.3173213303089142,
        "loss_mad": 0.006460309028625488,
        "accuracy_median": 0.9100000262260437,
        "accuracy_mad": 0.005000054836273193,
        "f1_median": 0.872953133822699,
        "f1_mad": 0.006048296864273772
    },
    "17": {
        "loss_median": 0.30700111389160156,
        "loss_mad": 0.0011744499206542969,
        "accuracy_median": 0.9350000023841858,
        "accuracy_mad": 0.004999995231628418,
        "f1_median": 0.9028944911297853,
        "f1_mad": 0.008229786754972546
    },
    "18": {
        "loss_median": 0.3102318346500397,
        "loss_mad": 0.002001732587814331,
        "accuracy_median": 0.949999988079071,
        "accuracy_mad": 0.025000035762786865,
        "f1_median": 0.921875,
        "f1_mad": 0.03623316471869631
    },
    "19": {
        "loss_median": 0.3089342415332794,
        "loss_mad": 0.0025407373905181885,
        "accuracy_median": 0.949999988079071,
        "accuracy_mad": 0.014999985694885254,
        "f1_median": 0.9233011198036509,
        "f1_mad": 0.019262982760451575
    },
    "20": {
        "loss_median": 0.3112039566040039,
        "loss_mad": 0.001518160104751587,
        "accuracy_median": 0.9449999928474426,
        "accuracy_mad": 0.009999990463256836,
        "f1_median": 0.9178338001867414,
        "f1_mad": 0.00979275282680847
    },
    "21": {
        "loss_median": 0.3173169791698456,
        "loss_mad": 0.006475299596786499,
        "accuracy_median": 0.9100000262260437,
        "accuracy_mad": 0.005000054836273193,
        "f1_median": 0.872953133822699,
        "f1_mad": 0.006048296864273772
    },
    "22": {
        "loss_median": 0.30699920654296875,
        "loss_mad": 0.0011724233627319336,
        "accuracy_median": 0.9350000023841858,
        "accuracy_mad": 0.004999995231628418,
        "f1_median": 0.9028944911297853,
        "f1_mad": 0.008229786754972546
    },
    "23": {
        "loss_median": 0.3102225065231323,
        "loss_mad": 0.0020096302032470703,
        "accuracy_median": 0.949999988079071,
        "accuracy_mad": 0.025000035762786865,
        "f1_median": 0.921875,
        "f1_mad": 0.03623316471869631
    },
    "24": {
        "loss_median": 0.3089272677898407,
        "loss_mad": 0.0025466978549957275,
        "accuracy_median": 0.949999988079071,
        "accuracy_mad": 0.014999985694885254,
        "f1_median": 0.9233011198036509,
        "f1_mad": 0.019262982760451575
    },
    "25": {
        "loss_median": 0.3112005293369293,
        "loss_mad": 0.001521080732345581,
        "accuracy_median": 0.9449999928474426,
        "accuracy_mad": 0.009999990463256836,
        "f1_median": 0.9178338001867414,
        "f1_mad": 0.00979275282680847
    },
    "26": {
        "loss_median": 0.31731653213500977,
        "loss_mad": 0.006477266550064087,
        "accuracy_median": 0.9100000262260437,
        "accuracy_mad": 0.005000054836273193,
        "f1_median": 0.872953133822699,
        "f1_mad": 0.006048296864273772
    },
    "27": {
        "loss_median": 0.30699899792671204,
        "loss_mad": 0.0011722147464752197,
        "accuracy_median": 0.9350000023841858,
        "accuracy_mad": 0.004999995231628418,
        "f1_median": 0.9028944911297853,
        "f1_mad": 0.008229786754972546
    },
    "28": {
        "loss_median": 0.3102213442325592,
        "loss_mad": 0.002010643482208252,
        "accuracy_median": 0.949999988079071,
        "accuracy_mad": 0.025000035762786865,
        "f1_median": 0.921875,
        "f1_mad": 0.03623316471869631
    },
    "29": {
        "loss_median": 0.30892640352249146,