{
    "0": {
        "loss_median": 0.6879440546035767,
        "loss_mad": 0.0965735912322998,
        "accuracy_median": 0.5649999976158142,
        "accuracy_mad": 0.12000000476837158,
        "f1_median": 0.4981396556199706,
        "f1_mad": 0.08558110993448992
    },
    "1": {
        "loss_median": 0.5450688004493713,
        "loss_mad": 0.06302392482757568,
        "accuracy_median": 0.7400000095367432,
        "accuracy_mad": 0.07499998807907104,
        "f1_median": 0.6933600660455242,
        "f1_mad": 0.0759594264573592
    },
    "2": {
        "loss_median": 0.3401767611503601,
        "loss_mad": 0.0068995654582977295,
        "accuracy_median": 0.9049999713897705,
        "accuracy_mad": 0.005000054836273193,
        "f1_median": 0.86271180317208,
        "f1_mad": 0.010241330650619052
    },
    "3": {
        "loss_median": 0.31562191247940063,
        "loss_mad": 0.008212953805923462,
        "accuracy_median": 0.949999988079071,
        "accuracy_mad": 0.025000035762786865,
        "f1_median": 0.921875,
        "f1_mad": 0.03623316471869631
    },
    "4": {
        "loss_median": 0.3133837878704071,
        "loss_mad": 0.006160438060760498,
        "accuracy_median": 0.9549999833106995,
        "accuracy_mad": 0.009999990463256836,
        "f1_median": 0.9303378613723441,
        "f1_mad": 0.012226241191758414
    },
    "5": {
        "loss_median": 0.31347712874412537,
        "loss_mad": 0.0009131729602813721,
        "accuracy_median": 0.9449999928474426,
        "accuracy_mad": 0.014999985694885254,
        "f1_median": 0.9178338001867414,
        "f1_mad": 0.01718894185354447
    },
    "6": {
        "loss_median": 0.3157115876674652,
        "loss_mad": 0.0024484992027282715,
        "accuracy_median": 0.9150000214576721,
        "accuracy_mad": 0.004999995231628418,
        "f1_median": 0.8790853159785199,
        "f1_mad": 0.0024137212011572373
    },
    "7": {
        "loss_median": 0.30747678875923157,
        "loss_mad": 0.0016777515411376953,
        "accuracy_median": 0.9350000023841858,
        "accuracy_mad": 0.004999995231628418,
        "f1_median": 0.9028944911297853,
        "f1_mad": 0.008229786754972546
    },
    "8": {
        "loss_median": 0.31155142188072205,
        "loss_mad": 0.0003776252269744873,
        "accuracy_median": 0.949999988079071,
        "accuracy_mad": 0.025000035762786865,
        "f1_median": 0.921875,
        "f1_mad": 0.03623316471869631
    },
    "9": {
        "loss_median": 0.30995646119117737,
        "loss_mad": 0.0016375184059143066,
        "accuracy_median": 0.949999988079071,
        "accuracy_mad": 0.014999985694885254,
        "f1_median": 0.9233011198036509,
        "f1_mad": 0.019262982760451575
    },
    "10": {
        "loss_median": 0.3115975260734558,
        "loss_mad": 0.0011036992073059082,
        "accuracy_median": 0.9449999928474426,
        "accuracy_mad": 0.014999985694885254,
        "f1_median": 0.9178338001867414,
        "f1_mad": 0.01718894185354447
    },
    "11": {
        "loss_median": 0.3150614798069,
        "loss_mad": 0.0038524866104125977,
        "accuracy_median": 0.9200000166893005,
        "accuracy_mad": 0.004999995231628418,
        "f1_median": 0.8853046594982079,
        "f1_mad": 0.0026505225746211725
    },
    "12": {
        "loss_median": 0.30711227655410767,
        "loss_mad": 0.0013955235481262207,
        "accuracy_median": 0.9350000023841858,
        "accuracy_mad": 0.004999995231628418,
        "f1_median": 0.9028944911297853,
        "f1_mad": 0.008229786754972546
    },
    "13": {
        "loss_median": 0.31046372652053833,
        "loss_mad": 0.0012419819831848145,
        "accuracy_median": 0.949999988079071,
        "accuracy_mad": 0.025000035762786865,
        "f1_median": 0.921875,
        "f1_mad": 0.03623316471869631
    },
    "14": {
        "loss_median": 0.30917397141456604,
        "loss_mad": 0.0022751986980438232,
        "accuracy_median": 0.949999988079071,
        "accuracy_mad": 0.014999985694885254,
        "f1_median": 0.9233011198036509,
        "f1_mad": 0.019262982760451575
    },
    "15": {
        "loss_median": 0.3111664652824402,
        "loss_mad": 0.0014587640762329102,
        "accuracy_median": 0.9449999928474426,
        "accuracy_mad": 0.014999985694885254,
        "f1_median": 0.9178338001867414,
        "f1_mad": 0.01718894185354447
    },
    "16": {
        "loss_median": 0.3149925470352173,
        "loss_mad": 0.0040863752365112305,
        "accuracy_median": 0.9200000166893005,
        "accuracy_mad": 0.004999995231628418,
        "f1_median": 0.8853046594982079,
        "f1_mad": 0.0026505225746211725
    },
    "17": {
        "loss_median": 0.307076632976532,
        "loss_mad": 0.0013600289821624756,
        "accuracy_median": 0.9350000023841858,
        "accuracy_mad": 0.004999995231628418,
        "f1_median": 0.9028944911297853,
        "f1_mad": 0.008229786754972546
    },
    "18": {
        "loss_median": 0.3103070855140686,
        "loss_mad": 0.001371532678604126,
        "accuracy_median": 0.949999988079071,
        "accuracy_mad": 0.025000035762786865,
        "f1_median": 0.921875,
        "f1_mad": 0.03623316471869631
    },
    "19": {
        "loss_median": 0.3090544641017914,
        "loss_mad": 0.0023751556873321533,
        "accuracy_median": 0.949999988079071,
        "accuracy_mad": 0.014999985694885254,
        "f1_median": 0.9233011198036509,
        "f1_mad": 0.019262982760451575
    },
    "20": {
        "loss_median": 0.31110039353370667,
        "loss_mad": 0.001514136791229248,
        "accuracy_median": 0.9449999928474426,
        "accuracy_mad": 0.014999985694885254,
        "f1_median": 0.9178338001867414,
        "f1_mad": 0.01718894185354447
    },
    "21": {
        "loss_median": 0.31498265266418457,
        "loss_mad": 0.00412401556968689,
        "accuracy_median": 0.9200000166893005,
        "accuracy_mad": 0.004999995231628418,
        "f1_median": 0.8853046594982079,
        "f1_mad": 0.0026505225746211725
    },
    "22": {
        "loss_median": 0.30707162618637085,
        "loss_mad": 0.001354902982711792,
        "accuracy_median": 0.9350000023841858,
        "accuracy_mad": 0.004999995231628418,
        "f1_median": 0.9028944911297853,
        "f1_mad": 0.008229786754972546
    },
    "23": {
        "loss_median": 0.31028223037719727,
        "loss_mad": 0.0013923943042755127,
        "accuracy_median": 0.949999988079071,
        "accuracy_mad": 0.025000035762786865,
        "f1_median": 0.921875,
        "f1_mad": 0.03623316471869631
    },
    "24": {
        "loss_median": 0.30903497338294983,
        "loss_mad": 0.002391725778579712,
        "accuracy_median": 0.949999988079071,
        "accuracy_mad": 0.014999985694885254,
        "f1_median": 0.9233011198036509,
        "f1_mad": 0.019262982760451575
    },
    "25": {
        "loss_median": 0.3110896348953247,
        "loss_mad": 0.0015232861042022705,
        "accuracy_median": 0.9449999928474426,
        "accuracy_mad": 0.014999985694885254,
        "f1_median": 0.9178338001867414,
        "f1_mad": 0.01718894185354447
    },
    "26": {
        "loss_median": 0.3149811327457428,
        "loss_mad": 0.004130333662033081,
        "accuracy_median": 0.9200000166893005,
        "accuracy_mad": 0.004999995231628418,
        "f1_median": 0.8853046594982079,
        "f1_mad": 0.0026505225746211725
    },
    "27": {
        "loss_median": 0.30707091093063354,
        "loss_mad": 0.001354128122329712,
        "accuracy_median": 0.9350000023841858,
        "accuracy_mad": 0.004999995231628418,
        "f1_median": 0.9028944911297853,
        "f1_mad": 0.008229786754972546
    },
    "28": {
        "loss_median": 0.31027817726135254,
        "loss_mad": 0.0013958513736724854,
        "accuracy_median": 0.949999988079071,
        "accuracy_mad": 0.025000035762786865,
        "f1_median": 0.921875,
        "f1_mad": 0.03623316471869631
    },