{
    "0": {
        "loss_median": 0.6879440546035767,
        "loss_mad": 0.0965735912322998,
        "accuracy_median": 0.5649999976158142,
        "accuracy_mad": 0.12000000476837158,
        "f1_median": 0.4981396556199706,
        "f1_mad": 0.08558110993448992
    },
    "1": {
        "loss_median": 0.6745893359184265,
        "loss_mad": 0.06264078617095947,
        "accuracy_median": 0.6000000238418579,
        "accuracy_mad": 0.05500000715255737,
        "f1_median": 0.5441595441595442,
        "f1_mad": 0.023422216970604093
    },
    "2": {
        "loss_median": 0.6027662754058838,
        "loss_mad": 0.054353952407836914,
        "accuracy_median": 0.7400000095367432,
        "accuracy_mad": 0.09500002861022949,
        "f1_median": 0.6961196820944366,
        "f1_mad": 0.08495836880546381
    },
    "3": {
        "loss_median": 0.5551130175590515,
        "loss_mad": 0.05138397216796875,
        "accuracy_median": 0.8100000023841858,
        "accuracy_mad": 0.06999999284744263,
        "f1_median": 0.7590055809233891,
        "f1_mad": 0.07881034014702581
    },
    "4": {
        "loss_median": 0.514818012714386,
        "loss_mad": 0.05393892526626587,
        "accuracy_median": 0.824999988079071,
        "accuracy_mad": 0.05500000715255737,
        "f1_median": 0.7740112994350282,
        "f1_mad": 0.05911343982237682
    },
    "5": {
        "loss_median": 0.49100184440612793,
        "loss_mad": 0.05023527145385742,
        "accuracy_median": 0.8550000190734863,
        "accuracy_mad": 0.029999971389770508,
        "f1_median": 0.8053625960602705,
        "f1_mad": 0.03352220657361271
    },
    "6": {
        "loss_median": 0.4798511862754822,
        "loss_mad": 0.041440606117248535,
        "accuracy_median": 0.8700000047683716,
        "accuracy_mad": 0.019999980926513672,
        "f1_median": 0.8218201754385965,
        "f1_mad": 0.025210835547358146
    },
    "7": {
        "loss_median": 0.45131614804267883,
        "loss_mad": 0.04835084080696106,
        "accuracy_median": 0.8799999952316284,
        "accuracy_mad": 0.014999985694885254,
        "f1_median": 0.833124739257405,
        "f1_mad": 0.01977008053874918
    },
    "8": {
        "loss_median": 0.4271361231803894,
        "loss_mad": 0.0514339804649353,
        "accuracy_median": 0.8849999904632568,
        "accuracy_mad": 0.009999990463256836,
        "f1_median": 0.8388848026338832,
        "f1_mad": 0.011749999457229543
    },
    "9": {
        "loss_median": 0.4082191586494446,
        "loss_mad": 0.044738948345184326,
        "accuracy_median": 0.8849999904632568,
        "accuracy_mad": 0.025000035762786865,
        "f1_median": 0.8388848026338832,
        "f1_mad": 0.029996316247235644
    },
    "10": {
        "loss_median": 0.3975515365600586,
        "loss_mad": 0.029150009155273438,
        "accuracy_median": 0.8849999904632568,
        "accuracy_mad": 0.04000002145767212,
        "f1_median": 0.8388848026338832,
        "f1_mad": 0.04907037943894588
    },
    "11": {
        "loss_median": 0.3935110867023468,
        "loss_mad": 0.01094844937324524,
        "accuracy_median": 0.8849999904632568,
        "accuracy_mad": 0.030000030994415283,
        "f1_median": 0.8388848026338832,
        "f1_mad": 0.03625749842006265
    },
    "12": {
        "loss_median": 0.3785923719406128,
        "loss_mad": 0.00813409686088562,
        "accuracy_median": 0.8999999761581421,
        "accuracy_mad": 0.010000050067901611,
        "f1_median": 0.8566308243727598,
        "f1_mad": 0.012250294508359016
    },
    "13": {
        "loss_median": 0.3649173974990845,
        "loss_mad": 0.010004967451095581,
        "accuracy_median": 0.8949999809265137,
        "accuracy_mad": 0.030000030994415283,
        "f1_median": 0.8506348020911128,
        "f1_mad": 0.037320379981716334
    },
    "14": {
        "loss_median": 0.3544984459877014,
        "loss_mad": 0.008939862251281738,
        "accuracy_median": 0.8949999809265137,
        "accuracy_mad": 0.04000002145767212,
        "f1_median": 0.8506348020911128,
        "f1_mad": 0.05054721303564036
    },
    "15": {
        "loss_median": 0.34936442971229553,
        "loss_mad": 0.004124313592910767,
        "accuracy_median": 0.8899999856948853,
        "accuracy_mad": 0.04000002145767212,
        "f1_median": 0.84472049689441,
        "f1_mad": 0.04488191739481351
    },
    "16": {
        "loss_median": 0.34612324833869934,
        "loss_mad": 0.0018127858638763428,
        "accuracy_median": 0.8899999856948853,
        "accuracy_mad": 0.029999971389770508,
        "f1_median": 0.84472049689441,
        "f1_mad": 0.028955264627006372
    },
    "17": {
        "loss_median": 0.3396453559398651,
        "loss_mad": 0.001195281744003296,
        "accuracy_median": 0.8899999856948853,
        "accuracy_mad": 0.014999985694885254,
        "f1_median": 0.84472049689441,
        "f1_mad": 0.012511362359693967
    },
    "18": {
        "loss_median": 0.33248230814933777,
        "loss_mad": 0.0047179460525512695,
        "accuracy_median": 0.8899999856948853,
        "accuracy_mad": 0.004999995231628418,
        "f1_median": 0.84472049689441,
        "f1_mad": 0.0012309933048757493
    },
    "19": {
        "loss_median": 0.32724055647850037,
        "loss_mad": 0.006275832653045654,
        "accuracy_median": 0.8949999809265137,
        "accuracy_mad": 0.009999990463256836,
        "f1_median": 0.8506348020911128,
        "f1_mad": 0.007145298501578523
    },
    "20": {
        "loss_median": 0.3251612186431885,
        "loss_mad": 0.004992246627807617,
        "accuracy_median": 0.8949999809265137,
        "accuracy_mad": 0.009999990463256836,
        "f1_median": 0.8506348020911128,
        "f1_mad": 0.007145298501578523
    },
    "21": {
        "loss_median": 0.3252880573272705,
        "loss_mad": 0.0023182332515716553,
        "accuracy_median": 0.9100000262260437,
        "accuracy_mad": 0.01500004529953003,
        "f1_median": 0.8709677419354839,
        "f1_mad": 0.015920287233154307
    },
    "22": {
        "loss_median": 0.3205487132072449,
        "loss_mad": 0.005158603191375732,
        "accuracy_median": 0.9100000262260437,
        "accuracy_mad": 0.010000050067901611,
        "f1_median": 0.8709677419354839,
        "f1_mad": 0.01003045922097956
    },
    "23": {
        "loss_median": 0.31673964858055115,
        "loss_mad": 0.007403731346130371,
        "accuracy_median": 0.9049999713897705,
        "accuracy_mad": 0.009999990463256836,
        "f1_median": 0.86271180317208,
        "f1_mad": 0.009816983375925736
    },
    "24": {
        "loss_median": 0.31414201855659485,
        "loss_mad": 0.004566103219985962,
        "accuracy_median": 0.9100000262260437,
        "accuracy_mad": 0.01500004529953003,
        "f1_median": 0.8688811188811189,
        "f1_mad": 0.015986299084964628
    },
    "25": {
        "loss_median": 0.3135037422180176,
        "loss_mad": 0.0030028820037841797,
        "accuracy_median": 0.9100000262260437,
        "accuracy_mad": 0.010000050067901611,
        "f1_median": 0.8688811188811189,
        "f1_mad": 0.010044303522564357
    },
    "26": {
        "loss_median": 0.31434619426727295,
        "loss_mad": 0.0054779052734375,
        "accuracy_median": 0.9100000262260437,
        "accuracy_mad": 0.010000050067901611,
        "f1_median": 0.8709677419354839,
        "f1_mad": 0.01213092657692938
    },
    "27": {
        "loss_median": 0.31151434779167175,
        "loss_mad": 0.004107683897018433,
        "accuracy_median": 0.9150000214576721,
        "accuracy_mad": 0.01500004529953003,
        "f1_median": 0.877163192311861,
        "f1_mad": 0.018326376953306522
    },
    "28": {
        "loss_median": 0.3094497621059418,
        "loss_mad": 0.0006253719329833984,
        "accuracy_median": 0.9200000166893005,
        "accuracy_mad": 0.025000035762786865,
        "f1_median": 0.8834498834498834,
        "f1_mad": 0.03281508135877065
    },