{
    "0": {
        "loss_median": 0.6879440546035767,
        "loss_mad": 0.0965735912322998,
        "accuracy_median": 0.5649999976158142,
        "accuracy_mad": 0.12000000476837158,
        "f1_median": 0.4981396556199706,
        "f1_mad": 0.08558110993448992
    },
    "1": {
        "loss_median": 0.6766791343688965,
        "loss_mad": 0.10585325956344604,
        "accuracy_median": 0.5849999785423279,
        "accuracy_mad": 0.12999996542930603,
        "f1_median": 0.5170909090909092,
        "f1_mad": 0.09689356341682209
    },
    "2": {
        "loss_median": 0.6544075608253479,
        "loss_mad": 0.11316472291946411,
        "accuracy_median": 0.6349999904632568,
        "accuracy_mad": 0.11500000953674316,
        "f1_median": 0.5714830794517332,
        "f1_mad": 0.07829334235955704
    },
    "3": {
        "loss_median": 0.6256398558616638,
        "loss_mad": 0.10799229145050049,
        "accuracy_median": 0.6949999928474426,
        "accuracy_mad": 0.11000001430511475,
        "f1_median": 0.6450909090909092,
        "f1_mad": 0.10966698342308101
    },
    "4": {
        "loss_median": 0.5944116115570068,
        "loss_mad": 0.09638583660125732,
        "accuracy_median": 0.7549999952316284,
        "accuracy_mad": 0.06499999761581421,
        "f1_median": 0.7069290349591795,
        "f1_mad": 0.06736563588721545
    },
    "5": {
        "loss_median": 0.565453290939331,
        "loss_mad": 0.08970296382904053,
        "accuracy_median": 0.7950000166893005,
        "accuracy_mad": 0.039999961853027344,
        "f1_median": 0.744381059259952,
        "f1_mad": 0.045099340089351014
    },
    "6": {
        "loss_median": 0.5429723262786865,
        "loss_mad": 0.08448892831802368,
        "accuracy_median": 0.7950000166893005,
        "accuracy_mad": 0.06999999284744263,
        "f1_median": 0.7471554993678887,
        "f1_mad": 0.07403063262323684
    },
    "7": {
        "loss_median": 0.5240440964698792,
        "loss_mad": 0.08197540044784546,
        "accuracy_median": 0.8199999928474426,
        "accuracy_mad": 0.05500000715255737,
        "f1_median": 0.7716894977168949,
        "f1_mad": 0.06051963681782113
    },
    "8": {
        "loss_median": 0.5085693597793579,
        "loss_mad": 0.08060580492019653,
        "accuracy_median": 0.8399999737739563,
        "accuracy_mad": 0.020000040531158447,
        "f1_median": 0.7920997920997921,
        "f1_mad": 0.023665440167611518
    },
    "9": {
        "loss_median": 0.4954594671726227,
        "loss_mad": 0.07980677485466003,
        "accuracy_median": 0.8500000238418579,
        "accuracy_mad": 0.009999990463256836,
        "f1_median": 0.8026056060007896,
        "f1_mad": 0.01072772733254368
    },
    "10": {
        "loss_median": 0.484152227640152,
        "loss_mad": 0.07841172814369202,
        "accuracy_median": 0.8299999833106995,
        "accuracy_mad": 0.030000030994415283,
        "f1_median": 0.7762863534675615,
        "f1_mad": 0.03449888778125598
    },
    "11": {
        "loss_median": 0.4731612801551819,
        "loss_mad": 0.07697397470474243,
        "accuracy_median": 0.8299999833106995,
        "accuracy_mad": 0.04500001668930054,
        "f1_median": 0.7733333333333334,
        "f1_mad": 0.05410411274086846
    },
    "12": {
        "loss_median": 0.4582894444465637,
        "loss_mad": 0.0786442756652832,
        "accuracy_median": 0.8399999737739563,
        "accuracy_mad": 0.05500000715255737,
        "f1_median": 0.7807017543859649,
        "f1_mad": 0.06755865964633401
    },
    "13": {
        "loss_median": 0.44025933742523193,
        "loss_mad": 0.08172988891601562,
        "accuracy_median": 0.8399999737739563,
        "accuracy_mad": 0.06000000238418579,
        "f1_median": 0.7774996523432067,
        "f1_mad": 0.07083298567653995
    },
    "14": {
        "loss_median": 0.41978126764297485,
        "loss_mad": 0.07667210698127747,
        "accuracy_median": 0.8550000190734863,
        "accuracy_mad": 0.04999995231628418,
        "f1_median": 0.7968547511470702,
        "f1_mad": 0.06004727647935082
    },
    "15": {
        "loss_median": 0.39939066767692566,
        "loss_mad": 0.05377614498138428,
        "accuracy_median": 0.8650000095367432,
        "accuracy_mad": 0.039999961853027344,
        "f1_median": 0.8079590312600022,
        "f1_mad": 0.04399615926229883
    },
    "16": {
        "loss_median": 0.38089248538017273,
        "loss_mad": 0.032324910163879395,
        "accuracy_median": 0.875,
        "accuracy_mad": 0.0350000262260437,
        "f1_median": 0.8221842882037056,
        "f1_mad": 0.032738308469530075
    },
    "17": {
        "loss_median": 0.36322271823883057,
        "loss_mad": 0.012144118547439575,
        "accuracy_median": 0.8849999904632568,
        "accuracy_mad": 0.004999995231628418,
        "f1_median": 0.8378159210704149,
        "f1_mad": 0.004006896177897068
    },
    "18": {
        "loss_median": 0.3501223027706146,
        "loss_mad": 0.0018385052680969238,
        "accuracy_median": 0.925000011920929,
        "accuracy_mad": 0.014999985694885254,
        "f1_median": 0.8859792482231765,
        "f1_mad": 0.018464134481075756
    },
    "19": {
        "loss_median": 0.345974326133728,
        "loss_mad": 0.00841665267944336,
        "accuracy_median": 0.9350000023841858,
        "accuracy_mad": 0.009999990463256836,
        "f1_median": 0.8993769108711638,
        "f1_mad": 0.010366678872425927
    },
    "20": {
        "loss_median": 0.3398118317127228,
        "loss_mad": 0.007694602012634277,
        "accuracy_median": 0.949999988079071,
        "accuracy_mad": 0.004999995231628418,
        "f1_median": 0.9233011198036509,
        "f1_mad": 0.001293576690002407
    },
    "21": {
        "loss_median": 0.3341812491416931,
        "loss_mad": 0.002258867025375366,
        "accuracy_median": 0.949999988079071,
        "accuracy_mad": 0.004999995231628418,
        "f1_median": 0.9233011198036509,
        "f1_mad": 0.001293576690002407
    },
    "22": {
        "loss_median": 0.3337012231349945,
        "loss_mad": 0.004626452922821045,
        "accuracy_median": 0.9599999785423279,
        "accuracy_mad": 0.0,
        "f1_median": 0.9336760072956392,
        "f1_mad": 0.0049648885472814985
    },
    "23": {
        "loss_median": 0.33570757508277893,
        "loss_mad": 0.01125606894493103,
        "accuracy_median": 0.9549999833106995,
        "accuracy_mad": 0.009999990463256836,
        "f1_median": 0.9303378613723441,
        "f1_mad": 0.011013569233830678
    },
    "24": {
        "loss_median": 0.3370018005371094,
        "loss_mad": 0.012263298034667969,
        "accuracy_median": 0.9549999833106995,
        "accuracy_mad": 0.01500004529953003,
        "f1_median": 0.9303378613723441,
        "f1_mad": 0.01884913049757464
    },
    "25": {
        "loss_median": 0.33836129307746887,
        "loss_mad": 0.01462903618812561,
        "accuracy_median": 0.949999988079071,
        "accuracy_mad": 0.020000040531158447,
        "f1_median": 0.921875,
        "f1_mad": 0.027311991869918728
    },
    "26": {
        "loss_median": 0.3400261700153351,
        "loss_mad": 0.016664505004882812,
        "accuracy_median": 0.9449999928474426,
        "accuracy_mad": 0.030000030994415283,
        "f1_median": 0.9132457904491502,
        "f1_mad": 0.04486237426954609
    },
    "27": {
        "loss_median": 0.33888450264930725,
        "loss_mad": 0.019835621118545532,
        "accuracy_median": 0.9399999976158142,
        "accuracy_mad": 0.0350000262260437,
        "f1_median": 0.9044433827042523,
        "f1_mad": 0.041731579532172325
    },
    "28": {
        "loss_median": 0.33547547459602356,
        "loss_mad": 0.021931588649749756,
        "accuracy_median": 0.9399999976158142,
        "accuracy_mad": 0.0350000262260437,
        "f1_median": 0.9044433827042523,
        "f1_mad": 0.05013102839189798
    },
    "29": {
        "loss_median": 0.3308437466621399,