{
    "0": {
        "loss_median": 0.6879440546035767,
        "loss_mad": 0.0965735912322998,
        "accuracy_median": 0.5649999976158142,
        "accuracy_mad": 0.12000000476837158,
        "f1_median": 0.4981396556199706,
        "f1_mad": 0.08558110993448992
    },
    "1": {
        "loss_median": 0.6756677031517029,
        "loss_mad": 0.12044531106948853,
        "accuracy_median": 0.6000000238418579,
        "accuracy_mad": 0.10000002384185791,
        "f1_median": 0.5365542810798285,
        "f1_mad": 0.053296736639977305
    },
    "2": {
        "loss_median": 0.647794783115387,
        "loss_mad": 0.09873765707015991,
        "accuracy_median": 0.6800000071525574,
        "accuracy_mad": 0.12000000476837158,
        "f1_median": 0.6292434248638628,
        "f1_mad": 0.11588745277904766
    },
    "3": {
        "loss_median": 0.6151096224784851,
        "loss_mad": 0.07942569255828857,
        "accuracy_median": 0.7549999952316284,
        "accuracy_mad": 0.06000000238418579,
        "f1_median": 0.7069290349591795,
        "f1_mad": 0.06239045754370398
    },
    "4": {
        "loss_median": 0.5819452404975891,
        "loss_mad": 0.0692935585975647,
        "accuracy_median": 0.7950000166893005,
        "accuracy_mad": 0.034999966621398926,
        "f1_median": 0.7414798701093981,
        "f1_mad": 0.04289354440100279
    },
    "5": {
        "loss_median": 0.5520005226135254,
        "loss_mad": 0.06426364183425903,
        "accuracy_median": 0.8199999928474426,
        "accuracy_mad": 0.04500001668930054,
        "f1_median": 0.7689641894493646,
        "f1_mad": 0.052221942541760935
    },
    "6": {
        "loss_median": 0.5273470878601074,
        "loss_mad": 0.062128663063049316,
        "accuracy_median": 0.824999988079071,
        "accuracy_mad": 0.04000002145767212,
        "f1_median": 0.7711745284560818,
        "f1_mad": 0.04761133684141139
    },
    "7": {
        "loss_median": 0.5037052631378174,
        "loss_mad": 0.06514686346054077,
        "accuracy_median": 0.8349999785423279,
        "accuracy_mad": 0.010000050067901611,
        "f1_median": 0.7814497168780423,
        "f1_mad": 0.013245471704361078
    },
    "8": {
        "loss_median": 0.47917571663856506,
        "loss_mad": 0.07337144017219543,
        "accuracy_median": 0.8349999785423279,
        "accuracy_mad": 0.020000040531158447,
        "f1_median": 0.778516057585825,
        "f1_mad": 0.026846538474445514
    },
    "9": {
        "loss_median": 0.45376691222190857,
        "loss_mad": 0.08482959866523743,
        "accuracy_median": 0.8650000095367432,
        "accuracy_mad": 0.009999990463256836,
        "f1_median": 0.8162702868224967,
        "f1_mad": 0.0086044986491155
    },
    "10": {
        "loss_median": 0.4297746419906616,
        "loss_mad": 0.09271162748336792,
        "accuracy_median": 0.8899999856948853,
        "accuracy_mad": 0.004999995231628418,
        "f1_median": 0.8422939068100359,
        "f1_mad": 0.008340895281076843
    },
    "11": {
        "loss_median": 0.4087795317173004,
        "loss_mad": 0.07077568769454956,
        "accuracy_median": 0.8949999809265137,
        "accuracy_mad": 0.01500004529953003,
        "f1_median": 0.8482604140322989,
        "f1_mad": 0.018426002794837748
    },
    "12": {
        "loss_median": 0.3886725902557373,
        "loss_mad": 0.04877912998199463,
        "accuracy_median": 0.8999999761581421,
        "accuracy_mad": 0.004999995231628418,
        "f1_median": 0.8543123543123543,
        "f1_mad": 0.008399448859725656
    },
    "13": {
        "loss_median": 0.37054795026779175,
        "loss_mad": 0.03010067343711853,
        "accuracy_median": 0.9049999713897705,
        "accuracy_mad": 0.025000035762786865,
        "f1_median": 0.858076563958917,
        "f1_mad": 0.03643820397357245
    },
    "14": {
        "loss_median": 0.3554176986217499,
        "loss_mad": 0.015822678804397583,
        "accuracy_median": 0.9150000214576721,
        "accuracy_mad": 0.019999980926513672,
        "f1_median": 0.8707764813196002,
        "f1_mad": 0.03040553380715294
    },
    "15": {
        "loss_median": 0.3444420099258423,
        "loss_mad": 0.006622195243835449,
        "accuracy_median": 0.9300000071525574,
        "accuracy_mad": 0.004999995231628418,
        "f1_median": 0.890625,
        "f1_mad": 0.010557015126753111
    },
    "16": {
        "loss_median": 0.3379308581352234,
        "loss_mad": 0.0018681883811950684,
        "accuracy_median": 0.9300000071525574,
        "accuracy_mad": 0.009999990463256836,
        "f1_median": 0.8945147679324894,
        "f1_mad": 0.009928614771762878
    },
    "17": {
        "loss_median": 0.3340405523777008,
        "loss_mad": 0.0008651316165924072,
        "accuracy_median": 0.9399999976158142,
        "accuracy_mad": 0.009999990463256836,
        "f1_median": 0.9111242778847578,
        "f1_mad": 0.00765414966559963
    },
    "18": {
        "loss_median": 0.33140358328819275,
        "loss_mad": 0.0019165873527526855,
        "accuracy_median": 0.9449999928474426,
        "accuracy_mad": 0.004999995231628418,
        "f1_median": 0.9178338001867414,
        "f1_mad": 0.0009446273636160019
    },
    "19": {
        "loss_median": 0.3285021185874939,
        "loss_mad": 0.0016678273677825928,
        "accuracy_median": 0.949999988079071,
        "accuracy_mad": 0.009999990463256836,
        "f1_median": 0.9246534056660639,
        "f1_mad": 0.009022601629575244
    },
    "20": {
        "loss_median": 0.32585686445236206,
        "loss_mad": 3.3795833587646484e-05,
        "accuracy_median": 0.949999988079071,
        "accuracy_mad": 0.009999990463256836,
        "f1_median": 0.9246534056660639,
        "f1_mad": 0.009022601629575244
    },
    "21": {
        "loss_median": 0.32662543654441833,
        "loss_mad": 0.0031875669956207275,
        "accuracy_median": 0.9549999833106995,
        "accuracy_mad": 0.01500004529953003,
        "f1_median": 0.9315875489339059,
        "f1_mad": 0.01866945653782348
    },
    "22": {
        "loss_median": 0.3273717164993286,
        "loss_mad": 0.005995839834213257,
        "accuracy_median": 0.949999988079071,
        "accuracy_mad": 0.025000035762786865,
        "f1_median": 0.9233011198036509,
        "f1_mad": 0.03480704491504538
    },
    "23": {
        "loss_median": 0.3278758227825165,
        "loss_mad": 0.00809052586555481,
        "accuracy_median": 0.9549999833106995,
        "accuracy_mad": 0.020000040531158447,
        "f1_median": 0.9303378613723441,
        "f1_mad": 0.02777030334635222
    },
    "24": {
        "loss_median": 0.32832959294319153,
        "loss_mad": 0.009763866662979126,
        "accuracy_median": 0.9549999833106995,
        "accuracy_mad": 0.020000040531158447,
        "f1_median": 0.9303378613723441,
        "f1_mad": 0.02777030334635222
    },
    "25": {
        "loss_median": 0.329135924577713,
        "loss_mad": 0.01146930456161499,
        "accuracy_median": 0.9449999928474426,
        "accuracy_mad": 0.025000035762786865,
        "f1_median": 0.9132457904491502,
        "f1_mad": 0.03594120142076851
    },
    "26": {
        "loss_median": 0.33017605543136597,
        "loss_mad": 0.013556629419326782,
        "accuracy_median": 0.949999988079071,
        "accuracy_mad": 0.020000040531158447,
        "f1_median": 0.9203694855868769,
        "f1_mad": 0.028817506283041805
    },
    "27": {
        "loss_median": 0.3305751383304596,
        "loss_mad": 0.014947116374969482,
        "accuracy_median": 0.9449999928474426,
        "accuracy_mad": 0.014999985694885254,
        "f1_median": 0.9115435647943388,
        "f1_mad": 0.018921997069227592
    },
    "28": {
        "loss_median": 0.33026134967803955,
        "loss_mad": 0.015522003173828125,
        "accuracy_median": 0.9449999928474426,
        "accuracy_mad": 0.014999985694885254,
        "f1_median": 0.9115435647943388,
        "f1_mad": 0.018921997069227592
    },