{
    "0": {
        "loss_median": 0.6879440546035767,
        "loss_mad": 0.0965735912322998,
        "accuracy_median": 0.5649999976158142,
        "accuracy_mad": 0.12000000476837158,
        "f1_median": 0.4981396556199706,
        "f1_mad": 0.08558110993448992
    },
    "1": {
        "loss_median": 0.6795667409896851,
        "loss_mad": 0.09498053789138794,
        "accuracy_median": 0.5899999737739563,
        "accuracy_mad": 0.14499998092651367,
        "f1_median": 0.5249681381068243,
        "f1_mad": 0.11240959242134363
    },
    "2": {
        "loss_median": 0.6652011871337891,
        "loss_mad": 0.09003180265426636,
        "accuracy_median": 0.6200000047683716,
        "accuracy_mad": 0.1499999761581421,
        "f1_median": 0.5558672276764843,
        "f1_mad": 0.1394835264880293
    },
    "3": {
        "loss_median": 0.6503020524978638,
        "loss_mad": 0.10860204696655273,
        "accuracy_median": 0.6499999761581421,
        "accuracy_mad": 0.15000003576278687,
        "f1_median": 0.5909303412809724,
        "f1_mad": 0.16105378570315454
    },
    "4": {
        "loss_median": 0.6349723935127258,
        "loss_mad": 0.12429505586624146,
        "accuracy_median": 0.675000011920929,
        "accuracy_mad": 0.1549999713897705,
        "f1_median": 0.6149175034805534,
        "f1_mad": 0.16189305045610036
    },
    "5": {
        "loss_median": 0.6243219971656799,
        "loss_mad": 0.12443709373474121,
        "accuracy_median": 0.6899999976158142,
        "accuracy_mad": 0.1499999761581421,
        "f1_median": 0.6309523809523809,
        "f1_mad": 0.14869588219280805
    },
    "6": {
        "loss_median": 0.6177324056625366,
        "loss_mad": 0.11671513319015503,
        "accuracy_median": 0.7149999737739563,
        "accuracy_mad": 0.11500000953674316,
        "f1_median": 0.6590807141361883,
        "f1_mad": 0.12271879812154496
    },
    "7": {
        "loss_median": 0.6024509072303772,
        "loss_mad": 0.11545151472091675,
        "accuracy_median": 0.7549999952316284,
        "accuracy_mad": 0.07999998331069946,
        "f1_median": 0.7040258524357464,
        "f1_mad": 0.0828990870315659
    },
    "8": {
        "loss_median": 0.5860422253608704,
        "loss_mad": 0.11664193868637085,
        "accuracy_median": 0.7699999809265137,
        "accuracy_mad": 0.09500002861022949,
        "f1_median": 0.7178260336155073,
        "f1_mad": 0.10095983168198586
    },
    "9": {
        "loss_median": 0.5705826282501221,
        "loss_mad": 0.11783266067504883,
        "accuracy_median": 0.800000011920929,
        "accuracy_mad": 0.0899999737739563,
        "f1_median": 0.7463216641298833,
        "f1_mad": 0.10070934685607136
    },
    "10": {
        "loss_median": 0.5607754588127136,
        "loss_mad": 0.11570441722869873,
        "accuracy_median": 0.7950000166893005,
        "accuracy_mad": 0.09999996423721313,
        "f1_median": 0.7414798701093981,
        "f1_mad": 0.11141494968675614
    },
    "11": {
        "loss_median": 0.5562052130699158,
        "loss_mad": 0.11169874668121338,
        "accuracy_median": 0.8050000071525574,
        "accuracy_mad": 0.0899999737739563,
        "f1_median": 0.7512041083219037,
        "f1_mad": 0.10169071147425057
    },
    "12": {
        "loss_median": 0.5421939492225647,
        "loss_mad": 0.11627262830734253,
        "accuracy_median": 0.7950000166893005,
        "accuracy_mad": 0.09999996423721313,
        "f1_median": 0.7414798701093981,
        "f1_mad": 0.11141494968675614
    },
    "13": {
        "loss_median": 0.527572751045227,
        "loss_mad": 0.12234562635421753,
        "accuracy_median": 0.800000011920929,
        "accuracy_mad": 0.09499996900558472,
        "f1_median": 0.7432935438326274,
        "f1_mad": 0.10960127596352687
    },
    "14": {
        "loss_median": 0.5146744847297668,
        "loss_mad": 0.12727147340774536,
        "accuracy_median": 0.8149999976158142,
        "accuracy_mad": 0.08499997854232788,
        "f1_median": 0.7580987872250009,
        "f1_mad": 0.10073802813355359
    },
    "15": {
        "loss_median": 0.5070351958274841,
        "loss_mad": 0.12821966409683228,
        "accuracy_median": 0.8450000286102295,
        "accuracy_mad": 0.0549999475479126,
        "f1_median": 0.7919393268230477,
        "f1_mad": 0.06689748853550681
    },
    "16": {
        "loss_median": 0.5039488673210144,
        "loss_mad": 0.1265586018562317,
        "accuracy_median": 0.824999988079071,
        "accuracy_mad": 0.07499998807907104,
        "f1_median": 0.7740112994350282,
        "f1_mad": 0.08482551592352627
    },
    "17": {
        "loss_median": 0.4923937916755676,
        "loss_mad": 0.13289421796798706,
        "accuracy_median": 0.8399999737739563,
        "accuracy_mad": 0.06000000238418579,
        "f1_median": 0.7866666666666666,
        "f1_mad": 0.07217014869188787
    },
    "18": {
        "loss_median": 0.4804997742176056,
        "loss_mad": 0.13223186135292053,
        "accuracy_median": 0.8450000286102295,
        "accuracy_mad": 0.059999942779541016,
        "f1_median": 0.7919393268230477,
        "f1_mad": 0.07292073221176865
    },
    "19": {
        "loss_median": 0.4700891375541687,
        "loss_mad": 0.12798458337783813,
        "accuracy_median": 0.8550000190734863,
        "accuracy_mad": 0.04999995231628418,
        "f1_median": 0.8026606784389778,
        "f1_mad": 0.060051124733102146
    },
    "20": {
        "loss_median": 0.4640376567840576,
        "loss_mad": 0.126916766166687,
        "accuracy_median": 0.8550000190734863,
        "accuracy_mad": 0.05500000715255737,
        "f1_median": 0.8026606784389778,
        "f1_mad": 0.06622044044214104
    },
    "21": {
        "loss_median": 0.4616454243659973,
        "loss_mad": 0.12546047568321228,
        "accuracy_median": 0.8550000190734863,
        "accuracy_mad": 0.05500000715255737,
        "f1_median": 0.8053625960602705,
        "f1_mad": 0.06351852282084836
    },
    "22": {
        "loss_median": 0.45180895924568176,
        "loss_mad": 0.11676546931266785,
        "accuracy_median": 0.8700000047683716,
        "accuracy_mad": 0.04000002145767212,
        "f1_median": 0.8218201754385965,
        "f1_mad": 0.04706094344252232
    },
    "23": {
        "loss_median": 0.4415864050388336,
        "loss_mad": 0.11010950803756714,
        "accuracy_median": 0.8799999952316284,
        "accuracy_mad": 0.0350000262260437,
        "f1_median": 0.833124739257405,
        "f1_mad": 0.042017561796540814
    },
    "24": {
        "loss_median": 0.43243545293807983,
        "loss_mad": 0.10363391041755676,
        "accuracy_median": 0.8799999952316284,
        "accuracy_mad": 0.050000011920928955,
        "f1_median": 0.833124739257405,
        "f1_mad": 0.05949682846770621
    },
    "25": {
        "loss_median": 0.42705124616622925,
        "loss_mad": 0.10038483142852783,
        "accuracy_median": 0.8799999952316284,
        "accuracy_mad": 0.06999999284744263,
        "f1_median": 0.833124739257405,
        "f1_mad": 0.08875026074259496
    },
    "26": {
        "loss_median": 0.42489883303642273,
        "loss_mad": 0.09887632727622986,
        "accuracy_median": 0.8849999904632568,
        "accuracy_mad": 0.05500000715255737,
        "f1_median": 0.8388848026338832,
        "f1_mad": 0.06907654113049777
    },
    "27": {
        "loss_median": 0.4160012900829315,
        "loss_mad": 0.09057044982910156,
        "accuracy_median": 0.8849999904632568,
        "accuracy_mad": 0.050000011920928955,
        "f1_median": 0.8388848026338832,
        "f1_mad": 0.0622972124928699
    },
    "28": {
        "loss_median": 0.40669548511505127,
        "loss_mad": 0.0827503502368927,
        "accuracy_median": 0.8849999904632568,
        "accuracy_mad": 0.06499999761581421,
        "f1_median": 0.8388848026338832,
        "f1_mad": 0.08299019736611679
    },
    "29": {
        "loss_median": 0.3983580768108368,