{
    "0": {
        "loss_median": 0.6879440546035767,
        "loss_mad": 0.0965735912322998,
        "accuracy_median": 0.5649999976158142,
        "accuracy_mad": 0.12000000476837158,
        "f1_median": 0.4981396556199706,
        "f1_mad": 0.08558110993448992
    },
    "1": {
        "loss_median": 0.629137396812439,
        "loss_mad": 0.0534672737121582,
        "accuracy_median": 0.6800000071525574,
        "accuracy_mad": 0.06999999284744263,
        "f1_median": 0.64349376114082,
        "f1_mad": 0.09156361408199643
    },
    "2": {
        "loss_median": 0.5079255700111389,
        "loss_mad": 0.06147271394729614,
        "accuracy_median": 0.824999988079071,
        "accuracy_mad": 0.06999999284744263,
        "f1_median": 0.7740112994350282,
        "f1_mad": 0.08103615526730135
    },
    "3": {
        "loss_median": 0.43417632579803467,
        "loss_mad": 0.030996710062026978,
        "accuracy_median": 0.8899999856948853,
        "accuracy_mad": 0.0,
        "f1_median": 0.8342374924653406,
        "f1_mad": 0.010483004429069354
    },
    "4": {
        "loss_median": 0.40555083751678467,
        "loss_mad": 0.010361194610595703,
        "accuracy_median": 0.9100000262260437,
        "accuracy_mad": 0.0,
        "f1_median": 0.8709677419354839,
        "f1_mad": 0.0
    },
    "5": {
        "loss_median": 0.43974944949150085,
        "loss_mad": 0.025177717208862305,
        "accuracy_median": 0.8949999809265137,
        "accuracy_mad": 0.0,
        "f1_median": 0.8405386250885897,
        "f1_mad": 0.00016767757614244427
    },
    "6": {
        "loss_median": 0.4895469546318054,
        "loss_mad": 0.04772078990936279,
        "accuracy_median": 0.8149999976158142,
        "accuracy_mad": 0.10000002384185791,
        "f1_median": 0.7187488122838357,
        "f1_mad": 0.11803430140855986
    },
    "7": {
        "loss_median": 0.49571335315704346,
        "loss_mad": 0.03660637140274048,
        "accuracy_median": 0.8299999833106995,
        "accuracy_mad": 0.125,
        "f1_median": 0.734375,
        "f1_mad": 0.15156315185648728
    },
    "8": {
        "loss_median": 0.48124241828918457,
        "loss_mad": 0.00047519803047180176,
        "accuracy_median": 0.8399999737739563,
        "accuracy_mad": 0.06999999284744263,
        "f1_median": 0.745182353878006,
        "f1_mad": 0.10455735387800602
    },
    "9": {
        "loss_median": 0.42471563816070557,
        "loss_mad": 0.03721025586128235,
        "accuracy_median": 0.9100000262260437,
        "accuracy_mad": 0.04499995708465576,
        "f1_median": 0.8475609756097561,
        "f1_mad": 0.07859287054409003
    },
    "10": {
        "loss_median": 0.39992454648017883,
        "loss_mad": 0.02849552035331726,
        "accuracy_median": 0.9350000023841858,
        "accuracy_mad": 0.02499997615814209,
        "f1_median": 0.8993769108711638,
        "f1_mad": 0.03691867759833767
    },
    "11": {
        "loss_median": 0.38527020812034607,
        "loss_mad": 0.005712568759918213,
        "accuracy_median": 0.9350000023841858,
        "accuracy_mad": 0.009999990463256836,
        "f1_median": 0.8954605765751277,
        "f1_mad": 0.00750539450229859
    },
    "12": {
        "loss_median": 0.35261163115501404,
        "loss_mad": 0.0026768743991851807,
        "accuracy_median": 0.9049999713897705,
        "accuracy_mad": 0.019999980926513672,
        "f1_median": 0.86271180317208,
        "f1_mad": 0.026302258024670788
    },
    "13": {
        "loss_median": 0.34163475036621094,
        "loss_mad": 0.008163422346115112,
        "accuracy_median": 0.9049999713897705,
        "accuracy_mad": 0.004999995231628418,
        "f1_median": 0.86271180317208,
        "f1_mad": 0.0038749878135254656
    },
    "14": {
        "loss_median": 0.3346286714076996,
        "loss_mad": 0.011758565902709961,
        "accuracy_median": 0.9150000214576721,
        "accuracy_mad": 0.01500004529953003,
        "f1_median": 0.8790853159785199,
        "f1_mad": 0.024772961666165605
    },
    "15": {
        "loss_median": 0.33812281489372253,
        "loss_mad": 0.004870682954788208,
        "accuracy_median": 0.8999999761581421,
        "accuracy_mad": 0.009999990463256836,
        "f1_median": 0.8609372827145043,
        "f1_mad": 0.018643375904468407
    },
    "16": {
        "loss_median": 0.3529875576496124,
        "loss_mad": 0.002742379903793335,
        "accuracy_median": 0.9049999713897705,
        "accuracy_mad": 0.01500004529953003,
        "f1_median": 0.8604531600014689,
        "f1_mad": 0.016963656411934647
    },
    "17": {
        "loss_median": 0.35409310460090637,
        "loss_mad": 0.009031563997268677,
        "accuracy_median": 0.9200000166893005,
        "accuracy_mad": 0.029999971389770508,
        "f1_median": 0.8834498834498834,
        "f1_mad": 0.03872938655547342
    },
    "18": {
        "loss_median": 0.35062354803085327,
        "loss_mad": 0.009431391954421997,
        "accuracy_median": 0.9200000166893005,
        "accuracy_mad": 0.01500004529953003,
        "f1_median": 0.8834498834498834,
        "f1_mad": 0.022996723448414524
    },
    "19": {
        "loss_median": 0.3330658972263336,
        "loss_mad": 0.009415775537490845,
        "accuracy_median": 0.9150000214576721,
        "accuracy_mad": 0.020000040531158447,
        "f1_median": 0.8751423010539459,
        "f1_mad": 0.029378282104953968
    },
    "20": {
        "loss_median": 0.32420989871025085,
        "loss_mad": 0.0030210018157958984,
        "accuracy_median": 0.9150000214576721,
        "accuracy_mad": 0.01500004529953003,
        "f1_median": 0.8751423010539459,
        "f1_mad": 0.02583548972181804
    },
    "21": {
        "loss_median": 0.32517874240875244,
        "loss_mad": 0.0004572272300720215,
        "accuracy_median": 0.9049999713897705,
        "accuracy_mad": 0.0,
        "f1_median": 0.86271180317208,
        "f1_mad": 0.007138088756056149
    },
    "22": {
        "loss_median": 0.3309970498085022,
        "loss_mad": 0.004696696996688843,
        "accuracy_median": 0.9150000214576721,
        "accuracy_mad": 0.004999995231628418,
        "f1_median": 0.8688811188811189,
        "f1_mad": 0.00046515851113548834
    },
    "23": {
        "loss_median": 0.33020657300949097,
        "loss_mad": 0.0018899738788604736,
        "accuracy_median": 0.9300000071525574,
        "accuracy_mad": 0.009999990463256836,
        "f1_median": 0.8980186480186481,
        "f1_mad": 0.004515465041780686
    },
    "24": {
        "loss_median": 0.3281947672367096,
        "loss_mad": 0.0022783279418945312,
        "accuracy_median": 0.9399999976158142,
        "accuracy_mad": 0.009999990463256836,
        "f1_median": 0.9111242778847578,
        "f1_mad": 0.00765414966559963
    },
    "25": {
        "loss_median": 0.3289479911327362,
        "loss_mad": 0.009119659662246704,
        "accuracy_median": 0.9549999833106995,
        "accuracy_mad": 0.004999995231628418,
        "f1_median": 0.9276265530135499,
        "f1_mad": 0.009873446986450096
    },
    "26": {
        "loss_median": 0.3270014822483063,
        "loss_mad": 0.021307408809661865,
        "accuracy_median": 0.9399999976158142,
        "accuracy_mad": 0.009999990463256836,
        "f1_median": 0.90625,
        "f1_mad": 0.011735232067510593
    },
    "27": {
        "loss_median": 0.325693815946579,
        "loss_mad": 0.015957564115524292,
        "accuracy_median": 0.949999988079071,
        "accuracy_mad": 0.004999995231628418,
        "f1_median": 0.9233011198036509,
        "f1_mad": 0.008286429130255013
    },
    "28": {
        "loss_median": 0.3248066008090973,
        "loss_mad": 0.009950339794158936,
        "accuracy_median": 0.949999988079071,
        "accuracy_mad": 0.004999995231628418,
        "f1_median": 0.9246534056660639,
        "f1_mad": 0.005684455706280178
    },
    "29": {
        "loss_median": 0.32145822048187256,
        "loss_mad": 0.001963496208190918,