{
    "0": {
        "loss_median": 0.6879440546035767,
        "loss_mad": 0.0965735912322998,
        "accuracy_median": 0.5649999976158142,
        "accuracy_mad": 0.12000000476837158,
        "f1_median": 0.4981396556199706,
        "f1_mad": 0.08558110993448992
    },
    "1": {
        "loss_median": 0.6877890825271606,
        "loss_mad": 0.09669709205627441,
        "accuracy_median": 0.5649999976158142,
        "accuracy_mad": 0.12000000476837158,
        "f1_median": 0.4981396556199706,
        "f1_mad": 0.08558110993448992
    },
    "2": {
        "loss_median": 0.6874568462371826,
        "loss_mad": 0.09684312343597412,
        "accuracy_median": 0.5649999976158142,
        "accuracy_mad": 0.12000000476837158,
        "f1_median": 0.4981396556199706,
        "f1_mad": 0.08558110993448992
    },
    "3": {
        "loss_median": 0.6870005130767822,
        "loss_mad": 0.09706646203994751,
        "accuracy_median": 0.5649999976158142,
        "accuracy_mad": 0.12000000476837158,
        "f1_median": 0.4981396556199706,
        "f1_mad": 0.08558110993448992
    },
    "4": {
        "loss_median": 0.6864613890647888,
        "loss_mad": 0.0973653793334961,
        "accuracy_median": 0.5649999976158142,
        "accuracy_mad": 0.12000000476837158,
        "f1_median": 0.4981396556199706,
        "f1_mad": 0.08558110993448992
    },
    "5": {
        "loss_median": 0.6858761310577393,
        "loss_mad": 0.0977291464805603,
        "accuracy_median": 0.5649999976158142,
        "accuracy_mad": 0.12000000476837158,
        "f1_median": 0.4981396556199706,
        "f1_mad": 0.08558110993448992
    },
    "6": {
        "loss_median": 0.6852970719337463,
        "loss_mad": 0.09806180000305176,
        "accuracy_median": 0.5649999976158142,
        "accuracy_mad": 0.12000000476837158,
        "f1_median": 0.4981396556199706,
        "f1_mad": 0.08558110993448992
    },
    "7": {
        "loss_median": 0.6846800446510315,
        "loss_mad": 0.09833908081054688,
        "accuracy_median": 0.5699999928474426,
        "accuracy_mad": 0.125,
        "f1_median": 0.5017958521608157,
        "f1_mad": 0.08923730647533501
    },
    "8": {
        "loss_median": 0.6840190887451172,
        "loss_mad": 0.09866297245025635,
        "accuracy_median": 0.574999988079071,
        "accuracy_mad": 0.12999999523162842,
        "f1_median": 0.5054545454545455,
        "f1_mad": 0.09289599976906482
    },
    "9": {
        "loss_median": 0.6833261847496033,
        "loss_mad": 0.0990215539932251,
        "accuracy_median": 0.574999988079071,
        "accuracy_mad": 0.12999999523162842,
        "f1_median": 0.5054545454545455,
        "f1_mad": 0.09289599976906482
    },
    "10": {
        "loss_median": 0.6826231479644775,
        "loss_mad": 0.09941858053207397,
        "accuracy_median": 0.574999988079071,
        "accuracy_mad": 0.12999999523162842,
        "f1_median": 0.5054545454545455,
        "f1_mad": 0.09289599976906482
    },
    "11": {
        "loss_median": 0.6819474101066589,
        "loss_mad": 0.09977632761001587,
        "accuracy_median": 0.574999988079071,
        "accuracy_mad": 0.12999999523162842,
        "f1_median": 0.5054545454545455,
        "f1_mad": 0.09289599976906482
    },
    "12": {
        "loss_median": 0.6812573075294495,
        "loss_mad": 0.1000739336013794,
        "accuracy_median": 0.574999988079071,
        "accuracy_mad": 0.12999999523162842,
        "f1_median": 0.5054545454545455,
        "f1_mad": 0.09289599976906482
    },
    "13": {
        "loss_median": 0.6805438995361328,
        "loss_mad": 0.10039973258972168,
        "accuracy_median": 0.574999988079071,
        "accuracy_mad": 0.12999999523162842,
        "f1_median": 0.5054545454545455,
        "f1_mad": 0.09289599976906482
    },
    "14": {
        "loss_median": 0.6798139810562134,
        "loss_mad": 0.10074746608734131,
        "accuracy_median": 0.5799999833106995,
        "accuracy_mad": 0.13499999046325684,
        "f1_median": 0.5091164095371669,
        "f1_mad": 0.09655786385168619
    },
    "15": {
        "loss_median": 0.6790867447853088,
        "loss_mad": 0.10112535953521729,
        "accuracy_median": 0.574999988079071,
        "accuracy_mad": 0.12999999523162842,
        "f1_median": 0.5010419418273605,
        "f1_mad": 0.08848339614187983
    },
    "16": {
        "loss_median": 0.6783941388130188,
        "loss_mad": 0.10146474838256836,
        "accuracy_median": 0.5799999833106995,
        "accuracy_mad": 0.13499999046325684,
        "f1_median": 0.5046585682273853,
        "f1_mad": 0.09210002254190464
    },
    "17": {
        "loss_median": 0.677695631980896,
        "loss_mad": 0.10174328088760376,
        "accuracy_median": 0.5849999785423279,
        "accuracy_mad": 0.13999998569488525,
        "f1_median": 0.5082792736751681,
        "f1_mad": 0.09572072798968745
    },
    "18": {
        "loss_median": 0.6769814491271973,
        "loss_mad": 0.10204207897186279,
        "accuracy_median": 0.5849999785423279,
        "accuracy_mad": 0.13999998569488525,
        "f1_median": 0.5082792736751681,
        "f1_mad": 0.09572072798968745
    },
    "19": {
        "loss_median": 0.6762571930885315,
        "loss_mad": 0.10235762596130371,
        "accuracy_median": 0.5950000286102295,
        "accuracy_mad": 0.15000003576278687,
        "f1_median": 0.5201279658757665,
        "f1_mad": 0.10756942019028581
    },
    "20": {
        "loss_median": 0.675540566444397,
        "loss_mad": 0.10269993543624878,
        "accuracy_median": 0.5950000286102295,
        "accuracy_mad": 0.15000003576278687,
        "f1_median": 0.5201279658757665,
        "f1_mad": 0.10756942019028581
    },
    "21": {
        "loss_median": 0.6748607158660889,
        "loss_mad": 0.10300564765930176,
        "accuracy_median": 0.5950000286102295,
        "accuracy_mad": 0.15000003576278687,
        "f1_median": 0.5201279658757665,
        "f1_mad": 0.10756942019028581
    },
    "22": {
        "loss_median": 0.674177885055542,
        "loss_mad": 0.10325503349304199,
        "accuracy_median": 0.6000000238418579,
        "accuracy_mad": 0.15500003099441528,
        "f1_median": 0.5238095238095238,
        "f1_mad": 0.11125097812404316
    },
    "23": {
        "loss_median": 0.6734826564788818,
        "loss_mad": 0.10352051258087158,
        "accuracy_median": 0.6000000238418579,
        "accuracy_mad": 0.15500003099441528,
        "f1_median": 0.5238095238095238,
        "f1_mad": 0.11125097812404316
    },
    "24": {
        "loss_median": 0.6727797985076904,
        "loss_mad": 0.10379981994628906,
        "accuracy_median": 0.6000000238418579,
        "accuracy_mad": 0.15500003099441528,
        "f1_median": 0.5238095238095238,
        "f1_mad": 0.11125097812404316
    },
    "25": {
        "loss_median": 0.6720864772796631,
        "loss_mad": 0.10410428047180176,
        "accuracy_median": 0.6000000238418579,
        "accuracy_mad": 0.15500003099441528,
        "f1_median": 0.5238095238095238,
        "f1_mad": 0.11125097812404316
    },
    "26": {
        "loss_median": 0.6714303493499756,
        "loss_mad": 0.10437566041946411,
        "accuracy_median": 0.6000000238418579,
        "accuracy_mad": 0.15000003576278687,
        "f1_median": 0.5238095238095238,
        "f1_mad": 0.10742582262106881
    },
    "27": {
        "loss_median": 0.6707723736763,
        "loss_mad": 0.10459232330322266,
        "accuracy_median": 0.6000000238418579,
        "accuracy_mad": 0.15000003576278687,
        "f1_median": 0.5238095238095238,
        "f1_mad": 0.10742582262106881
    },
    "28": {
        "loss_median": 0.6701032519340515,
        "loss_mad": 0.10482251644134521,
        "accuracy_median": 0.6000000238418579,
        "accuracy_mad": 0.15000003576278687,
        "f1_median": 0.5238095238095238,
        "f1_mad": 0.10742582262106881
    },
    "29": {
        "loss_median": 0.6694273948669434,
        "loss_mad": 0.1050652265548706,