{
    "0": {
        "loss_median": 0.6879440546035767,
        "loss_mad": 0.0965735912322998,
        "accuracy_median": 0.5649999976158142,
        "accuracy_mad": 0.12000000476837158,
        "f1_median": 0.4981396556199706,
        "f1_mad": 0.08558110993448992
    },
    "1": {
        "loss_median": 0.6860597729682922,
        "loss_mad": 0.09976673126220703,
        "accuracy_median": 0.5649999976158142,
        "accuracy_mad": 0.12000000476837158,
        "f1_median": 0.4981396556199706,
        "f1_mad": 0.08558110993448992
    },
    "2": {
        "loss_median": 0.6818556189537048,
        "loss_mad": 0.10251051187515259,
        "accuracy_median": 0.5699999928474426,
        "accuracy_mad": 0.12000000476837158,
        "f1_median": 0.5017958521608157,
        "f1_mad": 0.08541215097236066
    },
    "3": {
        "loss_median": 0.6764509081840515,
        "loss_mad": 0.10500073432922363,
        "accuracy_median": 0.5950000286102295,
        "accuracy_mad": 0.14500004053115845,
        "f1_median": 0.532750713853076,
        "f1_mad": 0.11636701266462102
    },
    "4": {
        "loss_median": 0.6702775359153748,
        "loss_mad": 0.1078348159790039,
        "accuracy_median": 0.6050000190734863,
        "accuracy_mad": 0.15000000596046448,
        "f1_median": 0.5403636363636364,
        "f1_mad": 0.12016629068954932
    },
    "5": {
        "loss_median": 0.663469135761261,
        "loss_mad": 0.11078053712844849,
        "accuracy_median": 0.625,
        "accuracy_mad": 0.1549999713897705,
        "f1_median": 0.5597428898476711,
        "f1_mad": 0.13195070289080058
    },
    "6": {
        "loss_median": 0.6567698121070862,
        "loss_mad": 0.11361950635910034,
        "accuracy_median": 0.6399999856948853,
        "accuracy_mad": 0.15000003576278687,
        "f1_median": 0.5714285714285714,
        "f1_mad": 0.1323173644390342
    },
    "7": {
        "loss_median": 0.6498732566833496,
        "loss_mad": 0.11621546745300293,
        "accuracy_median": 0.6650000214576721,
        "accuracy_mad": 0.12999999523162842,
        "f1_median": 0.5953006553713267,
        "f1_mad": 0.1545086505020523
    },
    "8": {
        "loss_median": 0.6426552534103394,
        "loss_mad": 0.1149451732635498,
        "accuracy_median": 0.6949999928474426,
        "accuracy_mad": 0.10500001907348633,
        "f1_median": 0.6238167185717369,
        "f1_mad": 0.13081461500696512
    },
    "9": {
        "loss_median": 0.6352439522743225,
        "loss_mad": 0.10881274938583374,
        "accuracy_median": 0.7099999785423279,
        "accuracy_mad": 0.09500002861022949,
        "f1_median": 0.6442154336891179,
        "f1_mad": 0.11527394375838607
    },
    "10": {
        "loss_median": 0.6277146339416504,
        "loss_mad": 0.10327023267745972,
        "accuracy_median": 0.7300000190734863,
        "accuracy_mad": 0.07999998331069946,
        "f1_median": 0.6687523003312477,
        "f1_mad": 0.09563262030367303
    },
    "11": {
        "loss_median": 0.6205647587776184,
        "loss_mad": 0.097980797290802,
        "accuracy_median": 0.7450000047683716,
        "accuracy_mad": 0.06999999284744263,
        "f1_median": 0.6949669547534316,
        "f1_mad": 0.07435253774945183
    },
    "12": {
        "loss_median": 0.6134851574897766,
        "loss_mad": 0.09311288595199585,
        "accuracy_median": 0.7699999809265137,
        "accuracy_mad": 0.050000011920928955,
        "f1_median": 0.7178260336155073,
        "f1_mad": 0.056468637230887575
    },
    "13": {
        "loss_median": 0.6063742637634277,
        "loss_mad": 0.08877754211425781,
        "accuracy_median": 0.7799999713897705,
        "accuracy_mad": 0.04000002145767212,
        "f1_median": 0.7300944669365722,
        "f1_mad": 0.04420020390982271
    },
    "14": {
        "loss_median": 0.5993004441261292,
        "loss_mad": 0.08492404222488403,
        "accuracy_median": 0.7850000262260437,
        "accuracy_mad": 0.034999966621398926,
        "f1_median": 0.7348216212882736,
        "f1_mad": 0.039473049558121365
    },
    "15": {
        "loss_median": 0.5923643112182617,
        "loss_mad": 0.08148705959320068,
        "accuracy_median": 0.8050000071525574,
        "accuracy_mad": 0.014999985694885254,
        "f1_median": 0.7540906081528422,
        "f1_mad": 0.020204062693552682
    },
    "16": {
        "loss_median": 0.5858707427978516,
        "loss_mad": 0.07827109098434448,
        "accuracy_median": 0.8050000071525574,
        "accuracy_mad": 0.014999985694885254,
        "f1_median": 0.7512041083219037,
        "f1_mad": 0.023090562524491265
    },
    "17": {
        "loss_median": 0.5795208215713501,
        "loss_mad": 0.07544600963592529,
        "accuracy_median": 0.800000011920929,
        "accuracy_mad": 0.034999966621398926,
        "f1_median": 0.7463216641298833,
        "f1_mad": 0.04315873521941971
    },
    "18": {
        "loss_median": 0.5732136368751526,
        "loss_mad": 0.0730862021446228,
        "accuracy_median": 0.8149999976158142,
        "accuracy_mad": 0.02499997615814209,
        "f1_median": 0.7610976594027441,
        "f1_mad": 0.03353717566335779
    },
    "19": {
        "loss_median": 0.5669756531715393,
        "loss_mad": 0.0711703896522522,
        "accuracy_median": 0.8100000023841858,
        "accuracy_mad": 0.04500001668930054,
        "f1_median": 0.756128866640996,
        "f1_mad": 0.05427288550832898
    },
    "20": {
        "loss_median": 0.5608940720558167,
        "loss_mad": 0.0696190595626831,
        "accuracy_median": 0.8100000023841858,
        "accuracy_mad": 0.04500001668930054,
        "f1_median": 0.7590055809233891,
        "f1_mad": 0.05139617122593587
    },
    "21": {
        "loss_median": 0.5551754236221313,
        "loss_mad": 0.06827902793884277,
        "accuracy_median": 0.8100000023841858,
        "accuracy_mad": 0.04500001668930054,
        "f1_median": 0.7590055809233891,
        "f1_mad": 0.05139617122593587
    },
    "22": {
        "loss_median": 0.5495398640632629,
        "loss_mad": 0.06730681657791138,
        "accuracy_median": 0.8100000023841858,
        "accuracy_mad": 0.05500000715255737,
        "f1_median": 0.7590055809233891,
        "f1_mad": 0.062180551067736456
    },
    "23": {
        "loss_median": 0.5438754558563232,
        "loss_mad": 0.06675809621810913,
        "accuracy_median": 0.8100000023841858,
        "accuracy_mad": 0.05500000715255737,
        "f1_median": 0.756128866640996,
        "f1_mad": 0.06505726535012957
    },
    "24": {
        "loss_median": 0.5381930470466614,
        "loss_mad": 0.06663483381271362,
        "accuracy_median": 0.8100000023841858,
        "accuracy_mad": 0.05500000715255737,
        "f1_median": 0.756128866640996,
        "f1_mad": 0.06505726535012957
    },
    "25": {
        "loss_median": 0.5325767397880554,
        "loss_mad": 0.06684070825576782,
        "accuracy_median": 0.8100000023841858,
        "accuracy_mad": 0.05500000715255737,
        "f1_median": 0.753118503118503,
        "f1_mad": 0.06806762887262252
    },
    "26": {
        "loss_median": 0.5272313952445984,
        "loss_mad": 0.0672069787979126,
        "accuracy_median": 0.8149999976158142,
        "accuracy_mad": 0.050000011920928955,
        "f1_median": 0.7580987872250009,
        "f1_mad": 0.06308734476612465
    },
    "27": {
        "loss_median": 0.5218961834907532,
        "loss_mad": 0.06787985563278198,
        "accuracy_median": 0.8199999928474426,
        "accuracy_mad": 0.04500001668930054,
        "f1_median": 0.7631267272009474,
        "f1_mad": 0.058059404790178126
    },
    "28": {
        "loss_median": 0.5164732933044434,
        "loss_mad": 0.06889337301254272,
        "accuracy_median": 0.8299999833106995,
        "accuracy_mad": 0.04000002145767212,
        "f1_median": 0.7733333333333334,
        "f1_mad": 0.05333333333333323
    },
    "29": {
        "loss_median": 0.5109872221946716,