{
    "0": {
        "loss_median": 0.6879440546035767,
        "loss_mad": 0.0965735912322998,
        "accuracy_median": 0.5649999976158142,
        "accuracy_mad": 0.12000000476837158,
        "f1_median": 0.4981396556199706,
        "f1_mad": 0.08558110993448992
    },
    "1": {
        "loss_median": 0.6728993058204651,
        "loss_mad": 0.10911285877227783,
        "accuracy_median": 0.6000000238418579,
        "accuracy_mad": 0.14000001549720764,
        "f1_median": 0.5365542810798285,
        "f1_mad": 0.10955937445843628
    },
    "2": {
        "loss_median": 0.6373782157897949,
        "loss_mad": 0.11024302244186401,
        "accuracy_median": 0.6700000166893005,
        "accuracy_mad": 0.11500000953674316,
        "f1_median": 0.6176572818908586,
        "f1_mad": 0.08866889841331094
    },
    "3": {
        "loss_median": 0.5887326598167419,
        "loss_mad": 0.09080898761749268,
        "accuracy_median": 0.7649999856948853,
        "accuracy_mad": 0.050000011920928955,
        "f1_median": 0.7161064298873486,
        "f1_mad": 0.05321306261553482
    },
    "4": {
        "loss_median": 0.5413367748260498,
        "loss_mad": 0.0856446623802185,
        "accuracy_median": 0.8149999976158142,
        "accuracy_mad": 0.04000002145767212,
        "f1_median": 0.7667013461962862,
        "f1_mad": 0.04370040595303881
    },
    "5": {
        "loss_median": 0.509412944316864,
        "loss_mad": 0.08489024639129639,
        "accuracy_median": 0.8450000286102295,
        "accuracy_mad": 0.019999980926513672,
        "f1_median": 0.797326010918244,
        "f1_mad": 0.0238601210728816
    },
    "6": {
        "loss_median": 0.4922836422920227,
        "loss_mad": 0.08126950263977051,
        "accuracy_median": 0.8349999785423279,
        "accuracy_mad": 0.025000035762786865,
        "f1_median": 0.7842502696871629,
        "f1_mad": 0.02653497156165452
    },
    "7": {
        "loss_median": 0.4721602201461792,
        "loss_mad": 0.08163458108901978,
        "accuracy_median": 0.824999988079071,
        "accuracy_mad": 0.06999999284744263,
        "f1_median": 0.7650927883486023,
        "f1_mad": 0.08316762568369662
    },
    "8": {
        "loss_median": 0.4449557960033417,
        "loss_mad": 0.0831165611743927,
        "accuracy_median": 0.8349999785423279,
        "accuracy_mad": 0.06999999284744263,
        "f1_median": 0.768834716822528,
        "f1_mad": 0.08428154389726206
    },
    "9": {
        "loss_median": 0.4124484360218048,
        "loss_mad": 0.048507094383239746,
        "accuracy_median": 0.8550000190734863,
        "accuracy_mad": 0.0350000262260437,
        "f1_median": 0.7937337743162987,
        "f1_mad": 0.02762150820403253
    },
    "10": {
        "loss_median": 0.3842542767524719,
        "loss_mad": 0.017258912324905396,
        "accuracy_median": 0.8799999952316284,
        "accuracy_mad": 0.009999990463256836,
        "f1_median": 0.8279569892473118,
        "f1_mad": 0.008738521718456238
    },
    "11": {
        "loss_median": 0.3694208860397339,
        "loss_mad": 0.0015479624271392822,
        "accuracy_median": 0.9150000214576721,
        "accuracy_mad": 0.0,
        "f1_median": 0.8632946001367054,
        "f1_mad": 0.007481881182894723
    },
    "12": {
        "loss_median": 0.3700292110443115,
        "loss_mad": 0.0020742416381835938,
        "accuracy_median": 0.9399999976158142,
        "accuracy_mad": 0.004999995231628418,
        "f1_median": 0.9058178860396421,
        "f1_mad": 0.0037662007596345193
    },
    "13": {
        "loss_median": 0.36258700489997864,
        "loss_mad": 0.001680910587310791,
        "accuracy_median": 0.949999988079071,
        "accuracy_mad": 0.004999995231628418,
        "f1_median": 0.9134199134199135,
        "f1_mad": 0.015401265401265407
    },
    "14": {
        "loss_median": 0.36044034361839294,
        "loss_mad": 0.009145468473434448,
        "accuracy_median": 0.949999988079071,
        "accuracy_mad": 0.004999995231628418,
        "f1_median": 0.9134199134199135,
        "f1_mad": 0.015599369674845764
    },
    "15": {
        "loss_median": 0.3627697825431824,
        "loss_mad": 0.021736443042755127,
        "accuracy_median": 0.9449999928474426,
        "accuracy_mad": 0.009999990463256836,
        "f1_median": 0.9115435647943388,
        "f1_mad": 0.009643877738171325
    },
    "16": {
        "loss_median": 0.36724627017974854,
        "loss_mad": 0.032578080892562866,
        "accuracy_median": 0.9200000166893005,
        "accuracy_mad": 0.009999990463256836,
        "f1_median": 0.8700454840805718,
        "f1_mad": 0.0011643651994529547
    },
    "17": {
        "loss_median": 0.3620492219924927,
        "loss_mad": 0.031121790409088135,
        "accuracy_median": 0.9200000166893005,
        "accuracy_mad": 0.025000035762786865,
        "f1_median": 0.8644986449864498,
        "f1_mad": 0.01623823095415089
    },
    "18": {
        "loss_median": 0.35119879245758057,
        "loss_mad": 0.025171339511871338,
        "accuracy_median": 0.9100000262260437,
        "accuracy_mad": 0.020000040531158447,
        "f1_median": 0.8475609756097561,
        "f1_mad": 0.007817385866166315
    },
    "19": {
        "loss_median": 0.33976849913597107,
        "loss_mad": 0.017885953187942505,
        "accuracy_median": 0.9150000214576721,
        "accuracy_mad": 0.01500004529953003,
        "f1_median": 0.8605128205128205,
        "f1_mad": 0.008639024038224141
    },
    "20": {
        "loss_median": 0.3320772647857666,
        "loss_mad": 0.012027114629745483,
        "accuracy_median": 0.9350000023841858,
        "accuracy_mad": 0.02499997615814209,
        "f1_median": 0.8974722978035412,
        "f1_mad": 0.03309616760462619
    },
    "21": {
        "loss_median": 0.3285220265388489,
        "loss_mad": 0.007795602083206177,
        "accuracy_median": 0.9399999976158142,
        "accuracy_mad": 0.02499997615814209,
        "f1_median": 0.90625,
        "f1_mad": 0.03547351868039983
    },
    "22": {
        "loss_median": 0.3256916105747223,
        "loss_mad": 0.0021687746047973633,
        "accuracy_median": 0.949999988079071,
        "accuracy_mad": 0.014999985694885254,
        "f1_median": 0.9233011198036509,
        "f1_mad": 0.023924208932487145
    },
    "23": {
        "loss_median": 0.32453465461730957,
        "loss_mad": 0.002156376838684082,
        "accuracy_median": 0.949999988079071,
        "accuracy_mad": 0.014999985694885254,
        "f1_median": 0.9233011198036509,
        "f1_mad": 0.022119104676897816
    },
    "24": {
        "loss_median": 0.3238637447357178,
        "loss_mad": 0.005076944828033447,
        "accuracy_median": 0.949999988079071,
        "accuracy_mad": 0.02499997615814209,
        "f1_median": 0.9233011198036509,
        "f1_mad": 0.03534593773082184
    },
    "25": {
        "loss_median": 0.32301750779151917,
        "loss_mad": 0.007035404443740845,
        "accuracy_median": 0.9549999833106995,
        "accuracy_mad": 0.020000040531158447,
        "f1_median": 0.9315875489339059,
        "f1_mad": 0.02738681004045307
    },
    "26": {
        "loss_median": 0.3232770264148712,
        "loss_mad": 0.00914013385772705,
        "accuracy_median": 0.9549999833106995,
        "accuracy_mad": 0.0,
        "f1_median": 0.9261538461538461,
        "f1_mad": 0.005433702780059835
    },
    "27": {
        "loss_median": 0.3235837519168854,
        "loss_mad": 0.003927469253540039,
        "accuracy_median": 0.9549999833106995,
        "accuracy_mad": 0.0,
        "f1_median": 0.9261538461538461,
        "f1_mad": 0.005433702780059835
    },
    "28": {
        "loss_median": 0.3206040859222412,
        "loss_mad": 0.0006140172481536865,
        "accuracy_median": 0.949999988079071,
        "accuracy_mad": 0.004999995231628418,
        "f1_median": 0.9246534056660639,
        "f1_mad": 0.0015004404877821953
    },
    "29": {
        "loss_median": 0.31565946340560913,