{
    "0": {
        "loss_median": 0.6879440546035767,
        "loss_mad": 0.0965735912322998,
        "accuracy_median": 0.5649999976158142,
        "accuracy_mad": 0.12000000476837158,
        "f1_median": 0.4981396556199706,
        "f1_mad": 0.08558110993448992
    },
    "1": {
        "loss_median": 0.6792363524436951,
        "loss_mad": 0.10362976789474487,
        "accuracy_median": 0.5799999833106995,
        "accuracy_mad": 0.12999999523162842,
        "f1_median": 0.5174632352941176,
        "f1_mad": 0.10107953410566262
    },
    "2": {
        "loss_median": 0.66658616065979,
        "loss_mad": 0.11227536201477051,
        "accuracy_median": 0.625,
        "accuracy_mad": 0.1499999761581421,
        "f1_median": 0.5597428898476711,
        "f1_mad": 0.13574288984767108
    },
    "3": {
        "loss_median": 0.6504912376403809,
        "loss_mad": 0.11989295482635498,
        "accuracy_median": 0.6650000214576721,
        "accuracy_mad": 0.12999999523162842,
        "f1_median": 0.5992703131074494,
        "f1_mad": 0.15053899276592964
    },
    "4": {
        "loss_median": 0.6324113011360168,
        "loss_mad": 0.10450965166091919,
        "accuracy_median": 0.7250000238418579,
        "accuracy_mad": 0.0899999737739563,
        "f1_median": 0.6643783371472158,
        "f1_mad": 0.10494115535566761
    },
    "5": {
        "loss_median": 0.6130679845809937,
        "loss_mad": 0.09132260084152222,
        "accuracy_median": 0.7649999856948853,
        "accuracy_mad": 0.06000000238418579,
        "f1_median": 0.7101538651290432,
        "f1_mad": 0.06915821911068687
    },
    "6": {
        "loss_median": 0.5938898324966431,
        "loss_mad": 0.08010214567184448,
        "accuracy_median": 0.800000011920929,
        "accuracy_mad": 0.014999985694885254,
        "f1_median": 0.7463216641298833,
        "f1_mad": 0.02299782837300013
    },
    "7": {
        "loss_median": 0.5749065279960632,
        "loss_mad": 0.07167929410934448,
        "accuracy_median": 0.8199999928474426,
        "accuracy_mad": 0.019999980926513672,
        "f1_median": 0.7661122661122661,
        "f1_mad": 0.02852256895383576
    },
    "8": {
        "loss_median": 0.555478572845459,
        "loss_mad": 0.0671091079711914,
        "accuracy_median": 0.8299999833106995,
        "accuracy_mad": 0.030000030994415283,
        "f1_median": 0.7791060291060291,
        "f1_mad": 0.0366592031613745
    },
    "9": {
        "loss_median": 0.5354605317115784,
        "loss_mad": 0.06662452220916748,
        "accuracy_median": 0.8299999833106995,
        "accuracy_mad": 0.0350000262260437,
        "f1_median": 0.7733333333333334,
        "f1_mad": 0.04785279865779213
    },
    "10": {
        "loss_median": 0.5149393081665039,
        "loss_mad": 0.06977707147598267,
        "accuracy_median": 0.8600000143051147,
        "accuracy_mad": 0.009999990463256836,
        "f1_median": 0.805312195800306,
        "f1_mad": 0.021354470866360664
    },
    "11": {
        "loss_median": 0.49487796425819397,
        "loss_mad": 0.07497057318687439,
        "accuracy_median": 0.8700000047683716,
        "accuracy_mad": 0.0,
        "f1_median": 0.8192184675288555,
        "f1_mad": 0.005082113630760721
    },
    "12": {
        "loss_median": 0.47492867708206177,
        "loss_mad": 0.0813327431678772,
        "accuracy_median": 0.8650000095367432,
        "accuracy_mad": 0.019999980926513672,
        "f1_median": 0.8162702868224967,
        "f1_mad": 0.022614515811386515
    },
    "13": {
        "loss_median": 0.4548228979110718,
        "loss_mad": 0.08813577890396118,
        "accuracy_median": 0.8500000238418579,
        "accuracy_mad": 0.034999966621398926,
        "f1_median": 0.8,
        "f1_mad": 0.038884802633883164
    },
    "14": {
        "loss_median": 0.4348725378513336,
        "loss_mad": 0.09424051642417908,
        "accuracy_median": 0.8700000047683716,
        "accuracy_mad": 0.014999985694885254,
        "f1_median": 0.8218201754385965,
        "f1_mad": 0.017064627195286675
    },
    "15": {
        "loss_median": 0.4157772362232208,
        "loss_mad": 0.0850643515586853,
        "accuracy_median": 0.875,
        "accuracy_mad": 0.009999990463256836,
        "f1_median": 0.8274374460742019,
        "f1_mad": 0.011447356559681321
    },
    "16": {
        "loss_median": 0.39842820167541504,
        "loss_mad": 0.07049396634101868,
        "accuracy_median": 0.8849999904632568,
        "accuracy_mad": 0.009999990463256836,
        "f1_median": 0.8388848026338832,
        "f1_mad": 0.011749999457229543
    },
    "17": {
        "loss_median": 0.38265570998191833,
        "loss_mad": 0.05675029754638672,
        "accuracy_median": 0.8799999952316284,
        "accuracy_mad": 0.014999985694885254,
        "f1_median": 0.833124739257405,
        "f1_mad": 0.017510062833707707
    },
    "18": {
        "loss_median": 0.3686497211456299,
        "loss_mad": 0.04430109262466431,
        "accuracy_median": 0.8849999904632568,
        "accuracy_mad": 0.025000035762786865,
        "f1_median": 0.8388848026338832,
        "f1_mad": 0.029996316247235644
    },
    "19": {
        "loss_median": 0.3565906882286072,
        "loss_mad": 0.033468663692474365,
        "accuracy_median": 0.8899999856948853,
        "accuracy_mad": 0.014999985694885254,
        "f1_median": 0.84472049689441,
        "f1_mad": 0.015732663107058897
    },
    "20": {
        "loss_median": 0.34666964411735535,
        "loss_mad": 0.024436742067337036,
        "accuracy_median": 0.8949999809265137,
        "accuracy_mad": 0.020000040531158447,
        "f1_median": 0.8506348020911128,
        "f1_mad": 0.02238107092476027
    },
    "21": {
        "loss_median": 0.33903738856315613,
        "loss_mad": 0.017415493726730347,
        "accuracy_median": 0.8949999809265137,
        "accuracy_mad": 0.025000035762786865,
        "f1_median": 0.8506348020911128,
        "f1_mad": 0.02881064697458946
    },
    "22": {
        "loss_median": 0.3329954445362091,
        "loss_mad": 0.012007653713226318,
        "accuracy_median": 0.8999999761581421,
        "accuracy_mad": 0.020000040531158447,
        "f1_median": 0.8566308243727598,
        "f1_mad": 0.022814624692942376
    },
    "23": {
        "loss_median": 0.32815301418304443,
        "loss_mad": 0.007788628339767456,
        "accuracy_median": 0.9049999713897705,
        "accuracy_mad": 0.01500004529953003,
        "f1_median": 0.86271180317208,
        "f1_mad": 0.01673364589362225
    },
    "24": {
        "loss_median": 0.32426905632019043,
        "loss_mad": 0.004528045654296875,
        "accuracy_median": 0.9100000262260437,
        "accuracy_mad": 0.014999985694885254,
        "f1_median": 0.8688811188811189,
        "f1_mad": 0.017098129342057677
    },
    "25": {
        "loss_median": 0.3212682008743286,
        "loss_mad": 0.0020359158515930176,
        "accuracy_median": 0.9150000214576721,
        "accuracy_mad": 0.019999980926513672,
        "f1_median": 0.877163192311861,
        "f1_mad": 0.022213718559302764
    },
    "26": {
        "loss_median": 0.3191668689250946,
        "loss_mad": 0.000555187463760376,
        "accuracy_median": 0.9200000166893005,
        "accuracy_mad": 0.014999985694885254,
        "f1_median": 0.8834498834498834,
        "f1_mad": 0.015927027421280382
    },
    "27": {
        "loss_median": 0.31773078441619873,
        "loss_mad": 0.00039061903953552246,
        "accuracy_median": 0.9300000071525574,
        "accuracy_mad": 0.009999990463256836,
        "f1_median": 0.8980186480186481,
        "f1_mad": 0.008231351981351942
    },
    "28": {
        "loss_median": 0.316834419965744,
        "loss_mad": 0.001252681016921997,
        "accuracy_median": 0.9399999976158142,
        "accuracy_mad": 0.004999995231628418,
        "f1_median": 0.90625,
        "f1_mad": 0.011583800186741433
    },
    "29": {
        "loss_median": 0.31597745418548584,