{
    "0": {
        "loss_median": 0.6879440546035767,
        "loss_mad": 0.0965735912322998,
        "accuracy_median": 0.5649999976158142,
        "accuracy_mad": 0.12000000476837158,
        "f1_median": 0.4981396556199706,
        "f1_mad": 0.08558110993448992
    },
    "1": {
        "loss_median": 0.6590339541435242,
        "loss_mad": 0.08419513702392578,
        "accuracy_median": 0.6399999856948853,
        "accuracy_mad": 0.09499996900558472,
        "f1_median": 0.5960049377174279,
        "f1_mad": 0.07305665326878952
    },
    "2": {
        "loss_median": 0.5713040828704834,
        "loss_mad": 0.05520910024642944,
        "accuracy_median": 0.7900000214576721,
        "accuracy_mad": 0.05500000715255737,
        "f1_median": 0.7423629002576371,
        "f1_mad": 0.0574756792419594
    },
    "3": {
        "loss_median": 0.5028318166732788,
        "loss_mad": 0.05806487798690796,
        "accuracy_median": 0.824999988079071,
        "accuracy_mad": 0.06499999761581421,
        "f1_median": 0.7740112994350282,
        "f1_mad": 0.07301971155092646
    },
    "4": {
        "loss_median": 0.44868582487106323,
        "loss_mad": 0.050012826919555664,
        "accuracy_median": 0.8849999904632568,
        "accuracy_mad": 0.009999990463256836,
        "f1_median": 0.8281979458450046,
        "f1_mad": 0.01756607310398728
    },
    "5": {
        "loss_median": 0.4099501371383667,
        "loss_mad": 0.01817166805267334,
        "accuracy_median": 0.8949999809265137,
        "accuracy_mad": 0.009999990463256836,
        "f1_median": 0.8528948197961542,
        "f1_mad": 4.0665323238875395e-05
    },
    "6": {
        "loss_median": 0.4091359078884125,
        "loss_mad": 0.03581351041793823,
        "accuracy_median": 0.9399999976158142,
        "accuracy_mad": 0.0,
        "f1_median": 0.8983739837398375,
        "f1_mad": 0.007876016260162544
    },
    "7": {
        "loss_median": 0.43088454008102417,
        "loss_mad": 0.01025235652923584,
        "accuracy_median": 0.925000011920929,
        "accuracy_mad": 0.014999985694885254,
        "f1_median": 0.8816988051579321,
        "f1_mad": 0.00669405198492512
    },
    "8": {
        "loss_median": 0.41243377327919006,
        "loss_mad": 0.014259397983551025,
        "accuracy_median": 0.8899999856948853,
        "accuracy_mad": 0.04500001668930054,
        "f1_median": 0.8342374924653406,
        "f1_mad": 0.043300070532163004
    },
    "9": {
        "loss_median": 0.38350051641464233,
        "loss_mad": 0.01640036702156067,
        "accuracy_median": 0.9150000214576721,
        "accuracy_mad": 0.029999971389770508,
        "f1_median": 0.8511318358947415,
        "f1_mad": 0.04783486904211265
    },
    "10": {
        "loss_median": 0.3741070032119751,
        "loss_mad": 0.03195968270301819,
        "accuracy_median": 0.8899999856948853,
        "accuracy_mad": 0.07499998807907104,
        "f1_median": 0.8136856368563685,
        "f1_mad": 0.12501570733558376
    },
    "11": {
        "loss_median": 0.3809661567211151,
        "loss_mad": 0.03193104267120361,
        "accuracy_median": 0.875,
        "accuracy_mad": 0.0,
        "f1_median": 0.7948717948717949,
        "f1_mad": 0.004330971278313278
    },
    "12": {
        "loss_median": 0.38256171345710754,
        "loss_mad": 0.01098412275314331,
        "accuracy_median": 0.9449999928474426,
        "accuracy_mad": 0.004999995231628418,
        "f1_median": 0.9115435647943388,
        "f1_mad": 0.010331435205661155
    },
    "13": {
        "loss_median": 0.3783404529094696,
        "loss_mad": 0.010735183954238892,
        "accuracy_median": 0.9399999976158142,
        "accuracy_mad": 0.004999995231628418,
        "f1_median": 0.90625,
        "f1_mad": 0.008607386121753935
    },
    "14": {
        "loss_median": 0.36730316281318665,
        "loss_mad": 0.011227995157241821,
        "accuracy_median": 0.925000011920929,
        "accuracy_mad": 0.034999966621398926,
        "f1_median": 0.8879551820728291,
        "f1_mad": 0.048340406396672364
    },
    "15": {
        "loss_median": 0.35405680537223816,
        "loss_mad": 0.0009177029132843018,
        "accuracy_median": 0.9200000166893005,
        "accuracy_mad": 0.0,
        "f1_median": 0.8814990371796771,
        "f1_mad": 0.008907860240674137
    },
    "16": {
        "loss_median": 0.3354756534099579,
        "loss_mad": 0.0020173192024230957,
        "accuracy_median": 0.949999988079071,
        "accuracy_mad": 0.014999985694885254,
        "f1_median": 0.9203694855868769,
        "f1_mad": 0.02334005564588404
    },
    "17": {
        "loss_median": 0.3321382999420166,
        "loss_mad": 0.005556315183639526,
        "accuracy_median": 0.9350000023841858,
        "accuracy_mad": 0.019999980926513672,
        "f1_median": 0.9011820151267531,
        "f1_mad": 0.024018822814892093
    },
    "18": {
        "loss_median": 0.3295549154281616,
        "loss_mad": 0.002596259117126465,
        "accuracy_median": 0.925000011920929,
        "accuracy_mad": 0.0,
        "f1_median": 0.8898314421064228,
        "f1_mad": 0.0018762600335937574
    },
    "19": {
        "loss_median": 0.3240826427936554,
        "loss_mad": 0.0014715492725372314,
        "accuracy_median": 0.9200000166893005,
        "accuracy_mad": 0.004999995231628418,
        "f1_median": 0.8834498834498834,
        "f1_mad": 0.006286691138022382
    },
    "20": {
        "loss_median": 0.328130841255188,
        "loss_mad": 0.0030654966831207275,
        "accuracy_median": 0.9150000214576721,
        "accuracy_mad": 0.004999995231628418,
        "f1_median": 0.8751423010539459,
        "f1_mad": 0.010162358444262054
    },
    "21": {
        "loss_median": 0.3398160934448242,
        "loss_mad": 0.002778559923171997,
        "accuracy_median": 0.925000011920929,
        "accuracy_mad": 0.0,
        "f1_median": 0.8898314421064228,
        "f1_mad": 0.0017831393452192312
    },
    "22": {
        "loss_median": 0.33706292510032654,
        "loss_mad": 0.005996078252792358,
        "accuracy_median": 0.9200000166893005,
        "accuracy_mad": 0.004999995231628418,
        "f1_median": 0.8794454490657022,
        "f1_mad": 0.012169132385939863
    },
    "23": {
        "loss_median": 0.3330385088920593,
        "loss_mad": 0.004092901945114136,
        "accuracy_median": 0.9200000166893005,
        "accuracy_mad": 0.004999995231628418,
        "f1_median": 0.8794454490657022,
        "f1_mad": 0.008509733007126874
    },
    "24": {
        "loss_median": 0.32848674058914185,
        "loss_mad": 1.0639429092407227e-05,
        "accuracy_median": 0.9350000023841858,
        "accuracy_mad": 0.0,
        "f1_median": 0.8993769108711638,
        "f1_mad": 0.0
    },
    "25": {
        "loss_median": 0.3258742392063141,
        "loss_mad": 0.0025520920753479004,
        "accuracy_median": 0.9549999833106995,
        "accuracy_mad": 0.0,
        "f1_median": 0.9276265530135499,
        "f1_mad": 0.0027113083587941844
    },
    "26": {
        "loss_median": 0.3266379237174988,
        "loss_mad": 0.00054129958152771,
        "accuracy_median": 0.9449999928474426,
        "accuracy_mad": 0.009999990463256836,
        "f1_median": 0.9163847820303295,
        "f1_mad": 0.011241770983220434
    },
    "27": {
        "loss_median": 0.32168808579444885,
        "loss_mad": 0.0002872645854949951,
        "accuracy_median": 0.9399999976158142,
        "accuracy_mad": 0.004999995231628418,
        "f1_median": 0.9095840867992766,
        "f1_mad": 0.005273299322477332
    },
    "28": {
        "loss_median": 0.3194239139556885,
        "loss_mad": 0.003357023000717163,
        "accuracy_median": 0.9350000023841858,
        "accuracy_mad": 0.019999980926513672,
        "f1_median": 0.9011820151267531,
        "f1_mad": 0.03040553380715283
    },
    "29": {
        "loss_median": 0.3163556158542633,
        "loss_mad": 0.0034856200218200684,
        "accuracy_median": 0.9449999928474426,