{
    "1": {
        "loss_median": 0.5832949678103129,
        "loss_mad": 0.00954260428746545,
        "accuracy_median": 0.6966666579246521,
        "accuracy_mad": 0.06333333253860474,
        "f1_median": 0.6537839807251571,
        "f1_mad": 0.05752870390932685
    },
    "2": {
        "loss_median": 0.5391650398572285,
        "loss_mad": 0.00917750597000122,
        "accuracy_median": 0.7816666762034097,
        "accuracy_mad": 0.034999986489614,
        "f1_median": 0.7379754706588901,
        "f1_mad": 0.030120685579241635
    },
    "3": {
        "loss_median": 0.5160793264706929,
        "loss_mad": 0.010347644488016838,
        "accuracy_median": 0.8416666785875956,
        "accuracy_mad": 0.04000000158945716,
        "f1_median": 0.7721343309882397,
        "f1_mad": 0.041436710729608306
    },
    "4": {
        "loss_median": 0.4921455979347229,
        "loss_mad": 0.008017152547836304,
        "accuracy_median": 0.8649999896685282,
        "accuracy_mad": 0.009999990463256947,
        "f1_median": 0.8040201484097806,
        "f1_mad": 0.018039388857395755
    },
    "5": {
        "loss_median": 0.47514873743057245,
        "loss_mad": 0.007417480150858524,
        "accuracy_median": 0.8816666801770527,
        "accuracy_mad": 0.006666680177052853,
        "f1_median": 0.8320622556437793,
        "f1_mad": 0.02454249226531635
    },
    "6": {
        "loss_median": 0.46577183405558265,
        "loss_mad": 0.011341621478398678,
        "accuracy_median": 0.8899999856948851,
        "accuracy_mad": 0.015000005563100216,
        "f1_median": 0.8387098467304512,
        "f1_mad": 0.033926728559085184
    },
    "7": {
        "loss_median": 0.45702003439267475,
        "loss_mad": 0.021697411934534727,
        "accuracy_median": 0.9033333261807759,
        "accuracy_mad": 0.013333360354105706,
        "f1_median": 0.8667645900239493,
        "f1_mad": 0.013613552753552804
    },
    "8": {
        "loss_median": 0.4480715990066528,
        "loss_mad": 0.025380601485570253,
        "accuracy_median": 0.9116666714350382,
        "accuracy_mad": 0.015000025431315178,
        "f1_median": 0.87485569827936,
        "f1_mad": 0.04639244088472971
    },
    "9": {
        "loss_median": 0.4470612704753876,
        "loss_mad": 0.03328418731689453,
        "accuracy_median": 0.9300000071525574,
        "accuracy_mad": 0.014999985694885254,
        "f1_median": 0.8959715850956972,
        "f1_mad": 0.025277448100794575
    },
    "10": {
        "loss_median": 0.43901556730270386,
        "loss_mad": 0.028662463029225704,
        "accuracy_median": 0.9300000071525574,
        "accuracy_mad": 0.009999990463256836,
        "f1_median": 0.8935345568847698,
        "f1_mad": 0.022416734121950554
    }
}