{
   "info": {
      "strategy": "FedAdagrad",
      "seed": 3,
      "sampling_seed": 3,
      "local_epochs": 2,
      "num_rounds": 10,
      "num_clients": 5,
      "eta": 0.3,
      "eta_l": 0.2,
      "iid": false,
      "alpha": 1.8,
      "training_mode": "mitigated",
      "nshots": 1000,
      "model_type": "quantum",
      "base_pauli": 0.005,
      "base_readout": 0.005,
      "noise_scale": 0.002
   },
   "rounds": [
      {
         "round": 0,
         "train_metrics": {},
         "eval_metrics_client": {},
         "eval_metrics_server": {
            "accuracy": 0.47999998927116394,
            "loss": 0.7357013821601868,
            "f1_score": 0.4164515767029514
         }
      },
      {
         "round": 1,
         "train_metrics": {
            "train_loss": 0.47395957623850193,
            "train_acc": 0.8846153819954001,
            "train_f1": 0.7912256190432249,
            "drift": 1.4061707088830055
         },
         "eval_metrics_client": {
            "loss": 0.562715748945872,
            "accuracy": 0.721666673819224,
            "f1": 0.6406588438802228
         },
         "eval_metrics_server": {
            "accuracy": 0.7450000047683716,
            "loss": 0.5563009977340698,
            "f1_score": 0.6314895769355829
         },
         "drift_metrics": {
            "drift_median": 1.423497275255153,
            "drift_mean": 1.3994112676770323,
            "drift_max": 1.4551845895301356,
            "drift_min": 1.3195519382458085,
            "drift_per_client": [
               1.3195519382458085,
               1.423497275255153,
               1.4551845895301356
            ]
         }
      },
      {
         "round": 2,
         "train_metrics": {
            "train_loss": 0.4100450088776755,
            "train_acc": 0.9006410189546072,
            "train_f1": 0.8631101269182664,
            "drift": 0.9792340755917965
         },
         "eval_metrics_client": {
            "loss": 0.49453130364418024,
            "accuracy": 0.7750000158945718,
            "f1": 0.6952741302013447
         },
         "eval_metrics_server": {
            "accuracy": 0.7599999904632568,
            "loss": 0.4923902750015259,
            "f1_score": 0.6444971115390312
         },
         "drift_metrics": {
            "drift_median": 0.9671324224943458,
            "drift_mean": 0.9647716972877375,
            "drift_max": 1.0619919082084786,
            "drift_min": 0.8651907611603881,
            "drift_per_client": [
               0.8651907611603881,
               0.9671324224943458,
               1.0619919082084786
            ]
         }
      },
      {
         "round": 3,
         "train_metrics": {
            "train_loss": 0.3789982143699014,
            "train_acc": 0.9194915150686847,
            "train_f1": 0.8658633384013985,
            "drift": 0.688707101046373
         },
         "eval_metrics_client": {
            "loss": 0.4448087612787882,
            "accuracy": 0.8299999833106995,
            "f1": 0.7349700900981795
         },
         "eval_metrics_server": {
            "accuracy": 0.8100000023841858,
            "loss": 0.45237550139427185,
            "f1_score": 0.6849610346542863
         },
         "drift_metrics": {
            "drift_median": 0.7091368651507178,
            "drift_mean": 0.6785055672361913,
            "drift_max": 0.7107685998101959,
            "drift_min": 0.6156112367476602,
            "drift_per_client": [
               0.6156112367476602,
               0.7107685998101959,
               0.7091368651507178
            ]
         }
      },
      {
         "round": 4,
         "train_metrics": {
            "train_loss": 0.38280806752003754,
            "train_acc": 0.9188191994089923,
            "train_f1": 0.839020458968968,
            "drift": 0.6529574611867944
         },
         "eval_metrics_client": {
            "loss": 0.4144571125507355,
            "accuracy": 0.8849999904632567,
            "f1": 0.8091268031336247
         },
         "eval_metrics_server": {
            "accuracy": 0.8600000143051147,
            "loss": 0.4239237308502197,
            "f1_score": 0.7575757575757576
         },
         "drift_metrics": {
            "drift_median": 0.5929822465732733,
            "drift_mean": 0.6167834410025376,
            "drift_max": 0.7450419203051171,
            "drift_min": 0.5123261561292226,
            "drift_per_client": [
               0.5123261561292226,
               0.5929822465732733,
               0.7450419203051171
            ]
         }
      },
      {
         "round": 5,
         "train_metrics": {
            "train_loss": 0.3920939546360386,
            "train_acc": 0.914826513840949,
            "train_f1": 0.8613003507405324,
            "drift": 0.5814940028138132
         },
         "eval_metrics_client": {
            "loss": 0.41532697280248004,
            "accuracy": 0.8916666905085245,
            "f1": 0.8222422454993604
         },
         "eval_metrics_server": {
            "accuracy": 0.9049999713897705,
            "loss": 0.4103873372077942,
            "f1_score": 0.82548794489093
         },
         "drift_metrics": {
            "drift_median": 0.60508663490449,
            "drift_mean": 0.5513750227818218,
            "drift_max": 0.6180290977674131,
            "drift_min": 0.43100933567356225,
            "drift_per_client": [
               0.43100933567356225,
               0.60508663490449,
               0.6180290977674131
            ]
         }
      },
      {
         "round": 6,
         "train_metrics": {
            "train_loss": 0.3705190130918855,
            "train_acc": 0.9368132008956029,
            "train_f1": 0.8921131436874832,
            "drift": 0.50096451748338
         },
         "eval_metrics_client": {
            "loss": 0.4105585614840189,
            "accuracy": 0.8883333404858906,
            "f1": 0.8292637903621813
         },
         "eval_metrics_server": {
            "accuracy": 0.9200000166893005,
            "loss": 0.3997114300727844,
            "f1_score": 0.8511904761904762
         },
         "drift_metrics": {
            "drift_median": 0.5301316288932916,
            "drift_mean": 0.4937643470313396,
            "drift_max": 0.5385132290469419,
            "drift_min": 0.4126481831537854,
            "drift_per_client": [
               0.4126481831537854,
               0.5301316288932916,
               0.5385132290469419
            ]
         }
      },
      {
         "round": 7,
         "train_metrics": {
            "train_loss": 0.3708611123400692,
            "train_acc": 0.9519230654606452,
            "train_f1": 0.9343141619300008,
            "drift": 0.40901560444643437
         },
         "eval_metrics_client": {
            "loss": 0.3980701466401418,
            "accuracy": 0.8749999999999999,
            "f1": 0.8029366673303471
         },
         "eval_metrics_server": {
            "accuracy": 0.925000011920929,
            "loss": 0.39461585879325867,
            "f1_score": 0.8622273249138921
         },
         "drift_metrics": {
            "drift_median": 0.37702365576040414,
            "drift_mean": 0.4009239765548338,
            "drift_max": 0.4739681989229052,
            "drift_min": 0.351780074981192,
            "drift_per_client": [
               0.37702365576040414,
               0.351780074981192,
               0.4739681989229052
            ]
         }
      },
      {
         "round": 8,
         "train_metrics": {
            "train_loss": 0.3597613228624231,
            "train_acc": 0.9576271289991121,
            "train_f1": 0.9300886795187996,
            "drift": 0.3213695551756789
         },
         "eval_metrics_client": {
            "loss": 0.3835801184177398,
            "accuracy": 0.9183333317438761,
            "f1": 0.859597135492569
         },
         "eval_metrics_server": {
            "accuracy": 0.9200000166893005,