{
   "info": {
      "strategy": "FedAdagrad",
      "seed": 7,
      "sampling_seed": 7,
      "local_epochs": 2,
      "num_rounds": 10,
      "num_clients": 5,
      "eta": 0.3,
      "eta_l": 0.2,
      "iid": false,
      "alpha": 1.8,
      "training_mode": "mitigated",
      "nshots": 1000,
      "model_type": "quantum",
      "base_pauli": 0.005,
      "base_readout": 0.005,
      "noise_scale": 0.002
   },
   "rounds": [
      {
         "round": 0,
         "train_metrics": {},
         "eval_metrics_client": {},
         "eval_metrics_server": {
            "accuracy": 0.4950000047683716,
            "loss": 0.7266889214515686,
            "f1_score": 0.46807109940750496
         }
      },
      {
         "round": 1,
         "train_metrics": {
            "train_loss": 0.4743340685969606,
            "train_acc": 0.8553459110125057,
            "train_f1": 0.7786676019583101,
            "drift": 1.3793916096768675
         },
         "eval_metrics_client": {
            "loss": 0.5613440871238708,
            "accuracy": 0.7266666690508524,
            "f1": 0.687142255661742
         },
         "eval_metrics_server": {
            "accuracy": 0.7450000047683716,
            "loss": 0.5752221345901489,
            "f1_score": 0.6978583488847419
         },
         "drift_metrics": {
            "drift_median": 1.2602035814120156,
            "drift_mean": 1.3513251417824506,
            "drift_max": 1.5620700064718,
            "drift_min": 1.2317018374635356,
            "drift_per_client": [
               1.2602035814120156,
               1.2317018374635356,
               1.5620700064718
            ]
         }
      },
      {
         "round": 2,
         "train_metrics": {
            "train_loss": 0.37875332798989286,
            "train_acc": 0.909722223257025,
            "train_f1": 0.841601966116816,
            "drift": 1.0831684672982944
         },
         "eval_metrics_client": {
            "loss": 0.4813024501005808,
            "accuracy": 0.8233333230018616,
            "f1": 0.7753497468390635
         },
         "eval_metrics_server": {
            "accuracy": 0.800000011920929,
            "loss": 0.47736573219299316,
            "f1_score": 0.7492163009404389
         },
         "drift_metrics": {
            "drift_median": 1.0489958378956152,
            "drift_mean": 1.0024620697825481,
            "drift_max": 1.2592468915291433,
            "drift_min": 0.6991434799228858,
            "drift_per_client": [
               0.6991434799228858,
               1.0489958378956152,
               1.2592468915291433
            ]
         }
      },
      {
         "round": 3,
         "train_metrics": {
            "train_loss": 0.3568508391329189,
            "train_acc": 0.9148936246303803,
            "train_f1": 0.8816469756920132,
            "drift": 0.805651055284861
         },
         "eval_metrics_client": {
            "loss": 0.4379211564858754,
            "accuracy": 0.8666666746139525,
            "f1": 0.8227676655991165
         },
         "eval_metrics_server": {
            "accuracy": 0.8550000190734863,
            "loss": 0.42901691794395447,
            "f1_score": 0.810401752149325
         },
         "drift_metrics": {
            "drift_median": 0.8618383408429658,
            "drift_mean": 0.7585531651244724,
            "drift_max": 0.8694373988936884,
            "drift_min": 0.5443837556367627,
            "drift_per_client": [
               0.5443837556367627,
               0.8618383408429658,
               0.8694373988936884
            ]
         }
      },
      {
         "round": 4,
         "train_metrics": {
            "train_loss": 0.34439592229158955,
            "train_acc": 0.901886793352523,
            "train_f1": 0.8826556199636718,
            "drift": 0.6577427654171035
         },
         "eval_metrics_client": {
            "loss": 0.39547092715899146,
            "accuracy": 0.893333335717519,
            "f1": 0.85686078612997
         },
         "eval_metrics_server": {
            "accuracy": 0.8849999904632568,
            "loss": 0.3987072706222534,
            "f1_score": 0.8434895035895342
         },
         "drift_metrics": {
            "drift_median": 0.7040469767607184,
            "drift_mean": 0.6231792558738013,
            "drift_max": 0.711775287483901,
            "drift_min": 0.4537155033767844,
            "drift_per_client": [
               0.4537155033767844,
               0.7040469767607184,
               0.711775287483901
            ]
         }
      },
      {
         "round": 5,
         "train_metrics": {
            "train_loss": 0.32476148234752944,
            "train_acc": 0.9106628168213264,
            "train_f1": 0.8767407478689944,
            "drift": 0.6572258406502282
         },
         "eval_metrics_client": {
            "loss": 0.37456058462460834,
            "accuracy": 0.9016666611035664,
            "f1": 0.8715937631791624
         },
         "eval_metrics_server": {
            "accuracy": 0.8700000047683716,
            "loss": 0.3739248514175415,
            "f1_score": 0.8243005811596162
         },
         "drift_metrics": {
            "drift_median": 0.6038179493164108,
            "drift_mean": 0.6493063550767847,
            "drift_max": 0.7423934350568239,
            "drift_min": 0.6017076808571198,
            "drift_per_client": [
               0.6017076808571198,
               0.6038179493164108,
               0.7423934350568239
            ]
         }
      },
      {
         "round": 6,
         "train_metrics": {
            "train_loss": 0.3000794372593222,
            "train_acc": 0.9308175995664776,
            "train_f1": 0.8751835939490382,
            "drift": 0.5970217101755984
         },
         "eval_metrics_client": {
            "loss": 0.3447561661402384,
            "accuracy": 0.9133333166440327,
            "f1": 0.8809511010373555
         },
         "eval_metrics_server": {
            "accuracy": 0.8899999856948853,
            "loss": 0.3557271659374237,
            "f1_score": 0.84472049689441
         },
         "drift_metrics": {
            "drift_median": 0.6156188772605501,
            "drift_mean": 0.5874918385640565,
            "drift_max": 0.6365752907684786,
            "drift_min": 0.5102813476631407,
            "drift_per_client": [
               0.5102813476631407,
               0.6156188772605501,
               0.6365752907684786
            ]
         }
      },
      {
         "round": 7,
         "train_metrics": {
            "train_loss": 0.30356142123179697,
            "train_acc": 0.9444444322337706,
            "train_f1": 0.8938384211152894,
            "drift": 0.4981035529242679
         },
         "eval_metrics_client": {
            "loss": 0.3527674774328867,
            "accuracy": 0.9049999912579854,
            "f1": 0.865106826885488
         },
         "eval_metrics_server": {
            "accuracy": 0.9200000166893005,
            "loss": 0.3437913656234741,
            "f1_score": 0.8814990371796771
         },
         "drift_metrics": {
            "drift_median": 0.5330542141635829,
            "drift_mean": 0.46411534806178517,
            "drift_max": 0.5439748150570356,
            "drift_min": 0.31531701496473696,
            "drift_per_client": [
               0.31531701496473696,
               0.5330542141635829,
               0.5439748150570356
            ]
         }
      },
      {
         "round": 8,
         "train_metrics": {
            "train_loss": 0.31366342049059825,
            "train_acc": 0.9219858187732968,
            "train_f1": 0.8961623958136338,
            "drift": 0.4314849803881567
         },
         "eval_metrics_client": {
            "loss": 0.3522467414538065,
            "accuracy": 0.9033333063125609,
            "f1": 0.8643329976853678
         },
         "eval_metrics_server": {
            "accuracy": 0.925000011920929,