{
   "info": {
      "strategy": "FedAdagrad",
      "seed": 4,
      "sampling_seed": 4,
      "local_epochs": 2,
      "num_rounds": 10,
      "num_clients": 5,
      "eta": 0.3,
      "eta_l": 0.2,
      "iid": false,
      "alpha": 1.8,
      "training_mode": "mitigated",
      "nshots": 1000,
      "model_type": "quantum",
      "base_pauli": 0.005,
      "base_readout": 0.005,
      "noise_scale": 0.002
   },
   "rounds": [
      {
         "round": 0,
         "train_metrics": {},
         "eval_metrics_client": {},
         "eval_metrics_server": {
            "accuracy": 0.6700000166893005,
            "loss": 0.6031970381736755,
            "f1_score": 0.6268656716417911
         }
      },
      {
         "round": 1,
         "train_metrics": {
            "train_loss": 0.4749413619647601,
            "train_acc": 0.8647798905207676,
            "train_f1": 0.7875532031420203,
            "drift": 1.0094939218134313
         },
         "eval_metrics_client": {
            "loss": 0.502726137638092,
            "accuracy": 0.7750000158945719,
            "f1": 0.7237424680247418
         },
         "eval_metrics_server": {
            "accuracy": 0.7599999904632568,
            "loss": 0.4971088171005249,
            "f1_score": 0.6919522525991528
         },
         "drift_metrics": {
            "drift_median": 0.9726517945003883,
            "drift_mean": 0.9854297493996732,
            "drift_max": 1.1367688274931909,
            "drift_min": 0.8468686262054402,
            "drift_per_client": [
               0.8468686262054402,
               0.9726517945003883,
               1.1367688274931909
            ]
         }
      },
      {
         "round": 2,
         "train_metrics": {
            "train_loss": 0.4104288474622525,
            "train_acc": 0.893371766170095,
            "train_f1": 0.8537213158325583,
            "drift": 0.7840254132312603
         },
         "eval_metrics_client": {
            "loss": 0.4484136799971262,
            "accuracy": 0.8616666595141091,
            "f1": 0.8199603644474331
         },
         "eval_metrics_server": {
            "accuracy": 0.9049999713897705,
            "loss": 0.4392268657684326,
            "f1_score": 0.8604531600014689
         },
         "drift_metrics": {
            "drift_median": 0.7450593730143065,
            "drift_mean": 0.7655011370034265,
            "drift_max": 0.9071981561295394,
            "drift_min": 0.6442458818664336,
            "drift_per_client": [
               0.6442458818664336,
               0.7450593730143065,
               0.9071981561295394
            ]
         }
      },
      {
         "round": 3,
         "train_metrics": {
            "train_loss": 0.3823975033709888,
            "train_acc": 0.9053627733928549,
            "train_f1": 0.8677380911020363,
            "drift": 0.6664917024599729
         },
         "eval_metrics_client": {
            "loss": 0.42104271054267883,
            "accuracy": 0.8883333206176757,
            "f1": 0.8473275173272231
         },
         "eval_metrics_server": {
            "accuracy": 0.925000011920929,
            "loss": 0.4024607539176941,
            "f1_score": 0.8859792482231765
         },
         "drift_metrics": {
            "drift_median": 0.6874081523563059,
            "drift_mean": 0.6008852265253832,
            "drift_max": 0.7743182815023929,
            "drift_min": 0.340929245717451,
            "drift_per_client": [
               0.340929245717451,
               0.6874081523563059,
               0.7743182815023929
            ]
         }
      },
      {
         "round": 4,
         "train_metrics": {
            "train_loss": 0.35308301170605805,
            "train_acc": 0.9078014271056398,
            "train_f1": 0.8707668302123388,
            "drift": 0.5872008550235635
         },
         "eval_metrics_client": {
            "loss": 0.3881324728329976,
            "accuracy": 0.9033333261807759,
            "f1": 0.8640949803142837
         },
         "eval_metrics_server": {
            "accuracy": 0.9300000071525574,
            "loss": 0.3757411241531372,
            "f1_score": 0.8980186480186481
         },
         "drift_metrics": {
            "drift_median": 0.6362304856470516,
            "drift_mean": 0.5393069594715065,
            "drift_max": 0.6570789702008414,
            "drift_min": 0.32461142256662656,
            "drift_per_client": [
               0.32461142256662656,
               0.6362304856470516,
               0.6570789702008414
            ]
         }
      },
      {
         "round": 5,
         "train_metrics": {
            "train_loss": 0.30905291548034075,
            "train_acc": 0.9279660989167327,
            "train_f1": 0.8796593400254629,
            "drift": 0.4444739950117089
         },
         "eval_metrics_client": {
            "loss": 0.34534692764282227,
            "accuracy": 0.9150000015894572,
            "f1": 0.8764778714765048
         },
         "eval_metrics_server": {
            "accuracy": 0.9300000071525574,
            "loss": 0.3553759753704071,
            "f1_score": 0.8926215677251113
         },
         "drift_metrics": {
            "drift_median": 0.3984936139745102,
            "drift_mean": 0.4172601872710287,
            "drift_max": 0.56588690696669,
            "drift_min": 0.287400040871886,
            "drift_per_client": [
               0.287400040871886,
               0.3984936139745102,
               0.56588690696669
            ]
         }
      },
      {
         "round": 6,
         "train_metrics": {
            "train_loss": 0.29731585889375584,
            "train_acc": 0.949685516409904,
            "train_f1": 0.9019880211224165,
            "drift": 0.43594539069885585
         },
         "eval_metrics_client": {
            "loss": 0.327835867802302,
            "accuracy": 0.9383333325386047,
            "f1": 0.9119050624449025
         },
         "eval_metrics_server": {
            "accuracy": 0.9399999976158142,
            "loss": 0.3386743664741516,
            "f1_score": 0.907961343764381
         },
         "drift_metrics": {
            "drift_median": 0.47440796914809436,
            "drift_mean": 0.42493157843321727,
            "drift_max": 0.47611030263168186,
            "drift_min": 0.32427646351987566,
            "drift_per_client": [
               0.32427646351987566,
               0.47440796914809436,
               0.47611030263168186
            ]
         }
      },
      {
         "round": 7,
         "train_metrics": {
            "train_loss": 0.31632973949607446,
            "train_acc": 0.9193083693726949,
            "train_f1": 0.8826548094323337,
            "drift": 0.40364626289469785
         },
         "eval_metrics_client": {
            "loss": 0.3223080436388651,
            "accuracy": 0.9233333468437195,
            "f1": 0.8969493628548785
         },
         "eval_metrics_server": {
            "accuracy": 0.9399999976158142,
            "loss": 0.33008304238319397,
            "f1_score": 0.9111242778847578
         },
         "drift_metrics": {
            "drift_median": 0.3834866943246961,
            "drift_mean": 0.388217035369425,
            "drift_max": 0.5099544198388938,
            "drift_min": 0.27120999194468504,
            "drift_per_client": [
               0.27120999194468504,
               0.3834866943246961,
               0.5099544198388938
            ]
         }
      },
      {
         "round": 8,
         "train_metrics": {
            "train_loss": 0.31383606627169924,
            "train_acc": 0.9274447898759453,
            "train_f1": 0.894490141911273,
            "drift": 0.3456610687866445
         },
         "eval_metrics_client": {
            "loss": 0.33425993720690406,
            "accuracy": 0.9266666769981384,
            "f1": 0.8948646168875101
         },
         "eval_metrics_server": {
            "accuracy": 0.9399999976158142,