{
   "info": {
      "strategy": "FedAdagrad",
      "seed": 6,
      "sampling_seed": 6,
      "local_epochs": 2,
      "num_rounds": 10,
      "num_clients": 5,
      "eta": 0.3,
      "eta_l": 0.2,
      "iid": false,
      "alpha": 1.8,
      "training_mode": "mitigated",
      "nshots": 1000,
      "model_type": "quantum",
      "base_pauli": 0.005,
      "base_readout": 0.005,
      "noise_scale": 0.002
   },
   "rounds": [
      {
         "round": 0,
         "train_metrics": {},
         "eval_metrics_client": {},
         "eval_metrics_server": {
            "accuracy": 0.6349999904632568,
            "loss": 0.6415873169898987,
            "f1_score": 0.6027318984517428
         }
      },
      {
         "round": 1,
         "train_metrics": {
            "train_loss": 0.48443379016040855,
            "train_acc": 0.8368794349491173,
            "train_f1": 0.7931231892561095,
            "drift": 0.9152052243818463
         },
         "eval_metrics_client": {
            "loss": 0.49193774660428363,
            "accuracy": 0.8166666626930237,
            "f1": 0.7665972952566377
         },
         "eval_metrics_server": {
            "accuracy": 0.8299999833106995,
            "loss": 0.4951241612434387,
            "f1_score": 0.7762863534675615
         },
         "drift_metrics": {
            "drift_median": 0.8911847376232073,
            "drift_mean": 0.8628705360157566,
            "drift_max": 1.039549676064271,
            "drift_min": 0.6578771943597912,
            "drift_per_client": [
               0.6578771943597912,
               0.8911847376232073,
               1.039549676064271
            ]
         }
      },
      {
         "round": 2,
         "train_metrics": {
            "train_loss": 0.43010746856855475,
            "train_acc": 0.8580441666702368,
            "train_f1": 0.8085236543065422,
            "drift": 0.6460741726872832
         },
         "eval_metrics_client": {
            "loss": 0.459172377983729,
            "accuracy": 0.8316666682561238,
            "f1": 0.7887124148798217
         },
         "eval_metrics_server": {
            "accuracy": 0.8650000095367432,
            "loss": 0.4481162130832672,
            "f1_score": 0.8211861319911256
         },
         "drift_metrics": {
            "drift_median": 0.6680805044763226,
            "drift_mean": 0.589072021701619,
            "drift_max": 0.7362066213550097,
            "drift_min": 0.3629289392735248,
            "drift_per_client": [
               0.3629289392735248,
               0.6680805044763226,
               0.7362066213550097
            ]
         }
      },
      {
         "round": 3,
         "train_metrics": {
            "train_loss": 0.3747450534133052,
            "train_acc": 0.8819188372235457,
            "train_f1": 0.8199471143548298,
            "drift": 0.5902733711836269
         },
         "eval_metrics_client": {
            "loss": 0.39877422650655103,
            "accuracy": 0.8600000143051146,
            "f1": 0.8186466027537274
         },
         "eval_metrics_server": {
            "accuracy": 0.8700000047683716,
            "loss": 0.41437697410583496,
            "f1_score": 0.8266666666666667
         },
         "drift_metrics": {
            "drift_median": 0.5542784900078652,
            "drift_mean": 0.5327231356776663,
            "drift_max": 0.7150335404607073,
            "drift_min": 0.32885737656442615,
            "drift_per_client": [
               0.32885737656442615,
               0.5542784900078652,
               0.7150335404607073
            ]
         }
      },
      {
         "round": 4,
         "train_metrics": {
            "train_loss": 0.3443187089501332,
            "train_acc": 0.908805047566036,
            "train_f1": 0.8395008488729059,
            "drift": 0.565245762106678
         },
         "eval_metrics_client": {
            "loss": 0.3631243407726288,
            "accuracy": 0.8766666650772094,
            "f1": 0.8403310669481929
         },
         "eval_metrics_server": {
            "accuracy": 0.8650000095367432,
            "loss": 0.3886999785900116,
            "f1_score": 0.8211861319911256
         },
         "drift_metrics": {
            "drift_median": 0.5356198204783764,
            "drift_mean": 0.5512630113490812,
            "drift_max": 0.6418870303051922,
            "drift_min": 0.4762821832636749,
            "drift_per_client": [
               0.4762821832636749,
               0.5356198204783764,
               0.6418870303051922
            ]
         }
      },
      {
         "round": 5,
         "train_metrics": {
            "train_loss": 0.3339737390149023,
            "train_acc": 0.9038461607236128,
            "train_f1": 0.8691365953688528,
            "drift": 0.46215144087822013
         },
         "eval_metrics_client": {
            "loss": 0.3445703287919362,
            "accuracy": 0.8916666507720946,
            "f1": 0.8622986780894444
         },
         "eval_metrics_server": {
            "accuracy": 0.8650000095367432,
            "loss": 0.37504124641418457,
            "f1_score": 0.8211861319911256
         },
         "drift_metrics": {
            "drift_median": 0.48190939294505947,
            "drift_mean": 0.4565961871202795,
            "drift_max": 0.4900568756224925,
            "drift_min": 0.39782229279328646,
            "drift_per_client": [
               0.39782229279328646,
               0.4900568756224925,
               0.48190939294505947
            ]
         }
      },
      {
         "round": 6,
         "train_metrics": {
            "train_loss": 0.336369589977747,
            "train_acc": 0.9042553305625916,
            "train_f1": 0.8696277928025332,
            "drift": 0.400774653828198
         },
         "eval_metrics_client": {
            "loss": 0.3559682369232178,
            "accuracy": 0.8733333150545756,
            "f1": 0.8336568788402688
         },
         "eval_metrics_server": {
            "accuracy": 0.875,
            "loss": 0.36206111311912537,
            "f1_score": 0.832209134534716
         },
         "drift_metrics": {
            "drift_median": 0.39928607484489326,
            "drift_mean": 0.37423700811569066,
            "drift_max": 0.49295800853074756,
            "drift_min": 0.23046694097143122,
            "drift_per_client": [
               0.23046694097143122,
               0.49295800853074756,
               0.39928607484489326
            ]
         }
      },
      {
         "round": 7,
         "train_metrics": {
            "train_loss": 0.32606405163822205,
            "train_acc": 0.895899044414424,
            "train_f1": 0.8587515796081215,
            "drift": 0.4031884633734043
         },
         "eval_metrics_client": {
            "loss": 0.35201008121172583,
            "accuracy": 0.8716666698455809,
            "f1": 0.8322345983755057
         },
         "eval_metrics_server": {
            "accuracy": 0.8899999856948853,
            "loss": 0.3484937250614166,
            "f1_score": 0.8492324561403509
         },
         "drift_metrics": {
            "drift_median": 0.3573269696011432,
            "drift_mean": 0.3660452363461659,
            "drift_max": 0.5177158612273404,
            "drift_min": 0.22309287821001408,
            "drift_per_client": [
               0.22309287821001408,
               0.5177158612273404,
               0.3573269696011432
            ]
         }
      },
      {
         "round": 8,
         "train_metrics": {
            "train_loss": 0.2971975060100338,
            "train_acc": 0.9446494577115752,
            "train_f1": 0.9020939966754293,
            "drift": 0.34901230259446786
         },
         "eval_metrics_client": {
            "loss": 0.3177861968676249,
            "accuracy": 0.8916666706403096,
            "f1": 0.854274076172629
         },
         "eval_metrics_server": {
            "accuracy": 0.9100000262260437,