{
   "info": {
      "strategy": "FedAvg",
      "seed": 4,
      "init_seed": 4,
      "sampling_seed": 4,
      "data_seed": 2,
      "fraction_train": 0.75,
      "fraction_evaluate": 0.75,
      "local_epochs": 2,
      "num_rounds": 10,
      "num_clients": 5,
      "eta_l": 0.3,
      "iid": true,
      "alpha": null,
      "training_mode": "mitigated",
      "nshots": 1000,
      "model_type": "quantum",
      "base_pauli": 0.022,
      "base_readout": 0.022,
      "noise_scale": 0.002
   },
   "rounds": [
      {
         "round": 0,
         "train_metrics": {},
         "eval_metrics_client": {},
         "eval_metrics_server": {
            "accuracy": 0.6700000166893005,
            "loss": 0.6031970381736755,
            "f1_score": 0.6268656716417911
         }
      },
      {
         "round": 1,
         "train_metrics": {
            "train_loss": 0.4346193235654097,
            "train_acc": 0.8500000039736428,
            "train_f1": 0.7022671998078411,
            "drift": 1.4045769514418256
         },
         "eval_metrics_client": {
            "loss": 0.39895983537038165,
            "accuracy": 0.8699999849001566,
            "f1": 0.8293782169993983
         },
         "eval_metrics_server": {
            "accuracy": 0.8849999904632568,
            "loss": 0.41427192091941833,
            "f1_score": 0.8388848026338832
         },
         "drift_metrics": {
            "drift_median": 1.4167843966240317,
            "drift_mean": 1.4045769514418256,
            "drift_max": 1.4816411313432016,
            "drift_min": 1.315305326358244,
            "drift_per_client": [
               1.4167843966240317,
               1.315305326358244,
               1.4816411313432016
            ]
         }
      },
      {
         "round": 2,
         "train_metrics": {
            "train_loss": 0.3536550043485103,
            "train_acc": 0.8666666746139526,
            "train_f1": 0.8432129817311593,
            "drift": 0.7179664420179055
         },
         "eval_metrics_client": {
            "loss": 0.3548867503801981,
            "accuracy": 0.8900000055631001,
            "f1": 0.8574259668060804
         },
         "eval_metrics_server": {
            "accuracy": 0.925000011920929,
            "loss": 0.3575904965400696,
            "f1_score": 0.8916145814516421
         },
         "drift_metrics": {
            "drift_median": 0.7096144675435749,
            "drift_mean": 0.7179664420179055,
            "drift_max": 0.7418215942429955,
            "drift_min": 0.7024632642671459,
            "drift_per_client": [
               0.7096144675435749,
               0.7024632642671459,
               0.7418215942429955
            ]
         }
      },
      {
         "round": 3,
         "train_metrics": {
            "train_loss": 0.36497010596287555,
            "train_acc": 0.8800000150998433,
            "train_f1": 0.8524888852971022,
            "drift": 0.4492741987732351
         },
         "eval_metrics_client": {
            "loss": 0.38772840301195777,
            "accuracy": 0.8666666547457377,
            "f1": 0.8261302242230734
         },
         "eval_metrics_server": {
            "accuracy": 0.9399999976158142,
            "loss": 0.33227670192718506,
            "f1_score": 0.9111242778847578
         },
         "drift_metrics": {
            "drift_median": 0.46011717531478585,
            "drift_mean": 0.44927419877323516,
            "drift_max": 0.47581957840987854,
            "drift_min": 0.41188584259504096,
            "drift_per_client": [
               0.46011717531478585,
               0.41188584259504096,
               0.47581957840987854
            ]
         }
      },
      {
         "round": 4,
         "train_metrics": {
            "train_loss": 0.32391275675633013,
            "train_acc": 0.896666685740153,
            "train_f1": 0.8521693257786069,
            "drift": 0.3110641964164445
         },
         "eval_metrics_client": {
            "loss": 0.34044580658276874,
            "accuracy": 0.8883333404858906,
            "f1": 0.8486132142863707
         },
         "eval_metrics_server": {
            "accuracy": 0.9449999928474426,
            "loss": 0.32090771198272705,
            "f1_score": 0.9178338001867414
         },
         "drift_metrics": {
            "drift_median": 0.30756963120286823,
            "drift_mean": 0.3110641964164445,
            "drift_max": 0.36368780762241837,
            "drift_min": 0.2619351504240469,
            "drift_per_client": [
               0.2619351504240469,
               0.30756963120286823,
               0.36368780762241837
            ]
         }
      },
      {
         "round": 5,
         "train_metrics": {
            "train_loss": 0.3047716802893541,
            "train_acc": 0.8833333452542622,
            "train_f1": 0.8317792923989706,
            "drift": 0.22515670219356282
         },
         "eval_metrics_client": {
            "loss": 0.30866916477680206,
            "accuracy": 0.9133333365122477,
            "f1": 0.876312504217063
         },
         "eval_metrics_server": {
            "accuracy": 0.949999988079071,
            "loss": 0.3138331174850464,
            "f1_score": 0.9246534056660639
         },
         "drift_metrics": {
            "drift_median": 0.22385953787586518,
            "drift_mean": 0.22515670219356285,
            "drift_max": 0.26997694976592995,
            "drift_min": 0.18163361893889335,
            "drift_per_client": [
               0.26997694976592995,
               0.18163361893889335,
               0.22385953787586518
            ]
         }
      },
      {
         "round": 6,
         "train_metrics": {
            "train_loss": 0.30485326242752564,
            "train_acc": 0.846666673819224,
            "train_f1": 0.8042972164809301,
            "drift": 0.2293271949170585
         },
         "eval_metrics_client": {
            "loss": 0.31187355518341064,
            "accuracy": 0.9449999928474426,
            "f1": 0.9218659898559172
         },
         "eval_metrics_server": {
            "accuracy": 0.9399999976158142,
            "loss": 0.31135454773902893,
            "f1_score": 0.907961343764381
         },
         "drift_metrics": {
            "drift_median": 0.22126991656263506,
            "drift_mean": 0.22932719491705852,
            "drift_max": 0.30424163394208115,
            "drift_min": 0.1624700342464593,
            "drift_per_client": [
               0.30424163394208115,
               0.1624700342464593,
               0.22126991656263506
            ]
         }
      },
      {
         "round": 7,
         "train_metrics": {
            "train_loss": 0.3190768397389314,
            "train_acc": 0.850000003973643,
            "train_f1": 0.7236554708175773,
            "drift": 0.21918826891930915
         },
         "eval_metrics_client": {
            "loss": 0.3379938701788584,
            "accuracy": 0.921666661898295,
            "f1": 0.8955154822463627
         },
         "eval_metrics_server": {
            "accuracy": 0.949999988079071,
            "loss": 0.31152307987213135,
            "f1_score": 0.9246534056660639
         },
         "drift_metrics": {
            "drift_median": 0.22126813916918883,
            "drift_mean": 0.2191882689193092,
            "drift_max": 0.2747608306047438,
            "drift_min": 0.16153583698399493,
            "drift_per_client": [
               0.22126813916918883,
               0.2747608306047438,
               0.16153583698399493
            ]
         }
      },
      {
         "round": 8,
         "train_metrics": {
            "train_loss": 0.34499207062598986,
            "train_acc": 0.8600000143051147,
            "train_f1": 0.7317039960340375,
            "drift": 0.21876019622581808
         },
         "eval_metrics_client": {
            "loss": 0.3795867363611857,
            "accuracy": 0.8549999992052714,