{
   "info": {
      "strategy": "FedAvg",
      "seed": 3,
      "init_seed": 3,
      "sampling_seed": 3,
      "data_seed": 2,
      "fraction_train": 0.75,
      "fraction_evaluate": 0.75,
      "local_epochs": 2,
      "num_rounds": 10,
      "num_clients": 5,
      "eta_l": 0.3,
      "iid": true,
      "alpha": null,
      "training_mode": "noisy",
      "nshots": 1000,
      "model_type": "quantum",
      "base_pauli": 0.01,
      "base_readout": 0.01,
      "noise_scale": 0.002
   },
   "rounds": [
      {
         "round": 0,
         "train_metrics": {},
         "eval_metrics_client": {},
         "eval_metrics_server": {
            "accuracy": 0.47999998927116394,
            "loss": 0.7357013821601868,
            "f1_score": 0.4164515767029514
         }
      },
      {
         "round": 1,
         "train_metrics": {
            "train_loss": 0.5930196192020025,
            "train_acc": 0.8433333237965901,
            "train_f1": 0.7809293106904349,
            "drift": 1.0146138319170814
         },
         "eval_metrics_client": {
            "loss": 0.57419220606486,
            "accuracy": 0.8199999928474426,
            "f1": 0.753074520969127
         },
         "eval_metrics_server": {
            "accuracy": 0.8100000023841858,
            "loss": 0.501559853553772,
            "f1_score": 0.735780837157558
         },
         "drift_metrics": {
            "drift_median": 1.0412371732710897,
            "drift_mean": 1.0146138319170814,
            "drift_max": 1.0569859377708046,
            "drift_min": 0.9456183847093501,
            "drift_per_client": [
               1.0569859377708046,
               1.0412371732710897,
               0.9456183847093501
            ]
         }
      },
      {
         "round": 2,
         "train_metrics": {
            "train_loss": 0.5169279514214931,
            "train_acc": 0.9266666571299235,
            "train_f1": 0.8841944382857102,
            "drift": 0.6652579523728954
         },
         "eval_metrics_client": {
            "loss": 0.5301673213640848,
            "accuracy": 0.8816666603088378,
            "f1": 0.825595278542715
         },
         "eval_metrics_server": {
            "accuracy": 0.9150000214576721,
            "loss": 0.40032055974006653,
            "f1_score": 0.8575677600435675
         },
         "drift_metrics": {
            "drift_median": 0.6641258256912341,
            "drift_mean": 0.6652579523728955,
            "drift_max": 0.6710261409909286,
            "drift_min": 0.6606218904365236,
            "drift_per_client": [
               0.6641258256912341,
               0.6710261409909286,
               0.6606218904365236
            ]
         }
      },
      {
         "round": 3,
         "train_metrics": {
            "train_loss": 0.508017816604712,
            "train_acc": 0.946666657924652,
            "train_f1": 0.8938129341526114,
            "drift": 0.3469318297744298
         },
         "eval_metrics_client": {
            "loss": 0.5188319285710652,
            "accuracy": 0.9300000071525574,
            "f1": 0.8775854182801758
         },
         "eval_metrics_server": {
            "accuracy": 0.9399999976158142,
            "loss": 0.37736502289772034,
            "f1_score": 0.8883928571428572
         },
         "drift_metrics": {
            "drift_median": 0.33396467860109985,
            "drift_mean": 0.3469318297744299,
            "drift_max": 0.4046756619761736,
            "drift_min": 0.30215514874601607,
            "drift_per_client": [
               0.30215514874601607,
               0.33396467860109985,
               0.4046756619761736
            ]
         }
      },
      {
         "round": 4,
         "train_metrics": {
            "train_loss": 0.5210272952532157,
            "train_acc": 0.9199999968210855,
            "train_f1": 0.8571310507307826,
            "drift": 0.21775749169639008
         },
         "eval_metrics_client": {
            "loss": 0.5207249522209167,
            "accuracy": 0.9300000071525574,
            "f1": 0.8780319514289696
         },
         "eval_metrics_server": {
            "accuracy": 0.9350000023841858,
            "loss": 0.37244147062301636,
            "f1_score": 0.8805970149253732
         },
         "drift_metrics": {
            "drift_median": 0.2304087241519214,
            "drift_mean": 0.2177574916963901,
            "drift_max": 0.24807185966260709,
            "drift_min": 0.17479189127464173,
            "drift_per_client": [
               0.24807185966260709,
               0.2304087241519214,
               0.17479189127464173
            ]
         }
      },
      {
         "round": 5,
         "train_metrics": {
            "train_loss": 0.5165634369238828,
            "train_acc": 0.9000000158945719,
            "train_f1": 0.8303291094682836,
            "drift": 0.19035649469570715
         },
         "eval_metrics_client": {
            "loss": 0.5135735472043355,
            "accuracy": 0.925000011920929,
            "f1": 0.8648706571983221
         },
         "eval_metrics_server": {
            "accuracy": 0.9399999976158142,
            "loss": 0.3710981607437134,
            "f1_score": 0.8883928571428572
         },
         "drift_metrics": {
            "drift_median": 0.1835124872178741,
            "drift_mean": 0.19035649469570717,
            "drift_max": 0.22546076912874988,
            "drift_min": 0.16209622774049748,
            "drift_per_client": [
               0.16209622774049748,
               0.22546076912874988,
               0.1835124872178741
            ]
         }
      },
      {
         "round": 6,
         "train_metrics": {
            "train_loss": 0.4991941260985838,
            "train_acc": 0.9166666666666666,
            "train_f1": 0.8708191495915281,
            "drift": 0.17615627570219328
         },
         "eval_metrics_client": {
            "loss": 0.5084799925486246,
            "accuracy": 0.9199999968210856,
            "f1": 0.8636414369513579
         },
         "eval_metrics_server": {
            "accuracy": 0.9350000023841858,
            "loss": 0.3703635334968567,
            "f1_score": 0.8805970149253732
         },
         "drift_metrics": {
            "drift_median": 0.15405829073240615,
            "drift_mean": 0.1761562757021933,
            "drift_max": 0.2258712855520043,
            "drift_min": 0.14853925082216943,
            "drift_per_client": [
               0.15405829073240615,
               0.2258712855520043,
               0.14853925082216943
            ]
         }
      },
      {
         "round": 7,
         "train_metrics": {
            "train_loss": 0.4936476403321975,
            "train_acc": 0.9533333381017048,
            "train_f1": 0.9193792851081853,
            "drift": 0.13140161700940095
         },
         "eval_metrics_client": {
            "loss": 0.5148758292198181,
            "accuracy": 0.9200000166893005,
            "f1": 0.8682264309833521
         },
         "eval_metrics_server": {
            "accuracy": 0.9300000071525574,
            "loss": 0.37059685587882996,
            "f1_score": 0.8663867150219507
         },
         "drift_metrics": {
            "drift_median": 0.11486893813791221,
            "drift_mean": 0.13140161700940095,
            "drift_max": 0.17351463858992963,
            "drift_min": 0.105821274300361,
            "drift_per_client": [
               0.17351463858992963,
               0.105821274300361,
               0.11486893813791221
            ]
         }
      },
      {
         "round": 8,
         "train_metrics": {
            "train_loss": 0.5015811988940606,
            "train_acc": 0.9399999976158142,
            "train_f1": 0.8798613241486664,
            "drift": 0.12495138600797265
         },
         "eval_metrics_client": {
            "loss": 0.5151506463686625,
            "accuracy": 0.9233333468437195,
            "f1": 0.8620521337479848
         },