{
   "info": {
      "strategy": "FedAvg",
      "seed": 2,
      "init_seed": 2,
      "sampling_seed": 2,
      "data_seed": 2,
      "fraction_train": 0.75,
      "fraction_evaluate": 0.75,
      "local_epochs": 2,
      "num_rounds": 10,
      "num_clients": 5,
      "eta_l": 0.3,
      "iid": true,
      "alpha": null,
      "training_mode": "noisy",
      "nshots": 1000,
      "model_type": "quantum",
      "base_pauli": 0.01,
      "base_readout": 0.01,
      "noise_scale": 0.002
   },
   "rounds": [
      {
         "round": 0,
         "train_metrics": {},
         "eval_metrics_client": {},
         "eval_metrics_server": {
            "accuracy": 0.6800000071525574,
            "loss": 0.6009007096290588,
            "f1_score": 0.6259934548854604
         }
      },
      {
         "round": 1,
         "train_metrics": {
            "train_loss": 0.6195069421560335,
            "train_acc": 0.7000000079472859,
            "train_f1": 0.6333787378563498,
            "drift": 0.5336441885877057
         },
         "eval_metrics_client": {
            "loss": 0.5941883524258931,
            "accuracy": 0.7133333484331766,
            "f1": 0.6599050602012572
         },
         "eval_metrics_server": {
            "accuracy": 0.7350000143051147,
            "loss": 0.5483408570289612,
            "f1_score": 0.6731522308901976
         },
         "drift_metrics": {
            "drift_median": 0.5553872280990839,
            "drift_mean": 0.5336441885877058,
            "drift_max": 0.5672046426073956,
            "drift_min": 0.47834069505663784,
            "drift_per_client": [
               0.5553872280990839,
               0.5672046426073956,
               0.47834069505663784
            ]
         }
      },
      {
         "round": 2,
         "train_metrics": {
            "train_loss": 0.5951432654490838,
            "train_acc": 0.7933333317438761,
            "train_f1": 0.7270155564430861,
            "drift": 0.4803458340187788
         },
         "eval_metrics_client": {
            "loss": 0.5667127966880798,
            "accuracy": 0.8066666722297668,
            "f1": 0.7523597132059366
         },
         "eval_metrics_server": {
            "accuracy": 0.800000011920929,
            "loss": 0.5063216090202332,
            "f1_score": 0.7432935438326274
         },
         "drift_metrics": {
            "drift_median": 0.5005319138889447,
            "drift_mean": 0.4803458340187789,
            "drift_max": 0.5172333847705077,
            "drift_min": 0.423272203396884,
            "drift_per_client": [
               0.5005319138889447,
               0.5172333847705077,
               0.423272203396884
            ]
         }
      },
      {
         "round": 3,
         "train_metrics": {
            "train_loss": 0.5660301920695182,
            "train_acc": 0.8633333245913187,
            "train_f1": 0.822114225823925,
            "drift": 0.46042133952277653
         },
         "eval_metrics_client": {
            "loss": 0.5520450075467427,
            "accuracy": 0.8766666452089945,
            "f1": 0.83724086408084
         },
         "eval_metrics_server": {
            "accuracy": 0.8600000143051147,
            "loss": 0.46472057700157166,
            "f1_score": 0.8081140350877194
         },
         "drift_metrics": {
            "drift_median": 0.4825260845166042,
            "drift_mean": 0.46042133952277653,
            "drift_max": 0.49259681806954536,
            "drift_min": 0.4061411159821801,
            "drift_per_client": [
               0.49259681806954536,
               0.4061411159821801,
               0.4825260845166042
            ]
         }
      },
      {
         "round": 4,
         "train_metrics": {
            "train_loss": 0.53649986630831,
            "train_acc": 0.8833333253860473,
            "train_f1": 0.8549956234071923,
            "drift": 0.5259902824622689
         },
         "eval_metrics_client": {
            "loss": 0.5334433714548746,
            "accuracy": 0.8916666706403096,
            "f1": 0.8586263155776094
         },
         "eval_metrics_server": {
            "accuracy": 0.8849999904632568,
            "loss": 0.4108338952064514,
            "f1_score": 0.8364095451474092
         },
         "drift_metrics": {
            "drift_median": 0.556370371200936,
            "drift_mean": 0.5259902824622689,
            "drift_max": 0.556532243979173,
            "drift_min": 0.46506823220669746,
            "drift_per_client": [
               0.556532243979173,
               0.556370371200936,
               0.46506823220669746
            ]
         }
      },
      {
         "round": 5,
         "train_metrics": {
            "train_loss": 0.5101906496744889,
            "train_acc": 0.8799999952316283,
            "train_f1": 0.8472017937090573,
            "drift": 0.4453813543976178
         },
         "eval_metrics_client": {
            "loss": 0.5040018657843272,
            "accuracy": 0.8899999856948851,
            "f1": 0.8508875641175923
         },
         "eval_metrics_server": {
            "accuracy": 0.9100000262260437,
            "loss": 0.3695219159126282,
            "f1_score": 0.8709677419354839
         },
         "drift_metrics": {
            "drift_median": 0.4494944825083519,
            "drift_mean": 0.4453813543976178,
            "drift_max": 0.4575439997212805,
            "drift_min": 0.429105580963221,
            "drift_per_client": [
               0.4575439997212805,
               0.429105580963221,
               0.4494944825083519
            ]
         }
      },
      {
         "round": 6,
         "train_metrics": {
            "train_loss": 0.48435768102988214,
            "train_acc": 0.8999999960263569,
            "train_f1": 0.857384631223638,
            "drift": 0.3845051252292443
         },
         "eval_metrics_client": {
            "loss": 0.4802208046118418,
            "accuracy": 0.9133333365122477,
            "f1": 0.8767195768197089
         },
         "eval_metrics_server": {
            "accuracy": 0.9399999976158142,
            "loss": 0.34109705686569214,
            "f1_score": 0.9111242778847578
         },
         "drift_metrics": {
            "drift_median": 0.3445749709414716,
            "drift_mean": 0.38450512522924435,
            "drift_max": 0.47908154499758016,
            "drift_min": 0.3298588597486811,
            "drift_per_client": [
               0.3298588597486811,
               0.47908154499758016,
               0.3445749709414716
            ]
         }
      },
      {
         "round": 7,
         "train_metrics": {
            "train_loss": 0.4784613794241196,
            "train_acc": 0.9200000166893005,
            "train_f1": 0.8761651225101517,
            "drift": 0.2799834538428763
         },
         "eval_metrics_client": {
            "loss": 0.4781766633192698,
            "accuracy": 0.9333333373069763,
            "f1": 0.902805672926491
         },
         "eval_metrics_server": {
            "accuracy": 0.9399999976158142,
            "loss": 0.325771689414978,
            "f1_score": 0.9095840867992766
         },
         "drift_metrics": {
            "drift_median": 0.2546308668973835,
            "drift_mean": 0.2799834538428763,
            "drift_max": 0.3680910974524832,
            "drift_min": 0.2172283971787623,
            "drift_per_client": [
               0.3680910974524832,
               0.2546308668973835,
               0.2172283971787623
            ]
         }
      },
      {
         "round": 8,
         "train_metrics": {
            "train_loss": 0.47213091223667825,
            "train_acc": 0.9266666769981384,
            "train_f1": 0.895734003787173,
            "drift": 0.21790384260908482
         },
         "eval_metrics_client": {
            "loss": 0.473723441362381,
            "accuracy": 0.9350000023841858,
            "f1": 0.9097617600014214
         },