{
    "0": {
        "loss_median": 0.6009007096290588,
        "loss_mad": 0.0,
        "accuracy_median": 0.6800000071525574,
        "accuracy_mad": 0.0,
        "f1_median": 0.6259934548854604,
        "f1_mad": 0.0
    },
    "1": {
        "loss_median": 0.521861732006073,
        "loss_mad": 0.007113158702850342,
        "accuracy_median": 0.7850000262260437,
        "accuracy_mad": 0.009999990463256836,
        "f1_median": 0.7319118426384863,
        "f1_mad": 0.009568027470911789
    },
    "2": {
        "loss_median": 0.46418502926826477,
        "loss_mad": 0.009200751781463623,
        "accuracy_median": 0.8349999785423279,
        "accuracy_mad": 0.004999995231628418,
        "f1_median": 0.7842502696871629,
        "f1_mad": 0.00514424058113383
    },
    "3": {
        "loss_median": 0.3846563398838043,
        "loss_mad": 0.010815411806106567,
        "accuracy_median": 0.8999999761581421,
        "accuracy_mad": 0.01500004529953003,
        "f1_median": 0.8566308243727598,
        "f1_mad": 0.018511476681186023
    },
    "4": {
        "loss_median": 0.3337733745574951,
        "loss_mad": 0.005243450403213501,
        "accuracy_median": 0.925000011920929,
        "accuracy_mad": 0.004999995231628418,
        "f1_median": 0.8916145814516421,
        "f1_mad": 0.005635333228465544
    },
    "5": {
        "loss_median": 0.3156852722167969,
        "loss_mad": 0.002425968647003174,
        "accuracy_median": 0.925000011920929,
        "accuracy_mad": 0.004999995231628418,
        "f1_median": 0.8879551820728291,
        "f1_mad": 0.006559585859660322
    },
    "6": {
        "loss_median": 0.31159576773643494,
        "loss_mad": 0.0018960535526275635,
        "accuracy_median": 0.9300000071525574,
        "accuracy_mad": 0.019999980926513672,
        "f1_median": 0.8963116575322174,
        "f1_mad": 0.025343915596733546
    },
    "7": {
        "loss_median": 0.31001144647598267,
        "loss_mad": 0.001060187816619873,
        "accuracy_median": 0.9399999976158142,
        "accuracy_mad": 0.004999995231628418,
        "f1_median": 0.9111242778847578,
        "f1_mad": 0.006709522301983628
    },
    "8": {
        "loss_median": 0.3094140887260437,
        "loss_mad": 0.0018902420997619629,
        "accuracy_median": 0.9399999976158142,
        "accuracy_mad": 0.004999995231628418,
        "f1_median": 0.907961343764381,
        "f1_mad": 0.009872456422360454
    },
    "9": {
        "loss_median": 0.30879533290863037,
        "loss_mad": 0.0002631843090057373,
        "accuracy_median": 0.9300000071525574,
        "accuracy_mad": 0.009999990463256836,
        "f1_median": 0.8945147679324894,
        "f1_mad": 0.015069318866787196
    },
    "10": {
        "loss_median": 0.30846747756004333,
        "loss_mad": 0.002034217119216919,
        "accuracy_median": 0.9300000071525574,
        "accuracy_mad": 0.009999990463256836,
        "f1_median": 0.8945147679324894,
        "f1_mad": 0.01301573075281226
    }
}