{
   "info": {
      "strategy": "FedAvg",
      "seed": 5,
      "init_seed": 5,
      "sampling_seed": 5,
      "data_seed": 2,
      "fraction_train": 0.75,
      "fraction_evaluate": 0.75,
      "local_epochs": 2,
      "num_rounds": 10,
      "num_clients": 5,
      "eta_l": 0.3,
      "iid": false,
      "alpha": 1.8,
      "training_mode": "mitigated",
      "nshots": 1000,
      "model_type": "quantum",
      "base_pauli": 0.003,
      "base_readout": 0.003,
      "noise_scale": 0.002
   },
   "rounds": [
      {
         "round": 0,
         "train_metrics": {},
         "eval_metrics_client": {},
         "eval_metrics_server": {
            "accuracy": 0.6399999856948853,
            "loss": 0.630768895149231,
            "f1_score": 0.6017258546299369
         }
      },
      {
         "round": 1,
         "train_metrics": {
            "train_loss": 0.41784443153948836,
            "train_acc": 0.9236110966238711,
            "train_f1": 0.7899608290923723,
            "drift": 1.3270746138949094
         },
         "eval_metrics_client": {
            "loss": 0.4148514072100321,
            "accuracy": 0.8916666706403096,
            "f1": 0.7809024540680145
         },
         "eval_metrics_server": {
            "accuracy": 0.8999999761581421,
            "loss": 0.42205870151519775,
            "f1_score": 0.792358803986711
         },
         "drift_metrics": {
            "drift_median": 1.3197956567709694,
            "drift_mean": 1.2125469717543167,
            "drift_max": 1.5533185905434392,
            "drift_min": 0.7645266679485415,
            "drift_per_client": [
               0.7645266679485415,
               1.3197956567709694,
               1.5533185905434392
            ]
         }
      },
      {
         "round": 2,
         "train_metrics": {
            "train_loss": 0.39376119438892204,
            "train_acc": 0.8865248239632194,
            "train_f1": 0.7602921137954949,
            "drift": 0.6057354437287101
         },
         "eval_metrics_client": {
            "loss": 0.38272421558698017,
            "accuracy": 0.8700000047683715,
            "f1": 0.7276319058934159
         },
         "eval_metrics_server": {
            "accuracy": 0.8700000047683716,
            "loss": 0.3797788619995117,
            "f1_score": 0.7028571428571428
         },
         "drift_metrics": {
            "drift_median": 0.5628304414446407,
            "drift_mean": 0.5480209145411209,
            "drift_max": 0.7530136706784197,
            "drift_min": 0.32821863150030234,
            "drift_per_client": [
               0.32821863150030234,
               0.5628304414446407,
               0.7530136706784197
            ]
         }
      },
      {
         "round": 3,
         "train_metrics": {
            "train_loss": 0.361018611283521,
            "train_acc": 0.9294871884660844,
            "train_f1": 0.8635087668162431,
            "drift": 0.4368128485269419
         },
         "eval_metrics_client": {
            "loss": 0.3689194321632385,
            "accuracy": 0.9200000166893005,
            "f1": 0.8693042150451814
         },
         "eval_metrics_server": {
            "accuracy": 0.9300000071525574,
            "loss": 0.36992552876472473,
            "f1_score": 0.8697916666666667
         },
         "drift_metrics": {
            "drift_median": 0.330280860406194,
            "drift_mean": 0.41566901422800573,
            "drift_max": 0.5930923827210163,
            "drift_min": 0.32363379955680677,
            "drift_per_client": [
               0.330280860406194,
               0.32363379955680677,
               0.5930923827210163
            ]
         }
      },
      {
         "round": 4,
         "train_metrics": {
            "train_loss": 0.346489736691344,
            "train_acc": 0.9423631151402718,
            "train_f1": 0.9020473472786448,
            "drift": 0.4890457030893889
         },
         "eval_metrics_client": {
            "loss": 0.354251891374588,
            "accuracy": 0.9350000023841858,
            "f1": 0.9064737706297368
         },
         "eval_metrics_server": {
            "accuracy": 0.9399999976158142,
            "loss": 0.3548538088798523,
            "f1_score": 0.9044433827042523
         },
         "drift_metrics": {
            "drift_median": 0.45000316590008077,
            "drift_mean": 0.4735686693453654,
            "drift_max": 0.6169586017003856,
            "drift_min": 0.35374424043562985,
            "drift_per_client": [
               0.35374424043562985,
               0.6169586017003856,
               0.45000316590008077
            ]
         }
      },
      {
         "round": 5,
         "train_metrics": {
            "train_loss": 0.32040786905670515,
            "train_acc": 0.9630996312162533,
            "train_f1": 0.9373503738168487,
            "drift": 0.3740483869231568
         },
         "eval_metrics_client": {
            "loss": 0.3475476801395416,
            "accuracy": 0.9399999976158142,
            "f1": 0.9121944081552835
         },
         "eval_metrics_server": {
            "accuracy": 0.949999988079071,
            "loss": 0.3417153060436249,
            "f1_score": 0.9203694855868769
         },
         "drift_metrics": {
            "drift_median": 0.3661216203809877,
            "drift_mean": 0.34191802941309063,
            "drift_max": 0.43924997034224933,
            "drift_min": 0.2203824975160348,
            "drift_per_client": [
               0.2203824975160348,
               0.3661216203809877,
               0.43924997034224933
            ]
         }
      },
      {
         "round": 6,
         "train_metrics": {
            "train_loss": 0.3076042035879337,
            "train_acc": 0.975694457689921,
            "train_f1": 0.9476450391031117,
            "drift": 0.3066420683642492
         },
         "eval_metrics_client": {
            "loss": 0.3278791904449463,
            "accuracy": 0.949999988079071,
            "f1": 0.9234812149543618
         },
         "eval_metrics_server": {
            "accuracy": 0.9549999833106995,
            "loss": 0.33289146423339844,
            "f1_score": 0.9276265530135499
         },
         "drift_metrics": {
            "drift_median": 0.29393515663206315,
            "drift_mean": 0.28660556672393467,
            "drift_max": 0.3527765636352583,
            "drift_min": 0.21310497990448263,
            "drift_per_client": [
               0.21310497990448263,
               0.29393515663206315,
               0.3527765636352583
            ]
         }
      },
      {
         "round": 7,
         "train_metrics": {
            "train_loss": 0.3201505071413765,
            "train_acc": 0.9361702292523486,
            "train_f1": 0.918520776609012,
            "drift": 0.3949695272921133
         },
         "eval_metrics_client": {
            "loss": 0.32048078378041583,
            "accuracy": 0.9266666769981384,
            "f1": 0.8944398462881034
         },
         "eval_metrics_server": {
            "accuracy": 0.9399999976158142,
            "loss": 0.32352393865585327,
            "f1_score": 0.9111242778847578
         },
         "drift_metrics": {
            "drift_median": 0.23104354978808642,
            "drift_mean": 0.346046380499627,
            "drift_max": 0.598697175748621,
            "drift_min": 0.20839841596217348,
            "drift_per_client": [
               0.20839841596217348,
               0.23104354978808642,
               0.598697175748621
            ]
         }
      },
      {
         "round": 8,
         "train_metrics": {
            "train_loss": 0.30067954307531886,
            "train_acc": 0.9198717900957818,
            "train_f1": 0.8948800400491947,
            "drift": 0.31125126332384645
         },
         "eval_metrics_client": {
            "loss": 0.313729445139567,
            "accuracy": 0.9233333468437195,
            "f1": 0.8972311472311472
         },