{
   "info": {
      "strategy": "FedAvg",
      "seed": 6,
      "init_seed": 6,
      "sampling_seed": 6,
      "data_seed": 2,
      "fraction_train": 0.75,
      "fraction_evaluate": 0.75,
      "local_epochs": 2,
      "num_rounds": 10,
      "num_clients": 5,
      "eta_l": 0.3,
      "iid": false,
      "alpha": 1.8,
      "training_mode": "mitigated",
      "nshots": 1000,
      "model_type": "quantum",
      "base_pauli": 0.003,
      "base_readout": 0.003,
      "noise_scale": 0.002
   },
   "rounds": [
      {
         "round": 0,
         "train_metrics": {},
         "eval_metrics_client": {},
         "eval_metrics_server": {
            "accuracy": 0.6349999904632568,
            "loss": 0.6415873169898987,
            "f1_score": 0.6027318984517428
         }
      },
      {
         "round": 1,
         "train_metrics": {
            "train_loss": 0.4613821343609929,
            "train_acc": 0.8687943175752112,
            "train_f1": 0.8271650456393735,
            "drift": 1.130903710459083
         },
         "eval_metrics_client": {
            "loss": 0.4508230686187744,
            "accuracy": 0.8616666793823241,
            "f1": 0.816428667139423
         },
         "eval_metrics_server": {
            "accuracy": 0.8500000238418579,
            "loss": 0.45243072509765625,
            "f1_score": 0.8
         },
         "drift_metrics": {
            "drift_median": 1.1042671450926274,
            "drift_mean": 1.0788194441820618,
            "drift_max": 1.2563420908573695,
            "drift_min": 0.8758490965961881,
            "drift_per_client": [
               0.8758490965961881,
               1.1042671450926274,
               1.2563420908573695
            ]
         }
      },
      {
         "round": 2,
         "train_metrics": {
            "train_loss": 0.37977024471562604,
            "train_acc": 0.8864353353668839,
            "train_f1": 0.8467317150759126,
            "drift": 0.8223238075253566
         },
         "eval_metrics_client": {
            "loss": 0.3856922090053558,
            "accuracy": 0.8799999952316283,
            "f1": 0.8408683666569104
         },
         "eval_metrics_server": {
            "accuracy": 0.8999999761581421,
            "loss": 0.38222840428352356,
            "f1_score": 0.8609372827145043
         },
         "drift_metrics": {
            "drift_median": 0.7984959760756125,
            "drift_mean": 0.7408893195167322,
            "drift_max": 1.0023115975686716,
            "drift_min": 0.42186038490591243,
            "drift_per_client": [
               0.42186038490591243,
               0.7984959760756125,
               1.0023115975686716
            ]
         }
      },
      {
         "round": 3,
         "train_metrics": {
            "train_loss": 0.31793622838989744,
            "train_acc": 0.944649446494465,
            "train_f1": 0.9017794773440988,
            "drift": 0.5857842043757127
         },
         "eval_metrics_client": {
            "loss": 0.32591338952382404,
            "accuracy": 0.9316666523615519,
            "f1": 0.9019339845400186
         },
         "eval_metrics_server": {
            "accuracy": 0.9300000071525574,
            "loss": 0.33971598744392395,
            "f1_score": 0.8926215677251113
         },
         "drift_metrics": {
            "drift_median": 0.5333878257969312,
            "drift_mean": 0.520496434324213,
            "drift_max": 0.731548189687321,
            "drift_min": 0.29655328748838683,
            "drift_per_client": [
               0.29655328748838683,
               0.5333878257969312,
               0.731548189687321
            ]
         }
      },
      {
         "round": 4,
         "train_metrics": {
            "train_loss": 0.2884088595946689,
            "train_acc": 0.9528301674989784,
            "train_f1": 0.9078452946595157,
            "drift": 0.40830968538933454
         },
         "eval_metrics_client": {
            "loss": 0.30541191498438514,
            "accuracy": 0.949999988079071,
            "f1": 0.9274248040238193
         },
         "eval_metrics_server": {
            "accuracy": 0.9449999928474426,
            "loss": 0.32074734568595886,
            "f1_score": 0.9132457904491502
         },
         "drift_metrics": {
            "drift_median": 0.42570572616570995,
            "drift_mean": 0.4004969430422101,
            "drift_max": 0.4695319632753609,
            "drift_min": 0.3062531396855595,
            "drift_per_client": [
               0.4695319632753609,
               0.3062531396855595,
               0.42570572616570995
            ]
         }
      },
      {
         "round": 5,
         "train_metrics": {
            "train_loss": 0.29777659678837964,
            "train_acc": 0.9358974278737336,
            "train_f1": 0.9129943486874654,
            "drift": 0.38132883889364017
         },
         "eval_metrics_client": {
            "loss": 0.30963952342669165,
            "accuracy": 0.9316666722297668,
            "f1": 0.9059513054974109
         },
         "eval_metrics_server": {
            "accuracy": 0.9399999976158142,
            "loss": 0.3150978088378906,
            "f1_score": 0.9111242778847578
         },
         "drift_metrics": {
            "drift_median": 0.2941920274438438,
            "drift_mean": 0.35543146416318133,
            "drift_max": 0.5537151889486572,
            "drift_min": 0.21838717609704292,
            "drift_per_client": [
               0.2941920274438438,
               0.21838717609704292,
               0.5537151889486572
            ]
         }
      },
      {
         "round": 6,
         "train_metrics": {
            "train_loss": 0.3054278995873081,
            "train_acc": 0.9255319197549887,
            "train_f1": 0.8981708691218201,
            "drift": 0.3006013719481737
         },
         "eval_metrics_client": {
            "loss": 0.31539989511171973,
            "accuracy": 0.9316666722297668,
            "f1": 0.9008105468509267
         },
         "eval_metrics_server": {
            "accuracy": 0.9449999928474426,
            "loss": 0.311694860458374,
            "f1_score": 0.9178338001867414
         },
         "drift_metrics": {
            "drift_median": 0.2862677845983314,
            "drift_mean": 0.2789207731728858,
            "drift_max": 0.3548236589312444,
            "drift_min": 0.19567087598908162,
            "drift_per_client": [
               0.19567087598908162,
               0.2862677845983314,
               0.3548236589312444
            ]
         }
      },
      {
         "round": 7,
         "train_metrics": {
            "train_loss": 0.3087194758411259,
            "train_acc": 0.9274448145075176,
            "train_f1": 0.8917436805904824,
            "drift": 0.2613430659525979
         },
         "eval_metrics_client": {
            "loss": 0.31331631541252136,
            "accuracy": 0.943333347638448,
            "f1": 0.9163696344216982
         },
         "eval_metrics_server": {
            "accuracy": 0.9399999976158142,
            "loss": 0.3087838292121887,
            "f1_score": 0.9111242778847578
         },
         "drift_metrics": {
            "drift_median": 0.27906112468564953,
            "drift_mean": 0.2383817939928663,
            "drift_max": 0.2902636110247963,
            "drift_min": 0.14582064626815308,
            "drift_per_client": [
               0.14582064626815308,
               0.27906112468564953,
               0.2902636110247963
            ]
         }
      },
      {
         "round": 8,
         "train_metrics": {
            "train_loss": 0.29350421822378997,
            "train_acc": 0.9483394921925674,
            "train_f1": 0.9031761349443126,
            "drift": 0.20304596285339882
         },
         "eval_metrics_client": {
            "loss": 0.31745027502377826,
            "accuracy": 0.9516666531562805,
            "f1": 0.9264769285714536
         },