{
   "info": {
      "strategy": "FedAvg",
      "seed": 7,
      "init_seed": 7,
      "sampling_seed": 7,
      "data_seed": 2,
      "fraction_train": 0.75,
      "fraction_evaluate": 0.75,
      "local_epochs": 2,
      "num_rounds": 10,
      "num_clients": 5,
      "eta_l": 0.3,
      "iid": false,
      "alpha": 1.8,
      "training_mode": "mitigated",
      "nshots": 1000,
      "model_type": "quantum",
      "base_pauli": 0.003,
      "base_readout": 0.003,
      "noise_scale": 0.002
   },
   "rounds": [
      {
         "round": 0,
         "train_metrics": {},
         "eval_metrics_client": {},
         "eval_metrics_server": {
            "accuracy": 0.4950000047683716,
            "loss": 0.7266889214515686,
            "f1_score": 0.46807109940750496
         }
      },
      {
         "round": 1,
         "train_metrics": {
            "train_loss": 0.40875984519674047,
            "train_acc": 0.9213836341159148,
            "train_f1": 0.8636974500105967,
            "drift": 1.770567696281373
         },
         "eval_metrics_client": {
            "loss": 0.37719109654426575,
            "accuracy": 0.921666661898295,
            "f1": 0.8923964028845054
         },
         "eval_metrics_server": {
            "accuracy": 0.9399999976158142,
            "loss": 0.381658673286438,
            "f1_score": 0.90625
         },
         "drift_metrics": {
            "drift_median": 1.6356509697677364,
            "drift_mean": 1.7403995026600823,
            "drift_max": 1.9636212315858137,
            "drift_min": 1.6219263066266967,
            "drift_per_client": [
               1.6356509697677364,
               1.6219263066266967,
               1.9636212315858137
            ]
         }
      },
      {
         "round": 2,
         "train_metrics": {
            "train_loss": 0.30529179593411987,
            "train_acc": 0.9583333333333333,
            "train_f1": 0.9124511640860782,
            "drift": 0.6706509832988934
         },
         "eval_metrics_client": {
            "loss": 0.3332174022992452,
            "accuracy": 0.9516666531562805,
            "f1": 0.9250682442916067
         },
         "eval_metrics_server": {
            "accuracy": 0.9649999737739563,
            "loss": 0.3290354907512665,
            "f1_score": 0.9425641025641025
         },
         "drift_metrics": {
            "drift_median": 0.7239093744450187,
            "drift_mean": 0.6103344504809228,
            "drift_max": 0.7570800605451056,
            "drift_min": 0.3500139164526444,
            "drift_per_client": [
               0.3500139164526444,
               0.7239093744450187,
               0.7570800605451056
            ]
         }
      },
      {
         "round": 3,
         "train_metrics": {
            "train_loss": 0.3023833689172891,
            "train_acc": 0.9326241122069934,
            "train_f1": 0.9099322580240978,
            "drift": 0.403739532721315
         },
         "eval_metrics_client": {
            "loss": 0.32165081302324927,
            "accuracy": 0.9316666722297668,
            "f1": 0.8994315753523119
         },
         "eval_metrics_server": {
            "accuracy": 0.949999988079071,
            "loss": 0.31601682305336,
            "f1_score": 0.9246534056660639
         },
         "drift_metrics": {
            "drift_median": 0.36233606094628545,
            "drift_mean": 0.35671804225421067,
            "drift_max": 0.5277182190067884,
            "drift_min": 0.18009984680955812,
            "drift_per_client": [
               0.18009984680955812,
               0.36233606094628545,
               0.5277182190067884
            ]
         }
      },
      {
         "round": 4,
         "train_metrics": {
            "train_loss": 0.30466888380074264,
            "train_acc": 0.92075472035498,
            "train_f1": 0.9047996068563161,
            "drift": 0.2442305696490894
         },
         "eval_metrics_client": {
            "loss": 0.3060036798318227,
            "accuracy": 0.9266666769981384,
            "f1": 0.8962829216034638
         },
         "eval_metrics_server": {
            "accuracy": 0.9399999976158142,
            "loss": 0.3144683539867401,
            "f1_score": 0.9111242778847578
         },
         "drift_metrics": {
            "drift_median": 0.2114563939649886,
            "drift_mean": 0.21527955172072943,
            "drift_max": 0.3177363212429349,
            "drift_min": 0.11664593995426482,
            "drift_per_client": [
               0.11664593995426482,
               0.2114563939649886,
               0.3177363212429349
            ]
         }
      },
      {
         "round": 5,
         "train_metrics": {
            "train_loss": 0.2962228022300199,
            "train_acc": 0.925072037692716,
            "train_f1": 0.8920101918986134,
            "drift": 0.2500298435823036
         },
         "eval_metrics_client": {
            "loss": 0.29775855938593543,
            "accuracy": 0.9399999976158142,
            "f1": 0.9178583024556479
         },
         "eval_metrics_server": {
            "accuracy": 0.9399999976158142,
            "loss": 0.30943724513053894,
            "f1_score": 0.9095840867992766
         },
         "drift_metrics": {
            "drift_median": 0.2206938628683056,
            "drift_mean": 0.24093351056488013,
            "drift_max": 0.31953834423965677,
            "drift_min": 0.18256832458667804,
            "drift_per_client": [
               0.18256832458667804,
               0.2206938628683056,
               0.31953834423965677
            ]
         }
      },
      {
         "round": 6,
         "train_metrics": {
            "train_loss": 0.2807280552864205,
            "train_acc": 0.9433962273522742,
            "train_f1": 0.8892180078237581,
            "drift": 0.19985136822955213
         },
         "eval_metrics_client": {
            "loss": 0.29786843061447144,
            "accuracy": 0.9466666579246521,
            "f1": 0.9216047670331337
         },
         "eval_metrics_server": {
            "accuracy": 0.949999988079071,
            "loss": 0.307476282119751,
            "f1_score": 0.921875
         },
         "drift_metrics": {
            "drift_median": 0.2245726505425245,
            "drift_mean": 0.19293452695863955,
            "drift_max": 0.22554470918147343,
            "drift_min": 0.12868622115192077,
            "drift_per_client": [
               0.12868622115192077,
               0.22554470918147343,
               0.2245726505425245
            ]
         }
      },
      {
         "round": 7,
         "train_metrics": {
            "train_loss": 0.2822681793205307,
            "train_acc": 0.954861113594638,
            "train_f1": 0.9049574456413109,
            "drift": 0.1455630221097011
         },
         "eval_metrics_client": {
            "loss": 0.31789126992225647,
            "accuracy": 0.9449999928474426,
            "f1": 0.9130985891962486
         },
         "eval_metrics_server": {
            "accuracy": 0.9549999833106995,
            "loss": 0.30678868293762207,
            "f1_score": 0.9290192830947592
         },
         "drift_metrics": {
            "drift_median": 0.1418255146181159,
            "drift_mean": 0.14478687599531667,
            "drift_max": 0.15470946565219276,
            "drift_min": 0.13782564771564138,
            "drift_per_client": [
               0.13782564771564138,
               0.15470946565219276,
               0.1418255146181159
            ]
         }
      },
      {
         "round": 8,
         "train_metrics": {
            "train_loss": 0.2995880513518391,
            "train_acc": 0.9326241172797292,
            "train_f1": 0.9077258960723191,
            "drift": 0.24331079294899133
         },
         "eval_metrics_client": {
            "loss": 0.31325724720954895,
            "accuracy": 0.9316666722297668,
            "f1": 0.899892405002789
         },