{
   "info": {
      "strategy": "FedAvg",
      "seed": 2,
      "init_seed": 2,
      "sampling_seed": 2,
      "data_seed": 2,
      "fraction_train": 0.75,
      "fraction_evaluate": 0.75,
      "local_epochs": 2,
      "num_rounds": 10,
      "num_clients": 5,
      "eta_l": 0.3,
      "iid": false,
      "alpha": 1.8,
      "training_mode": "mitigated",
      "nshots": 1000,
      "model_type": "quantum",
      "base_pauli": 0.003,
      "base_readout": 0.003,
      "noise_scale": 0.002
   },
   "rounds": [
      {
         "round": 0,
         "train_metrics": {},
         "eval_metrics_client": {},
         "eval_metrics_server": {
            "accuracy": 0.6800000071525574,
            "loss": 0.6009007096290588,
            "f1_score": 0.6259934548854604
         }
      },
      {
         "round": 1,
         "train_metrics": {
            "train_loss": 0.5184019000755532,
            "train_acc": 0.7801418492557308,
            "train_f1": 0.7320344561277629,
            "drift": 1.0113009719596833
         },
         "eval_metrics_client": {
            "loss": 0.4951130847136179,
            "accuracy": 0.7749999960263569,
            "f1": 0.7275990578264858
         },
         "eval_metrics_server": {
            "accuracy": 0.7900000214576721,
            "loss": 0.5079950094223022,
            "f1_score": 0.7366771159874608
         },
         "drift_metrics": {
            "drift_median": 0.889146066567156,
            "drift_mean": 0.9082207988418972,
            "drift_max": 1.302498709843588,
            "drift_min": 0.5330176201149478,
            "drift_per_client": [
               0.5330176201149478,
               0.889146066567156,
               1.302498709843588
            ]
         }
      },
      {
         "round": 2,
         "train_metrics": {
            "train_loss": 0.40961880441171905,
            "train_acc": 0.9279661014423531,
            "train_f1": 0.8798729017308083,
            "drift": 0.8338834435752327
         },
         "eval_metrics_client": {
            "loss": 0.3951073884963989,
            "accuracy": 0.8999999960263569,
            "f1": 0.8597813842694628
         },
         "eval_metrics_server": {
            "accuracy": 0.8949999809265137,
            "loss": 0.41962936520576477,
            "f1_score": 0.8482604140322989
         },
         "drift_metrics": {
            "drift_median": 0.8710210491583461,
            "drift_mean": 0.7908417340111056,
            "drift_max": 1.0038222555182281,
            "drift_min": 0.4976818973567425,
            "drift_per_client": [
               0.4976818973567425,
               1.0038222555182281,
               0.8710210491583461
            ]
         }
      },
      {
         "round": 3,
         "train_metrics": {
            "train_loss": 0.3284386882643716,
            "train_acc": 0.9371069242369454,
            "train_f1": 0.8830258655356169,
            "drift": 0.8387895830577737
         },
         "eval_metrics_client": {
            "loss": 0.3326838413874308,
            "accuracy": 0.9549999833106995,
            "f1": 0.9347592914020291
         },
         "eval_metrics_server": {
            "accuracy": 0.949999988079071,
            "loss": 0.3467107117176056,
            "f1_score": 0.9203694855868769
         },
         "drift_metrics": {
            "drift_median": 0.7682700856847907,
            "drift_mean": 0.8212376440999759,
            "drift_max": 0.945890818746858,
            "drift_min": 0.7495520278682789,
            "drift_per_client": [
               0.7495520278682789,
               0.7682700856847907,
               0.945890818746858
            ]
         }
      },
      {
         "round": 4,
         "train_metrics": {
            "train_loss": 0.32446456895471054,
            "train_acc": 0.9394812585641054,
            "train_f1": 0.9181749716165419,
            "drift": 0.49405501832579335
         },
         "eval_metrics_client": {
            "loss": 0.31527827183405555,
            "accuracy": 0.9383333325386047,
            "f1": 0.916142584492099
         },
         "eval_metrics_server": {
            "accuracy": 0.9300000071525574,
            "loss": 0.3247528076171875,
            "f1_score": 0.8926215677251113
         },
         "drift_metrics": {
            "drift_median": 0.5119305054490022,
            "drift_mean": 0.4756596836974432,
            "drift_max": 0.5734226920660616,
            "drift_min": 0.3416258535772658,
            "drift_per_client": [
               0.3416258535772658,
               0.5734226920660616,
               0.5119305054490022
            ]
         }
      },
      {
         "round": 5,
         "train_metrics": {
            "train_loss": 0.3301207772387846,
            "train_acc": 0.9463722593024702,
            "train_f1": 0.9236701653662066,
            "drift": 0.3401531949012072
         },
         "eval_metrics_client": {
            "loss": 0.3205992579460144,
            "accuracy": 0.9316666722297668,
            "f1": 0.9019031817207128
         },
         "eval_metrics_server": {
            "accuracy": 0.9350000023841858,
            "loss": 0.31587064266204834,
            "f1_score": 0.9011820151267531
         },
         "drift_metrics": {
            "drift_median": 0.36831251830643785,
            "drift_mean": 0.30611068154905835,
            "drift_max": 0.38099128837176977,
            "drift_min": 0.16902823796896752,
            "drift_per_client": [
               0.16902823796896752,
               0.38099128837176977,
               0.36831251830643785
            ]
         }
      },
      {
         "round": 6,
         "train_metrics": {
            "train_loss": 0.3167811814869405,
            "train_acc": 0.9361702182614211,
            "train_f1": 0.911958194369132,
            "drift": 0.2620614107010887
         },
         "eval_metrics_client": {
            "loss": 0.31849060455958045,
            "accuracy": 0.9199999968210856,
            "f1": 0.8853101601503832
         },
         "eval_metrics_server": {
            "accuracy": 0.9350000023841858,
            "loss": 0.3144131898880005,
            "f1_score": 0.9045205831588998
         },
         "drift_metrics": {
            "drift_median": 0.2310875125164061,
            "drift_mean": 0.23561299067806538,
            "drift_max": 0.33654920015294115,
            "drift_min": 0.13920225936484878,
            "drift_per_client": [
               0.13920225936484878,
               0.2310875125164061,
               0.33654920015294115
            ]
         }
      },
      {
         "round": 7,
         "train_metrics": {
            "train_loss": 0.28673460840691684,
            "train_acc": 0.9449152514591055,
            "train_f1": 0.9060516291931378,
            "drift": 0.17036193106893605
         },
         "eval_metrics_client": {
            "loss": 0.30849076310793555,
            "accuracy": 0.9399999976158142,
            "f1": 0.9102575172405507
         },
         "eval_metrics_server": {
            "accuracy": 0.9449999928474426,
            "loss": 0.30840638279914856,
            "f1_score": 0.9148573861217539
         },
         "drift_metrics": {
            "drift_median": 0.1475652828755375,
            "drift_mean": 0.1635378162391146,
            "drift_max": 0.2300857632350287,
            "drift_min": 0.11296240260677766,
            "drift_per_client": [
               0.1475652828755375,
               0.11296240260677766,
               0.2300857632350287
            ]
         }
      },
      {
         "round": 8,
         "train_metrics": {
            "train_loss": 0.2873111929865157,
            "train_acc": 0.9465408643836495,
            "train_f1": 0.8956938510988577,
            "drift": 0.18261069186609277
         },
         "eval_metrics_client": {
            "loss": 0.3221869468688965,
            "accuracy": 0.9516666730244954,
            "f1": 0.9292512910721177
         },