{
   "info": {
      "strategy": "FedAvg",
      "seed": 2,
      "sampling_seed": 2,
      "data_seed": 5,
      "fraction_train": 0.75,
      "fraction_evaluate": 0.75,
      "local_epochs": 2,
      "num_rounds": 10,
      "num_clients": 5,
      "eta_l": 0.3,
      "iid": true,
      "alpha": null,
      "training_mode": "noiseless",
      "nshots": 1000,
      "model_type": "quantum"
   },
   "rounds": [
      {
         "round": 0,
         "train_metrics": {},
         "eval_metrics_client": {},
         "eval_metrics_server": {
            "accuracy": 0.6800000071525574,
            "loss": 0.6009007096290588,
            "f1_score": 0.6259934548854604
         }
      },
      {
         "round": 1,
         "train_metrics": {
            "train_loss": 0.5059848932119516,
            "train_acc": 0.8033333420753478,
            "train_f1": 0.7720922097359832,
            "drift": 0.767627714396675
         },
         "eval_metrics_client": {
            "loss": 0.5095193286736805,
            "accuracy": 0.7466666499773661,
            "f1": 0.6962653003981293
         },
         "eval_metrics_server": {
            "accuracy": 0.7799999713897705,
            "loss": 0.5309457182884216,
            "f1_score": 0.7241379310344828
         },
         "drift_metrics": {
            "drift_median": 0.7931150066099611,
            "drift_mean": 0.7676277143966751,
            "drift_max": 0.8049688950907561,
            "drift_min": 0.7047992414893078,
            "drift_per_client": [
               0.8049688950907561,
               0.7047992414893078,
               0.7931150066099611
            ]
         }
      },
      {
         "round": 2,
         "train_metrics": {
            "train_loss": 0.4715099476086787,
            "train_acc": 0.8633333444595337,
            "train_f1": 0.8459187143776148,
            "drift": 0.5796802730231005
         },
         "eval_metrics_client": {
            "loss": 0.44906754295031226,
            "accuracy": 0.8533333142598469,
            "f1": 0.8105198127469017
         },
         "eval_metrics_server": {
            "accuracy": 0.8349999785423279,
            "loss": 0.48275843262672424,
            "f1_score": 0.7842502696871629
         },
         "drift_metrics": {
            "drift_median": 0.6099080388913962,
            "drift_mean": 0.5796802730231007,
            "drift_max": 0.679553551922185,
            "drift_min": 0.4495792282557206,
            "drift_per_client": [
               0.4495792282557206,
               0.679553551922185,
               0.6099080388913962
            ]
         }
      },
      {
         "round": 3,
         "train_metrics": {
            "train_loss": 0.4042354260499661,
            "train_acc": 0.9266666769981384,
            "train_f1": 0.9076548870929435,
            "drift": 0.7880476138879605
         },
         "eval_metrics_client": {
            "loss": 0.3889389634132385,
            "accuracy": 0.9016666611035664,
            "f1": 0.8688028359914961
         },
         "eval_metrics_server": {
            "accuracy": 0.9100000262260437,
            "loss": 0.40305763483047485,
            "f1_score": 0.8688811188811189
         },
         "drift_metrics": {
            "drift_median": 0.7252195780418867,
            "drift_mean": 0.7880476138879606,
            "drift_max": 0.914172301222176,
            "drift_min": 0.7247509623998191,
            "drift_per_client": [
               0.7247509623998191,
               0.7252195780418867,
               0.914172301222176
            ]
         }
      },
      {
         "round": 4,
         "train_metrics": {
            "train_loss": 0.3233615091213813,
            "train_acc": 0.946666677792867,
            "train_f1": 0.9283283983033523,
            "drift": 0.6981169529319622
         },
         "eval_metrics_client": {
            "loss": 0.3383225202560425,
            "accuracy": 0.925000011920929,
            "f1": 0.8998395335668846
         },
         "eval_metrics_server": {
            "accuracy": 0.9300000071525574,
            "loss": 0.34001681208610535,
            "f1_score": 0.8945147679324894
         },
         "drift_metrics": {
            "drift_median": 0.7326535519157688,
            "drift_mean": 0.6981169529319621,
            "drift_max": 0.7429229261545842,
            "drift_min": 0.6187743807255336,
            "drift_per_client": [
               0.7326535519157688,
               0.7429229261545842,
               0.6187743807255336
            ]
         }
      },
      {
         "round": 5,
         "train_metrics": {
            "train_loss": 0.2987909527161182,
            "train_acc": 0.946666677792867,
            "train_f1": 0.9293640032111852,
            "drift": 0.3869617802089581
         },
         "eval_metrics_client": {
            "loss": 0.3194728493690491,
            "accuracy": 0.9099999864896138,
            "f1": 0.8747055741412825
         },
         "eval_metrics_server": {
            "accuracy": 0.925000011920929,
            "loss": 0.320451557636261,
            "f1_score": 0.8879551820728291
         },
         "drift_metrics": {
            "drift_median": 0.40703948800337086,
            "drift_mean": 0.38696178020895816,
            "drift_max": 0.4076442461315716,
            "drift_min": 0.346201606491932,
            "drift_per_client": [
               0.4076442461315716,
               0.346201606491932,
               0.40703948800337086
            ]
         }
      },
      {
         "round": 6,
         "train_metrics": {
            "train_loss": 0.29196713329889834,
            "train_acc": 0.9533333381017048,
            "train_f1": 0.941241156985775,
            "drift": 0.27285566606631295
         },
         "eval_metrics_client": {
            "loss": 0.31590164701143897,
            "accuracy": 0.9100000262260437,
            "f1": 0.8729642092073625
         },
         "eval_metrics_server": {
            "accuracy": 0.9100000262260437,
            "loss": 0.31405267119407654,
            "f1_score": 0.8709677419354839
         },
         "drift_metrics": {
            "drift_median": 0.25001941118217996,
            "drift_mean": 0.272855666066313,
            "drift_max": 0.32966446796625115,
            "drift_min": 0.2388831190505079,
            "drift_per_client": [
               0.2388831190505079,
               0.25001941118217996,
               0.32966446796625115
            ]
         }
      },
      {
         "round": 7,
         "train_metrics": {
            "train_loss": 0.2983202028733033,
            "train_acc": 0.9333333373069763,
            "train_f1": 0.919625974898737,
            "drift": 0.18322829255642045
         },
         "eval_metrics_client": {
            "loss": 0.3082059621810913,
            "accuracy": 0.9100000063578287,
            "f1": 0.8735264465666636
         },
         "eval_metrics_server": {
            "accuracy": 0.9049999713897705,
            "loss": 0.3124557435512543,
            "f1_score": 0.86271180317208
         },
         "drift_metrics": {
            "drift_median": 0.19689916155843437,
            "drift_mean": 0.18322829255642045,
            "drift_max": 0.19951721605409528,
            "drift_min": 0.15326850005673173,
            "drift_per_client": [
               0.15326850005673173,
               0.19951721605409528,
               0.19689916155843437
            ]
         }
      },
      {
         "round": 8,
         "train_metrics": {
            "train_loss": 0.2971339504688214,
            "train_acc": 0.9333333373069763,
            "train_f1": 0.9138348436121817,
            "drift": 0.17252428117145657
         },
         "eval_metrics_client": {
            "loss": 0.30055711666742957,
            "accuracy": 0.9233333468437195,
            "f1": 0.8944972826188513
         },
         "eval_metrics_server": {
            "accuracy": 0.9100000262260437,