{
   "info": {
      "strategy": "FedAvg",
      "seed": 2,
      "sampling_seed": 2,
      "data_seed": 7,
      "fraction_train": 0.75,
      "fraction_evaluate": 0.75,
      "local_epochs": 2,
      "num_rounds": 10,
      "num_clients": 5,
      "eta_l": 0.3,
      "iid": true,
      "alpha": null,
      "training_mode": "noiseless",
      "nshots": 1000,
      "model_type": "quantum"
   },
   "rounds": [
      {
         "round": 0,
         "train_metrics": {},
         "eval_metrics_client": {},
         "eval_metrics_server": {
            "accuracy": 0.6800000071525574,
            "loss": 0.6009007096290588,
            "f1_score": 0.6259934548854604
         }
      },
      {
         "round": 1,
         "train_metrics": {
            "train_loss": 0.5182514664454337,
            "train_acc": 0.7866666515668232,
            "train_f1": 0.7304706395118397,
            "drift": 0.8975817307826727
         },
         "eval_metrics_client": {
            "loss": 0.49653233091036475,
            "accuracy": 0.7850000063578286,
            "f1": 0.7307815721358659
         },
         "eval_metrics_server": {
            "accuracy": 0.7950000166893005,
            "loss": 0.5134283304214478,
            "f1_score": 0.7414798701093981
         },
         "drift_metrics": {
            "drift_median": 0.8755643981077489,
            "drift_mean": 0.8975817307826728,
            "drift_max": 0.9785167626151504,
            "drift_min": 0.8386640316251189,
            "drift_per_client": [
               0.9785167626151504,
               0.8386640316251189,
               0.8755643981077489
            ]
         }
      },
      {
         "round": 2,
         "train_metrics": {
            "train_loss": 0.45128081777156925,
            "train_acc": 0.8599999944368998,
            "train_f1": 0.8273750474283001,
            "drift": 0.7442333947824911
         },
         "eval_metrics_client": {
            "loss": 0.4209309220314026,
            "accuracy": 0.8900000055631001,
            "f1": 0.8471889412536576
         },
         "eval_metrics_server": {
            "accuracy": 0.8550000190734863,
            "loss": 0.4447638690471649,
            "f1_score": 0.8053625960602705
         },
         "drift_metrics": {
            "drift_median": 0.7930042872540042,
            "drift_mean": 0.7442333947824912,
            "drift_max": 0.8043945886869137,
            "drift_min": 0.6353013084065556,
            "drift_per_client": [
               0.7930042872540042,
               0.6353013084065556,
               0.8043945886869137
            ]
         }
      },
      {
         "round": 3,
         "train_metrics": {
            "train_loss": 0.37371744635777593,
            "train_acc": 0.9333333174387614,
            "train_f1": 0.9088241143769106,
            "drift": 0.7165085499606326
         },
         "eval_metrics_client": {
            "loss": 0.36434751749038696,
            "accuracy": 0.9083333214124043,
            "f1": 0.8769839925993045
         },
         "eval_metrics_server": {
            "accuracy": 0.9049999713897705,
            "loss": 0.3783521354198456,
            "f1_score": 0.8669048369584252
         },
         "drift_metrics": {
            "drift_median": 0.7306180233827617,
            "drift_mean": 0.7165085499606326,
            "drift_max": 0.737122455924858,
            "drift_min": 0.6817851705742781,
            "drift_per_client": [
               0.6817851705742781,
               0.7306180233827617,
               0.737122455924858
            ]
         }
      },
      {
         "round": 4,
         "train_metrics": {
            "train_loss": 0.3265876131944167,
            "train_acc": 0.9233333269755045,
            "train_f1": 0.8909597327793247,
            "drift": 0.5348454770070385
         },
         "eval_metrics_client": {
            "loss": 0.3305160303910573,
            "accuracy": 0.9083333412806193,
            "f1": 0.8804599413869881
         },
         "eval_metrics_server": {
            "accuracy": 0.9200000166893005,
            "loss": 0.34025344252586365,
            "f1_score": 0.8853046594982079
         },
         "drift_metrics": {
            "drift_median": 0.5260504864082265,
            "drift_mean": 0.5348454770070387,
            "drift_max": 0.6300355837684123,
            "drift_min": 0.4484503608444769,
            "drift_per_client": [
               0.6300355837684123,
               0.5260504864082265,
               0.4484503608444769
            ]
         }
      },
      {
         "round": 5,
         "train_metrics": {
            "train_loss": 0.31567430343383396,
            "train_acc": 0.9333333373069763,
            "train_f1": 0.895892003754907,
            "drift": 0.4004556649914781
         },
         "eval_metrics_client": {
            "loss": 0.3155774772167206,
            "accuracy": 0.9350000023841858,
            "f1": 0.9047022967757834
         },
         "eval_metrics_server": {
            "accuracy": 0.9449999928474426,
            "loss": 0.31825435161590576,
            "f1_score": 0.9178338001867414
         },
         "drift_metrics": {
            "drift_median": 0.43968798150991917,
            "drift_mean": 0.40045566499147817,
            "drift_max": 0.5000800536658313,
            "drift_min": 0.261598959798684,
            "drift_per_client": [
               0.5000800536658313,
               0.43968798150991917,
               0.261598959798684
            ]
         }
      },
      {
         "round": 6,
         "train_metrics": {
            "train_loss": 0.29637294854873264,
            "train_acc": 0.9533333381017048,
            "train_f1": 0.9229766535604544,
            "drift": 0.3238736184067312
         },
         "eval_metrics_client": {
            "loss": 0.31560227274894714,
            "accuracy": 0.9416666626930237,
            "f1": 0.9117562945629937
         },
         "eval_metrics_server": {
            "accuracy": 0.949999988079071,
            "loss": 0.3141668140888214,
            "f1_score": 0.9246534056660639
         },
         "drift_metrics": {
            "drift_median": 0.3245810294686156,
            "drift_mean": 0.3238736184067312,
            "drift_max": 0.32732690426400723,
            "drift_min": 0.31971292148757074,
            "drift_per_client": [
               0.32732690426400723,
               0.3245810294686156,
               0.31971292148757074
            ]
         }
      },
      {
         "round": 7,
         "train_metrics": {
            "train_loss": 0.3080898274978002,
            "train_acc": 0.949999988079071,
            "train_f1": 0.9297666653296349,
            "drift": 0.2747828600230995
         },
         "eval_metrics_client": {
            "loss": 0.3069899380207062,
            "accuracy": 0.9433333277702332,
            "f1": 0.9167484690157461
         },
         "eval_metrics_server": {
            "accuracy": 0.949999988079071,
            "loss": 0.3107554018497467,
            "f1_score": 0.9246534056660639
         },
         "drift_metrics": {
            "drift_median": 0.2840229662154263,
            "drift_mean": 0.2747828600230995,
            "drift_max": 0.2988534885904834,
            "drift_min": 0.24147212526338874,
            "drift_per_client": [
               0.24147212526338874,
               0.2988534885904834,
               0.2840229662154263
            ]
         }
      },
      {
         "round": 8,
         "train_metrics": {
            "train_loss": 0.30832053109621393,
            "train_acc": 0.9366666674613953,
            "train_f1": 0.9106507752460029,
            "drift": 0.20127598098799165
         },
         "eval_metrics_client": {
            "loss": 0.2994283537069956,
            "accuracy": 0.9383333325386047,
            "f1": 0.913615205734571
         },
         "eval_metrics_server": {
            "accuracy": 0.9399999976158142,