{
   "info": {
      "strategy": "FedAvg",
      "seed": 2,
      "sampling_seed": 2,
      "data_seed": 6,
      "fraction_train": 0.75,
      "fraction_evaluate": 0.75,
      "local_epochs": 2,
      "num_rounds": 10,
      "num_clients": 5,
      "eta_l": 0.3,
      "iid": true,
      "alpha": null,
      "training_mode": "noiseless",
      "nshots": 1000,
      "model_type": "quantum"
   },
   "rounds": [
      {
         "round": 0,
         "train_metrics": {},
         "eval_metrics_client": {},
         "eval_metrics_server": {
            "accuracy": 0.6800000071525574,
            "loss": 0.6009007096290588,
            "f1_score": 0.6259934548854604
         }
      },
      {
         "round": 1,
         "train_metrics": {
            "train_loss": 0.508622102248363,
            "train_acc": 0.7866666714350381,
            "train_f1": 0.7492644176845467,
            "drift": 0.7011174742768613
         },
         "eval_metrics_client": {
            "loss": 0.5116841892401377,
            "accuracy": 0.749999980131785,
            "f1": 0.6999372370335355
         },
         "eval_metrics_server": {
            "accuracy": 0.7649999856948853,
            "loss": 0.5317806005477905,
            "f1_score": 0.7101538651290432
         },
         "drift_metrics": {
            "drift_median": 0.7084182719987545,
            "drift_mean": 0.7011174742768613,
            "drift_max": 0.745597176300779,
            "drift_min": 0.6493369745310505,
            "drift_per_client": [
               0.745597176300779,
               0.7084182719987545,
               0.6493369745310505
            ]
         }
      },
      {
         "round": 2,
         "train_metrics": {
            "train_loss": 0.4528348843256632,
            "train_acc": 0.8866666555404662,
            "train_f1": 0.8527346389188494,
            "drift": 0.7168762004231819
         },
         "eval_metrics_client": {
            "loss": 0.4337377150853475,
            "accuracy": 0.865000009536743,
            "f1": 0.8219186961149267
         },
         "eval_metrics_server": {
            "accuracy": 0.8500000238418579,
            "loss": 0.4640718102455139,
            "f1_score": 0.8
         },
         "drift_metrics": {
            "drift_median": 0.7412054047874612,
            "drift_mean": 0.7168762004231818,
            "drift_max": 0.751250592505854,
            "drift_min": 0.6581726039762306,
            "drift_per_client": [
               0.751250592505854,
               0.7412054047874612,
               0.6581726039762306
            ]
         }
      },
      {
         "round": 3,
         "train_metrics": {
            "train_loss": 0.3778021985139602,
            "train_acc": 0.9333333174387614,
            "train_f1": 0.9117549117549116,
            "drift": 0.8276785685756223
         },
         "eval_metrics_client": {
            "loss": 0.3651249210039774,
            "accuracy": 0.9150000015894572,
            "f1": 0.8844382307342616
         },
         "eval_metrics_server": {
            "accuracy": 0.9150000214576721,
            "loss": 0.3778824210166931,
            "f1_score": 0.873015873015873
         },
         "drift_metrics": {
            "drift_median": 0.8294575378688039,
            "drift_mean": 0.8276785685756224,
            "drift_max": 0.8974130763897884,
            "drift_min": 0.7561650914682748,
            "drift_per_client": [
               0.8974130763897884,
               0.7561650914682748,
               0.8294575378688039
            ]
         }
      },
      {
         "round": 4,
         "train_metrics": {
            "train_loss": 0.3350680745564974,
            "train_acc": 0.9233333468437195,
            "train_f1": 0.897096126089014,
            "drift": 0.5905595914226146
         },
         "eval_metrics_client": {
            "loss": 0.3306403656800588,
            "accuracy": 0.9233333269755045,
            "f1": 0.8975728226541744
         },
         "eval_metrics_server": {
            "accuracy": 0.925000011920929,
            "loss": 0.33439815044403076,
            "f1_score": 0.8859792482231765
         },
         "drift_metrics": {
            "drift_median": 0.6091582727427522,
            "drift_mean": 0.5905595914226146,
            "drift_max": 0.6150594953996789,
            "drift_min": 0.5474610061254127,
            "drift_per_client": [
               0.6091582727427522,
               0.6150594953996789,
               0.5474610061254127
            ]
         }
      },
      {
         "round": 5,
         "train_metrics": {
            "train_loss": 0.32110020671135336,
            "train_acc": 0.9333333373069763,
            "train_f1": 0.9136998557911196,
            "drift": 0.4238899816111237
         },
         "eval_metrics_client": {
            "loss": 0.31310008962949115,
            "accuracy": 0.9200000166893005,
            "f1": 0.8869081697190281
         },
         "eval_metrics_server": {
            "accuracy": 0.925000011920929,
            "loss": 0.31488215923309326,
            "f1_score": 0.8879551820728291
         },
         "drift_metrics": {
            "drift_median": 0.4167136561155569,
            "drift_mean": 0.42388998161112373,
            "drift_max": 0.45257521902793413,
            "drift_min": 0.4023810696898803,
            "drift_per_client": [
               0.45257521902793413,
               0.4023810696898803,
               0.4167136561155569
            ]
         }
      },
      {
         "round": 6,
         "train_metrics": {
            "train_loss": 0.29193485700167143,
            "train_acc": 0.9433333277702332,
            "train_f1": 0.9220809382723354,
            "drift": 0.2649233094308792
         },
         "eval_metrics_client": {
            "loss": 0.3119838535785675,
            "accuracy": 0.9166666865348816,
            "f1": 0.8806611174338049
         },
         "eval_metrics_server": {
            "accuracy": 0.9200000166893005,
            "loss": 0.311137855052948,
            "f1_score": 0.8834498834498834
         },
         "drift_metrics": {
            "drift_median": 0.27658730403710446,
            "drift_mean": 0.2649233094308792,
            "drift_max": 0.29567297659577213,
            "drift_min": 0.2225096476597611,
            "drift_per_client": [
               0.29567297659577213,
               0.2225096476597611,
               0.27658730403710446
            ]
         }
      },
      {
         "round": 7,
         "train_metrics": {
            "train_loss": 0.2874525155012424,
            "train_acc": 0.9399999976158142,
            "train_f1": 0.9139366940443959,
            "drift": 0.182266797390981
         },
         "eval_metrics_client": {
            "loss": 0.30493859450022376,
            "accuracy": 0.9316666722297668,
            "f1": 0.9009037187233497
         },
         "eval_metrics_server": {
            "accuracy": 0.9350000023841858,
            "loss": 0.31029242277145386,
            "f1_score": 0.9045205831588998
         },
         "drift_metrics": {
            "drift_median": 0.1915185575397582,
            "drift_mean": 0.18226679739098103,
            "drift_max": 0.20134209276308435,
            "drift_min": 0.15393974187010048,
            "drift_per_client": [
               0.20134209276308435,
               0.1915185575397582,
               0.15393974187010048
            ]
         }
      },
      {
         "round": 8,
         "train_metrics": {
            "train_loss": 0.29718621648274934,
            "train_acc": 0.9300000071525574,
            "train_f1": 0.9033934774936108,
            "drift": 0.15590811576994862
         },
         "eval_metrics_client": {
            "loss": 0.2972136437892914,
            "accuracy": 0.9433333277702332,
            "f1": 0.9196647582806312
         },
         "eval_metrics_server": {
            "accuracy": 0.925000011920929,
            "loss": 0.3085569441318512,