{
   "info": {
      "strategy": "FedAvg",
      "seed": 2,
      "sampling_seed": 2,
      "data_seed": 1,
      "fraction_train": 0.75,
      "fraction_evaluate": 0.75,
      "local_epochs": 2,
      "num_rounds": 10,
      "num_clients": 5,
      "eta_l": 0.3,
      "iid": true,
      "alpha": null,
      "training_mode": "noiseless",
      "nshots": 1000,
      "model_type": "quantum"
   },
   "rounds": [
      {
         "round": 0,
         "train_metrics": {},
         "eval_metrics_client": {},
         "eval_metrics_server": {
            "accuracy": 0.6800000071525574,
            "loss": 0.6009007096290588,
            "f1_score": 0.6259934548854604
         }
      },
      {
         "round": 1,
         "train_metrics": {
            "train_loss": 0.4898118300315661,
            "train_acc": 0.8233333230018616,
            "train_f1": 0.7936607214408782,
            "drift": 0.9217291634694328
         },
         "eval_metrics_client": {
            "loss": 0.4976576765378316,
            "accuracy": 0.7750000158945718,
            "f1": 0.7256188404949311
         },
         "eval_metrics_server": {
            "accuracy": 0.8050000071525574,
            "loss": 0.5168143510818481,
            "f1_score": 0.7540906081528422
         },
         "drift_metrics": {
            "drift_median": 0.8996290234955854,
            "drift_mean": 0.9217291634694328,
            "drift_max": 1.0206139490204826,
            "drift_min": 0.8449445178922305,
            "drift_per_client": [
               0.8996290234955854,
               1.0206139490204826,
               0.8449445178922305
            ]
         }
      },
      {
         "round": 2,
         "train_metrics": {
            "train_loss": 0.4335559419332406,
            "train_acc": 0.8699999849001566,
            "train_f1": 0.8412577731030558,
            "drift": 0.632688675146549
         },
         "eval_metrics_client": {
            "loss": 0.43121430277824396,
            "accuracy": 0.8766666849454243,
            "f1": 0.8326473246436316
         },
         "eval_metrics_server": {
            "accuracy": 0.824999988079071,
            "loss": 0.4584745764732361,
            "f1_score": 0.7740112994350282
         },
         "drift_metrics": {
            "drift_median": 0.552670531204084,
            "drift_mean": 0.632688675146549,
            "drift_max": 0.7971185431633125,
            "drift_min": 0.5482769510722505,
            "drift_per_client": [
               0.7971185431633125,
               0.552670531204084,
               0.5482769510722505
            ]
         }
      },
      {
         "round": 3,
         "train_metrics": {
            "train_loss": 0.384401200673519,
            "train_acc": 0.9033333460489908,
            "train_f1": 0.8693252452109042,
            "drift": 0.7218492619701178
         },
         "eval_metrics_client": {
            "loss": 0.37265150745709735,
            "accuracy": 0.9233333468437195,
            "f1": 0.8943490851627086
         },
         "eval_metrics_server": {
            "accuracy": 0.9150000214576721,
            "loss": 0.3835480511188507,
            "f1_score": 0.8751423010539459
         },
         "drift_metrics": {
            "drift_median": 0.6320110613402597,
            "drift_mean": 0.7218492619701179,
            "drift_max": 0.9363106264383719,
            "drift_min": 0.5972260981317219,
            "drift_per_client": [
               0.6320110613402597,
               0.5972260981317219,
               0.9363106264383719
            ]
         }
      },
      {
         "round": 4,
         "train_metrics": {
            "train_loss": 0.3334034390938588,
            "train_acc": 0.9333333373069763,
            "train_f1": 0.9028285862090936,
            "drift": 0.6472283849170744
         },
         "eval_metrics_client": {
            "loss": 0.32974527279535926,
            "accuracy": 0.9366666674613953,
            "f1": 0.9142186986239976
         },
         "eval_metrics_server": {
            "accuracy": 0.9350000023841858,
            "loss": 0.3328068256378174,
            "f1_score": 0.9011820151267531
         },
         "drift_metrics": {
            "drift_median": 0.6543392332621127,
            "drift_mean": 0.6472283849170744,
            "drift_max": 0.7369049471500668,
            "drift_min": 0.5504409743390435,
            "drift_per_client": [
               0.6543392332621127,
               0.5504409743390435,
               0.7369049471500668
            ]
         }
      },
      {
         "round": 5,
         "train_metrics": {
            "train_loss": 0.2997015164448664,
            "train_acc": 0.9466666579246521,
            "train_f1": 0.9223593574813087,
            "drift": 0.39783390591871265
         },
         "eval_metrics_client": {
            "loss": 0.31422661741574603,
            "accuracy": 0.925000011920929,
            "f1": 0.8933170195473872
         },
         "eval_metrics_server": {
            "accuracy": 0.9350000023841858,
            "loss": 0.3170247972011566,
            "f1_score": 0.9011820151267531
         },
         "drift_metrics": {
            "drift_median": 0.42229344925601014,
            "drift_mean": 0.39783390591871265,
            "drift_max": 0.42268849879162257,
            "drift_min": 0.34851976970850523,
            "drift_per_client": [
               0.34851976970850523,
               0.42229344925601014,
               0.42268849879162257
            ]
         }
      },
      {
         "round": 6,
         "train_metrics": {
            "train_loss": 0.29760053639228523,
            "train_acc": 0.9399999976158142,
            "train_f1": 0.9244886644886645,
            "drift": 0.24137939957389815
         },
         "eval_metrics_client": {
            "loss": 0.3129142026106516,
            "accuracy": 0.92166668176651,
            "f1": 0.8873761542238605
         },
         "eval_metrics_server": {
            "accuracy": 0.9300000071525574,
            "loss": 0.3117956221103668,
            "f1_score": 0.8963116575322174
         },
         "drift_metrics": {
            "drift_median": 0.2365701415182539,
            "drift_mean": 0.24137939957389812,
            "drift_max": 0.26197978228396207,
            "drift_min": 0.22558827491947847,
            "drift_per_client": [
               0.26197978228396207,
               0.22558827491947847,
               0.2365701415182539
            ]
         }
      },
      {
         "round": 7,
         "train_metrics": {
            "train_loss": 0.30886208246915764,
            "train_acc": 0.9266666769981384,
            "train_f1": 0.9046229263620567,
            "drift": 0.18492338851145157
         },
         "eval_metrics_client": {
            "loss": 0.30534985661506653,
            "accuracy": 0.9399999976158142,
            "f1": 0.9115895316278579
         },
         "eval_metrics_server": {
            "accuracy": 0.9399999976158142,
            "loss": 0.30898797512054443,
            "f1_score": 0.9111242778847578
         },
         "drift_metrics": {
            "drift_median": 0.19378912665864387,
            "drift_mean": 0.1849233885114516,
            "drift_max": 0.19925081183245988,
            "drift_min": 0.16173022704325102,
            "drift_per_client": [
               0.19925081183245988,
               0.16173022704325102,
               0.19378912665864387
            ]
         }
      },
      {
         "round": 8,
         "train_metrics": {
            "train_loss": 0.31110472938953304,
            "train_acc": 0.9233333468437195,
            "train_f1": 0.8930996145013259,
            "drift": 0.1600534200495619
         },
         "eval_metrics_client": {
            "loss": 0.2977619568506876,
            "accuracy": 0.9433333277702332,
            "f1": 0.9196139255712652
         },
         "eval_metrics_server": {
            "accuracy": 0.9399999976158142,