{
   "info": {
      "strategy": "FedAvg",
      "seed": 2,
      "init_seed": 2,
      "sampling_seed": 2,
      "data_seed": 2,
      "fraction_train": 0.75,
      "fraction_evaluate": 0.75,
      "local_epochs": 2,
      "num_rounds": 10,
      "num_clients": 5,
      "eta_l": 0.3,
      "iid": true,
      "alpha": null,
      "training_mode": "noisy",
      "nshots": 1000,
      "model_type": "quantum",
      "base_pauli": 0.003,
      "base_readout": 0.003,
      "noise_scale": 0.002
   },
   "rounds": [
      {
         "round": 0,
         "train_metrics": {},
         "eval_metrics_client": {},
         "eval_metrics_server": {
            "accuracy": 0.6800000071525574,
            "loss": 0.6009007096290588,
            "f1_score": 0.6259934548854604
         }
      },
      {
         "round": 1,
         "train_metrics": {
            "train_loss": 0.5655610385613563,
            "train_acc": 0.7633333206176758,
            "train_f1": 0.6948008824649011,
            "drift": 0.7918140762735335
         },
         "eval_metrics_client": {
            "loss": 0.5253398418426514,
            "accuracy": 0.7549999952316284,
            "f1": 0.6998688917227323
         },
         "eval_metrics_server": {
            "accuracy": 0.7699999809265137,
            "loss": 0.5241940021514893,
            "f1_score": 0.7115987460815048
         },
         "drift_metrics": {
            "drift_median": 0.8038413177732341,
            "drift_mean": 0.7918140762735336,
            "drift_max": 0.8187901863279783,
            "drift_min": 0.7528107247193883,
            "drift_per_client": [
               0.8038413177732341,
               0.7528107247193883,
               0.8187901863279783
            ]
         }
      },
      {
         "round": 2,
         "train_metrics": {
            "train_loss": 0.5032658340075077,
            "train_acc": 0.8733333349227904,
            "train_f1": 0.8148664913564667,
            "drift": 0.7613274041966923
         },
         "eval_metrics_client": {
            "loss": 0.4657116731007893,
            "accuracy": 0.8900000055631001,
            "f1": 0.8456347845842915
         },
         "eval_metrics_server": {
            "accuracy": 0.8600000143051147,
            "loss": 0.4499798119068146,
            "f1_score": 0.8081140350877194
         },
         "drift_metrics": {
            "drift_median": 0.757244254006454,
            "drift_mean": 0.7613274041966923,
            "drift_max": 0.7801846896322426,
            "drift_min": 0.7465532689513805,
            "drift_per_client": [
               0.7465532689513805,
               0.7801846896322426,
               0.757244254006454
            ]
         }
      },
      {
         "round": 3,
         "train_metrics": {
            "train_loss": 0.4281356212420341,
            "train_acc": 0.9233333269755045,
            "train_f1": 0.8926028653079204,
            "drift": 0.7820283392785263
         },
         "eval_metrics_client": {
            "loss": 0.41600591937700904,
            "accuracy": 0.9233333468437195,
            "f1": 0.8945091407199837
         },
         "eval_metrics_server": {
            "accuracy": 0.925000011920929,
            "loss": 0.37567710876464844,
            "f1_score": 0.8859792482231765
         },
         "drift_metrics": {
            "drift_median": 0.7885054642237197,
            "drift_mean": 0.7820283392785266,
            "drift_max": 0.8648918938125519,
            "drift_min": 0.6926876597993078,
            "drift_per_client": [
               0.7885054642237197,
               0.8648918938125519,
               0.6926876597993078
            ]
         }
      },
      {
         "round": 4,
         "train_metrics": {
            "train_loss": 0.3946302044085967,
            "train_acc": 0.9233333269755045,
            "train_f1": 0.9009532605974675,
            "drift": 0.4717649337256931
         },
         "eval_metrics_client": {
            "loss": 0.3964646359284718,
            "accuracy": 0.9266666769981384,
            "f1": 0.9019040769854286
         },
         "eval_metrics_server": {
            "accuracy": 0.925000011920929,
            "loss": 0.3409191370010376,
            "f1_score": 0.8859792482231765
         },
         "drift_metrics": {
            "drift_median": 0.47104862425877,
            "drift_mean": 0.4717649337256931,
            "drift_max": 0.481530014413004,
            "drift_min": 0.46271616250530545,
            "drift_per_client": [
               0.46271616250530545,
               0.481530014413004,
               0.47104862425877
            ]
         }
      },
      {
         "round": 5,
         "train_metrics": {
            "train_loss": 0.38254879835324407,
            "train_acc": 0.9100000063578287,
            "train_f1": 0.8787877001268324,
            "drift": 0.3488207459976591
         },
         "eval_metrics_client": {
            "loss": 0.3740020195643107,
            "accuracy": 0.9366666674613953,
            "f1": 0.9081110109369295
         },
         "eval_metrics_server": {
            "accuracy": 0.9300000071525574,
            "loss": 0.3223007321357727,
            "f1_score": 0.8963116575322174
         },
         "drift_metrics": {
            "drift_median": 0.3403620985948471,
            "drift_mean": 0.3488207459976591,
            "drift_max": 0.3959757265861522,
            "drift_min": 0.31012441281197806,
            "drift_per_client": [
               0.3403620985948471,
               0.3959757265861522,
               0.31012441281197806
            ]
         }
      },
      {
         "round": 6,
         "train_metrics": {
            "train_loss": 0.3547793374611781,
            "train_acc": 0.9266666769981384,
            "train_f1": 0.8889296970772961,
            "drift": 0.30101959782420673
         },
         "eval_metrics_client": {
            "loss": 0.3566915988922119,
            "accuracy": 0.9399999976158142,
            "f1": 0.9105842954234897
         },
         "eval_metrics_server": {
            "accuracy": 0.9549999833106995,
            "loss": 0.3131713569164276,
            "f1_score": 0.9315875489339059
         },
         "drift_metrics": {
            "drift_median": 0.2866875628917926,
            "drift_mean": 0.30101959782420673,
            "drift_max": 0.37103427529120364,
            "drift_min": 0.2453369552896239,
            "drift_per_client": [
               0.2453369552896239,
               0.2866875628917926,
               0.37103427529120364
            ]
         }
      },
      {
         "round": 7,
         "train_metrics": {
            "train_loss": 0.3578177847159214,
            "train_acc": 0.9433333277702332,
            "train_f1": 0.9066023321690686,
            "drift": 0.2094741245460193
         },
         "eval_metrics_client": {
            "loss": 0.36641559004783625,
            "accuracy": 0.9466666579246521,
            "f1": 0.9192625603166221
         },
         "eval_metrics_server": {
            "accuracy": 0.949999988079071,
            "loss": 0.3094523251056671,
            "f1_score": 0.921875
         },
         "drift_metrics": {
            "drift_median": 0.21431179495978273,
            "drift_mean": 0.20947412454601932,
            "drift_max": 0.26363515194608234,
            "drift_min": 0.1504754267321929,
            "drift_per_client": [
               0.21431179495978273,
               0.26363515194608234,
               0.1504754267321929
            ]
         }
      },
      {
         "round": 8,
         "train_metrics": {
            "train_loss": 0.35830165751469434,
            "train_acc": 0.9399999976158142,
            "train_f1": 0.9129131508046503,
            "drift": 0.18858977910955885
         },
         "eval_metrics_client": {
            "loss": 0.3621346652507782,
            "accuracy": 0.9533333381017048,
            "f1": 0.9322051746624231
         },