{
   "info": {
      "strategy": "FedAvg",
      "seed": 7,
      "init_seed": 7,
      "sampling_seed": 7,
      "data_seed": 2,
      "fraction_train": 0.75,
      "fraction_evaluate": 0.75,
      "local_epochs": 2,
      "num_rounds": 10,
      "num_clients": 5,
      "eta_l": 0.3,
      "iid": true,
      "alpha": null,
      "training_mode": "noisy",
      "nshots": 1000,
      "model_type": "quantum",
      "base_pauli": 0.003,
      "base_readout": 0.003,
      "noise_scale": 0.002
   },
   "rounds": [
      {
         "round": 0,
         "train_metrics": {},
         "eval_metrics_client": {},
         "eval_metrics_server": {
            "accuracy": 0.4950000047683716,
            "loss": 0.7266889214515686,
            "f1_score": 0.46807109940750496
         }
      },
      {
         "round": 1,
         "train_metrics": {
            "train_loss": 0.5176563912477248,
            "train_acc": 0.8733333150545755,
            "train_f1": 0.8336743987866277,
            "drift": 1.4072516447447416
         },
         "eval_metrics_client": {
            "loss": 0.46588613589604694,
            "accuracy": 0.8700000047683715,
            "f1": 0.8333777661861014
         },
         "eval_metrics_server": {
            "accuracy": 0.8349999785423279,
            "loss": 0.43374747037887573,
            "f1_score": 0.7842502696871629
         },
         "drift_metrics": {
            "drift_median": 1.3457831941932115,
            "drift_mean": 1.4072516447447416,
            "drift_max": 1.5523802686867854,
            "drift_min": 1.3235914713542283,
            "drift_per_client": [
               1.5523802686867854,
               1.3457831941932115,
               1.3235914713542283
            ]
         }
      },
      {
         "round": 2,
         "train_metrics": {
            "train_loss": 0.3994789803639436,
            "train_acc": 0.9199999968210856,
            "train_f1": 0.8838474741573719,
            "drift": 0.7767474138656467
         },
         "eval_metrics_client": {
            "loss": 0.3881278336048126,
            "accuracy": 0.9283333420753479,
            "f1": 0.8947451093832426
         },
         "eval_metrics_server": {
            "accuracy": 0.9300000071525574,
            "loss": 0.34569334983825684,
            "f1_score": 0.8926215677251113
         },
         "drift_metrics": {
            "drift_median": 0.7420115649305074,
            "drift_mean": 0.7767474138656469,
            "drift_max": 0.9221697835564199,
            "drift_min": 0.6660608931100134,
            "drift_per_client": [
               0.9221697835564199,
               0.6660608931100134,
               0.7420115649305074
            ]
         }
      },
      {
         "round": 3,
         "train_metrics": {
            "train_loss": 0.3655928472677866,
            "train_acc": 0.9300000071525574,
            "train_f1": 0.8908859579000628,
            "drift": 0.44987822707650926
         },
         "eval_metrics_client": {
            "loss": 0.3653531769911448,
            "accuracy": 0.9399999976158142,
            "f1": 0.9094971102547442
         },
         "eval_metrics_server": {
            "accuracy": 0.9449999928474426,
            "loss": 0.32022160291671753,
            "f1_score": 0.9148573861217539
         },
         "drift_metrics": {
            "drift_median": 0.4210547335080807,
            "drift_mean": 0.4498782270765092,
            "drift_max": 0.5233434021611607,
            "drift_min": 0.40523654556028627,
            "drift_per_client": [
               0.4210547335080807,
               0.5233434021611607,
               0.40523654556028627
            ]
         }
      },
      {
         "round": 4,
         "train_metrics": {
            "train_loss": 0.3743787453724787,
            "train_acc": 0.9366666674613953,
            "train_f1": 0.9039279633201169,
            "drift": 0.21357393812289066
         },
         "eval_metrics_client": {
            "loss": 0.3787558376789093,
            "accuracy": 0.9383333325386047,
            "f1": 0.9100424556000477
         },
         "eval_metrics_server": {
            "accuracy": 0.949999988079071,
            "loss": 0.31451690196990967,
            "f1_score": 0.9246534056660639
         },
         "drift_metrics": {
            "drift_median": 0.23138680637202136,
            "drift_mean": 0.2135739381228907,
            "drift_max": 0.24176400813033602,
            "drift_min": 0.1675709998663146,
            "drift_per_client": [
               0.1675709998663146,
               0.23138680637202136,
               0.24176400813033602
            ]
         }
      },
      {
         "round": 5,
         "train_metrics": {
            "train_loss": 0.3699266929657031,
            "train_acc": 0.9333333373069763,
            "train_f1": 0.9089169561658181,
            "drift": 0.18074892322647007
         },
         "eval_metrics_client": {
            "loss": 0.3717751701672872,
            "accuracy": 0.9350000023841858,
            "f1": 0.9104815154991892
         },
         "eval_metrics_server": {
            "accuracy": 0.949999988079071,
            "loss": 0.3128161132335663,
            "f1_score": 0.9246534056660639
         },
         "drift_metrics": {
            "drift_median": 0.16993905761933747,
            "drift_mean": 0.18074892322647007,
            "drift_max": 0.25433220122429806,
            "drift_min": 0.11797551083577472,
            "drift_per_client": [
               0.16993905761933747,
               0.25433220122429806,
               0.11797551083577472
            ]
         }
      },
      {
         "round": 6,
         "train_metrics": {
            "train_loss": 0.3588650944905403,
            "train_acc": 0.9366666674613953,
            "train_f1": 0.9074895847790463,
            "drift": 0.18127884791726095
         },
         "eval_metrics_client": {
            "loss": 0.3622986773649851,
            "accuracy": 0.9449999928474426,
            "f1": 0.9206126843901912
         },
         "eval_metrics_server": {
            "accuracy": 0.9449999928474426,
            "loss": 0.3101029098033905,
            "f1_score": 0.9178338001867414
         },
         "drift_metrics": {
            "drift_median": 0.1947781173975525,
            "drift_mean": 0.18127884791726098,
            "drift_max": 0.25858484825858624,
            "drift_min": 0.09047357809564416,
            "drift_per_client": [
               0.1947781173975525,
               0.25858484825858624,
               0.09047357809564416
            ]
         }
      },
      {
         "round": 7,
         "train_metrics": {
            "train_loss": 0.36045915308671117,
            "train_acc": 0.9266666769981384,
            "train_f1": 0.8906303655392072,
            "drift": 0.18847692792708715
         },
         "eval_metrics_client": {
            "loss": 0.3556683262189229,
            "accuracy": 0.9399999976158142,
            "f1": 0.9082019206698755
         },
         "eval_metrics_server": {
            "accuracy": 0.949999988079071,
            "loss": 0.30752629041671753,
            "f1_score": 0.9233011198036509
         },
         "drift_metrics": {
            "drift_median": 0.2019145664941253,
            "drift_mean": 0.18847692792708715,
            "drift_max": 0.2088552076363365,
            "drift_min": 0.15466100965079965,
            "drift_per_client": [
               0.15466100965079965,
               0.2019145664941253,
               0.2088552076363365
            ]
         }
      },
      {
         "round": 8,
         "train_metrics": {
            "train_loss": 0.35156352779804134,
            "train_acc": 0.9266666769981384,
            "train_f1": 0.8860723009092397,
            "drift": 0.1719740603738027
         },
         "eval_metrics_client": {
            "loss": 0.3530629277229309,
            "accuracy": 0.9383333325386047,