{
   "info": {
      "strategy": "FedAvg",
      "seed": 6,
      "init_seed": 6,
      "sampling_seed": 6,
      "data_seed": 2,
      "fraction_train": 0.75,
      "fraction_evaluate": 0.75,
      "local_epochs": 2,
      "num_rounds": 10,
      "num_clients": 5,
      "eta_l": 0.3,
      "iid": true,
      "alpha": null,
      "training_mode": "noisy",
      "nshots": 1000,
      "model_type": "quantum",
      "base_pauli": 0.003,
      "base_readout": 0.003,
      "noise_scale": 0.002
   },
   "rounds": [
      {
         "round": 0,
         "train_metrics": {},
         "eval_metrics_client": {},
         "eval_metrics_server": {
            "accuracy": 0.6349999904632568,
            "loss": 0.6415873169898987,
            "f1_score": 0.6027318984517428
         }
      },
      {
         "round": 1,
         "train_metrics": {
            "train_loss": 0.4997682494994921,
            "train_acc": 0.8666666746139525,
            "train_f1": 0.8161796009897275,
            "drift": 1.0589679636335751
         },
         "eval_metrics_client": {
            "loss": 0.48103641470273334,
            "accuracy": 0.8549999992052714,
            "f1": 0.8045700677426434
         },
         "eval_metrics_server": {
            "accuracy": 0.8650000095367432,
            "loss": 0.457480788230896,
            "f1_score": 0.8162702868224967
         },
         "drift_metrics": {
            "drift_median": 1.064533873241738,
            "drift_mean": 1.0589679636335754,
            "drift_max": 1.0913019010261213,
            "drift_min": 1.0210681166328666,
            "drift_per_client": [
               1.0913019010261213,
               1.0210681166328666,
               1.064533873241738
            ]
         }
      },
      {
         "round": 2,
         "train_metrics": {
            "train_loss": 0.4431208601364722,
            "train_acc": 0.8899999856948851,
            "train_f1": 0.8583951975184319,
            "drift": 0.6072250908533104
         },
         "eval_metrics_client": {
            "loss": 0.44675394892692566,
            "accuracy": 0.8916666507720946,
            "f1": 0.8525782479721352
         },
         "eval_metrics_server": {
            "accuracy": 0.8999999761581421,
            "loss": 0.4072362184524536,
            "f1_score": 0.8609372827145043
         },
         "drift_metrics": {
            "drift_median": 0.5990796391461337,
            "drift_mean": 0.6072250908533104,
            "drift_max": 0.648585947014145,
            "drift_min": 0.5740096863996529,
            "drift_per_client": [
               0.648585947014145,
               0.5990796391461337,
               0.5740096863996529
            ]
         }
      },
      {
         "round": 3,
         "train_metrics": {
            "train_loss": 0.4116131953704051,
            "train_acc": 0.8999999960263569,
            "train_f1": 0.8658234402387324,
            "drift": 0.5494246341285913
         },
         "eval_metrics_client": {
            "loss": 0.4149970114231109,
            "accuracy": 0.9083333412806193,
            "f1": 0.873558073313123
         },
         "eval_metrics_server": {
            "accuracy": 0.925000011920929,
            "loss": 0.36568042635917664,
            "f1_score": 0.8916145814516421
         },
         "drift_metrics": {
            "drift_median": 0.5343882972093535,
            "drift_mean": 0.5494246341285912,
            "drift_max": 0.587630306198525,
            "drift_min": 0.5262552989778955,
            "drift_per_client": [
               0.587630306198525,
               0.5262552989778955,
               0.5343882972093535
            ]
         }
      },
      {
         "round": 4,
         "train_metrics": {
            "train_loss": 0.36971581020416355,
            "train_acc": 0.9066666762034098,
            "train_f1": 0.8727003375691689,
            "drift": 0.4731957667271277
         },
         "eval_metrics_client": {
            "loss": 0.38068370024363196,
            "accuracy": 0.9233333468437195,
            "f1": 0.8953985132360275
         },
         "eval_metrics_server": {
            "accuracy": 0.9200000166893005,
            "loss": 0.3357362449169159,
            "f1_score": 0.8814990371796771
         },
         "drift_metrics": {
            "drift_median": 0.4139930568397357,
            "drift_mean": 0.47319576672712776,
            "drift_max": 0.5999806976643282,
            "drift_min": 0.4056135456773194,
            "drift_per_client": [
               0.4056135456773194,
               0.4139930568397357,
               0.5999806976643282
            ]
         }
      },
      {
         "round": 5,
         "train_metrics": {
            "train_loss": 0.35266574300252473,
            "train_acc": 0.9266666769981384,
            "train_f1": 0.8927194121772672,
            "drift": 0.34394109001154294
         },
         "eval_metrics_client": {
            "loss": 0.3665488660335541,
            "accuracy": 0.9333333373069763,
            "f1": 0.9071583850259134
         },
         "eval_metrics_server": {
            "accuracy": 0.9449999928474426,
            "loss": 0.32090845704078674,
            "f1_score": 0.9178338001867414
         },
         "drift_metrics": {
            "drift_median": 0.367071756873536,
            "drift_mean": 0.3439410900115429,
            "drift_max": 0.4212011556090402,
            "drift_min": 0.24355035755205254,
            "drift_per_client": [
               0.24355035755205254,
               0.4212011556090402,
               0.367071756873536
            ]
         }
      },
      {
         "round": 6,
         "train_metrics": {
            "train_loss": 0.3502017698990993,
            "train_acc": 0.9333333373069763,
            "train_f1": 0.8968189632859437,
            "drift": 0.27933680878136347
         },
         "eval_metrics_client": {
            "loss": 0.35618358850479126,
            "accuracy": 0.9383333325386047,
            "f1": 0.9083900927767352
         },
         "eval_metrics_server": {
            "accuracy": 0.9449999928474426,
            "loss": 0.3147968053817749,
            "f1_score": 0.9178338001867414
         },
         "drift_metrics": {
            "drift_median": 0.2782202987424802,
            "drift_mean": 0.27933680878136347,
            "drift_max": 0.3056331174504229,
            "drift_min": 0.2541570101511873,
            "drift_per_client": [
               0.2541570101511873,
               0.3056331174504229,
               0.2782202987424802
            ]
         }
      },
      {
         "round": 7,
         "train_metrics": {
            "train_loss": 0.3673744132885566,
            "train_acc": 0.9233333269755045,
            "train_f1": 0.8956409385857238,
            "drift": 0.22834296620948952
         },
         "eval_metrics_client": {
            "loss": 0.3648730218410492,
            "accuracy": 0.9366666674613953,
            "f1": 0.9076117730432955
         },
         "eval_metrics_server": {
            "accuracy": 0.9449999928474426,
            "loss": 0.3131142854690552,
            "f1_score": 0.9178338001867414
         },
         "drift_metrics": {
            "drift_median": 0.21316491954512248,
            "drift_mean": 0.22834296620948955,
            "drift_max": 0.2799545174149037,
            "drift_min": 0.19190946166844247,
            "drift_per_client": [
               0.2799545174149037,
               0.19190946166844247,
               0.21316491954512248
            ]
         }
      },
      {
         "round": 8,
         "train_metrics": {
            "train_loss": 0.37149826762003774,
            "train_acc": 0.9266666571299235,
            "train_f1": 0.8972335776724659,
            "drift": 0.19130597455918136
         },
         "eval_metrics_client": {
            "loss": 0.3736567695935567,
            "accuracy": 0.9383333325386047,
            "f1": 0.9100047391147706
         },