{
   "info": {
      "strategy": "FedAvg",
      "seed": 3,
      "init_seed": 3,
      "sampling_seed": 3,
      "data_seed": 2,
      "fraction_train": 0.75,
      "fraction_evaluate": 0.75,
      "local_epochs": 2,
      "num_rounds": 10,
      "num_clients": 5,
      "eta_l": 0.3,
      "iid": true,
      "alpha": null,
      "training_mode": "noisy",
      "nshots": 1000,
      "model_type": "quantum",
      "base_pauli": 0.003,
      "base_readout": 0.003,
      "noise_scale": 0.002
   },
   "rounds": [
      {
         "round": 0,
         "train_metrics": {},
         "eval_metrics_client": {},
         "eval_metrics_server": {
            "accuracy": 0.47999998927116394,
            "loss": 0.7357013821601868,
            "f1_score": 0.4164515767029514
         }
      },
      {
         "round": 1,
         "train_metrics": {
            "train_loss": 0.4801891568379524,
            "train_acc": 0.8799999952316284,
            "train_f1": 0.822935290872555,
            "drift": 1.4182994846157873
         },
         "eval_metrics_client": {
            "loss": 0.4592503507932027,
            "accuracy": 0.8700000047683716,
            "f1": 0.8094100941615536
         },
         "eval_metrics_server": {
            "accuracy": 0.8899999856948853,
            "loss": 0.4270251393318176,
            "f1_score": 0.8248128682911291
         },
         "drift_metrics": {
            "drift_median": 1.4452232804653458,
            "drift_mean": 1.4182994846157875,
            "drift_max": 1.4684245661301245,
            "drift_min": 1.3412506072518915,
            "drift_per_client": [
               1.4452232804653458,
               1.3412506072518915,
               1.4684245661301245
            ]
         }
      },
      {
         "round": 2,
         "train_metrics": {
            "train_loss": 0.4018650238330547,
            "train_acc": 0.9533333381017048,
            "train_f1": 0.9193792851081853,
            "drift": 0.5786752277301257
         },
         "eval_metrics_client": {
            "loss": 0.4336483081181844,
            "accuracy": 0.9133333365122477,
            "f1": 0.8604287076423918
         },
         "eval_metrics_server": {
            "accuracy": 0.9399999976158142,
            "loss": 0.37733665108680725,
            "f1_score": 0.8911268372346217
         },
         "drift_metrics": {
            "drift_median": 0.581539719024444,
            "drift_mean": 0.5786752277301257,
            "drift_max": 0.6173276101786659,
            "drift_min": 0.5371583539872671,
            "drift_per_client": [
               0.581539719024444,
               0.6173276101786659,
               0.5371583539872671
            ]
         }
      },
      {
         "round": 3,
         "train_metrics": {
            "train_loss": 0.40660879015922546,
            "train_acc": 0.9433333277702332,
            "train_f1": 0.8825296285233182,
            "drift": 0.26766635642974207
         },
         "eval_metrics_client": {
            "loss": 0.4287509322166443,
            "accuracy": 0.9166666666666666,
            "f1": 0.8462714671934163
         },
         "eval_metrics_server": {
            "accuracy": 0.9350000023841858,
            "loss": 0.37131309509277344,
            "f1_score": 0.8775375629975036
         },
         "drift_metrics": {
            "drift_median": 0.24667200095299982,
            "drift_mean": 0.26766635642974207,
            "drift_max": 0.31429659678796673,
            "drift_min": 0.2420304715482596,
            "drift_per_client": [
               0.31429659678796673,
               0.24667200095299982,
               0.2420304715482596
            ]
         }
      },
      {
         "round": 4,
         "train_metrics": {
            "train_loss": 0.430998445321352,
            "train_acc": 0.9066666762034098,
            "train_f1": 0.8394715158773679,
            "drift": 0.23061513045933085
         },
         "eval_metrics_client": {
            "loss": 0.43194928765296936,
            "accuracy": 0.92166668176651,
            "f1": 0.8548535262888641
         },
         "eval_metrics_server": {
            "accuracy": 0.9350000023841858,
            "loss": 0.3699222505092621,
            "f1_score": 0.8805970149253732
         },
         "drift_metrics": {
            "drift_median": 0.19834634255475345,
            "drift_mean": 0.2306151304593309,
            "drift_max": 0.34312918194461334,
            "drift_min": 0.15036986687862586,
            "drift_per_client": [
               0.19834634255475345,
               0.15036986687862586,
               0.34312918194461334
            ]
         }
      },
      {
         "round": 5,
         "train_metrics": {
            "train_loss": 0.42561961748661137,
            "train_acc": 0.8866666555404663,
            "train_f1": 0.8077136880542195,
            "drift": 0.24168462991731754
         },
         "eval_metrics_client": {
            "loss": 0.4208349486192067,
            "accuracy": 0.9116666714350382,
            "f1": 0.8335286844961874
         },
         "eval_metrics_server": {
            "accuracy": 0.9350000023841858,
            "loss": 0.3693692684173584,
            "f1_score": 0.8805970149253732
         },
         "drift_metrics": {
            "drift_median": 0.2240962676742649,
            "drift_mean": 0.24168462991731757,
            "drift_max": 0.2958437921086437,
            "drift_min": 0.20511382996904406,
            "drift_per_client": [
               0.20511382996904406,
               0.2240962676742649,
               0.2958437921086437
            ]
         }
      },
      {
         "round": 6,
         "train_metrics": {
            "train_loss": 0.40043917527565587,
            "train_acc": 0.896666665871938,
            "train_f1": 0.8312306302731011,
            "drift": 0.22863039538294846
         },
         "eval_metrics_client": {
            "loss": 0.4136472443739573,
            "accuracy": 0.9116666714350382,
            "f1": 0.8447082991536895
         },
         "eval_metrics_server": {
            "accuracy": 0.9350000023841858,
            "loss": 0.36932364106178284,
            "f1_score": 0.8805970149253732
         },
         "drift_metrics": {
            "drift_median": 0.2148273466434195,
            "drift_mean": 0.2286303953829485,
            "drift_max": 0.30135359187458005,
            "drift_min": 0.1697102476308459,
            "drift_per_client": [
               0.30135359187458005,
               0.1697102476308459,
               0.2148273466434195
            ]
         }
      },
      {
         "round": 7,
         "train_metrics": {
            "train_loss": 0.3921436980748788,
            "train_acc": 0.943333347638448,
            "train_f1": 0.8951571458125198,
            "drift": 0.16978346236222275
         },
         "eval_metrics_client": {
            "loss": 0.4254928529262542,
            "accuracy": 0.9116666515668232,
            "f1": 0.8491402296314173
         },
         "eval_metrics_server": {
            "accuracy": 0.9350000023841858,
            "loss": 0.36959171295166016,
            "f1_score": 0.8775375629975036
         },
         "drift_metrics": {
            "drift_median": 0.1403882937424575,
            "drift_mean": 0.16978346236222275,
            "drift_max": 0.24854303018696072,
            "drift_min": 0.12041906315725003,
            "drift_per_client": [
               0.12041906315725003,
               0.1403882937424575,
               0.24854303018696072
            ]
         }
      },
      {
         "round": 8,
         "train_metrics": {
            "train_loss": 0.4038308209333664,
            "train_acc": 0.9333333373069763,
            "train_f1": 0.8546657939761387,
            "drift": 0.1515860575265241
         },
         "eval_metrics_client": {
            "loss": 0.42586737871170044,
            "accuracy": 0.9133333365122477,