{
    "1": {
        "loss_median": 0.43631554643313086,
        "loss_mad": 0.025011271238327026,
        "accuracy_median": 0.8866666754086812,
        "accuracy_mad": 0.008333325386047363,
        "f1_median": 0.8150459084772055,
        "f1_mad": 0.034245926351876066
    },
    "2": {
        "loss_median": 0.38192816575368244,
        "loss_mad": 0.018343806266784723,
        "accuracy_median": 0.8999999960263569,
        "accuracy_mad": 0.020000000794728634,
        "f1_median": 0.8508790971927742,
        "f1_mad": 0.03139827918296001
    },
    "3": {
        "loss_median": 0.3447348872820536,
        "loss_mad": 0.021159877379735292,
        "accuracy_median": 0.9150000015894572,
        "accuracy_mad": 0.013333340485890743,
        "f1_median": 0.8810842281456825,
        "f1_mad": 0.02442016443232531
    },
    "4": {
        "loss_median": 0.32412900527318317,
        "loss_mad": 0.01993870735168457,
        "accuracy_median": 0.9316666722297668,
        "accuracy_mad": 0.0033333301544189453,
        "f1_median": 0.8977967198446324,
        "f1_mad": 0.006872164834953454
    },
    "5": {
        "loss_median": 0.32511507471402484,
        "loss_mad": 0.027348806460698427,
        "accuracy_median": 0.9399999976158142,
        "accuracy_mad": 0.006666660308837891,
        "f1_median": 0.9073912144196704,
        "f1_mad": 0.00592589632826479
    },
    "6": {
        "loss_median": 0.31653767824172974,
        "loss_mad": 0.016926666100819943,
        "accuracy_median": 0.9350000023841858,
        "accuracy_mad": 0.004999995231628418,
        "f1_median": 0.9036889331913963,
        "f1_mad": 0.007965737154693286
    },
    "7": {
        "loss_median": 0.3173180818557739,
        "loss_mad": 0.011683285236358643,
        "accuracy_median": 0.9400000174840291,
        "accuracy_mad": 0.0016666452089946215,
        "f1_median": 0.9113136033391284,
        "f1_mad": 0.002324700156940973
    },
    "8": {
        "loss_median": 0.32636358340581256,
        "loss_mad": 0.011081735293070494,
        "accuracy_median": 0.9316666722297668,
        "accuracy_mad": 0.0033333500226339075,
        "f1_median": 0.8991581615286103,
        "f1_mad": 0.014168821323136127
    },
    "9": {
        "loss_median": 0.3228174845377604,
        "loss_mad": 0.00978923837343848,
        "accuracy_median": 0.9316666722297668,
        "accuracy_mad": 0.0033333301544189453,
        "f1_median": 0.8910847598776742,
        "f1_mad": 0.011030969536434454
    },
    "10": {
        "loss_median": 0.31469483176867163,
        "loss_mad": 0.003738661607106508,
        "accuracy_median": 0.9400000174840291,
        "accuracy_mad": 0.006666680177052742,
        "f1_median": 0.9038457761759275,
        "f1_mad": 0.015234496575231238
    }
}