{
    "1": {
        "loss_median": 0.4388343791166941,
        "loss_mad": 0.05170789361000061,
        "accuracy_median": 0.8666666547457377,
        "accuracy_mad": 0.043333351612091064,
        "f1_median": 0.8166306671697163,
        "f1_mad": 0.048670114994794345
    },
    "2": {
        "loss_median": 0.38586231072743726,
        "loss_mad": 0.026449839274088505,
        "accuracy_median": 0.8716666499773661,
        "accuracy_mad": 0.03000001112620032,
        "f1_median": 0.8236647207279932,
        "f1_mad": 0.07321169706488206
    },
    "3": {
        "loss_median": 0.3367811143398285,
        "loss_mad": 0.018980592489242554,
        "accuracy_median": 0.896666665871938,
        "accuracy_mad": 0.028333326180775997,
        "f1_median": 0.8595661666629408,
        "f1_mad": 0.05300772714415902
    },
    "4": {
        "loss_median": 0.32174874345461524,
        "loss_mad": 0.01832503080368042,
        "accuracy_median": 0.9100000063578287,
        "accuracy_mad": 0.015000005563100216,
        "f1_median": 0.8665075404263693,
        "f1_mad": 0.025369448644917192
    },
    "5": {
        "loss_median": 0.32548269629478455,
        "loss_mad": 0.024138698975245176,
        "accuracy_median": 0.9133333365122477,
        "accuracy_mad": 0.01166667540868127,
        "f1_median": 0.8778023979407794,
        "f1_mad": 0.019381537873093824
    },
    "6": {
        "loss_median": 0.3293629785378774,
        "loss_mad": 0.02441456913948059,
        "accuracy_median": 0.9166666666666666,
        "accuracy_mad": 0.01666667064030969,
        "f1_median": 0.8647091041027439,
        "f1_mad": 0.02415015091802042
    },
    "7": {
        "loss_median": 0.3308026889959971,
        "loss_mad": 0.022855629523595156,
        "accuracy_median": 0.9266666571299235,
        "accuracy_mad": 0.028333326180775997,
        "f1_median": 0.8960664757055777,
        "f1_mad": 0.0351068957480003
    },
    "8": {
        "loss_median": 0.3293646077315012,
        "loss_mad": 0.014240533113479614,
        "accuracy_median": 0.9183333317438761,
        "accuracy_mad": 0.01666667064030969,
        "f1_median": 0.8843215632148179,
        "f1_mad": 0.021512473455975623
    },
    "9": {
        "loss_median": 0.34971568981806433,
        "loss_mad": 0.0292901297410329,
        "accuracy_median": 0.9266666571299235,
        "accuracy_mad": 0.013333360354105595,
        "f1_median": 0.8704716835333107,
        "f1_mad": 0.02471727965777404
    },
    "10": {
        "loss_median": 0.31584112842877704,
        "loss_mad": 0.012588411569595337,
        "accuracy_median": 0.9150000214576721,
        "accuracy_mad": 0.008333325386047363,
        "f1_median": 0.8798539306628285,
        "f1_mad": 0.015973075680439264
    }
}