{
   "info": {
      "strategy": "FedAdagrad",
      "seed": 3,
      "sampling_seed": 3,
      "local_epochs": 2,
      "num_rounds": 10,
      "num_clients": 5,
      "eta": 0.3,
      "eta_l": 0.2,
      "iid": false,
      "alpha": 1.8,
      "training_mode": "noiseless",
      "nshots": 1000,
      "model_type": "quantum"
   },
   "rounds": [
      {
         "round": 0,
         "train_metrics": {},
         "eval_metrics_client": {},
         "eval_metrics_server": {
            "accuracy": 0.47999998927116394,
            "loss": 0.7357013821601868,
            "f1_score": 0.4164515767029514
         }
      },
      {
         "round": 1,
         "train_metrics": {
            "train_loss": 0.4665469630037833,
            "train_acc": 0.8928571520270883,
            "train_f1": 0.8036810615854735,
            "drift": 1.4301372144878055
         },
         "eval_metrics_client": {
            "loss": 0.5597062309583027,
            "accuracy": 0.7266666690508524,
            "f1": 0.6371276880672238
         },
         "eval_metrics_server": {
            "accuracy": 0.7400000095367432,
            "loss": 0.5564348697662354,
            "f1_score": 0.6272401433691757
         },
         "drift_metrics": {
            "drift_median": 1.4410298223234796,
            "drift_mean": 1.4199861386964379,
            "drift_max": 1.5081211319213976,
            "drift_min": 1.310807461844436,
            "drift_per_client": [
               1.310807461844436,
               1.4410298223234796,
               1.5081211319213976
            ]
         }
      },
      {
         "round": 2,
         "train_metrics": {
            "train_loss": 0.4125605036874575,
            "train_acc": 0.9038461632071397,
            "train_f1": 0.8713555618065183,
            "drift": 0.9597429964061494
         },
         "eval_metrics_client": {
            "loss": 0.504692792892456,
            "accuracy": 0.7650000055631001,
            "f1": 0.681147248948986
         },
         "eval_metrics_server": {
            "accuracy": 0.7699999809265137,
            "loss": 0.49188095331192017,
            "f1_score": 0.6593097318915716
         },
         "drift_metrics": {
            "drift_median": 0.9508936745766532,
            "drift_mean": 0.9443757332439922,
            "drift_max": 1.0461970615904659,
            "drift_min": 0.8360364635648575,
            "drift_per_client": [
               0.8360364635648575,
               0.9508936745766532,
               1.0461970615904659
            ]
         }
      },
      {
         "round": 3,
         "train_metrics": {
            "train_loss": 0.37973303284105175,
            "train_acc": 0.9322033827587709,
            "train_f1": 0.8806496366580161,
            "drift": 0.6771111146816349
         },
         "eval_metrics_client": {
            "loss": 0.45867795745531714,
            "accuracy": 0.8399999936421711,
            "f1": 0.7482952777070424
         },
         "eval_metrics_server": {
            "accuracy": 0.8149999976158142,
            "loss": 0.4528568387031555,
            "f1_score": 0.6964102564102564
         },
         "drift_metrics": {
            "drift_median": 0.6884906824707385,
            "drift_mean": 0.6666807294400742,
            "drift_max": 0.7051333321228057,
            "drift_min": 0.6064181737266784,
            "drift_per_client": [
               0.6064181737266784,
               0.6884906824707385,
               0.7051333321228057
            ]
         }
      },
      {
         "round": 4,
         "train_metrics": {
            "train_loss": 0.38210968827865854,
            "train_acc": 0.9335793309546044,
            "train_f1": 0.8406625301616466,
            "drift": 0.6425647709070894
         },
         "eval_metrics_client": {
            "loss": 0.42187757293383277,
            "accuracy": 0.8766666650772094,
            "f1": 0.7899575074205956
         },
         "eval_metrics_server": {
            "accuracy": 0.8399999737739563,
            "loss": 0.42463549971580505,
            "f1_score": 0.7347040291825568
         },
         "drift_metrics": {
            "drift_median": 0.5726572408303033,
            "drift_mean": 0.6055401377747935,
            "drift_max": 0.7399323632282921,
            "drift_min": 0.504030809265785,
            "drift_per_client": [
               0.504030809265785,
               0.5726572408303033,
               0.7399323632282921
            ]
         }
      },
      {
         "round": 5,
         "train_metrics": {
            "train_loss": 0.39121566671616703,
            "train_acc": 0.91482651308884,
            "train_f1": 0.8291065802902324,
            "drift": 0.5735586794612295
         },
         "eval_metrics_client": {
            "loss": 0.41278068224589026,
            "accuracy": 0.8849999904632568,
            "f1": 0.8001482422491406
         },
         "eval_metrics_server": {
            "accuracy": 0.8899999856948853,
            "loss": 0.4100687801837921,
            "f1_score": 0.8003992015968064
         },
         "drift_metrics": {
            "drift_median": 0.598076080726513,
            "drift_mean": 0.5437668072349697,
            "drift_max": 0.6086024012638362,
            "drift_min": 0.42462193971456,
            "drift_per_client": [
               0.42462193971456,
               0.598076080726513,
               0.6086024012638362
            ]
         }
      },
      {
         "round": 6,
         "train_metrics": {
            "train_loss": 0.3681548664515921,
            "train_acc": 0.9340659473296051,
            "train_f1": 0.8621359346699757,
            "drift": 0.4955458568886625
         },
         "eval_metrics_client": {
            "loss": 0.4076512654622395,
            "accuracy": 0.8866666754086812,
            "f1": 0.8165651008413917
         },
         "eval_metrics_server": {
            "accuracy": 0.9200000166893005,
            "loss": 0.3996562957763672,
            "f1_score": 0.8582565556343018
         },
         "drift_metrics": {
            "drift_median": 0.5188211002569528,
            "drift_mean": 0.4890479365171889,
            "drift_max": 0.531957115567567,
            "drift_min": 0.41636559372704685,
            "drift_per_client": [
               0.41636559372704685,
               0.5188211002569528,
               0.531957115567567
            ]
         }
      },
      {
         "round": 7,
         "train_metrics": {
            "train_loss": 0.36557501045965535,
            "train_acc": 0.9455128224232258,
            "train_f1": 0.9270860591782215,
            "drift": 0.4008129439209086
         },
         "eval_metrics_client": {
            "loss": 0.4102932115395863,
            "accuracy": 0.8950000007947285,
            "f1": 0.8330778345900669
         },
         "eval_metrics_server": {
            "accuracy": 0.9350000023841858,
            "loss": 0.39395028352737427,
            "f1_score": 0.8834655551073461
         },
         "drift_metrics": {
            "drift_median": 0.36463603580251674,
            "drift_mean": 0.39273541124448025,
            "drift_max": 0.46316647374559233,
            "drift_min": 0.35040372418533167,
            "drift_per_client": [
               0.36463603580251674,
               0.35040372418533167,
               0.46316647374559233
            ]
         }
      },
      {
         "round": 8,
         "train_metrics": {
            "train_loss": 0.34801585391876855,
            "train_acc": 0.9661016855704583,
            "train_f1": 0.9378969619693145,
            "drift": 0.31317312272028897
         },
         "eval_metrics_client": {
            "loss": 0.39682628711064655,
            "accuracy": 0.9100000063578287,
            "f1": 0.8430450287748967
         },
         "eval_metrics_server": {
            "accuracy": 0.9350000023841858,
            "loss": 0.388232946395874,
            "f1_score": 0.8834655551073461
         },