{
   "info": {
      "strategy": "FedAdagrad",
      "seed": 4,
      "sampling_seed": 4,
      "local_epochs": 2,
      "num_rounds": 10,
      "num_clients": 5,
      "eta": 0.3,
      "eta_l": 0.2,
      "iid": false,
      "alpha": 1.8,
      "training_mode": "noiseless",
      "nshots": 1000,
      "model_type": "quantum"
   },
   "rounds": [
      {
         "round": 0,
         "train_metrics": {},
         "eval_metrics_client": {},
         "eval_metrics_server": {
            "accuracy": 0.6700000166893005,
            "loss": 0.6031970381736755,
            "f1_score": 0.6268656716417911
         }
      },
      {
         "round": 1,
         "train_metrics": {
            "train_loss": 0.48005837310697896,
            "train_acc": 0.8773584967514254,
            "train_f1": 0.8042479945653653,
            "drift": 0.9955501812050569
         },
         "eval_metrics_client": {
            "loss": 0.5042569736639658,
            "accuracy": 0.7816666762034097,
            "f1": 0.7333833415001838
         },
         "eval_metrics_server": {
            "accuracy": 0.7599999904632568,
            "loss": 0.496978759765625,
            "f1_score": 0.6919522525991528
         },
         "drift_metrics": {
            "drift_median": 0.9428192236867007,
            "drift_mean": 0.9720114737363783,
            "drift_max": 1.1255033434649235,
            "drift_min": 0.8477118540575104,
            "drift_per_client": [
               0.8477118540575104,
               0.9428192236867007,
               1.1255033434649235
            ]
         }
      },
      {
         "round": 2,
         "train_metrics": {
            "train_loss": 0.41093062901548694,
            "train_acc": 0.9135446785506323,
            "train_f1": 0.8797051376604699,
            "drift": 0.765672778125982
         },
         "eval_metrics_client": {
            "loss": 0.44813760121663404,
            "accuracy": 0.8583333293596902,
            "f1": 0.8195510579495039
         },
         "eval_metrics_server": {
            "accuracy": 0.8999999761581421,
            "loss": 0.4395107626914978,
            "f1_score": 0.8543123543123543
         },
         "drift_metrics": {
            "drift_median": 0.7218663260201182,
            "drift_mean": 0.7483511164655,
            "drift_max": 0.8873687502477071,
            "drift_min": 0.6358182731286748,
            "drift_per_client": [
               0.6358182731286748,
               0.7218663260201182,
               0.8873687502477071
            ]
         }
      },
      {
         "round": 3,
         "train_metrics": {
            "train_loss": 0.38756798418026495,
            "train_acc": 0.9116719195895391,
            "train_f1": 0.877721709230338,
            "drift": 0.6484682846872605
         },
         "eval_metrics_client": {
            "loss": 0.40841855605443317,
            "accuracy": 0.8999999960263569,
            "f1": 0.8614421738169937
         },
         "eval_metrics_server": {
            "accuracy": 0.925000011920929,
            "loss": 0.40217864513397217,
            "f1_score": 0.8859792482231765
         },
         "drift_metrics": {
            "drift_median": 0.6618314111943291,
            "drift_mean": 0.5837521310541325,
            "drift_max": 0.7615691482620182,
            "drift_min": 0.3278558337060502,
            "drift_per_client": [
               0.3278558337060502,
               0.6618314111943291,
               0.7615691482620182
            ]
         }
      },
      {
         "round": 4,
         "train_metrics": {
            "train_loss": 0.3633900602916749,
            "train_acc": 0.9148936144849087,
            "train_f1": 0.88305484962073,
            "drift": 0.5749442023679716
         },
         "eval_metrics_client": {
            "loss": 0.38251691063245136,
            "accuracy": 0.9049999912579854,
            "f1": 0.8665143301912606
         },
         "eval_metrics_server": {
            "accuracy": 0.9350000023841858,
            "loss": 0.3752189576625824,
            "f1_score": 0.9045205831588998
         },
         "drift_metrics": {
            "drift_median": 0.6259164774851581,
            "drift_mean": 0.5272395714391896,
            "drift_max": 0.6432249837780845,
            "drift_min": 0.3125772530543266,
            "drift_per_client": [
               0.3125772530543266,
               0.6259164774851581,
               0.6432249837780845
            ]
         }
      },
      {
         "round": 5,
         "train_metrics": {
            "train_loss": 0.31984493123210145,
            "train_acc": 0.9322033842741433,
            "train_f1": 0.8847787272181241,
            "drift": 0.4402963875505611
         },
         "eval_metrics_client": {
            "loss": 0.3527929882208506,
            "accuracy": 0.9283333420753479,
            "f1": 0.8936346361697975
         },
         "eval_metrics_server": {
            "accuracy": 0.9300000071525574,
            "loss": 0.35442161560058594,
            "f1_score": 0.8926215677251113
         },
         "drift_metrics": {
            "drift_median": 0.3949460050426934,
            "drift_mean": 0.41229678827560434,
            "drift_max": 0.5639654888261817,
            "drift_min": 0.2779788709579378,
            "drift_per_client": [
               0.2779788709579378,
               0.3949460050426934,
               0.5639654888261817
            ]
         }
      },
      {
         "round": 6,
         "train_metrics": {
            "train_loss": 0.3035610366331856,
            "train_acc": 0.9433962273522742,
            "train_f1": 0.8900427378604301,
            "drift": 0.43376659579869564
         },
         "eval_metrics_client": {
            "loss": 0.3353084623813629,
            "accuracy": 0.9399999976158142,
            "f1": 0.9146702443478737
         },
         "eval_metrics_server": {
            "accuracy": 0.9350000023841858,
            "loss": 0.3373088538646698,
            "f1_score": 0.9011820151267531
         },
         "drift_metrics": {
            "drift_median": 0.47286888335879396,
            "drift_mean": 0.42278451527443234,
            "drift_max": 0.47357042583753983,
            "drift_min": 0.32191423662696317,
            "drift_per_client": [
               0.32191423662696317,
               0.47286888335879396,
               0.47357042583753983
            ]
         }
      },
      {
         "round": 7,
         "train_metrics": {
            "train_loss": 0.31304162019841997,
            "train_acc": 0.9193083631889278,
            "train_f1": 0.8847155858821921,
            "drift": 0.39678067063245315
         },
         "eval_metrics_client": {
            "loss": 0.32566002011299133,
            "accuracy": 0.9350000023841858,
            "f1": 0.9118315945873648
         },
         "eval_metrics_server": {
            "accuracy": 0.9399999976158142,
            "loss": 0.3287914991378784,
            "f1_score": 0.9111242778847578
         },
         "drift_metrics": {
            "drift_median": 0.37114441652661095,
            "drift_mean": 0.3817386637593008,
            "drift_max": 0.5071838211741644,
            "drift_min": 0.2668877535771272,
            "drift_per_client": [
               0.2668877535771272,
               0.5071838211741644,
               0.37114441652661095
            ]
         }
      },
      {
         "round": 8,
         "train_metrics": {
            "train_loss": 0.32175919875813463,
            "train_acc": 0.9211356572172242,
            "train_f1": 0.8831321809072918,
            "drift": 0.34009387471761676
         },
         "eval_metrics_client": {
            "loss": 0.32124833265940345,
            "accuracy": 0.9333333373069763,
            "f1": 0.9032012824506959
         },
         "eval_metrics_server": {
            "accuracy": 0.9399999976158142,
            "loss": 0.3203105926513672,