{
   "info": {
      "strategy": "FedAdagrad",
      "seed": 7,
      "sampling_seed": 7,
      "local_epochs": 2,
      "num_rounds": 10,
      "num_clients": 5,
      "eta": 0.3,
      "eta_l": 0.2,
      "iid": false,
      "alpha": 1.8,
      "training_mode": "noiseless",
      "nshots": 1000,
      "model_type": "quantum"
   },
   "rounds": [
      {
         "round": 0,
         "train_metrics": {},
         "eval_metrics_client": {},
         "eval_metrics_server": {
            "accuracy": 0.4950000047683716,
            "loss": 0.7266889214515686,
            "f1_score": 0.46807109940750496
         }
      },
      {
         "round": 1,
         "train_metrics": {
            "train_loss": 0.500503529614545,
            "train_acc": 0.8553459110125056,
            "train_f1": 0.77794366329319,
            "drift": 1.3528008120988786
         },
         "eval_metrics_client": {
            "loss": 0.5671488046646118,
            "accuracy": 0.7283333341280619,
            "f1": 0.6940437705233389
         },
         "eval_metrics_server": {
            "accuracy": 0.7450000047683716,
            "loss": 0.575206995010376,
            "f1_score": 0.6978583488847419
         },
         "drift_metrics": {
            "drift_median": 1.2262182337437697,
            "drift_mean": 1.3247172702059617,
            "drift_max": 1.5320339188371155,
            "drift_min": 1.2158996580369998,
            "drift_per_client": [
               1.2262182337437697,
               1.2158996580369998,
               1.5320339188371155
            ]
         }
      },
      {
         "round": 2,
         "train_metrics": {
            "train_loss": 0.3899664620398017,
            "train_acc": 0.9062500002069606,
            "train_f1": 0.8421254185111566,
            "drift": 1.0712749740670593
         },
         "eval_metrics_client": {
            "loss": 0.4745518465836842,
            "accuracy": 0.8316666483879089,
            "f1": 0.7835209430952375
         },
         "eval_metrics_server": {
            "accuracy": 0.7950000166893005,
            "loss": 0.4781961739063263,
            "f1_score": 0.744381059259952
         },
         "drift_metrics": {
            "drift_median": 1.0461314318628456,
            "drift_mean": 0.9918394805853786,
            "drift_max": 1.2397138758620012,
            "drift_min": 0.689673134031289,
            "drift_per_client": [
               0.689673134031289,
               1.0461314318628456,
               1.2397138758620012
            ]
         }
      },
      {
         "round": 3,
         "train_metrics": {
            "train_loss": 0.36637274225097777,
            "train_acc": 0.9042553267580398,
            "train_f1": 0.8686852359196242,
            "drift": 0.7952828176402391
         },
         "eval_metrics_client": {
            "loss": 0.43826839327812195,
            "accuracy": 0.8733333349227904,
            "f1": 0.831143174634184
         },
         "eval_metrics_server": {
            "accuracy": 0.8500000238418579,
            "loss": 0.43073123693466187,
            "f1_score": 0.8050935550935552
         },
         "drift_metrics": {
            "drift_median": 0.8551821665149055,
            "drift_mean": 0.7485835501186239,
            "drift_max": 0.8559395826248116,
            "drift_min": 0.5346289012161541,
            "drift_per_client": [
               0.5346289012161541,
               0.8551821665149055,
               0.8559395826248116
            ]
         }
      },
      {
         "round": 4,
         "train_metrics": {
            "train_loss": 0.35301209905758,
            "train_acc": 0.8943396284895123,
            "train_f1": 0.8713748378645195,
            "drift": 0.6483981268735473
         },
         "eval_metrics_client": {
            "loss": 0.4024977684020996,
            "accuracy": 0.8866666555404662,
            "f1": 0.8497048362613878
         },
         "eval_metrics_server": {
            "accuracy": 0.8849999904632568,
            "loss": 0.4003733694553375,
            "f1_score": 0.8434895035895342
         },
         "drift_metrics": {
            "drift_median": 0.6925517182136716,
            "drift_mean": 0.6150442291422448,
            "drift_max": 0.7007489426508288,
            "drift_min": 0.4518320265622338,
            "drift_per_client": [
               0.4518320265622338,
               0.6925517182136716,
               0.7007489426508288
            ]
         }
      },
      {
         "round": 5,
         "train_metrics": {
            "train_loss": 0.3296046168833823,
            "train_acc": 0.9020172828212596,
            "train_f1": 0.8647291842112321,
            "drift": 0.6520693504473447
         },
         "eval_metrics_client": {
            "loss": 0.3786406020323435,
            "accuracy": 0.896666665871938,
            "f1": 0.866422166949734
         },
         "eval_metrics_server": {
            "accuracy": 0.875,
            "loss": 0.37477344274520874,
            "f1_score": 0.8298798952060155
         },
         "drift_metrics": {
            "drift_median": 0.5967100575166152,
            "drift_mean": 0.6433944447286056,
            "drift_max": 0.7425804850392593,
            "drift_min": 0.5908927916299423,
            "drift_per_client": [
               0.5908927916299423,
               0.7425804850392593,
               0.5967100575166152
            ]
         }
      },
      {
         "round": 6,
         "train_metrics": {
            "train_loss": 0.3080969740024403,
            "train_acc": 0.9276729625351023,
            "train_f1": 0.8650553160700154,
            "drift": 0.595018844736181
         },
         "eval_metrics_client": {
            "loss": 0.3529920081297556,
            "accuracy": 0.9149999817212422,
            "f1": 0.8841155610930579
         },
         "eval_metrics_server": {
            "accuracy": 0.8949999809265137,
            "loss": 0.35564813017845154,
            "f1_score": 0.8506348020911128
         },
         "drift_metrics": {
            "drift_median": 0.6123408993182705,
            "drift_mean": 0.5845889625079757,
            "drift_max": 0.6392989552540191,
            "drift_min": 0.5021270329516374,
            "drift_per_client": [
               0.5021270329516374,
               0.6123408993182705,
               0.6392989552540191
            ]
         }
      },
      {
         "round": 7,
         "train_metrics": {
            "train_loss": 0.31010138230771017,
            "train_acc": 0.940972228638,
            "train_f1": 0.8801224649059076,
            "drift": 0.49775291916959097
         },
         "eval_metrics_client": {
            "loss": 0.3442247410615285,
            "accuracy": 0.9049999713897704,
            "f1": 0.8643042385657413
         },
         "eval_metrics_server": {
            "accuracy": 0.9200000166893005,
            "loss": 0.3433005213737488,
            "f1_score": 0.8814990371796771
         },
         "drift_metrics": {
            "drift_median": 0.5345147166359819,
            "drift_mean": 0.46329473046504277,
            "drift_max": 0.5434974011586494,
            "drift_min": 0.31187207360049696,
            "drift_per_client": [
               0.31187207360049696,
               0.5345147166359819,
               0.5434974011586494
            ]
         }
      },
      {
         "round": 8,
         "train_metrics": {
            "train_loss": 0.31645934464672365,
            "train_acc": 0.9290780190457688,
            "train_f1": 0.8968073186309797,
            "drift": 0.42808943523471366
         },
         "eval_metrics_client": {
            "loss": 0.345161110162735,
            "accuracy": 0.9083333412806193,
            "f1": 0.8710365741087813
         },
         "eval_metrics_server": {
            "accuracy": 0.925000011920929,
            "loss": 0.3366623818874359,
            "f1_score": 0.8916145814516421
         },