{
   "info": {
      "strategy": "FedAdagrad",
      "seed": 2,
      "sampling_seed": 2,
      "local_epochs": 2,
      "num_rounds": 10,
      "num_clients": 5,
      "eta": 0.3,
      "eta_l": 0.2,
      "iid": false,
      "alpha": 1.8,
      "training_mode": "noiseless",
      "nshots": 1000,
      "model_type": "quantum"
   },
   "rounds": [
      {
         "round": 0,
         "train_metrics": {},
         "eval_metrics_client": {},
         "eval_metrics_server": {
            "accuracy": 0.6800000071525574,
            "loss": 0.6009007096290588,
            "f1_score": 0.6259934548854604
         }
      },
      {
         "round": 1,
         "train_metrics": {
            "train_loss": 0.5463395695260234,
            "train_acc": 0.7340425601665009,
            "train_f1": 0.6826921639606245,
            "drift": 0.7113905679914617
         },
         "eval_metrics_client": {
            "loss": 0.49270410339037574,
            "accuracy": 0.7783333460489907,
            "f1": 0.7193662624083337
         },
         "eval_metrics_server": {
            "accuracy": 0.8149999976158142,
            "loss": 0.5113544464111328,
            "f1_score": 0.7516695191113796
         },
         "drift_metrics": {
            "drift_median": 0.6563882563281156,
            "drift_mean": 0.6435562799342086,
            "drift_max": 0.8873216265346261,
            "drift_min": 0.38695895693988436,
            "drift_per_client": [
               0.38695895693988436,
               0.6563882563281156,
               0.8873216265346261
            ]
         }
      },
      {
         "round": 2,
         "train_metrics": {
            "train_loss": 0.4447471140594259,
            "train_acc": 0.9025423903081377,
            "train_f1": 0.8452159480617993,
            "drift": 0.5584154409035564
         },
         "eval_metrics_client": {
            "loss": 0.4216614663600921,
            "accuracy": 0.8883333404858906,
            "f1": 0.8434410742780607
         },
         "eval_metrics_server": {
            "accuracy": 0.9049999713897705,
            "loss": 0.4499073326587677,
            "f1_score": 0.8604531600014689
         },
         "drift_metrics": {
            "drift_median": 0.5867668822753199,
            "drift_mean": 0.5317630356502917,
            "drift_max": 0.6552559305967639,
            "drift_min": 0.35326629407879107,
            "drift_per_client": [
               0.35326629407879107,
               0.6552559305967639,
               0.5867668822753199
            ]
         }
      },
      {
         "round": 3,
         "train_metrics": {
            "train_loss": 0.3636099637378403,
            "train_acc": 0.933962273147871,
            "train_f1": 0.8799850135027693,
            "drift": 0.7031918510927251
         },
         "eval_metrics_client": {
            "loss": 0.37170857191085815,
            "accuracy": 0.8983333309491475,
            "f1": 0.8644041011041113
         },
         "eval_metrics_server": {
            "accuracy": 0.8999999761581421,
            "loss": 0.38698235154151917,
            "f1_score": 0.8543123543123543
         },
         "drift_metrics": {
            "drift_median": 0.6783910060465587,
            "drift_mean": 0.6919805112076869,
            "drift_max": 0.7872429253706278,
            "drift_min": 0.6103076022058744,
            "drift_per_client": [
               0.6783910060465587,
               0.6103076022058744,
               0.7872429253706278
            ]
         }
      },
      {
         "round": 4,
         "train_metrics": {
            "train_loss": 0.34011344921774633,
            "train_acc": 0.9221902013855641,
            "train_f1": 0.8955622068139161,
            "drift": 0.5711035838069267
         },
         "eval_metrics_client": {
            "loss": 0.34718888998031616,
            "accuracy": 0.8933333158493041,
            "f1": 0.8631190930986238
         },
         "eval_metrics_server": {
            "accuracy": 0.8899999856948853,
            "loss": 0.3538898825645447,
            "f1_score": 0.8422939068100359
         },
         "drift_metrics": {
            "drift_median": 0.5780001920708765,
            "drift_mean": 0.5600781806900269,
            "drift_max": 0.6177974568062796,
            "drift_min": 0.48443689319292477,
            "drift_per_client": [
               0.48443689319292477,
               0.6177974568062796,
               0.5780001920708765
            ]
         }
      },
      {
         "round": 5,
         "train_metrics": {
            "train_loss": 0.33852399567153635,
            "train_acc": 0.9305993722816371,
            "train_f1": 0.9039095205499175,
            "drift": 0.4095187408786573
         },
         "eval_metrics_client": {
            "loss": 0.32903510332107544,
            "accuracy": 0.9016666611035664,
            "f1": 0.8658898660776402
         },
         "eval_metrics_server": {
            "accuracy": 0.9100000262260437,
            "loss": 0.33280879259109497,
            "f1_score": 0.8688811188811189
         },
         "drift_metrics": {
            "drift_median": 0.3786104589134341,
            "drift_mean": 0.3791229966677155,
            "drift_max": 0.49710353062130014,
            "drift_min": 0.2616550004684123,
            "drift_per_client": [
               0.2616550004684123,
               0.49710353062130014,
               0.3786104589134341
            ]
         }
      },
      {
         "round": 6,
         "train_metrics": {
            "train_loss": 0.32879044758854326,
            "train_acc": 0.9290780089002975,
            "train_f1": 0.9046140759811148,
            "drift": 0.29887501412102835
         },
         "eval_metrics_client": {
            "loss": 0.3218703965346018,
            "accuracy": 0.9099999864896138,
            "f1": 0.8752060450701407
         },
         "eval_metrics_server": {
            "accuracy": 0.9150000214576721,
            "loss": 0.32557356357574463,
            "f1_score": 0.877163192311861
         },
         "drift_metrics": {
            "drift_median": 0.3206201089260711,
            "drift_mean": 0.27863611629892177,
            "drift_max": 0.332180493877022,
            "drift_min": 0.18310774609367225,
            "drift_per_client": [
               0.18310774609367225,
               0.332180493877022,
               0.3206201089260711
            ]
         }
      },
      {
         "round": 7,
         "train_metrics": {
            "train_loss": 0.29285866101410934,
            "train_acc": 0.9533898216688026,
            "train_f1": 0.9185068367776354,
            "drift": 0.21890350101717918
         },
         "eval_metrics_client": {
            "loss": 0.30918529629707336,
            "accuracy": 0.9283333420753479,
            "f1": 0.8962650431127493
         },
         "eval_metrics_server": {
            "accuracy": 0.925000011920929,
            "loss": 0.31674090027809143,
            "f1_score": 0.8879551820728291
         },
         "drift_metrics": {
            "drift_median": 0.18250578843780285,
            "drift_mean": 0.20948043035964803,
            "drift_max": 0.29269251374329514,
            "drift_min": 0.15324298889784607,
            "drift_per_client": [
               0.18250578843780285,
               0.15324298889784607,
               0.29269251374329514
            ]
         }
      },
      {
         "round": 8,
         "train_metrics": {
            "train_loss": 0.28980361942404087,
            "train_acc": 0.9402515650170404,
            "train_f1": 0.8846385782737456,
            "drift": 0.21966602912310434
         },
         "eval_metrics_client": {
            "loss": 0.30298646291097003,
            "accuracy": 0.9466666579246521,
            "f1": 0.9242830732032331
         },
         "eval_metrics_server": {
            "accuracy": 0.9399999976158142,
            "loss": 0.31440696120262146,