{
    "1": {
        "loss_median": 0.5241154034932454,
        "loss_mad": 0.008405427138010735,
        "accuracy_median": 0.8349999984105427,
        "accuracy_mad": 0.038333336512247684,
        "f1_median": 0.7957920002433592,
        "f1_mad": 0.037926303370867664
    },
    "2": {
        "loss_median": 0.48719732960065204,
        "loss_mad": 0.016571770111719786,
        "accuracy_median": 0.8849999904632567,
        "accuracy_mad": 0.0183333158493042,
        "f1_median": 0.844116970860362,
        "f1_mad": 0.025656713558280364
    },
    "3": {
        "loss_median": 0.4551655054092407,
        "loss_mad": 0.014088799556096432,
        "accuracy_median": 0.8950000007947285,
        "accuracy_mad": 0.01833333571751916,
        "f1_median": 0.850341750426308,
        "f1_mad": 0.037606358182902366
    },
    "4": {
        "loss_median": 0.4314018686612447,
        "loss_mad": 0.01686615745226544,
        "accuracy_median": 0.9049999713897704,
        "accuracy_mad": 0.010000050067901722,
        "f1_median": 0.8721296663354421,
        "f1_mad": 0.020600324275401594
    },
    "5": {
        "loss_median": 0.41488181551297504,
        "loss_mad": 0.018305997053782164,
        "accuracy_median": 0.9133333365122477,
        "accuracy_mad": 0.01166667540868127,
        "f1_median": 0.8850454715972915,
        "f1_mad": 0.016714200124013923
    },
    "6": {
        "loss_median": 0.4086750050385793,
        "loss_mad": 0.01653949419657391,
        "accuracy_median": 0.9083333214124043,
        "accuracy_mad": 0.024999996026357052,
        "f1_median": 0.8723876942336318,
        "f1_mad": 0.04269297934644656
    },
    "7": {
        "loss_median": 0.4009347359339396,
        "loss_mad": 0.007003496090571049,
        "accuracy_median": 0.9183333317438761,
        "accuracy_mad": 0.024999996026357052,
        "f1_median": 0.8852892173133221,
        "f1_mad": 0.029644810262963506
    },
    "8": {
        "loss_median": 0.4021705090999603,
        "loss_mad": 0.009796202182769831,
        "accuracy_median": 0.9283333222071329,
        "accuracy_mad": 0.021666665871938107,
        "f1_median": 0.8969870171441415,
        "f1_mad": 0.030663581419768327
    },
    "9": {
        "loss_median": 0.4005316297213236,
        "loss_mad": 0.011309723059336363,
        "accuracy_median": 0.9266666769981384,
        "accuracy_mad": 0.008333325386047363,
        "f1_median": 0.8945804475174863,
        "f1_mad": 0.01640003343519425
    },
    "10": {
        "loss_median": 0.39815132816632587,
        "loss_mad": 0.005318949619929014,
        "accuracy_median": 0.9200000166893005,
        "accuracy_mad": 0.016666650772094727,
        "f1_median": 0.8924830534812811,
        "f1_mad": 0.015114254474555056
    }
}