{
   "info": {
      "strategy": "FedYogi",
      "seed": 5,
      "sampling_seed": 5,
      "local_epochs": 2,
      "num_rounds": 10,
      "num_clients": 5,
      "eta": 0.1,
      "eta_l": 0.1,
      "iid": false,
      "alpha": 1.8,
      "training_mode": "noisy",
      "nshots": 1000,
      "model_type": "quantum",
      "base_pauli": 0.005,
      "base_readout": 0.005,
      "noise_scale": 0.002
   },
   "rounds": [
      {
         "round": 0,
         "train_metrics": {},
         "eval_metrics_client": {},
         "eval_metrics_server": {
            "accuracy": 0.6399999856948853,
            "loss": 0.630768895149231,
            "f1_score": 0.6017258546299369
         }
      },
      {
         "round": 1,
         "train_metrics": {
            "train_loss": 0.5866525183044304,
            "train_acc": 0.7847222058723371,
            "train_f1": 0.681146874994014,
            "drift": 0.411007941872396
         },
         "eval_metrics_client": {
            "loss": 0.5930391748746235,
            "accuracy": 0.7416666547457377,
            "f1": 0.6937382958269642
         },
         "eval_metrics_server": {
            "accuracy": 0.7049999833106995,
            "loss": 0.5932725667953491,
            "f1_score": 0.6596579273744628
         },
         "drift_metrics": {
            "drift_median": 0.44223102336435155,
            "drift_mean": 0.3744911604162096,
            "drift_max": 0.46391871530424633,
            "drift_min": 0.21732374258003098,
            "drift_per_client": [
               0.21732374258003098,
               0.44223102336435155,
               0.46391871530424633
            ]
         }
      },
      {
         "round": 2,
         "train_metrics": {
            "train_loss": 0.5576068038673092,
            "train_acc": 0.8546099240052785,
            "train_f1": 0.8119419016992467,
            "drift": 0.37160469641085336
         },
         "eval_metrics_client": {
            "loss": 0.5577307343482971,
            "accuracy": 0.8183333277702332,
            "f1": 0.7527432817198718
         },
         "eval_metrics_server": {
            "accuracy": 0.8500000238418579,
            "loss": 0.5390670299530029,
            "f1_score": 0.7914059240717564
         },
         "drift_metrics": {
            "drift_median": 0.3769303436601663,
            "drift_mean": 0.34790845030450196,
            "drift_max": 0.4431569078994084,
            "drift_min": 0.22363809935393114,
            "drift_per_client": [
               0.22363809935393114,
               0.4431569078994084,
               0.3769303436601663
            ]
         }
      },
      {
         "round": 3,
         "train_metrics": {
            "train_loss": 0.5259227806140745,
            "train_acc": 0.9038461668369098,
            "train_f1": 0.8673671504660323,
            "drift": 0.342600723232508
         },
         "eval_metrics_client": {
            "loss": 0.5159951448440552,
            "accuracy": 0.8883333206176757,
            "f1": 0.8252833649253086
         },
         "eval_metrics_server": {
            "accuracy": 0.8949999809265137,
            "loss": 0.48021966218948364,
            "f1_score": 0.8021760633036596
         },
         "drift_metrics": {
            "drift_median": 0.3380791091109135,
            "drift_mean": 0.3391341105331039,
            "drift_max": 0.4056113592175061,
            "drift_min": 0.27371186327089214,
            "drift_per_client": [
               0.27371186327089214,
               0.4056113592175061,
               0.3380791091109135
            ]
         }
      },
      {
         "round": 4,
         "train_metrics": {
            "train_loss": 0.5086988801387696,
            "train_acc": 0.8760806930168219,
            "train_f1": 0.7411556229780945,
            "drift": 0.325677479226495
         },
         "eval_metrics_client": {
            "loss": 0.48777263363202406,
            "accuracy": 0.8749999999999999,
            "f1": 0.772096344189299
         },
         "eval_metrics_server": {
            "accuracy": 0.8849999904632568,
            "loss": 0.4294249713420868,
            "f1_score": 0.7498776575498884
         },
         "drift_metrics": {
            "drift_median": 0.30563559026872517,
            "drift_mean": 0.3153672510151437,
            "drift_max": 0.3927769737781081,
            "drift_min": 0.2476891889985978,
            "drift_per_client": [
               0.2476891889985978,
               0.30563559026872517,
               0.3927769737781081
            ]
         }
      },
      {
         "round": 5,
         "train_metrics": {
            "train_loss": 0.4700980712064813,
            "train_acc": 0.9003690208456174,
            "train_f1": 0.7186233097334952,
            "drift": 0.22158978611540867
         },
         "eval_metrics_client": {
            "loss": 0.47582559784253436,
            "accuracy": 0.8716666698455809,
            "f1": 0.729235625377368
         },
         "eval_metrics_server": {
            "accuracy": 0.8500000238418579,
            "loss": 0.4011610448360443,
            "f1_score": 0.6448863636363636
         },
         "drift_metrics": {
            "drift_median": 0.19003633352930396,
            "drift_mean": 0.19521500364274758,
            "drift_max": 0.2842750786853629,
            "drift_min": 0.11133359871357594,
            "drift_per_client": [
               0.11133359871357594,
               0.19003633352930396,
               0.2842750786853629
            ]
         }
      },
      {
         "round": 6,
         "train_metrics": {
            "train_loss": 0.43081218930846826,
            "train_acc": 0.9097222356746594,
            "train_f1": 0.6960160766231067,
            "drift": 0.15978924377315334
         },
         "eval_metrics_client": {
            "loss": 0.466030071179072,
            "accuracy": 0.8599999944368998,
            "f1": 0.6952777031194454
         },
         "eval_metrics_server": {
            "accuracy": 0.8450000286102295,
            "loss": 0.4001137912273407,
            "f1_score": 0.6516658239226922
         },
         "drift_metrics": {
            "drift_median": 0.1673012212619698,
            "drift_mean": 0.1410660466208866,
            "drift_max": 0.19178833408090992,
            "drift_min": 0.06410858451978008,
            "drift_per_client": [
               0.06410858451978008,
               0.1673012212619698,
               0.19178833408090992
            ]
         }
      },
      {
         "round": 7,
         "train_metrics": {
            "train_loss": 0.4556666928242656,
            "train_acc": 0.8546099240052785,
            "train_f1": 0.7072882606935147,
            "drift": 0.19614444911296247
         },
         "eval_metrics_client": {
            "loss": 0.4717712303002675,
            "accuracy": 0.8483333190282185,
            "f1": 0.6999977517043798
         },
         "eval_metrics_server": {
            "accuracy": 0.8450000286102295,
            "loss": 0.41048359870910645,
            "f1_score": 0.6732542819499341
         },
         "drift_metrics": {
            "drift_median": 0.21758452129262626,
            "drift_mean": 0.17425994163867956,
            "drift_max": 0.22867015037568322,
            "drift_min": 0.07652515324772922,
            "drift_per_client": [
               0.07652515324772922,
               0.21758452129262626,
               0.22867015037568322
            ]
         }
      },
      {
         "round": 8,
         "train_metrics": {
            "train_loss": 0.45831657604118936,
            "train_acc": 0.8974358993463027,
            "train_f1": 0.8171089283695379,
            "drift": 0.25873428700716977
         },
         "eval_metrics_client": {
            "loss": 0.4878489275773366,
            "accuracy": 0.8550000190734862,
            "f1": 0.7562177616646255
         },
         "eval_metrics_server": {
            "accuracy": 0.8899999856948853,