{
   "info": {
      "strategy": "FedYogi",
      "seed": 6,
      "sampling_seed": 6,
      "local_epochs": 2,
      "num_rounds": 10,
      "num_clients": 5,
      "eta": 0.1,
      "eta_l": 0.1,
      "iid": false,
      "alpha": 1.8,
      "training_mode": "noisy",
      "nshots": 1000,
      "model_type": "quantum",
      "base_pauli": 0.005,
      "base_readout": 0.005,
      "noise_scale": 0.002
   },
   "rounds": [
      {
         "round": 0,
         "train_metrics": {},
         "eval_metrics_client": {},
         "eval_metrics_server": {
            "accuracy": 0.6349999904632568,
            "loss": 0.6415873169898987,
            "f1_score": 0.6027318984517428
         }
      },
      {
         "round": 1,
         "train_metrics": {
            "train_loss": 0.5775057836065195,
            "train_acc": 0.7659574385653151,
            "train_f1": 0.7224817255613167,
            "drift": 0.44602243493675736
         },
         "eval_metrics_client": {
            "loss": 0.5928279956181843,
            "accuracy": 0.721666673819224,
            "f1": 0.6779340001003467
         },
         "eval_metrics_server": {
            "accuracy": 0.7149999737739563,
            "loss": 0.5814437866210938,
            "f1_score": 0.671194946785498
         },
         "drift_metrics": {
            "drift_median": 0.4676059856482078,
            "drift_mean": 0.41132431693955446,
            "drift_max": 0.5052668280698769,
            "drift_min": 0.2611001371005787,
            "drift_per_client": [
               0.2611001371005787,
               0.4676059856482078,
               0.5052668280698769
            ]
         }
      },
      {
         "round": 2,
         "train_metrics": {
            "train_loss": 0.5537167147121517,
            "train_acc": 0.8044163940080709,
            "train_f1": 0.750355317285234,
            "drift": 0.4145231466392155
         },
         "eval_metrics_client": {
            "loss": 0.5558435519536336,
            "accuracy": 0.7899999817212422,
            "f1": 0.7452183287784443
         },
         "eval_metrics_server": {
            "accuracy": 0.8100000023841858,
            "loss": 0.5186023116111755,
            "f1_score": 0.7590055809233891
         },
         "drift_metrics": {
            "drift_median": 0.4505568320196027,
            "drift_mean": 0.37791900476521567,
            "drift_max": 0.452224414491508,
            "drift_min": 0.23097576778453627,
            "drift_per_client": [
               0.23097576778453627,
               0.452224414491508,
               0.4505568320196027
            ]
         }
      },
      {
         "round": 3,
         "train_metrics": {
            "train_loss": 0.5390928535649996,
            "train_acc": 0.8302583001636491,
            "train_f1": 0.7648595169047141,
            "drift": 0.2808148343504552
         },
         "eval_metrics_client": {
            "loss": 0.5240864157676697,
            "accuracy": 0.8616666595141091,
            "f1": 0.8176946733872676
         },
         "eval_metrics_server": {
            "accuracy": 0.8550000190734863,
            "loss": 0.4779888093471527,
            "f1_score": 0.8026606784389778
         },
         "drift_metrics": {
            "drift_median": 0.23855250365773725,
            "drift_mean": 0.25458067152117275,
            "drift_max": 0.3471453442362775,
            "drift_min": 0.17804416666950357,
            "drift_per_client": [
               0.17804416666950357,
               0.23855250365773725,
               0.3471453442362775
            ]
         }
      },
      {
         "round": 4,
         "train_metrics": {
            "train_loss": 0.5087309276923273,
            "train_acc": 0.8647798929574355,
            "train_f1": 0.7877406319216976,
            "drift": 0.24122025265630948
         },
         "eval_metrics_client": {
            "loss": 0.509176641702652,
            "accuracy": 0.8616666793823241,
            "f1": 0.8212088444945693
         },
         "eval_metrics_server": {
            "accuracy": 0.8600000143051147,
            "loss": 0.45988860726356506,
            "f1_score": 0.805312195800306
         },
         "drift_metrics": {
            "drift_median": 0.22636723658059538,
            "drift_mean": 0.2360364683985737,
            "drift_max": 0.27089839791521986,
            "drift_min": 0.2108437706999059,
            "drift_per_client": [
               0.2108437706999059,
               0.22636723658059538,
               0.27089839791521986
            ]
         }
      },
      {
         "round": 5,
         "train_metrics": {
            "train_loss": 0.4831180336134243,
            "train_acc": 0.8782051257216013,
            "train_f1": 0.8373815960437705,
            "drift": 0.2547475574073434
         },
         "eval_metrics_client": {
            "loss": 0.5016726950804392,
            "accuracy": 0.8533333341280618,
            "f1": 0.8093537449079639
         },
         "eval_metrics_server": {
            "accuracy": 0.8600000143051147,
            "loss": 0.4533931612968445,
            "f1_score": 0.8107852412488175
         },
         "drift_metrics": {
            "drift_median": 0.2266960726235874,
            "drift_mean": 0.24867674873981457,
            "drift_max": 0.2979759617451374,
            "drift_min": 0.22135821185071894,
            "drift_per_client": [
               0.22135821185071894,
               0.2266960726235874,
               0.2979759617451374
            ]
         }
      },
      {
         "round": 6,
         "train_metrics": {
            "train_loss": 0.4646981231036167,
            "train_acc": 0.8900709190267198,
            "train_f1": 0.8484787035641969,
            "drift": 0.2803036396921578
         },
         "eval_metrics_client": {
            "loss": 0.48865928252538043,
            "accuracy": 0.8666666746139525,
            "f1": 0.8181496050990886
         },
         "eval_metrics_server": {
            "accuracy": 0.8799999952316284,
            "loss": 0.44651320576667786,
            "f1_score": 0.833124739257405
         },
         "drift_metrics": {
            "drift_median": 0.2725636190775956,
            "drift_mean": 0.25527015561451905,
            "drift_max": 0.337462915182013,
            "drift_min": 0.15578393258394854,
            "drift_per_client": [
               0.15578393258394854,
               0.2725636190775956,
               0.337462915182013
            ]
         }
      },
      {
         "round": 7,
         "train_metrics": {
            "train_loss": 0.46626744443847024,
            "train_acc": 0.902208214678599,
            "train_f1": 0.8594240531213815,
            "drift": 0.3248466622133176
         },
         "eval_metrics_client": {
            "loss": 0.4819022218386332,
            "accuracy": 0.8833333253860473,
            "f1": 0.8388077102829221
         },
         "eval_metrics_server": {
            "accuracy": 0.8849999904632568,
            "loss": 0.4295440912246704,
            "f1_score": 0.8412424503882658
         },
         "drift_metrics": {
            "drift_median": 0.3549120646933097,
            "drift_mean": 0.2932025450885932,
            "drift_max": 0.358610499311631,
            "drift_min": 0.16608507126083896,
            "drift_per_client": [
               0.16608507126083896,
               0.358610499311631,
               0.3549120646933097
            ]
         }
      },
      {
         "round": 8,
         "train_metrics": {
            "train_loss": 0.46048175619474596,
            "train_acc": 0.904059054886723,
            "train_f1": 0.8483121897281776,
            "drift": 0.27711744651882947
         },
         "eval_metrics_client": {
            "loss": 0.4695464769999186,
            "accuracy": 0.9283333420753479,
            "f1": 0.8976310739261906
         },
         "eval_metrics_server": {
            "accuracy": 0.925000011920929,