{
   "info": {
      "strategy": "FedYogi",
      "seed": 2,
      "sampling_seed": 2,
      "local_epochs": 2,
      "num_rounds": 10,
      "num_clients": 5,
      "eta": 0.1,
      "eta_l": 0.1,
      "iid": false,
      "alpha": 1.8,
      "training_mode": "noisy",
      "nshots": 1000,
      "model_type": "quantum",
      "base_pauli": 0.005,
      "base_readout": 0.005,
      "noise_scale": 0.002
   },
   "rounds": [
      {
         "round": 0,
         "train_metrics": {},
         "eval_metrics_client": {},
         "eval_metrics_server": {
            "accuracy": 0.6800000071525574,
            "loss": 0.6009007096290588,
            "f1_score": 0.6259934548854604
         }
      },
      {
         "round": 1,
         "train_metrics": {
            "train_loss": 0.6020856946420535,
            "train_acc": 0.6914893684657752,
            "train_f1": 0.6462096879901402,
            "drift": 0.3000187885818531
         },
         "eval_metrics_client": {
            "loss": 0.5849800109863281,
            "accuracy": 0.6816666722297668,
            "f1": 0.6323549177162838
         },
         "eval_metrics_server": {
            "accuracy": 0.7450000047683716,
            "loss": 0.5755234360694885,
            "f1_score": 0.6854861089698128
         },
         "drift_metrics": {
            "drift_median": 0.3210341489543072,
            "drift_mean": 0.27327977256476405,
            "drift_max": 0.3429632834399033,
            "drift_min": 0.15584188530008178,
            "drift_per_client": [
               0.15584188530008178,
               0.3210341489543072,
               0.3429632834399033
            ]
         }
      },
      {
         "round": 2,
         "train_metrics": {
            "train_loss": 0.5826182170795837,
            "train_acc": 0.7330508429115101,
            "train_f1": 0.6659237089009833,
            "drift": 0.22436015613950594
         },
         "eval_metrics_client": {
            "loss": 0.5491951306660969,
            "accuracy": 0.7566666603088379,
            "f1": 0.7013040502014882
         },
         "eval_metrics_server": {
            "accuracy": 0.7699999809265137,
            "loss": 0.5413426756858826,
            "f1_score": 0.7082699137493658
         },
         "drift_metrics": {
            "drift_median": 0.17927333038864648,
            "drift_mean": 0.21028778815857216,
            "drift_max": 0.30074550255427734,
            "drift_min": 0.15084453153279268,
            "drift_per_client": [
               0.15084453153279268,
               0.17927333038864648,
               0.30074550255427734
            ]
         }
      },
      {
         "round": 3,
         "train_metrics": {
            "train_loss": 0.5578402847810617,
            "train_acc": 0.7861635049559035,
            "train_f1": 0.7020880412154871,
            "drift": 0.2511404188803753
         },
         "eval_metrics_client": {
            "loss": 0.5294006864229838,
            "accuracy": 0.8133333126703897,
            "f1": 0.7626261938716843
         },
         "eval_metrics_server": {
            "accuracy": 0.8100000023841858,
            "loss": 0.5001842975616455,
            "f1_score": 0.753118503118503
         },
         "drift_metrics": {
            "drift_median": 0.26947403825147337,
            "drift_mean": 0.24527917500391272,
            "drift_max": 0.28091109640637946,
            "drift_min": 0.1854523903538854,
            "drift_per_client": [
               0.1854523903538854,
               0.28091109640637946,
               0.26947403825147337
            ]
         }
      },
      {
         "round": 4,
         "train_metrics": {
            "train_loss": 0.5389201015008487,
            "train_acc": 0.832853021298774,
            "train_f1": 0.7844981190841828,
            "drift": 0.28175679171071427
         },
         "eval_metrics_client": {
            "loss": 0.5154345234235127,
            "accuracy": 0.8749999999999999,
            "f1": 0.8391717926335687
         },
         "eval_metrics_server": {
            "accuracy": 0.875,
            "loss": 0.4589317739009857,
            "f1_score": 0.8248747854716122
         },
         "drift_metrics": {
            "drift_median": 0.25717449859296587,
            "drift_mean": 0.2725191921963453,
            "drift_max": 0.3595489986933401,
            "drift_min": 0.20083407930273003,
            "drift_per_client": [
               0.20083407930273003,
               0.3595489986933401,
               0.25717449859296587
            ]
         }
      },
      {
         "round": 5,
         "train_metrics": {
            "train_loss": 0.5006118063176421,
            "train_acc": 0.8738170378967791,
            "train_f1": 0.8260782666939548,
            "drift": 0.28505350525661755
         },
         "eval_metrics_client": {
            "loss": 0.4796566069126129,
            "accuracy": 0.8799999952316283,
            "f1": 0.8321216530949194
         },
         "eval_metrics_server": {
            "accuracy": 0.8899999856948853,
            "loss": 0.4198930263519287,
            "f1_score": 0.8470310109859547
         },
         "drift_metrics": {
            "drift_median": 0.2770531003339711,
            "drift_mean": 0.25199369172928426,
            "drift_max": 0.36285013097376223,
            "drift_min": 0.11607784388011935,
            "drift_per_client": [
               0.11607784388011935,
               0.36285013097376223,
               0.2770531003339711
            ]
         }
      },
      {
         "round": 6,
         "train_metrics": {
            "train_loss": 0.4550306680512335,
            "train_acc": 0.9007092346536352,
            "train_f1": 0.8620861644858866,
            "drift": 0.26999909301406677
         },
         "eval_metrics_client": {
            "loss": 0.4391605953375498,
            "accuracy": 0.8999999960263569,
            "f1": 0.8548008986337984
         },
         "eval_metrics_server": {
            "accuracy": 0.8999999761581421,
            "loss": 0.3863765001296997,
            "f1_score": 0.8609372827145043
         },
         "drift_metrics": {
            "drift_median": 0.2633885620791508,
            "drift_mean": 0.2372231937004096,
            "drift_max": 0.3426578159721266,
            "drift_min": 0.10562320304995138,
            "drift_per_client": [
               0.10562320304995138,
               0.2633885620791508,
               0.3426578159721266
            ]
         }
      },
      {
         "round": 7,
         "train_metrics": {
            "train_loss": 0.41887197097520157,
            "train_acc": 0.9322033847792675,
            "train_f1": 0.8883531978043961,
            "drift": 0.20923380734212788
         },
         "eval_metrics_client": {
            "loss": 0.4300871690114339,
            "accuracy": 0.9150000015894572,
            "f1": 0.8780767805848712
         },
         "eval_metrics_server": {
            "accuracy": 0.9150000214576721,
            "loss": 0.36383306980133057,
            "f1_score": 0.8790853159785199
         },
         "drift_metrics": {
            "drift_median": 0.20130851173573616,
            "drift_mean": 0.1916654853553,
            "drift_max": 0.2737257661527105,
            "drift_min": 0.0999621781774533,
            "drift_per_client": [
               0.0999621781774533,
               0.20130851173573616,
               0.2737257661527105
            ]
         }
      },
      {
         "round": 8,
         "train_metrics": {
            "train_loss": 0.4080876490158144,
            "train_acc": 0.9371069229248934,
            "train_f1": 0.8779683451609088,
            "drift": 0.2306905304082607
         },
         "eval_metrics_client": {
            "loss": 0.4253223836421966,
            "accuracy": 0.9383333325386047,
            "f1": 0.9119123259328763
         },
         "eval_metrics_server": {
            "accuracy": 0.9449999928474426,