{
   "info": {
      "strategy": "FedProx",
      "seed": 4,
      "sampling_seed": 4,
      "local_epochs": 2,
      "mu": 0.03,
      "eta_l": 0.3,
      "num_rounds": 10,
      "num_clients": 5,
      "iid": true,
      "alpha": null,
      "training_mode": "mitigated",
      "nshots": 1000,
      "model_type": "quantum",
      "base_pauli": 0.005,
      "base_readout": 0.005,
      "noise_scale": 0.002
   },
   "rounds": [
      {
         "round": 0,
         "train_metrics": {},
         "eval_metrics_client": {},
         "eval_metrics_server": {
            "accuracy": 0.6700000166893005,
            "loss": 0.6031970381736755,
            "f1_score": 0.6268656716417911
         }
      },
      {
         "round": 1,
         "train_metrics": {
            "train_loss": 0.47442729822894325,
            "train_acc": 0.8700000047683715,
            "train_f1": 0.8274900767126963,
            "drift": 1.165236554352243
         },
         "eval_metrics_client": {
            "loss": 0.43605715036392206,
            "accuracy": 0.8850000103314717,
            "f1": 0.8491593440269753
         },
         "eval_metrics_server": {
            "accuracy": 0.8849999904632568,
            "loss": 0.43682965636253357,
            "f1_score": 0.8388848026338832
         },
         "drift_metrics": {
            "drift_median": 1.135645671771338,
            "drift_mean": 1.165236554352243,
            "drift_max": 1.2591882913075643,
            "drift_min": 1.1008756999778269,
            "drift_per_client": [
               1.1008756999778269,
               1.2591882913075643,
               1.135645671771338
            ]
         }
      },
      {
         "round": 2,
         "train_metrics": {
            "train_loss": 0.3686481438795175,
            "train_acc": 0.9000000158945719,
            "train_f1": 0.8734158100999525,
            "drift": 0.676255553621338
         },
         "eval_metrics_client": {
            "loss": 0.3756411373615265,
            "accuracy": 0.9066666563351948,
            "f1": 0.8783572032662846
         },
         "eval_metrics_server": {
            "accuracy": 0.9150000214576721,
            "loss": 0.38035640120506287,
            "f1_score": 0.877163192311861
         },
         "drift_metrics": {
            "drift_median": 0.7046790916278568,
            "drift_mean": 0.6762555536213383,
            "drift_max": 0.7602467730201004,
            "drift_min": 0.5638407962160573,
            "drift_per_client": [
               0.7602467730201004,
               0.7046790916278568,
               0.5638407962160573
            ]
         }
      },
      {
         "round": 3,
         "train_metrics": {
            "train_loss": 0.35785129871341065,
            "train_acc": 0.893333335717519,
            "train_f1": 0.860547660357279,
            "drift": 0.5032617711213236
         },
         "eval_metrics_client": {
            "loss": 0.35387229919433594,
            "accuracy": 0.9100000063578287,
            "f1": 0.8754404628623116
         },
         "eval_metrics_server": {
            "accuracy": 0.9300000071525574,
            "loss": 0.34495609998703003,
            "f1_score": 0.8980186480186481
         },
         "drift_metrics": {
            "drift_median": 0.5021220670558916,
            "drift_mean": 0.5032617711213235,
            "drift_max": 0.5402677426488621,
            "drift_min": 0.4673955036592171,
            "drift_per_client": [
               0.5021220670558916,
               0.4673955036592171,
               0.5402677426488621
            ]
         }
      },
      {
         "round": 4,
         "train_metrics": {
            "train_loss": 0.33220538409995587,
            "train_acc": 0.9166666865348816,
            "train_f1": 0.8731150553825711,
            "drift": 0.39563712033213694
         },
         "eval_metrics_client": {
            "loss": 0.3287888467311859,
            "accuracy": 0.9283333420753479,
            "f1": 0.8954178420306653
         },
         "eval_metrics_server": {
            "accuracy": 0.949999988079071,
            "loss": 0.3239428699016571,
            "f1_score": 0.9246534056660639
         },
         "drift_metrics": {
            "drift_median": 0.36758621609282527,
            "drift_mean": 0.39563712033213694,
            "drift_max": 0.4799843194482095,
            "drift_min": 0.33934082545537597,
            "drift_per_client": [
               0.4799843194482095,
               0.33934082545537597,
               0.36758621609282527
            ]
         }
      },
      {
         "round": 5,
         "train_metrics": {
            "train_loss": 0.30557004302826507,
            "train_acc": 0.9233333468437195,
            "train_f1": 0.8770052289049246,
            "drift": 0.266087185261242
         },
         "eval_metrics_client": {
            "loss": 0.3061106701691945,
            "accuracy": 0.9416666626930237,
            "f1": 0.91229034180372
         },
         "eval_metrics_server": {
            "accuracy": 0.9549999833106995,
            "loss": 0.31406915187835693,
            "f1_score": 0.9303378613723441
         },
         "drift_metrics": {
            "drift_median": 0.23897929390754555,
            "drift_mean": 0.266087185261242,
            "drift_max": 0.33369531749345555,
            "drift_min": 0.22558694438272484,
            "drift_per_client": [
               0.33369531749345555,
               0.22558694438272484,
               0.23897929390754555
            ]
         }
      },
      {
         "round": 6,
         "train_metrics": {
            "train_loss": 0.28983890930757006,
            "train_acc": 0.9066666762034098,
            "train_f1": 0.8718764340688664,
            "drift": 0.23818063324385347
         },
         "eval_metrics_client": {
            "loss": 0.3073470890522003,
            "accuracy": 0.9500000079472859,
            "f1": 0.9278772162102844
         },
         "eval_metrics_server": {
            "accuracy": 0.9350000023841858,
            "loss": 0.3111339807510376,
            "f1_score": 0.9011820151267531
         },
         "drift_metrics": {
            "drift_median": 0.2522486849338965,
            "drift_mean": 0.2381806332438535,
            "drift_max": 0.2943711891607917,
            "drift_min": 0.16792202563687217,
            "drift_per_client": [
               0.2522486849338965,
               0.16792202563687217,
               0.2943711891607917
            ]
         }
      },
      {
         "round": 7,
         "train_metrics": {
            "train_loss": 0.30577904579933124,
            "train_acc": 0.9233333468437195,
            "train_f1": 0.8992322841872151,
            "drift": 0.1940881208391002
         },
         "eval_metrics_client": {
            "loss": 0.3139037489891052,
            "accuracy": 0.9450000127156575,
            "f1": 0.9238490573576519
         },
         "eval_metrics_server": {
            "accuracy": 0.9399999976158142,
            "loss": 0.3117409944534302,
            "f1_score": 0.9111242778847578
         },
         "drift_metrics": {
            "drift_median": 0.1939895993022224,
            "drift_mean": 0.1940881208391002,
            "drift_max": 0.2554000575835932,
            "drift_min": 0.13287470563148507,
            "drift_per_client": [
               0.2554000575835932,
               0.13287470563148507,
               0.1939895993022224
            ]
         }
      },
      {
         "round": 8,
         "train_metrics": {
            "train_loss": 0.32227650473660985,
            "train_acc": 0.9266666769981384,
            "train_f1": 0.8986637517423186,
            "drift": 0.22544348440703382
         },
         "eval_metrics_client": {
            "loss": 0.31634614864985144,
            "accuracy": 0.9283333420753479,
            "f1": 0.8968218350842799
         },
         "eval_metrics_server": {
            "accuracy": 0.949999988079071,