{
   "info": {
      "strategy": "FedProx",
      "seed": 2,
      "sampling_seed": 2,
      "local_epochs": 2,
      "mu": 0.03,
      "eta_l": 0.3,
      "num_rounds": 10,
      "num_clients": 5,
      "iid": true,
      "alpha": null,
      "training_mode": "mitigated",
      "nshots": 1000,
      "model_type": "quantum",
      "base_pauli": 0.005,
      "base_readout": 0.005,
      "noise_scale": 0.002
   },
   "rounds": [
      {
         "round": 0,
         "train_metrics": {},
         "eval_metrics_client": {},
         "eval_metrics_server": {
            "accuracy": 0.6800000071525574,
            "loss": 0.6009007096290588,
            "f1_score": 0.6259934548854604
         }
      },
      {
         "round": 1,
         "train_metrics": {
            "train_loss": 0.5494242519097308,
            "train_acc": 0.7766666611035664,
            "train_f1": 0.7073964453350418,
            "drift": 0.8106441646786028
         },
         "eval_metrics_client": {
            "loss": 0.5108125110467274,
            "accuracy": 0.7449999849001566,
            "f1": 0.6913587269906383
         },
         "eval_metrics_server": {
            "accuracy": 0.7799999713897705,
            "loss": 0.5224465131759644,
            "f1_score": 0.7209538305428715
         },
         "drift_metrics": {
            "drift_median": 0.7918954055794601,
            "drift_mean": 0.8106441646786028,
            "drift_max": 0.8762272960276459,
            "drift_min": 0.7638097924287025,
            "drift_per_client": [
               0.7918954055794601,
               0.7638097924287025,
               0.8762272960276459
            ]
         }
      },
      {
         "round": 2,
         "train_metrics": {
            "train_loss": 0.46013456230694044,
            "train_acc": 0.8900000254313151,
            "train_f1": 0.8375263508503339,
            "drift": 0.8274504870615642
         },
         "eval_metrics_client": {
            "loss": 0.4111070930957794,
            "accuracy": 0.8983333309491475,
            "f1": 0.856846637127288
         },
         "eval_metrics_server": {
            "accuracy": 0.8700000047683716,
            "loss": 0.442465215921402,
            "f1_score": 0.8192184675288555
         },
         "drift_metrics": {
            "drift_median": 0.7835671664572706,
            "drift_mean": 0.8274504870615642,
            "drift_max": 0.9825184897124403,
            "drift_min": 0.7162658050149818,
            "drift_per_client": [
               0.9825184897124403,
               0.7162658050149818,
               0.7835671664572706
            ]
         }
      },
      {
         "round": 3,
         "train_metrics": {
            "train_loss": 0.36820448945348366,
            "train_acc": 0.9233333468437195,
            "train_f1": 0.8913666925922943,
            "drift": 0.7970909338250721
         },
         "eval_metrics_client": {
            "loss": 0.3492059310277303,
            "accuracy": 0.924999992052714,
            "f1": 0.8965835154546409
         },
         "eval_metrics_server": {
            "accuracy": 0.9399999976158142,
            "loss": 0.3679920434951782,
            "f1_score": 0.90625
         },
         "drift_metrics": {
            "drift_median": 0.8174886345159155,
            "drift_mean": 0.7970909338250722,
            "drift_max": 0.8830341227061924,
            "drift_min": 0.6907500442531088,
            "drift_per_client": [
               0.6907500442531088,
               0.8830341227061924,
               0.8174886345159155
            ]
         }
      },
      {
         "round": 4,
         "train_metrics": {
            "train_loss": 0.324154642471939,
            "train_acc": 0.9300000071525574,
            "train_f1": 0.9091030892074556,
            "drift": 0.45479093239348556
         },
         "eval_metrics_client": {
            "loss": 0.32428238789240516,
            "accuracy": 0.9266666769981384,
            "f1": 0.901659096985794
         },
         "eval_metrics_server": {
            "accuracy": 0.925000011920929,
            "loss": 0.33603569865226746,
            "f1_score": 0.8859792482231765
         },
         "drift_metrics": {
            "drift_median": 0.4503646769785357,
            "drift_mean": 0.45479093239348556,
            "drift_max": 0.4664560450513003,
            "drift_min": 0.4475520751506207,
            "drift_per_client": [
               0.4503646769785357,
               0.4475520751506207,
               0.4664560450513003
            ]
         }
      },
      {
         "round": 5,
         "train_metrics": {
            "train_loss": 0.3227294804179959,
            "train_acc": 0.9166666865348816,
            "train_f1": 0.8879695586434306,
            "drift": 0.32267717595049705
         },
         "eval_metrics_client": {
            "loss": 0.3286424179871877,
            "accuracy": 0.9233333468437195,
            "f1": 0.891707188365941
         },
         "eval_metrics_server": {
            "accuracy": 0.9300000071525574,
            "loss": 0.32015517354011536,
            "f1_score": 0.8945147679324894
         },
         "drift_metrics": {
            "drift_median": 0.3177028665180778,
            "drift_mean": 0.3226771759504971,
            "drift_max": 0.3699131818820504,
            "drift_min": 0.2804154794513631,
            "drift_per_client": [
               0.2804154794513631,
               0.3177028665180778,
               0.3699131818820504
            ]
         }
      },
      {
         "round": 6,
         "train_metrics": {
            "train_loss": 0.30790672243244305,
            "train_acc": 0.9233333269755045,
            "train_f1": 0.8870851301346648,
            "drift": 0.2750127080539883
         },
         "eval_metrics_client": {
            "loss": 0.3178839385509491,
            "accuracy": 0.9333333373069763,
            "f1": 0.9016459063846461
         },
         "eval_metrics_server": {
            "accuracy": 0.949999988079071,
            "loss": 0.3129015862941742,
            "f1_score": 0.9233011198036509
         },
         "drift_metrics": {
            "drift_median": 0.2726962516866774,
            "drift_mean": 0.2750127080539883,
            "drift_max": 0.31956269376287993,
            "drift_min": 0.23277917871240758,
            "drift_per_client": [
               0.31956269376287993,
               0.23277917871240758,
               0.2726962516866774
            ]
         }
      },
      {
         "round": 7,
         "train_metrics": {
            "train_loss": 0.2939679083467741,
            "train_acc": 0.9333333373069763,
            "train_f1": 0.8945390397300199,
            "drift": 0.20493835472049338
         },
         "eval_metrics_client": {
            "loss": 0.30750014384587604,
            "accuracy": 0.9399999976158142,
            "f1": 0.9102575172405507
         },
         "eval_metrics_server": {
            "accuracy": 0.949999988079071,
            "loss": 0.3095738887786865,
            "f1_score": 0.921875
         },
         "drift_metrics": {
            "drift_median": 0.20939838412819226,
            "drift_mean": 0.20493835472049338,
            "drift_max": 0.22860113492115736,
            "drift_min": 0.17681554511213052,
            "drift_per_client": [
               0.22860113492115736,
               0.20939838412819226,
               0.17681554511213052
            ]
         }
      },
      {
         "round": 8,
         "train_metrics": {
            "train_loss": 0.2921502926475835,
            "train_acc": 0.9399999976158142,
            "train_f1": 0.9119320234320112,
            "drift": 0.1808188233504451
         },
         "eval_metrics_client": {
            "loss": 0.311368058125178,
            "accuracy": 0.9516666730244954,
            "f1": 0.9300901753721307
         },
         "eval_metrics_server": {
            "accuracy": 0.9399999976158142,