{
   "info": {
      "strategy": "FedProx",
      "seed": 5,
      "sampling_seed": 5,
      "local_epochs": 2,
      "mu": 0.03,
      "eta_l": 0.3,
      "num_rounds": 10,
      "num_clients": 5,
      "iid": true,
      "alpha": null,
      "training_mode": "mitigated",
      "nshots": 1000,
      "model_type": "quantum",
      "base_pauli": 0.005,
      "base_readout": 0.005,
      "noise_scale": 0.002
   },
   "rounds": [
      {
         "round": 0,
         "train_metrics": {},
         "eval_metrics_client": {},
         "eval_metrics_server": {
            "accuracy": 0.6399999856948853,
            "loss": 0.630768895149231,
            "f1_score": 0.6017258546299369
         }
      },
      {
         "round": 1,
         "train_metrics": {
            "train_loss": 0.48937740990339773,
            "train_acc": 0.8999999960263569,
            "train_f1": 0.8256567852914884,
            "drift": 1.0619456113729981
         },
         "eval_metrics_client": {
            "loss": 0.44770757357279456,
            "accuracy": 0.8899999856948851,
            "f1": 0.8073230391084003
         },
         "eval_metrics_server": {
            "accuracy": 0.9300000071525574,
            "loss": 0.45804154872894287,
            "f1_score": 0.8697916666666667
         },
         "drift_metrics": {
            "drift_median": 1.0949883662221425,
            "drift_mean": 1.0619456113729981,
            "drift_max": 1.1908878245282115,
            "drift_min": 0.8999606433686407,
            "drift_per_client": [
               0.8999606433686407,
               1.0949883662221425,
               1.1908878245282115
            ]
         }
      },
      {
         "round": 2,
         "train_metrics": {
            "train_loss": 0.3927781951461591,
            "train_acc": 0.8666666547457376,
            "train_f1": 0.6897570760396821,
            "drift": 0.6869367225544107
         },
         "eval_metrics_client": {
            "loss": 0.38687177499135333,
            "accuracy": 0.8666666547457377,
            "f1": 0.7166555232861466
         },
         "eval_metrics_server": {
            "accuracy": 0.875,
            "loss": 0.38871651887893677,
            "f1_score": 0.7190853418731389
         },
         "drift_metrics": {
            "drift_median": 0.6797361011191713,
            "drift_mean": 0.6869367225544109,
            "drift_max": 0.7164143953901522,
            "drift_min": 0.664659671153909,
            "drift_per_client": [
               0.7164143953901522,
               0.664659671153909,
               0.6797361011191713
            ]
         }
      },
      {
         "round": 3,
         "train_metrics": {
            "train_loss": 0.35456661761259406,
            "train_acc": 0.893333335717519,
            "train_f1": 0.7704853290068331,
            "drift": 0.3332062266388758
         },
         "eval_metrics_client": {
            "loss": 0.37559137741724646,
            "accuracy": 0.8533333341280618,
            "f1": 0.7190107832804671
         },
         "eval_metrics_server": {
            "accuracy": 0.8799999952316284,
            "loss": 0.37533989548683167,
            "f1_score": 0.7347480106100795
         },
         "drift_metrics": {
            "drift_median": 0.3377310457855169,
            "drift_mean": 0.33320622663887584,
            "drift_max": 0.3586746278276838,
            "drift_min": 0.30321300630342674,
            "drift_per_client": [
               0.3377310457855169,
               0.3586746278276838,
               0.30321300630342674
            ]
         }
      },
      {
         "round": 4,
         "train_metrics": {
            "train_loss": 0.36967603969356455,
            "train_acc": 0.9099999864896138,
            "train_f1": 0.8544037977505097,
            "drift": 0.266433241370855
         },
         "eval_metrics_client": {
            "loss": 0.36949394146601355,
            "accuracy": 0.9233333269755045,
            "f1": 0.8760699964985479
         },
         "eval_metrics_server": {
            "accuracy": 0.9100000262260437,
            "loss": 0.3695416748523712,
            "f1_score": 0.8185117967332123
         },
         "drift_metrics": {
            "drift_median": 0.24349136744282573,
            "drift_mean": 0.26643324137085506,
            "drift_max": 0.35506961365103373,
            "drift_min": 0.20073874301870567,
            "drift_per_client": [
               0.35506961365103373,
               0.24349136744282573,
               0.20073874301870567
            ]
         }
      },
      {
         "round": 5,
         "train_metrics": {
            "train_loss": 0.36263069349909527,
            "train_acc": 0.9300000071525574,
            "train_f1": 0.8890265349124966,
            "drift": 0.31265559189040804
         },
         "eval_metrics_client": {
            "loss": 0.3542597194512685,
            "accuracy": 0.9316666722297668,
            "f1": 0.8934018255365622
         },
         "eval_metrics_server": {
            "accuracy": 0.9300000071525574,
            "loss": 0.3604165017604828,
            "f1_score": 0.8729813101070586
         },
         "drift_metrics": {
            "drift_median": 0.23755295060020587,
            "drift_mean": 0.31265559189040804,
            "drift_max": 0.4722436583568657,
            "drift_min": 0.22817016671415258,
            "drift_per_client": [
               0.23755295060020587,
               0.4722436583568657,
               0.22817016671415258
            ]
         }
      },
      {
         "round": 6,
         "train_metrics": {
            "train_loss": 0.3489032929145604,
            "train_acc": 0.9366666475931803,
            "train_f1": 0.9059968523697097,
            "drift": 0.34980704040828203
         },
         "eval_metrics_client": {
            "loss": 0.3462702433268229,
            "accuracy": 0.9366666674613953,
            "f1": 0.9041169900693502
         },
         "eval_metrics_server": {
            "accuracy": 0.949999988079071,
            "loss": 0.3485329747200012,
            "f1_score": 0.9187784275503574
         },
         "drift_metrics": {
            "drift_median": 0.2839482954613384,
            "drift_mean": 0.3498070404082821,
            "drift_max": 0.5088467585354336,
            "drift_min": 0.25662606722807424,
            "drift_per_client": [
               0.2839482954613384,
               0.5088467585354336,
               0.25662606722807424
            ]
         }
      },
      {
         "round": 7,
         "train_metrics": {
            "train_loss": 0.33704055868012806,
            "train_acc": 0.95333331823349,
            "train_f1": 0.9247229760745517,
            "drift": 0.26748758663064376
         },
         "eval_metrics_client": {
            "loss": 0.3352391719818115,
            "accuracy": 0.9383333325386047,
            "f1": 0.9075310931301416
         },
         "eval_metrics_server": {
            "accuracy": 0.949999988079071,
            "loss": 0.33956873416900635,
            "f1_score": 0.9203694855868769
         },
         "drift_metrics": {
            "drift_median": 0.2779924070661662,
            "drift_mean": 0.26748758663064376,
            "drift_max": 0.27850003533741796,
            "drift_min": 0.24597031748834713,
            "drift_per_client": [
               0.24597031748834713,
               0.2779924070661662,
               0.27850003533741796
            ]
         }
      },
      {
         "round": 8,
         "train_metrics": {
            "train_loss": 0.31211375581707396,
            "train_acc": 0.9566666682561238,
            "train_f1": 0.9332811578129898,
            "drift": 0.26282556930685397
         },
         "eval_metrics_client": {
            "loss": 0.33369385202725727,
            "accuracy": 0.9366666674613953,
            "f1": 0.9124503649312792
         },
         "eval_metrics_server": {
            "accuracy": 0.9350000023841858,