{
   "info": {
      "strategy": "FedProx",
      "seed": 1,
      "sampling_seed": 1,
      "local_epochs": 2,
      "mu": 0.03,
      "eta_l": 0.3,
      "num_rounds": 10,
      "num_clients": 5,
      "iid": true,
      "alpha": null,
      "training_mode": "mitigated",
      "nshots": 1000,
      "model_type": "quantum",
      "base_pauli": 0.005,
      "base_readout": 0.005,
      "noise_scale": 0.002
   },
   "rounds": [
      {
         "round": 0,
         "train_metrics": {},
         "eval_metrics_client": {},
         "eval_metrics_server": {
            "accuracy": 0.6150000095367432,
            "loss": 0.6220965385437012,
            "f1_score": 0.548002700243609
         }
      },
      {
         "round": 1,
         "train_metrics": {
            "train_loss": 0.531607395808487,
            "train_acc": 0.8366666634877522,
            "train_f1": 0.786375563757876,
            "drift": 0.8963819695017174
         },
         "eval_metrics_client": {
            "loss": 0.48872883121172583,
            "accuracy": 0.8016666769981383,
            "f1": 0.762214226738887
         },
         "eval_metrics_server": {
            "accuracy": 0.8349999785423279,
            "loss": 0.5161163806915283,
            "f1_score": 0.778516057585825
         },
         "drift_metrics": {
            "drift_median": 0.9011988272419015,
            "drift_mean": 0.8963819695017176,
            "drift_max": 0.9247814393666983,
            "drift_min": 0.863165641896553,
            "drift_per_client": [
               0.863165641896553,
               0.9247814393666983,
               0.9011988272419015
            ]
         }
      },
      {
         "round": 2,
         "train_metrics": {
            "train_loss": 0.4216973858660593,
            "train_acc": 0.8433333237965901,
            "train_f1": 0.7945108459516046,
            "drift": 0.6640840039548738
         },
         "eval_metrics_client": {
            "loss": 0.4321666856606801,
            "accuracy": 0.8366666634877522,
            "f1": 0.7946374523813103
         },
         "eval_metrics_server": {
            "accuracy": 0.8550000190734863,
            "loss": 0.4546720087528229,
            "f1_score": 0.8026606784389778
         },
         "drift_metrics": {
            "drift_median": 0.707899029748391,
            "drift_mean": 0.6640840039548738,
            "drift_max": 0.7716561076354718,
            "drift_min": 0.5126968744807587,
            "drift_per_client": [
               0.5126968744807587,
               0.707899029748391,
               0.7716561076354718
            ]
         }
      },
      {
         "round": 3,
         "train_metrics": {
            "train_loss": 0.41529068824793414,
            "train_acc": 0.8533333341280619,
            "train_f1": 0.8112601766354083,
            "drift": 0.419893746457039
         },
         "eval_metrics_client": {
            "loss": 0.4173293312390645,
            "accuracy": 0.8533333341280619,
            "f1": 0.8030306068811809
         },
         "eval_metrics_server": {
            "accuracy": 0.8650000095367432,
            "loss": 0.43345633149147034,
            "f1_score": 0.813632441760138
         },
         "drift_metrics": {
            "drift_median": 0.4584630458225885,
            "drift_mean": 0.419893746457039,
            "drift_max": 0.5120243390633483,
            "drift_min": 0.2891938544851802,
            "drift_per_client": [
               0.2891938544851802,
               0.5120243390633483,
               0.4584630458225885
            ]
         }
      },
      {
         "round": 4,
         "train_metrics": {
            "train_loss": 0.4220714962138016,
            "train_acc": 0.8399999936421711,
            "train_f1": 0.7983570786805287,
            "drift": 0.3807689136983158
         },
         "eval_metrics_client": {
            "loss": 0.42230969667434687,
            "accuracy": 0.8533333142598469,
            "f1": 0.8021486530621831
         },
         "eval_metrics_server": {
            "accuracy": 0.8700000047683716,
            "loss": 0.41804781556129456,
            "f1_score": 0.8164878599661208
         },
         "drift_metrics": {
            "drift_median": 0.3809401026519557,
            "drift_mean": 0.38076891369831584,
            "drift_max": 0.516420111045886,
            "drift_min": 0.24494652739710568,
            "drift_per_client": [
               0.24494652739710568,
               0.3809401026519557,
               0.516420111045886
            ]
         }
      },
      {
         "round": 5,
         "train_metrics": {
            "train_loss": 0.3927686823911527,
            "train_acc": 0.9199999968210856,
            "train_f1": 0.8774025974025974,
            "drift": 0.4535553787578777
         },
         "eval_metrics_client": {
            "loss": 0.40296255548795057,
            "accuracy": 0.8799999952316283,
            "f1": 0.8252241256799036
         },
         "eval_metrics_server": {
            "accuracy": 0.925000011920929,
            "loss": 0.39668214321136475,
            "f1_score": 0.8793775883559165
         },
         "drift_metrics": {
            "drift_median": 0.4082917335824631,
            "drift_mean": 0.45355537875787766,
            "drift_max": 0.54758516126655,
            "drift_min": 0.40478924142462,
            "drift_per_client": [
               0.4082917335824631,
               0.54758516126655,
               0.40478924142462
            ]
         }
      },
      {
         "round": 6,
         "train_metrics": {
            "train_loss": 0.3506182104517285,
            "train_acc": 0.9600000182787577,
            "train_f1": 0.9344588414067321,
            "drift": 0.3725338921779522
         },
         "eval_metrics_client": {
            "loss": 0.38336027661959327,
            "accuracy": 0.9200000166893005,
            "f1": 0.875137237262288
         },
         "eval_metrics_server": {
            "accuracy": 0.949999988079071,
            "loss": 0.3814517855644226,
            "f1_score": 0.9134199134199135
         },
         "drift_metrics": {
            "drift_median": 0.36378828958257303,
            "drift_mean": 0.3725338921779522,
            "drift_max": 0.41339098385714695,
            "drift_min": 0.3404224030941366,
            "drift_per_client": [
               0.3404224030941366,
               0.41339098385714695,
               0.36378828958257303
            ]
         }
      },
      {
         "round": 7,
         "train_metrics": {
            "train_loss": 0.3479012814004849,
            "train_acc": 0.9300000270207722,
            "train_f1": 0.8967546901301947,
            "drift": 0.2805634342817469
         },
         "eval_metrics_client": {
            "loss": 0.37465361754099524,
            "accuracy": 0.9199999968210856,
            "f1": 0.8731579607620334
         },
         "eval_metrics_server": {
            "accuracy": 0.949999988079071,
            "loss": 0.37554997205734253,
            "f1_score": 0.9114103472714387
         },
         "drift_metrics": {
            "drift_median": 0.25786085722935853,
            "drift_mean": 0.2805634342817469,
            "drift_max": 0.3325266701496643,
            "drift_min": 0.2513027754662179,
            "drift_per_client": [
               0.3325266701496643,
               0.2513027754662179,
               0.25786085722935853
            ]
         }
      },
      {
         "round": 8,
         "train_metrics": {
            "train_loss": 0.36310006843129544,
            "train_acc": 0.9266666769981384,
            "train_f1": 0.8910407149683287,
            "drift": 0.2579096840937194
         },
         "eval_metrics_client": {
            "loss": 0.3683600227038065,
            "accuracy": 0.9316666523615519,
            "f1": 0.8876672558325783
         },
         "eval_metrics_server": {
            "accuracy": 0.9350000023841858,