{
   "info": {
      "strategy": "FedAdam",
      "seed": 5,
      "sampling_seed": 5,
      "fraction_train": 0.75,
      "fraction_evaluate": 0.75,
      "local_epochs": 2,
      "num_rounds": 10,
      "num_clients": 5,
      "eta": 0.1,
      "eta_l": 0.1,
      "iid": false,
      "alpha": 1.8,
      "training_mode": "mitigated",
      "nshots": 1000,
      "model_type": "quantum",
      "base_pauli": 0.005,
      "base_readout": 0.005,
      "noise_scale": 0.002
   },
   "rounds": [
      {
         "round": 0,
         "train_metrics": {},
         "eval_metrics_client": {},
         "eval_metrics_server": {
            "accuracy": 0.6399999856948853,
            "loss": 0.630768895149231,
            "f1_score": 0.6017258546299369
         }
      },
      {
         "round": 1,
         "train_metrics": {
            "train_loss": 0.5359666798751959,
            "train_acc": 0.8402777794334624,
            "train_f1": 0.7277769506175475,
            "drift": 0.5633218177048506
         },
         "eval_metrics_client": {
            "loss": 0.5844894846280415,
            "accuracy": 0.7233333388964335,
            "f1": 0.6779506913744184
         },
         "eval_metrics_server": {
            "accuracy": 0.675000011920929,
            "loss": 0.6028002500534058,
            "f1_score": 0.6339162513024132
         },
         "drift_metrics": {
            "drift_median": 0.548340369505843,
            "drift_mean": 0.5067212427983067,
            "drift_max": 0.6816586405767266,
            "drift_min": 0.2901647183123502,
            "drift_per_client": [
               0.2901647183123502,
               0.548340369505843,
               0.6816586405767266
            ]
         }
      },
      {
         "round": 2,
         "train_metrics": {
            "train_loss": 0.5182457899443077,
            "train_acc": 0.8652482115207835,
            "train_f1": 0.8133235645228301,
            "drift": 0.4663471741068339
         },
         "eval_metrics_client": {
            "loss": 0.5531700849533081,
            "accuracy": 0.7666666905085244,
            "f1": 0.712751219185951
         },
         "eval_metrics_server": {
            "accuracy": 0.7350000143051147,
            "loss": 0.5681502819061279,
            "f1_score": 0.6830048745476839
         },
         "drift_metrics": {
            "drift_median": 0.4751610439181827,
            "drift_mean": 0.439688463543981,
            "drift_max": 0.5422808097202617,
            "drift_min": 0.30162353699349853,
            "drift_per_client": [
               0.30162353699349853,
               0.5422808097202617,
               0.4751610439181827
            ]
         }
      },
      {
         "round": 3,
         "train_metrics": {
            "train_loss": 0.47818806295905564,
            "train_acc": 0.8942307650278776,
            "train_f1": 0.8516404205068226,
            "drift": 0.4563290692880758
         },
         "eval_metrics_client": {
            "loss": 0.5034423768520355,
            "accuracy": 0.8166666626930237,
            "f1": 0.763367431823163
         },
         "eval_metrics_server": {
            "accuracy": 0.8600000143051147,
            "loss": 0.5310927033424377,
            "f1_score": 0.796037296037296
         },
         "drift_metrics": {
            "drift_median": 0.4407948588592003,
            "drift_mean": 0.4553175771355638,
            "drift_max": 0.5131782002118264,
            "drift_min": 0.4119796723356649,
            "drift_per_client": [
               0.4119796723356649,
               0.5131782002118264,
               0.4407948588592003
            ]
         }
      },
      {
         "round": 4,
         "train_metrics": {
            "train_loss": 0.44918361242993343,
            "train_acc": 0.870317010955096,
            "train_f1": 0.7392791918849484,
            "drift": 0.48023983691101396
         },
         "eval_metrics_client": {
            "loss": 0.4699910581111908,
            "accuracy": 0.8816666603088378,
            "f1": 0.8271882427594754
         },
         "eval_metrics_server": {
            "accuracy": 0.875,
            "loss": 0.4946848750114441,
            "f1_score": 0.775895298283358
         },
         "drift_metrics": {
            "drift_median": 0.4013657454200823,
            "drift_mean": 0.4674097171024422,
            "drift_max": 0.6114496069286528,
            "drift_min": 0.38941379895859146,
            "drift_per_client": [
               0.38941379895859146,
               0.4013657454200823,
               0.6114496069286528
            ]
         }
      },
      {
         "round": 5,
         "train_metrics": {
            "train_loss": 0.40322942089925473,
            "train_acc": 0.9225092088164439,
            "train_f1": 0.7850337879526231,
            "drift": 0.42759669355258534
         },
         "eval_metrics_client": {
            "loss": 0.4334940512975056,
            "accuracy": 0.9066666563351948,
            "f1": 0.8291709448224217
         },
         "eval_metrics_server": {
            "accuracy": 0.8899999856948853,
            "loss": 0.46141335368156433,
            "f1_score": 0.7781810848961483
         },
         "drift_metrics": {
            "drift_median": 0.35844081858785487,
            "drift_mean": 0.37930435651148736,
            "drift_max": 0.5465376428022986,
            "drift_min": 0.23293460814430866,
            "drift_per_client": [
               0.23293460814430866,
               0.35844081858785487,
               0.5465376428022986
            ]
         }
      },
      {
         "round": 6,
         "train_metrics": {
            "train_loss": 0.37342588641243113,
            "train_acc": 0.9236111162851254,
            "train_f1": 0.7476675986572152,
            "drift": 0.36618274436933435
         },
         "eval_metrics_client": {
            "loss": 0.4180728991826375,
            "accuracy": 0.9033333261807759,
            "f1": 0.8079092897842897
         },
         "eval_metrics_server": {
            "accuracy": 0.8849999904632568,
            "loss": 0.43384358286857605,
            "f1_score": 0.7498776575498884
         },
         "drift_metrics": {
            "drift_median": 0.3258429542247653,
            "drift_mean": 0.32723613092048415,
            "drift_max": 0.4648227647981384,
            "drift_min": 0.1910426737385488,
            "drift_per_client": [
               0.1910426737385488,
               0.3258429542247653,
               0.4648227647981384
            ]
         }
      },
      {
         "round": 7,
         "train_metrics": {
            "train_loss": 0.4055007786678916,
            "train_acc": 0.8758865108726718,
            "train_f1": 0.7714057087957179,
            "drift": 0.27205242402979524
         },
         "eval_metrics_client": {
            "loss": 0.40423866113026935,
            "accuracy": 0.8733333349227904,
            "f1": 0.7314706528826723
         },
         "eval_metrics_server": {
            "accuracy": 0.8700000047683716,
            "loss": 0.41336145997047424,
            "f1_score": 0.7028571428571428
         },
         "drift_metrics": {
            "drift_median": 0.25685164674979843,
            "drift_mean": 0.24605551003255943,
            "drift_max": 0.3358411853155892,
            "drift_min": 0.14547369803229065,
            "drift_per_client": [
               0.14547369803229065,
               0.25685164674979843,
               0.3358411853155892
            ]
         }
      },
      {
         "round": 8,
         "train_metrics": {
            "train_loss": 0.3851119458228549,
            "train_acc": 0.8846153794572904,
            "train_f1": 0.7973666706012562,
            "drift": 0.25675103431269597
         },
         "eval_metrics_client": {
            "loss": 0.396378348271052,
            "accuracy": 0.850000003973643,
            "f1": 0.7044377593490059
         },