{
   "info": {
      "strategy": "FedAdam",
      "seed": 6,
      "sampling_seed": 6,
      "fraction_train": 0.75,
      "fraction_evaluate": 0.75,
      "local_epochs": 2,
      "num_rounds": 10,
      "num_clients": 5,
      "eta": 0.1,
      "eta_l": 0.1,
      "iid": false,
      "alpha": 1.8,
      "training_mode": "mitigated",
      "nshots": 1000,
      "model_type": "quantum",
      "base_pauli": 0.005,
      "base_readout": 0.005,
      "noise_scale": 0.002
   },
   "rounds": [
      {
         "round": 0,
         "train_metrics": {},
         "eval_metrics_client": {},
         "eval_metrics_server": {
            "accuracy": 0.6349999904632568,
            "loss": 0.6415873169898987,
            "f1_score": 0.6027318984517428
         }
      },
      {
         "round": 1,
         "train_metrics": {
            "train_loss": 0.5329748411629287,
            "train_acc": 0.8049645303411688,
            "train_f1": 0.7597133046249747,
            "drift": 0.5606946319726007
         },
         "eval_metrics_client": {
            "loss": 0.5836929281552632,
            "accuracy": 0.7116666634877522,
            "f1": 0.6717189155590185
         },
         "eval_metrics_server": {
            "accuracy": 0.7049999833106995,
            "loss": 0.5951688885688782,
            "f1_score": 0.6624617408964787
         },
         "drift_metrics": {
            "drift_median": 0.5524263201435199,
            "drift_mean": 0.5223912236269084,
            "drift_max": 0.645942692274336,
            "drift_min": 0.36880465846286914,
            "drift_per_client": [
               0.36880465846286914,
               0.5524263201435199,
               0.645942692274336
            ]
         }
      },
      {
         "round": 2,
         "train_metrics": {
            "train_loss": 0.5029557284885255,
            "train_acc": 0.8107255452814914,
            "train_f1": 0.759897768434658,
            "drift": 0.5579812007856182
         },
         "eval_metrics_client": {
            "loss": 0.5517562230428059,
            "accuracy": 0.7416666746139526,
            "f1": 0.7001645432992171
         },
         "eval_metrics_server": {
            "accuracy": 0.7549999952316284,
            "loss": 0.5485562682151794,
            "f1_score": 0.7069290349591795
         },
         "drift_metrics": {
            "drift_median": 0.5795446491096692,
            "drift_mean": 0.5119747695783442,
            "drift_max": 0.6272031579725531,
            "drift_min": 0.3291765016528105,
            "drift_per_client": [
               0.3291765016528105,
               0.5795446491096692,
               0.6272031579725531
            ]
         }
      },
      {
         "round": 3,
         "train_metrics": {
            "train_loss": 0.4771157086502609,
            "train_acc": 0.808118076781945,
            "train_f1": 0.7394555914228262,
            "drift": 0.4329724362998799
         },
         "eval_metrics_client": {
            "loss": 0.4940089384714762,
            "accuracy": 0.8333333333333333,
            "f1": 0.7920890279859272
         },
         "eval_metrics_server": {
            "accuracy": 0.8100000023841858,
            "loss": 0.5113259553909302,
            "f1_score": 0.756128866640996
         },
         "drift_metrics": {
            "drift_median": 0.3671946372151257,
            "drift_mean": 0.39362673383867935,
            "drift_max": 0.5333297614690691,
            "drift_min": 0.2803558028318432,
            "drift_per_client": [
               0.2803558028318432,
               0.3671946372151257,
               0.5333297614690691
            ]
         }
      },
      {
         "round": 4,
         "train_metrics": {
            "train_loss": 0.45852789109996817,
            "train_acc": 0.8553458997663461,
            "train_f1": 0.7748200549541718,
            "drift": 0.3823760566092015
         },
         "eval_metrics_client": {
            "loss": 0.4713119864463806,
            "accuracy": 0.8583333492279053,
            "f1": 0.8201936034309563
         },
         "eval_metrics_server": {
            "accuracy": 0.8299999833106995,
            "loss": 0.4854563772678375,
            "f1_score": 0.7762863534675615
         },
         "drift_metrics": {
            "drift_median": 0.3396771804023427,
            "drift_mean": 0.3718752720845047,
            "drift_max": 0.44661790742008767,
            "drift_min": 0.32933072843108385,
            "drift_per_client": [
               0.32933072843108385,
               0.3396771804023427,
               0.44661790742008767
            ]
         }
      },
      {
         "round": 5,
         "train_metrics": {
            "train_loss": 0.4397935478434434,
            "train_acc": 0.865384616721899,
            "train_f1": 0.8245261107698753,
            "drift": 0.3314176341204891
         },
         "eval_metrics_client": {
            "loss": 0.454764058192571,
            "accuracy": 0.8616666595141091,
            "f1": 0.8225241907473425
         },
         "eval_metrics_server": {
            "accuracy": 0.8600000143051147,
            "loss": 0.4675653874874115,
            "f1_score": 0.8081140350877194
         },
         "drift_metrics": {
            "drift_median": 0.3040328344284534,
            "drift_mean": 0.3247917227974327,
            "drift_max": 0.3839083859188446,
            "drift_min": 0.28643394804500016,
            "drift_per_client": [
               0.3040328344284534,
               0.28643394804500016,
               0.3839083859188446
            ]
         }
      },
      {
         "round": 6,
         "train_metrics": {
            "train_loss": 0.42960816832604704,
            "train_acc": 0.8617021251232067,
            "train_f1": 0.8188898681443553,
            "drift": 0.2846643219313941
         },
         "eval_metrics_client": {
            "loss": 0.454270452260971,
            "accuracy": 0.8600000143051146,
            "f1": 0.8128140848174064
         },
         "eval_metrics_server": {
            "accuracy": 0.8600000143051147,
            "loss": 0.4551812708377838,
            "f1_score": 0.8081140350877194
         },
         "drift_metrics": {
            "drift_median": 0.26469346463815335,
            "drift_mean": 0.2616841858822181,
            "drift_max": 0.345091584097201,
            "drift_min": 0.1752675089112999,
            "drift_per_client": [
               0.1752675089112999,
               0.26469346463815335,
               0.345091584097201
            ]
         }
      },
      {
         "round": 7,
         "train_metrics": {
            "train_loss": 0.41423816355676324,
            "train_acc": 0.8517350165249797,
            "train_f1": 0.8042368505591125,
            "drift": 0.3230046859737552
         },
         "eval_metrics_client": {
            "loss": 0.45490785439809156,
            "accuracy": 0.8416666785875955,
            "f1": 0.7950356196338115
         },
         "eval_metrics_server": {
            "accuracy": 0.8650000095367432,
            "loss": 0.44584420323371887,
            "f1_score": 0.8162702868224967
         },
         "drift_metrics": {
            "drift_median": 0.3377691037082256,
            "drift_mean": 0.29257005161595867,
            "drift_max": 0.368334089816071,
            "drift_min": 0.17160696132357942,
            "drift_per_client": [
               0.17160696132357942,
               0.368334089816071,
               0.3377691037082256
            ]
         }
      },
      {
         "round": 8,
         "train_metrics": {
            "train_loss": 0.387770151770357,
            "train_acc": 0.8745387374694937,
            "train_f1": 0.8136957163684553,
            "drift": 0.3177588623168859
         },
         "eval_metrics_client": {
            "loss": 0.4244175056616465,
            "accuracy": 0.8516666491826375,
            "f1": 0.8057215286759686
         },