{
   "info": {
      "strategy": "FedAdam",
      "seed": 3,
      "sampling_seed": 3,
      "fraction_train": 0.75,
      "fraction_evaluate": 0.75,
      "local_epochs": 2,
      "num_rounds": 10,
      "num_clients": 5,
      "eta": 0.1,
      "eta_l": 0.1,
      "iid": false,
      "alpha": 1.8,
      "training_mode": "mitigated",
      "nshots": 1000,
      "model_type": "quantum",
      "base_pauli": 0.005,
      "base_readout": 0.005,
      "noise_scale": 0.002
   },
   "rounds": [
      {
         "round": 0,
         "train_metrics": {},
         "eval_metrics_client": {},
         "eval_metrics_server": {
            "accuracy": 0.47999998927116394,
            "loss": 0.7357013821601868,
            "f1_score": 0.4164515767029514
         }
      },
      {
         "round": 1,
         "train_metrics": {
            "train_loss": 0.5812611299380346,
            "train_acc": 0.7609890154102347,
            "train_f1": 0.661192302217158,
            "drift": 0.8149701921453323
         },
         "eval_metrics_client": {
            "loss": 0.6902888417243958,
            "accuracy": 0.5483333269755045,
            "f1": 0.4934672201964869
         },
         "eval_metrics_server": {
            "accuracy": 0.5400000214576721,
            "loss": 0.6916928291320801,
            "f1_score": 0.45238095238095233
         },
         "drift_metrics": {
            "drift_median": 0.780791919095391,
            "drift_mean": 0.8114559386763722,
            "drift_max": 0.8925741782638131,
            "drift_min": 0.7610017186699126,
            "drift_per_client": [
               0.7610017186699126,
               0.780791919095391,
               0.8925741782638131
            ]
         }
      },
      {
         "round": 2,
         "train_metrics": {
            "train_loss": 0.541717954410262,
            "train_acc": 0.8205128293006847,
            "train_f1": 0.7579855538359637,
            "drift": 0.7558187902034188
         },
         "eval_metrics_client": {
            "loss": 0.6402189532915751,
            "accuracy": 0.6016666889190674,
            "f1": 0.5401262369049102
         },
         "eval_metrics_server": {
            "accuracy": 0.5799999833106995,
            "loss": 0.6391696333885193,
            "f1_score": 0.4900437105390966
         },
         "drift_metrics": {
            "drift_median": 0.7301947661435658,
            "drift_mean": 0.7408590323740768,
            "drift_max": 0.84626635778002,
            "drift_min": 0.6461159731986446,
            "drift_per_client": [
               0.6461159731986446,
               0.7301947661435658,
               0.84626635778002
            ]
         }
      },
      {
         "round": 3,
         "train_metrics": {
            "train_loss": 0.533868101386629,
            "train_acc": 0.8305084614430444,
            "train_f1": 0.7572381217990013,
            "drift": 0.5926404523036547
         },
         "eval_metrics_client": {
            "loss": 0.578546663125356,
            "accuracy": 0.6783333420753479,
            "f1": 0.5974589395671863
         },
         "eval_metrics_server": {
            "accuracy": 0.6899999976158142,
            "loss": 0.588442325592041,
            "f1_score": 0.5810244627652386
         },
         "drift_metrics": {
            "drift_median": 0.6073978574618715,
            "drift_mean": 0.565397552087279,
            "drift_max": 0.6753829837857237,
            "drift_min": 0.41341181501424173,
            "drift_per_client": [
               0.41341181501424173,
               0.6073978574618715,
               0.6753829837857237
            ]
         }
      },
      {
         "round": 4,
         "train_metrics": {
            "train_loss": 0.5018336470826777,
            "train_acc": 0.8376383974983244,
            "train_f1": 0.7517414463747205,
            "drift": 0.6214452487659602
         },
         "eval_metrics_client": {
            "loss": 0.5272664427757263,
            "accuracy": 0.7450000047683716,
            "f1": 0.6492583778069766
         },
         "eval_metrics_server": {
            "accuracy": 0.7649999856948853,
            "loss": 0.5421066284179688,
            "f1_score": 0.6548051852667915
         },
         "drift_metrics": {
            "drift_median": 0.5522774812343678,
            "drift_mean": 0.5660150246639154,
            "drift_max": 0.7542310860607517,
            "drift_min": 0.3915365066966265,
            "drift_per_client": [
               0.3915365066966265,
               0.5522774812343678,
               0.7542310860607517
            ]
         }
      },
      {
         "round": 5,
         "train_metrics": {
            "train_loss": 0.4717392990180411,
            "train_acc": 0.8138801536349469,
            "train_f1": 0.7298214478730718,
            "drift": 0.6082771484954385
         },
         "eval_metrics_client": {
            "loss": 0.502227783203125,
            "accuracy": 0.7866666714350382,
            "f1": 0.6911423447942766
         },
         "eval_metrics_server": {
            "accuracy": 0.8050000071525574,
            "loss": 0.50164794921875,
            "f1_score": 0.7086834733893557
         },
         "drift_metrics": {
            "drift_median": 0.6264950971925067,
            "drift_mean": 0.5598770807375646,
            "drift_max": 0.6852411323067159,
            "drift_min": 0.36789501271347114,
            "drift_per_client": [
               0.36789501271347114,
               0.6264950971925067,
               0.6852411323067159
            ]
         }
      },
      {
         "round": 6,
         "train_metrics": {
            "train_loss": 0.4258543653911476,
            "train_acc": 0.8846153787204198,
            "train_f1": 0.8155450754122426,
            "drift": 0.5631907537843509
         },
         "eval_metrics_client": {
            "loss": 0.47533418734868366,
            "accuracy": 0.8283333579699198,
            "f1": 0.7444229839927765
         },
         "eval_metrics_server": {
            "accuracy": 0.8450000286102295,
            "loss": 0.4672936201095581,
            "f1_score": 0.7507136826022275
         },
         "drift_metrics": {
            "drift_median": 0.555682909604568,
            "drift_mean": 0.558670592731453,
            "drift_max": 0.6081557765581529,
            "drift_min": 0.5121730920316381,
            "drift_per_client": [
               0.5121730920316381,
               0.6081557765581529,
               0.555682909604568
            ]
         }
      },
      {
         "round": 7,
         "train_metrics": {
            "train_loss": 0.4088701357852279,
            "train_acc": 0.8878205145398775,
            "train_f1": 0.8491816957167451,
            "drift": 0.4455594532301067
         },
         "eval_metrics_client": {
            "loss": 0.44528433680534363,
            "accuracy": 0.8383333285649617,
            "f1": 0.7562568802273961
         },
         "eval_metrics_server": {
            "accuracy": 0.8450000286102295,
            "loss": 0.4403704106807709,
            "f1_score": 0.7402706212559171
         },
         "drift_metrics": {
            "drift_median": 0.4511236759309334,
            "drift_mean": 0.43821397640850335,
            "drift_max": 0.4832644954619587,
            "drift_min": 0.3802537578326179,
            "drift_per_client": [
               0.3802537578326179,
               0.4511236759309334,
               0.4832644954619587
            ]
         }
      },
      {
         "round": 8,
         "train_metrics": {
            "train_loss": 0.38469720162352483,
            "train_acc": 0.9194915375467074,
            "train_f1": 0.8798167901016003,
            "drift": 0.34090639748006746
         },
         "eval_metrics_client": {
            "loss": 0.4151398241519928,
            "accuracy": 0.8783333301544188,
            "f1": 0.8050596497556961
         },