{
   "info": {
      "strategy": "FedAdam",
      "seed": 7,
      "sampling_seed": 7,
      "fraction_train": 0.75,
      "fraction_evaluate": 0.75,
      "local_epochs": 2,
      "num_rounds": 10,
      "num_clients": 5,
      "eta": 0.1,
      "eta_l": 0.1,
      "iid": false,
      "alpha": 1.8,
      "training_mode": "mitigated",
      "nshots": 1000,
      "model_type": "quantum",
      "base_pauli": 0.005,
      "base_readout": 0.005,
      "noise_scale": 0.002
   },
   "rounds": [
      {
         "round": 0,
         "train_metrics": {},
         "eval_metrics_client": {},
         "eval_metrics_server": {
            "accuracy": 0.4950000047683716,
            "loss": 0.7266889214515686,
            "f1_score": 0.46807109940750496
         }
      },
      {
         "round": 1,
         "train_metrics": {
            "train_loss": 0.5978463440887928,
            "train_acc": 0.7389937245620872,
            "train_f1": 0.6632956314790184,
            "drift": 0.8014508989808105
         },
         "eval_metrics_client": {
            "loss": 0.6820776065190632,
            "accuracy": 0.5583333174387614,
            "f1": 0.5375515280266937
         },
         "eval_metrics_server": {
            "accuracy": 0.5299999713897705,
            "loss": 0.6898618936538696,
            "f1_score": 0.5083167695365624
         },
         "drift_metrics": {
            "drift_median": 0.7123150774879746,
            "drift_mean": 0.7822178286252002,
            "drift_max": 0.9226882736716789,
            "drift_min": 0.7116501347159471,
            "drift_per_client": [
               0.7116501347159471,
               0.7123150774879746,
               0.9226882736716789
            ]
         }
      },
      {
         "round": 2,
         "train_metrics": {
            "train_loss": 0.5576591860681691,
            "train_acc": 0.7916666755659713,
            "train_f1": 0.7063857568288585,
            "drift": 0.7423278826302796
         },
         "eval_metrics_client": {
            "loss": 0.6476527253786722,
            "accuracy": 0.599999984105428,
            "f1": 0.5723835359465482
         },
         "eval_metrics_server": {
            "accuracy": 0.6299999952316284,
            "loss": 0.6468987464904785,
            "f1_score": 0.6031746031746033
         },
         "drift_metrics": {
            "drift_median": 0.697991923359526,
            "drift_mean": 0.675238301295597,
            "drift_max": 0.8978282913856449,
            "drift_min": 0.42989468914162,
            "drift_per_client": [
               0.42989468914162,
               0.697991923359526,
               0.8978282913856449
            ]
         }
      },
      {
         "round": 3,
         "train_metrics": {
            "train_loss": 0.5098442196098105,
            "train_acc": 0.829787217556162,
            "train_f1": 0.7848610304089649,
            "drift": 0.7225149404387514
         },
         "eval_metrics_client": {
            "loss": 0.6127978761990864,
            "accuracy": 0.671666661898295,
            "f1": 0.6308057239148053
         },
         "eval_metrics_server": {
            "accuracy": 0.7099999785423279,
            "loss": 0.6008759140968323,
            "f1_score": 0.6695156695156695
         },
         "drift_metrics": {
            "drift_median": 0.6830787411274303,
            "drift_mean": 0.6612871220830853,
            "drift_max": 0.8749981573622119,
            "drift_min": 0.42578446775961365,
            "drift_per_client": [
               0.42578446775961365,
               0.6830787411274303,
               0.8749981573622119
            ]
         }
      },
      {
         "round": 4,
         "train_metrics": {
            "train_loss": 0.47193976117720515,
            "train_acc": 0.8490566024240458,
            "train_f1": 0.8270122066279044,
            "drift": 0.6865300112858017
         },
         "eval_metrics_client": {
            "loss": 0.5571191310882568,
            "accuracy": 0.7133333285649617,
            "f1": 0.6673582018441389
         },
         "eval_metrics_server": {
            "accuracy": 0.7599999904632568,
            "loss": 0.5537043213844299,
            "f1_score": 0.7142857142857143
         },
         "drift_metrics": {
            "drift_median": 0.6713473095447623,
            "drift_mean": 0.6300340481680139,
            "drift_max": 0.8107186848115837,
            "drift_min": 0.4080361501476957,
            "drift_per_client": [
               0.4080361501476957,
               0.6713473095447623,
               0.8107186848115837
            ]
         }
      },
      {
         "round": 5,
         "train_metrics": {
            "train_loss": 0.4216870482915764,
            "train_acc": 0.8703170157646928,
            "train_f1": 0.8237707799928169,
            "drift": 0.7109592298041597
         },
         "eval_metrics_client": {
            "loss": 0.5186752875645955,
            "accuracy": 0.7433333396911621,
            "f1": 0.7037496602125084
         },
         "eval_metrics_server": {
            "accuracy": 0.7699999809265137,
            "loss": 0.5091316103935242,
            "f1_score": 0.7235244620747686
         },
         "drift_metrics": {
            "drift_median": 0.7141578382845061,
            "drift_mean": 0.6979224654665432,
            "drift_max": 0.7705557361497477,
            "drift_min": 0.609053821965376,
            "drift_per_client": [
               0.609053821965376,
               0.7141578382845061,
               0.7705557361497477
            ]
         }
      },
      {
         "round": 6,
         "train_metrics": {
            "train_loss": 0.39763188434328,
            "train_acc": 0.8836478144867614,
            "train_f1": 0.8118343931883025,
            "drift": 0.60105364852891
         },
         "eval_metrics_client": {
            "loss": 0.4609700838724772,
            "accuracy": 0.8233333428700764,
            "f1": 0.7809783271203479
         },
         "eval_metrics_server": {
            "accuracy": 0.7850000262260437,
            "loss": 0.4703034460544586,
            "f1_score": 0.7348216212882736
         },
         "drift_metrics": {
            "drift_median": 0.5521512220497345,
            "drift_mean": 0.5883735602801011,
            "drift_max": 0.6777590951462056,
            "drift_min": 0.5352103636443634,
            "drift_per_client": [
               0.5352103636443634,
               0.5521512220497345,
               0.6777590951462056
            ]
         }
      },
      {
         "round": 7,
         "train_metrics": {
            "train_loss": 0.3814815822195422,
            "train_acc": 0.8784722458157275,
            "train_f1": 0.8034127604595594,
            "drift": 0.5046802841994454
         },
         "eval_metrics_client": {
            "loss": 0.44206858674685157,
            "accuracy": 0.8533333341280618,
            "f1": 0.8050691244239632
         },
         "eval_metrics_server": {
            "accuracy": 0.824999988079071,
            "loss": 0.43891867995262146,
            "f1_score": 0.7740112994350282
         },
         "drift_metrics": {
            "drift_median": 0.49416435200118636,
            "drift_mean": 0.4602723863413543,
            "drift_max": 0.5968157058184046,
            "drift_min": 0.28983710120447204,
            "drift_per_client": [
               0.28983710120447204,
               0.49416435200118636,
               0.5968157058184046
            ]
         }
      },
      {
         "round": 8,
         "train_metrics": {
            "train_loss": 0.37795520362966517,
            "train_acc": 0.9113475325259757,
            "train_f1": 0.8767077747730032,
            "drift": 0.3957816013479702
         },
         "eval_metrics_client": {
            "loss": 0.4225121239821116,
            "accuracy": 0.8516666690508524,
            "f1": 0.8006107915728163
         },