{
   "info": {
      "strategy": "FedYogi",
      "seed": 2,
      "sampling_seed": 2,
      "local_epochs": 2,
      "num_rounds": 10,
      "num_clients": 5,
      "eta": 0.1,
      "eta_l": 0.1,
      "iid": true,
      "alpha": null,
      "training_mode": "noiseless",
      "nshots": 1000,
      "model_type": "quantum"
   },
   "rounds": [
      {
         "round": 0,
         "train_metrics": {},
         "eval_metrics_client": {},
         "eval_metrics_server": {
            "accuracy": 0.6800000071525574,
            "loss": 0.6009007096290588,
            "f1_score": 0.6259934548854604
         }
      },
      {
         "round": 1,
         "train_metrics": {
            "train_loss": 0.585347783107024,
            "train_acc": 0.7000000079472859,
            "train_f1": 0.6359480490376602,
            "drift": 0.343448356191523
         },
         "eval_metrics_client": {
            "loss": 0.5575692653656006,
            "accuracy": 0.6883333325386047,
            "f1": 0.6362222230651864
         },
         "eval_metrics_server": {
            "accuracy": 0.7200000286102295,
            "loss": 0.5756064057350159,
            "f1_score": 0.6564838670101828
         },
         "drift_metrics": {
            "drift_median": 0.34895990561510865,
            "drift_mean": 0.343448356191523,
            "drift_max": 0.3628567724694869,
            "drift_min": 0.31852839048997345,
            "drift_per_client": [
               0.3628567724694869,
               0.31852839048997345,
               0.34895990561510865
            ]
         }
      },
      {
         "round": 2,
         "train_metrics": {
            "train_loss": 0.5505751921580389,
            "train_acc": 0.746666669845581,
            "train_f1": 0.6717419444437347,
            "drift": 0.3442079701144282
         },
         "eval_metrics_client": {
            "loss": 0.5003918707370758,
            "accuracy": 0.7616666555404663,
            "f1": 0.7036382532477009
         },
         "eval_metrics_server": {
            "accuracy": 0.7599999904632568,
            "loss": 0.5383289456367493,
            "f1_score": 0.6881496881496881
         },
         "drift_metrics": {
            "drift_median": 0.34052224755869664,
            "drift_mean": 0.3442079701144283,
            "drift_max": 0.361944601574046,
            "drift_min": 0.33015706121054206,
            "drift_per_client": [
               0.361944601574046,
               0.33015706121054206,
               0.34052224755869664
            ]
         }
      },
      {
         "round": 3,
         "train_metrics": {
            "train_loss": 0.5028569499651592,
            "train_acc": 0.8066666722297668,
            "train_f1": 0.757461046747701,
            "drift": 0.3061039173243888
         },
         "eval_metrics_client": {
            "loss": 0.475123663743337,
            "accuracy": 0.8250000079472859,
            "f1": 0.7681473203474929
         },
         "eval_metrics_server": {
            "accuracy": 0.8349999785423279,
            "loss": 0.49412521719932556,
            "f1_score": 0.7722174288179465
         },
         "drift_metrics": {
            "drift_median": 0.3156085332332337,
            "drift_mean": 0.30610391732438885,
            "drift_max": 0.3462221990226782,
            "drift_min": 0.25648101971725457,
            "drift_per_client": [
               0.25648101971725457,
               0.3156085332332337,
               0.3462221990226782
            ]
         }
      },
      {
         "round": 4,
         "train_metrics": {
            "train_loss": 0.46171917212315094,
            "train_acc": 0.8566666841506957,
            "train_f1": 0.82548425200498,
            "drift": 0.3202638229114041
         },
         "eval_metrics_client": {
            "loss": 0.4473650356133778,
            "accuracy": 0.8833333253860474,
            "f1": 0.8443521819989197
         },
         "eval_metrics_server": {
            "accuracy": 0.8949999809265137,
            "loss": 0.44824787974357605,
            "f1_score": 0.8482604140322989
         },
         "drift_metrics": {
            "drift_median": 0.3330317720686607,
            "drift_mean": 0.3202638229114041,
            "drift_max": 0.36245341284013044,
            "drift_min": 0.2653062838254212,
            "drift_per_client": [
               0.3330317720686607,
               0.36245341284013044,
               0.2653062838254212
            ]
         }
      },
      {
         "round": 5,
         "train_metrics": {
            "train_loss": 0.42465818081146633,
            "train_acc": 0.8766666849454243,
            "train_f1": 0.8343594967073331,
            "drift": 0.3036862204825553
         },
         "eval_metrics_client": {
            "loss": 0.40553020437558485,
            "accuracy": 0.8833333253860473,
            "f1": 0.8334644855938398
         },
         "eval_metrics_server": {
            "accuracy": 0.8949999809265137,
            "loss": 0.4065026044845581,
            "f1_score": 0.8506348020911128
         },
         "drift_metrics": {
            "drift_median": 0.30249714908212544,
            "drift_mean": 0.3036862204825553,
            "drift_max": 0.3172601627203097,
            "drift_min": 0.29130134964523074,
            "drift_per_client": [
               0.30249714908212544,
               0.29130134964523074,
               0.3172601627203097
            ]
         }
      },
      {
         "round": 6,
         "train_metrics": {
            "train_loss": 0.38400567303865385,
            "train_acc": 0.9033333261807759,
            "train_f1": 0.8568873256373256,
            "drift": 0.2909854810283312
         },
         "eval_metrics_client": {
            "loss": 0.36882075667381287,
            "accuracy": 0.896666665871938,
            "f1": 0.844971385462105
         },
         "eval_metrics_server": {
            "accuracy": 0.9049999713897705,
            "loss": 0.3758067786693573,
            "f1_score": 0.8669048369584252
         },
         "drift_metrics": {
            "drift_median": 0.28188602062685814,
            "drift_mean": 0.29098548102833127,
            "drift_max": 0.3100662779742936,
            "drift_min": 0.28100414448384203,
            "drift_per_client": [
               0.28188602062685814,
               0.3100662779742936,
               0.28100414448384203
            ]
         }
      },
      {
         "round": 7,
         "train_metrics": {
            "train_loss": 0.34195203467821467,
            "train_acc": 0.9266666571299235,
            "train_f1": 0.8852964022740393,
            "drift": 0.2693247168196137
         },
         "eval_metrics_client": {
            "loss": 0.3482247690359751,
            "accuracy": 0.9116666714350382,
            "f1": 0.8697052703843071
         },
         "eval_metrics_server": {
            "accuracy": 0.925000011920929,
            "loss": 0.36195409297943115,
            "f1_score": 0.8916145814516421
         },
         "drift_metrics": {
            "drift_median": 0.26512129711145027,
            "drift_mean": 0.26932471681961373,
            "drift_max": 0.2933629225171895,
            "drift_min": 0.24948993083020135,
            "drift_per_client": [
               0.2933629225171895,
               0.24948993083020135,
               0.26512129711145027
            ]
         }
      },
      {
         "round": 8,
         "train_metrics": {
            "train_loss": 0.3241945826090299,
            "train_acc": 0.943333347638448,
            "train_f1": 0.917820381255359,
            "drift": 0.2575029483339806
         },
         "eval_metrics_client": {
            "loss": 0.34616301457087195,
            "accuracy": 0.9350000023841858,
            "f1": 0.9059086555638809
         },
         "eval_metrics_server": {
            "accuracy": 0.9449999928474426,
            "loss": 0.36630889773368835,