{
   "info": {
      "strategy": "FedAvg",
      "seed": 3,
      "init_seed": 3,
      "sampling_seed": 3,
      "data_seed": 2,
      "fraction_train": 0.75,
      "fraction_evaluate": 0.75,
      "local_epochs": 2,
      "num_rounds": 10,
      "num_clients": 5,
      "eta_l": 0.3,
      "iid": true,
      "alpha": null,
      "training_mode": "noiseless",
      "nshots": 5000,
      "model_type": "quantum"
   },
   "rounds": [
      {
         "round": 0,
         "train_metrics": {},
         "eval_metrics_client": {},
         "eval_metrics_server": {
            "accuracy": 0.47999998927116394,
            "loss": 0.7357013821601868,
            "f1_score": 0.4164515767029514
         }
      },
      {
         "round": 1,
         "train_metrics": {
            "train_loss": 0.432994721027521,
            "train_acc": 0.8900000055631001,
            "train_f1": 0.8320755861746238,
            "drift": 1.5404959742314295
         },
         "eval_metrics_client": {
            "loss": 0.4113192856311798,
            "accuracy": 0.8833333452542622,
            "f1": 0.8255148463138069
         },
         "eval_metrics_server": {
            "accuracy": 0.8999999761581421,
            "loss": 0.4102349579334259,
            "f1_score": 0.834190018239098
         },
         "drift_metrics": {
            "drift_median": 1.5440191103804382,
            "drift_mean": 1.5404959742314297,
            "drift_max": 1.5484692919930618,
            "drift_min": 1.5289995203207891,
            "drift_per_client": [
               1.5484692919930618,
               1.5440191103804382,
               1.5289995203207891
            ]
         }
      },
      {
         "round": 2,
         "train_metrics": {
            "train_loss": 0.3519545549001449,
            "train_acc": 0.9533333579699197,
            "train_f1": 0.9192004547923078,
            "drift": 0.5387367143730919
         },
         "eval_metrics_client": {
            "loss": 0.39005716641743976,
            "accuracy": 0.9133333365122477,
            "f1": 0.8571665793622495
         },
         "eval_metrics_server": {
            "accuracy": 0.9399999976158142,
            "loss": 0.374536395072937,
            "f1_score": 0.8911268372346217
         },
         "drift_metrics": {
            "drift_median": 0.5361116913797866,
            "drift_mean": 0.538736714373092,
            "drift_max": 0.6151924841063238,
            "drift_min": 0.4649059676331656,
            "drift_per_client": [
               0.5361116913797866,
               0.6151924841063238,
               0.4649059676331656
            ]
         }
      },
      {
         "round": 3,
         "train_metrics": {
            "train_loss": 0.35555576896056146,
            "train_acc": 0.943333347638448,
            "train_f1": 0.8774657669455357,
            "drift": 0.25747775771985415
         },
         "eval_metrics_client": {
            "loss": 0.38075737158457434,
            "accuracy": 0.9049999912579854,
            "f1": 0.8189585918490772
         },
         "eval_metrics_server": {
            "accuracy": 0.9399999976158142,
            "loss": 0.37072357535362244,
            "f1_score": 0.8883928571428572
         },
         "drift_metrics": {
            "drift_median": 0.23836856461663442,
            "drift_mean": 0.2574777577198542,
            "drift_max": 0.2978771691149287,
            "drift_min": 0.23618753942799947,
            "drift_per_client": [
               0.23618753942799947,
               0.2978771691149287,
               0.23836856461663442
            ]
         }
      },
      {
         "round": 4,
         "train_metrics": {
            "train_loss": 0.3697320646964587,
            "train_acc": 0.9000000158945719,
            "train_f1": 0.818455654344265,
            "drift": 0.2476127668483568
         },
         "eval_metrics_client": {
            "loss": 0.37131415804227186,
            "accuracy": 0.9083333214124043,
            "f1": 0.8292755070281429
         },
         "eval_metrics_server": {
            "accuracy": 0.9350000023841858,
            "loss": 0.3698866665363312,
            "f1_score": 0.8805970149253732
         },
         "drift_metrics": {
            "drift_median": 0.20118047287025878,
            "drift_mean": 0.24761276684835684,
            "drift_max": 0.3874540198012817,
            "drift_min": 0.15420380787353002,
            "drift_per_client": [
               0.15420380787353002,
               0.20118047287025878,
               0.3874540198012817
            ]
         }
      },
      {
         "round": 5,
         "train_metrics": {
            "train_loss": 0.38003065035893363,
            "train_acc": 0.8833333452542622,
            "train_f1": 0.7969161230194577,
            "drift": 0.26672159797950634
         },
         "eval_metrics_client": {
            "loss": 0.3725302914778391,
            "accuracy": 0.9083333412806193,
            "f1": 0.8240635414736941
         },
         "eval_metrics_server": {
            "accuracy": 0.9350000023841858,
            "loss": 0.3692247271537781,
            "f1_score": 0.8805970149253732
         },
         "drift_metrics": {
            "drift_median": 0.25102965012053946,
            "drift_mean": 0.26672159797950634,
            "drift_max": 0.32138815812101046,
            "drift_min": 0.22774698569696913,
            "drift_per_client": [
               0.32138815812101046,
               0.25102965012053946,
               0.22774698569696913
            ]
         }
      },
      {
         "round": 6,
         "train_metrics": {
            "train_loss": 0.36122390169363755,
            "train_acc": 0.8999999960263569,
            "train_f1": 0.8368747355677202,
            "drift": 0.2463621414558015
         },
         "eval_metrics_client": {
            "loss": 0.3746372958024342,
            "accuracy": 0.8983333110809325,
            "f1": 0.8190283533973444
         },
         "eval_metrics_server": {
            "accuracy": 0.9350000023841858,
            "loss": 0.36941832304000854,
            "f1_score": 0.8805970149253732
         },
         "drift_metrics": {
            "drift_median": 0.23680562896189714,
            "drift_mean": 0.24636214145580151,
            "drift_max": 0.33423125190151337,
            "drift_min": 0.16804954350399404,
            "drift_per_client": [
               0.33423125190151337,
               0.16804954350399404,
               0.23680562896189714
            ]
         }
      },
      {
         "round": 7,
         "train_metrics": {
            "train_loss": 0.34479831885068846,
            "train_acc": 0.943333347638448,
            "train_f1": 0.8948457500604738,
            "drift": 0.1871227305466701
         },
         "eval_metrics_client": {
            "loss": 0.38287464777628577,
            "accuracy": 0.9050000111262003,
            "f1": 0.8354673709899313
         },
         "eval_metrics_server": {
            "accuracy": 0.9399999976158142,
            "loss": 0.369498610496521,
            "f1_score": 0.8883928571428572
         },
         "drift_metrics": {
            "drift_median": 0.16385645772671323,
            "drift_mean": 0.18712273054667014,
            "drift_max": 0.27482411749934893,
            "drift_min": 0.12268761641394818,
            "drift_per_client": [
               0.16385645772671323,
               0.12268761641394818,
               0.27482411749934893
            ]
         }
      },
      {
         "round": 8,
         "train_metrics": {
            "train_loss": 0.35308682689299953,
            "train_acc": 0.9333333373069762,
            "train_f1": 0.8498917748917747,
            "drift": 0.16374379935510733
         },
         "eval_metrics_client": {
            "loss": 0.3779438336690267,
            "accuracy": 0.9016666611035664,
            "f1": 0.8112379808591796
         },