{
   "info": {
      "strategy": "FedAvg",
      "seed": 1,
      "init_seed": 1,
      "sampling_seed": 1,
      "data_seed": 2,
      "fraction_train": 0.75,
      "fraction_evaluate": 0.75,
      "local_epochs": 2,
      "num_rounds": 10,
      "num_clients": 5,
      "eta_l": 0.3,
      "iid": true,
      "alpha": null,
      "training_mode": "noiseless",
      "nshots": 5000,
      "model_type": "quantum"
   },
   "rounds": [
      {
         "round": 0,
         "train_metrics": {},
         "eval_metrics_client": {},
         "eval_metrics_server": {
            "accuracy": 0.6150000095367432,
            "loss": 0.6220965385437012,
            "f1_score": 0.548002700243609
         }
      },
      {
         "round": 1,
         "train_metrics": {
            "train_loss": 0.5331783103637207,
            "train_acc": 0.8366666634877522,
            "train_f1": 0.7850732195382807,
            "drift": 0.9699520981994589
         },
         "eval_metrics_client": {
            "loss": 0.49620410799980164,
            "accuracy": 0.8116666674613953,
            "f1": 0.7703889482543733
         },
         "eval_metrics_server": {
            "accuracy": 0.8349999785423279,
            "loss": 0.5096781849861145,
            "f1_score": 0.778516057585825
         },
         "drift_metrics": {
            "drift_median": 0.9919457280575703,
            "drift_mean": 0.969952098199459,
            "drift_max": 1.000140063031897,
            "drift_min": 0.9177705035089097,
            "drift_per_client": [
               1.000140063031897,
               0.9177705035089097,
               0.9919457280575703
            ]
         }
      },
      {
         "round": 2,
         "train_metrics": {
            "train_loss": 0.429700602705662,
            "train_acc": 0.846666673819224,
            "train_f1": 0.7988319214922681,
            "drift": 0.6969141895214942
         },
         "eval_metrics_client": {
            "loss": 0.4331346948941548,
            "accuracy": 0.8433333436648051,
            "f1": 0.8016374823136531
         },
         "eval_metrics_server": {
            "accuracy": 0.8600000143051147,
            "loss": 0.4511766731739044,
            "f1_score": 0.8081140350877194
         },
         "drift_metrics": {
            "drift_median": 0.7234141953938107,
            "drift_mean": 0.6969141895214941,
            "drift_max": 0.8112708674472057,
            "drift_min": 0.5560575057234662,
            "drift_per_client": [
               0.5560575057234662,
               0.8112708674472057,
               0.7234141953938107
            ]
         }
      },
      {
         "round": 3,
         "train_metrics": {
            "train_loss": 0.43281486171942485,
            "train_acc": 0.8433333436648051,
            "train_f1": 0.8012719468561823,
            "drift": 0.42365018383366904
         },
         "eval_metrics_client": {
            "loss": 0.41855795184771216,
            "accuracy": 0.8616666595141093,
            "f1": 0.8110866729764357
         },
         "eval_metrics_server": {
            "accuracy": 0.8600000143051147,
            "loss": 0.4336814880371094,
            "f1_score": 0.8081140350877194
         },
         "drift_metrics": {
            "drift_median": 0.45601251543021154,
            "drift_mean": 0.4236501838336691,
            "drift_max": 0.49897694785936436,
            "drift_min": 0.3159610882114314,
            "drift_per_client": [
               0.49897694785936436,
               0.3159610882114314,
               0.45601251543021154
            ]
         }
      },
      {
         "round": 4,
         "train_metrics": {
            "train_loss": 0.4312981504660386,
            "train_acc": 0.8533333341280618,
            "train_f1": 0.8120165754868576,
            "drift": 0.3878864475450592
         },
         "eval_metrics_client": {
            "loss": 0.4161757926146189,
            "accuracy": 0.8666666746139525,
            "f1": 0.8160046055694186
         },
         "eval_metrics_server": {
            "accuracy": 0.8700000047683716,
            "loss": 0.4203232228755951,
            "f1_score": 0.8164878599661208
         },
         "drift_metrics": {
            "drift_median": 0.3831866006415181,
            "drift_mean": 0.3878864475450592,
            "drift_max": 0.5049539398146881,
            "drift_min": 0.2755188021789714,
            "drift_per_client": [
               0.2755188021789714,
               0.5049539398146881,
               0.3831866006415181
            ]
         }
      },
      {
         "round": 5,
         "train_metrics": {
            "train_loss": 0.40154651418710363,
            "train_acc": 0.9133333166440327,
            "train_f1": 0.8668034520080683,
            "drift": 0.4808138451626501
         },
         "eval_metrics_client": {
            "loss": 0.40610912442207336,
            "accuracy": 0.8949999809265136,
            "f1": 0.8382368999588193
         },
         "eval_metrics_server": {
            "accuracy": 0.925000011920929,
            "loss": 0.39802446961402893,
            "f1_score": 0.8793775883559165
         },
         "drift_metrics": {
            "drift_median": 0.4352903186971748,
            "drift_mean": 0.4808138451626501,
            "drift_max": 0.5812648901348288,
            "drift_min": 0.4258863266559466,
            "drift_per_client": [
               0.4258863266559466,
               0.5812648901348288,
               0.4352903186971748
            ]
         }
      },
      {
         "round": 6,
         "train_metrics": {
            "train_loss": 0.36139471408648366,
            "train_acc": 0.9433333277702332,
            "train_f1": 0.9022855819583967,
            "drift": 0.40690192332783703
         },
         "eval_metrics_client": {
            "loss": 0.3939628501733144,
            "accuracy": 0.9283333420753479,
            "f1": 0.8848875590185447
         },
         "eval_metrics_server": {
            "accuracy": 0.949999988079071,
            "loss": 0.38063743710517883,
            "f1_score": 0.9134199134199135
         },
         "drift_metrics": {
            "drift_median": 0.38688825043803593,
            "drift_mean": 0.40690192332783703,
            "drift_max": 0.45370298902906636,
            "drift_min": 0.3801145305164087,
            "drift_per_client": [
               0.45370298902906636,
               0.3801145305164087,
               0.38688825043803593
            ]
         }
      },
      {
         "round": 7,
         "train_metrics": {
            "train_loss": 0.3571300560083145,
            "train_acc": 0.9233333269755044,
            "train_f1": 0.8854290807231984,
            "drift": 0.3087111594068982
         },
         "eval_metrics_client": {
            "loss": 0.37729403376579285,
            "accuracy": 0.9183333317438761,
            "f1": 0.8659299667567463
         },
         "eval_metrics_server": {
            "accuracy": 0.9399999976158142,
            "loss": 0.37535277009010315,
            "f1_score": 0.8936924167257264
         },
         "drift_metrics": {
            "drift_median": 0.26819450098994824,
            "drift_mean": 0.30871115940689825,
            "drift_max": 0.3970489945966342,
            "drift_min": 0.2608899826341122,
            "drift_per_client": [
               0.2608899826341122,
               0.26819450098994824,
               0.3970489945966342
            ]
         }
      },
      {
         "round": 8,
         "train_metrics": {
            "train_loss": 0.37175838076151335,
            "train_acc": 0.9033333261807759,
            "train_f1": 0.8378917634090047,
            "drift": 0.27578126173923523
         },
         "eval_metrics_client": {
            "loss": 0.37070735295613605,
            "accuracy": 0.9183333516120911,
            "f1": 0.8585907159981401
         },
         "eval_metrics_server": {
            "accuracy": 0.9300000071525574,