{
   "info": {
      "strategy": "FedAvg",
      "seed": 2,
      "init_seed": 2,
      "sampling_seed": 2,
      "data_seed": 2,
      "fraction_train": 0.75,
      "fraction_evaluate": 0.75,
      "local_epochs": 2,
      "num_rounds": 10,
      "num_clients": 5,
      "eta_l": 0.3,
      "iid": true,
      "alpha": null,
      "training_mode": "noiseless",
      "nshots": 50,
      "model_type": "quantum"
   },
   "rounds": [
      {
         "round": 0,
         "train_metrics": {},
         "eval_metrics_client": {},
         "eval_metrics_server": {
            "accuracy": 0.6800000071525574,
            "loss": 0.6009007096290588,
            "f1_score": 0.6259934548854604
         }
      },
      {
         "round": 1,
         "train_metrics": {
            "train_loss": 0.5476890473793714,
            "train_acc": 0.7933333317438761,
            "train_f1": 0.7234018935219783,
            "drift": 0.8886139932107133
         },
         "eval_metrics_client": {
            "loss": 0.5057983100414276,
            "accuracy": 0.7616666754086812,
            "f1": 0.7035432351644796
         },
         "eval_metrics_server": {
            "accuracy": 0.800000011920929,
            "loss": 0.5159904360771179,
            "f1_score": 0.7432935438326274
         },
         "drift_metrics": {
            "drift_median": 0.8403729195449818,
            "drift_mean": 0.8886139932107134,
            "drift_max": 0.9989668632383194,
            "drift_min": 0.8265021968488387,
            "drift_per_client": [
               0.8265021968488387,
               0.9989668632383194,
               0.8403729195449818
            ]
         }
      },
      {
         "round": 2,
         "train_metrics": {
            "train_loss": 0.4493846625853807,
            "train_acc": 0.9100000063578287,
            "train_f1": 0.8563555090999149,
            "drift": 0.8943078802974703
         },
         "eval_metrics_client": {
            "loss": 0.4153198997179667,
            "accuracy": 0.8883333404858906,
            "f1": 0.8428565723929974
         },
         "eval_metrics_server": {
            "accuracy": 0.8849999904632568,
            "loss": 0.4272017776966095,
            "f1_score": 0.8364095451474092
         },
         "drift_metrics": {
            "drift_median": 0.8826630369154014,
            "drift_mean": 0.8943078802974703,
            "drift_max": 1.035294207422056,
            "drift_min": 0.7649663965549538,
            "drift_per_client": [
               1.035294207422056,
               0.8826630369154014,
               0.7649663965549538
            ]
         }
      },
      {
         "round": 3,
         "train_metrics": {
            "train_loss": 0.3609155351534868,
            "train_acc": 0.9333333373069763,
            "train_f1": 0.903470317584895,
            "drift": 0.8190873420384351
         },
         "eval_metrics_client": {
            "loss": 0.3494134843349457,
            "accuracy": 0.9416666626930237,
            "f1": 0.9179533096009499
         },
         "eval_metrics_server": {
            "accuracy": 0.9350000023841858,
            "loss": 0.35697585344314575,
            "f1_score": 0.8993769108711638
         },
         "drift_metrics": {
            "drift_median": 0.8535307922682931,
            "drift_mean": 0.8190873420384351,
            "drift_max": 0.8877895332587091,
            "drift_min": 0.7159417005883032,
            "drift_per_client": [
               0.8535307922682931,
               0.7159417005883032,
               0.8877895332587091
            ]
         }
      },
      {
         "round": 4,
         "train_metrics": {
            "train_loss": 0.3316119638008949,
            "train_acc": 0.946666677792867,
            "train_f1": 0.9317443072554035,
            "drift": 0.4334989521062918
         },
         "eval_metrics_client": {
            "loss": 0.327368954817454,
            "accuracy": 0.9266666571299235,
            "f1": 0.9019092969312179
         },
         "eval_metrics_server": {
            "accuracy": 0.9399999976158142,
            "loss": 0.32881587743759155,
            "f1_score": 0.90625
         },
         "drift_metrics": {
            "drift_median": 0.41139438695013125,
            "drift_mean": 0.4334989521062918,
            "drift_max": 0.4857152386668304,
            "drift_min": 0.40338723070191373,
            "drift_per_client": [
               0.40338723070191373,
               0.4857152386668304,
               0.41139438695013125
            ]
         }
      },
      {
         "round": 5,
         "train_metrics": {
            "train_loss": 0.32553397195461464,
            "train_acc": 0.9166666666666666,
            "train_f1": 0.8852827273144479,
            "drift": 0.33173876122962986
         },
         "eval_metrics_client": {
            "loss": 0.31948696573575336,
            "accuracy": 0.9199999968210856,
            "f1": 0.8836353923853923
         },
         "eval_metrics_server": {
            "accuracy": 0.949999988079071,
            "loss": 0.31520628929138184,
            "f1_score": 0.9233011198036509
         },
         "drift_metrics": {
            "drift_median": 0.3264090909534009,
            "drift_mean": 0.33173876122962986,
            "drift_max": 0.3923741857054532,
            "drift_min": 0.2764330070300355,
            "drift_per_client": [
               0.3923741857054532,
               0.2764330070300355,
               0.3264090909534009
            ]
         }
      },
      {
         "round": 6,
         "train_metrics": {
            "train_loss": 0.31143461301540715,
            "train_acc": 0.9333333373069763,
            "train_f1": 0.8958998723772048,
            "drift": 0.2724851668086066
         },
         "eval_metrics_client": {
            "loss": 0.32192960381507874,
            "accuracy": 0.921666661898295,
            "f1": 0.8834627008412022
         },
         "eval_metrics_server": {
            "accuracy": 0.9549999833106995,
            "loss": 0.31019556522369385,
            "f1_score": 0.9315875489339059
         },
         "drift_metrics": {
            "drift_median": 0.2895967623692319,
            "drift_mean": 0.2724851668086066,
            "drift_max": 0.29615096729701273,
            "drift_min": 0.2317077707595753,
            "drift_per_client": [
               0.2895967623692319,
               0.29615096729701273,
               0.2317077707595753
            ]
         }
      },
      {
         "round": 7,
         "train_metrics": {
            "train_loss": 0.2981413981089225,
            "train_acc": 0.9533333381017048,
            "train_f1": 0.9211591958112981,
            "drift": 0.21267278269554668
         },
         "eval_metrics_client": {
            "loss": 0.31620916724205017,
            "accuracy": 0.9366666674613953,
            "f1": 0.9021607657295474
         },
         "eval_metrics_server": {
            "accuracy": 0.949999988079071,
            "loss": 0.3074846565723419,
            "f1_score": 0.921875
         },
         "drift_metrics": {
            "drift_median": 0.21217623925421653,
            "drift_mean": 0.2126727826955467,
            "drift_max": 0.2137468847554128,
            "drift_min": 0.21209522407701076,
            "drift_per_client": [
               0.2137468847554128,
               0.21217623925421653,
               0.21209522407701076
            ]
         }
      },
      {
         "round": 8,
         "train_metrics": {
            "train_loss": 0.30484041648033333,
            "train_acc": 0.9366666674613953,
            "train_f1": 0.9097481434300763,
            "drift": 0.1942987779260777
         },
         "eval_metrics_client": {
            "loss": 0.3033157686392466,
            "accuracy": 0.9583333134651184,
            "f1": 0.9387817790675131
         },
         "eval_metrics_server": {
            "accuracy": 0.9399999976158142,