{
   "info": {
      "strategy": "FedProx",
      "seed": 3,
      "sampling_seed": 3,
      "local_epochs": 2,
      "mu": 0.03,
      "eta_l": 0.3,
      "num_rounds": 10,
      "num_clients": 5,
      "iid": false,
      "alpha": 1.8,
      "training_mode": "noisy",
      "nshots": 1000,
      "model_type": "quantum",
      "base_pauli": 0.005,
      "base_readout": 0.005,
      "noise_scale": 0.002
   },
   "rounds": [
      {
         "round": 0,
         "train_metrics": {},
         "eval_metrics_client": {},
         "eval_metrics_server": {
            "accuracy": 0.47999998927116394,
            "loss": 0.7357013821601868,
            "f1_score": 0.4164515767029514
         }
      },
      {
         "round": 1,
         "train_metrics": {
            "train_loss": 0.5341432292087386,
            "train_acc": 0.8736263721526325,
            "train_f1": 0.7805522169502144,
            "drift": 1.3817555802589778
         },
         "eval_metrics_client": {
            "loss": 0.487968365351359,
            "accuracy": 0.8716666499773661,
            "f1": 0.811735542332817
         },
         "eval_metrics_server": {
            "accuracy": 0.8899999856948853,
            "loss": 0.43175452947616577,
            "f1_score": 0.828125
         },
         "drift_metrics": {
            "drift_median": 1.3849991419204506,
            "drift_mean": 1.3794363126238034,
            "drift_max": 1.401833360686591,
            "drift_min": 1.3514764352643687,
            "drift_per_client": [
               1.3514764352643687,
               1.401833360686591,
               1.3849991419204506
            ]
         }
      },
      {
         "round": 2,
         "train_metrics": {
            "train_loss": 0.44729619232401674,
            "train_acc": 0.9358974460225838,
            "train_f1": 0.909032892141751,
            "drift": 0.5221713913307648
         },
         "eval_metrics_client": {
            "loss": 0.4669551153977711,
            "accuracy": 0.9066666563351948,
            "f1": 0.8566560721482877
         },
         "eval_metrics_server": {
            "accuracy": 0.9350000023841858,
            "loss": 0.3846096098423004,
            "f1_score": 0.8834655551073461
         },
         "drift_metrics": {
            "drift_median": 0.5055124597870362,
            "drift_mean": 0.5148612736888686,
            "drift_max": 0.5678979376150163,
            "drift_min": 0.4711734236645534,
            "drift_per_client": [
               0.4711734236645534,
               0.5055124597870362,
               0.5678979376150163
            ]
         }
      },
      {
         "round": 3,
         "train_metrics": {
            "train_loss": 0.4307933201555967,
            "train_acc": 0.966101698451123,
            "train_f1": 0.9388237941282123,
            "drift": 0.23738948985289327
         },
         "eval_metrics_client": {
            "loss": 0.45996065934499103,
            "accuracy": 0.925000011920929,
            "f1": 0.8665850046629974
         },
         "eval_metrics_server": {
            "accuracy": 0.9399999976158142,
            "loss": 0.3752906918525696,
            "f1_score": 0.8883928571428572
         },
         "drift_metrics": {
            "drift_median": 0.23723411109885598,
            "drift_mean": 0.23355837131648016,
            "drift_max": 0.25044926027652736,
            "drift_min": 0.21299174257405712,
            "drift_per_client": [
               0.21299174257405712,
               0.23723411109885598,
               0.25044926027652736
            ]
         }
      },
      {
         "round": 4,
         "train_metrics": {
            "train_loss": 0.45499738836041437,
            "train_acc": 0.9298892848166154,
            "train_f1": 0.826928909074037,
            "drift": 0.22561049030087826
         },
         "eval_metrics_client": {
            "loss": 0.46098332603772474,
            "accuracy": 0.92166668176651,
            "f1": 0.8561130748890158
         },
         "eval_metrics_server": {
            "accuracy": 0.9350000023841858,
            "loss": 0.37057799100875854,
            "f1_score": 0.8805970149253732
         },
         "drift_metrics": {
            "drift_median": 0.16815096414444988,
            "drift_mean": 0.19905594503225488,
            "drift_max": 0.29812217911068284,
            "drift_min": 0.13089469184163186,
            "drift_per_client": [
               0.13089469184163186,
               0.16815096414444988,
               0.29812217911068284
            ]
         }
      },
      {
         "round": 5,
         "train_metrics": {
            "train_loss": 0.4551094813018817,
            "train_acc": 0.9085173636956921,
            "train_f1": 0.821210514312906,
            "drift": 0.22170687672004913
         },
         "eval_metrics_client": {
            "loss": 0.45159638921419776,
            "accuracy": 0.9166666666666666,
            "f1": 0.8456351703944162
         },
         "eval_metrics_server": {
            "accuracy": 0.9350000023841858,
            "loss": 0.37040141224861145,
            "f1_score": 0.8805970149253732
         },
         "drift_metrics": {
            "drift_median": 0.22336156636750087,
            "drift_mean": 0.19432065646541066,
            "drift_max": 0.27721640921210805,
            "drift_min": 0.08238399381662312,
            "drift_per_client": [
               0.08238399381662312,
               0.27721640921210805,
               0.22336156636750087
            ]
         }
      },
      {
         "round": 6,
         "train_metrics": {
            "train_loss": 0.43395603316587317,
            "train_acc": 0.923076942890555,
            "train_f1": 0.8417666062942193,
            "drift": 0.21858021014938267
         },
         "eval_metrics_client": {
            "loss": 0.44629824161529535,
            "accuracy": 0.9116666714350382,
            "f1": 0.8442835803516698
         },
         "eval_metrics_server": {
            "accuracy": 0.9350000023841858,
            "loss": 0.37011680006980896,
            "f1_score": 0.8775375629975036
         },
         "drift_metrics": {
            "drift_median": 0.22933222318973398,
            "drift_mean": 0.21335957380907314,
            "drift_max": 0.25961022551767754,
            "drift_min": 0.15113627271980795,
            "drift_per_client": [
               0.15113627271980795,
               0.25961022551767754,
               0.22933222318973398
            ]
         }
      },
      {
         "round": 7,
         "train_metrics": {
            "train_loss": 0.43475679527515776,
            "train_acc": 0.923076912569694,
            "train_f1": 0.8786822314951739,
            "drift": 0.1767976775620999
         },
         "eval_metrics_client": {
            "loss": 0.45676863193511963,
            "accuracy": 0.9133333166440327,
            "f1": 0.8550174866870676
         },
         "eval_metrics_server": {
            "accuracy": 0.9449999928474426,
            "loss": 0.3719445765018463,
            "f1_score": 0.8989667049368542
         },
         "drift_metrics": {
            "drift_median": 0.13882655049914908,
            "drift_mean": 0.16533919021286503,
            "drift_max": 0.25285577560622274,
            "drift_min": 0.10433524453322326,
            "drift_per_client": [
               0.10433524453322326,
               0.13882655049914908,
               0.25285577560622274
            ]
         }
      },
      {
         "round": 8,
         "train_metrics": {
            "train_loss": 0.4259055623334575,
            "train_acc": 0.9491525231781652,
            "train_f1": 0.8879699323816133,
            "drift": 0.13012545209252613
         },
         "eval_metrics_client": {
            "loss": 0.4558730026086171,
            "accuracy": 0.9199999968210856,
            "f1": 0.8529488450572684
         },
         "eval_metrics_server": {
            "accuracy": 0.9300000071525574,