{
   "info": {
      "strategy": "FedProx",
      "seed": 2,
      "sampling_seed": 2,
      "local_epochs": 2,
      "mu": 0.03,
      "eta_l": 0.3,
      "num_rounds": 10,
      "num_clients": 5,
      "iid": false,
      "alpha": 1.8,
      "training_mode": "noisy",
      "nshots": 1000,
      "model_type": "quantum",
      "base_pauli": 0.005,
      "base_readout": 0.005,
      "noise_scale": 0.002
   },
   "rounds": [
      {
         "round": 0,
         "train_metrics": {},
         "eval_metrics_client": {},
         "eval_metrics_server": {
            "accuracy": 0.6800000071525574,
            "loss": 0.6009007096290588,
            "f1_score": 0.6259934548854604
         }
      },
      {
         "round": 1,
         "train_metrics": {
            "train_loss": 0.5777676304216643,
            "train_acc": 0.7340425550937653,
            "train_f1": 0.6822139285699214,
            "drift": 0.7234776567301302
         },
         "eval_metrics_client": {
            "loss": 0.5511269172032673,
            "accuracy": 0.7416666547457377,
            "f1": 0.6904832497243516
         },
         "eval_metrics_server": {
            "accuracy": 0.7549999952316284,
            "loss": 0.5348069071769714,
            "f1_score": 0.6978199870494279
         },
         "drift_metrics": {
            "drift_median": 0.6980657777125872,
            "drift_mean": 0.6563002033716127,
            "drift_max": 0.8797352014384039,
            "drift_min": 0.391099630963847,
            "drift_per_client": [
               0.391099630963847,
               0.6980657777125872,
               0.8797352014384039
            ]
         }
      },
      {
         "round": 2,
         "train_metrics": {
            "train_loss": 0.5304185677961379,
            "train_acc": 0.8601694819280656,
            "train_f1": 0.7974922818881717,
            "drift": 0.5429200963896863
         },
         "eval_metrics_client": {
            "loss": 0.5081993341445923,
            "accuracy": 0.8366666634877522,
            "f1": 0.7879399463296184
         },
         "eval_metrics_server": {
            "accuracy": 0.8299999833106995,
            "loss": 0.48245295882225037,
            "f1_score": 0.7762863534675615
         },
         "drift_metrics": {
            "drift_median": 0.5632396336972338,
            "drift_mean": 0.5130888990401329,
            "drift_max": 0.6308684848865497,
            "drift_min": 0.345158578536615,
            "drift_per_client": [
               0.345158578536615,
               0.5632396336972338,
               0.6308684848865497
            ]
         }
      },
      {
         "round": 3,
         "train_metrics": {
            "train_loss": 0.4841313357274797,
            "train_acc": 0.9088050250737172,
            "train_f1": 0.8427556036622639,
            "drift": 0.6910878137554339
         },
         "eval_metrics_client": {
            "loss": 0.46961801250775653,
            "accuracy": 0.9150000015894572,
            "f1": 0.8825468879276781
         },
         "eval_metrics_server": {
            "accuracy": 0.9049999713897705,
            "loss": 0.40883123874664307,
            "f1_score": 0.8604531600014689
         },
         "drift_metrics": {
            "drift_median": 0.6658673544608842,
            "drift_mean": 0.6814468786154363,
            "drift_max": 0.7454982110221017,
            "drift_min": 0.6329750703633232,
            "drift_per_client": [
               0.6329750703633232,
               0.6658673544608842,
               0.7454982110221017
            ]
         }
      },
      {
         "round": 4,
         "train_metrics": {
            "train_loss": 0.4466471639493968,
            "train_acc": 0.9135446782070897,
            "train_f1": 0.882154664818498,
            "drift": 0.6052016905472395
         },
         "eval_metrics_client": {
            "loss": 0.44142212470372516,
            "accuracy": 0.9050000111262003,
            "f1": 0.876357638599944
         },
         "eval_metrics_server": {
            "accuracy": 0.9200000166893005,
            "loss": 0.3582829236984253,
            "f1_score": 0.8794454490657022
         },
         "drift_metrics": {
            "drift_median": 0.6288396099045758,
            "drift_mean": 0.5936356255098613,
            "drift_max": 0.6410881772369282,
            "drift_min": 0.5109790893880799,
            "drift_per_client": [
               0.5109790893880799,
               0.6410881772369282,
               0.6288396099045758
            ]
         }
      },
      {
         "round": 5,
         "train_metrics": {
            "train_loss": 0.42709784269651646,
            "train_acc": 0.917981092674123,
            "train_f1": 0.8825831079183895,
            "drift": 0.3954289167061109
         },
         "eval_metrics_client": {
            "loss": 0.4153837660948435,
            "accuracy": 0.9116666714350382,
            "f1": 0.8771307990584167
         },
         "eval_metrics_server": {
            "accuracy": 0.9350000023841858,
            "loss": 0.3350326418876648,
            "f1_score": 0.9028944911297853
         },
         "drift_metrics": {
            "drift_median": 0.4170124931485965,
            "drift_mean": 0.3533617960734858,
            "drift_max": 0.45699379927877554,
            "drift_min": 0.1860790957930852,
            "drift_per_client": [
               0.1860790957930852,
               0.4170124931485965,
               0.45699379927877554
            ]
         }
      },
      {
         "round": 6,
         "train_metrics": {
            "train_loss": 0.4008377469181895,
            "train_acc": 0.9290780156639451,
            "train_f1": 0.9051439192753064,
            "drift": 0.2968744733067658
         },
         "eval_metrics_client": {
            "loss": 0.39725217223167414,
            "accuracy": 0.9150000015894572,
            "f1": 0.8797605015401075
         },
         "eval_metrics_server": {
            "accuracy": 0.9300000071525574,
            "loss": 0.3250252902507782,
            "f1_score": 0.8980186480186481
         },
         "drift_metrics": {
            "drift_median": 0.32779255335261126,
            "drift_mean": 0.2710996954333886,
            "drift_max": 0.33407480518724947,
            "drift_min": 0.15143172776030495,
            "drift_per_client": [
               0.15143172776030495,
               0.33407480518724947,
               0.32779255335261126
            ]
         }
      },
      {
         "round": 7,
         "train_metrics": {
            "train_loss": 0.38656868503375014,
            "train_acc": 0.9533898216688026,
            "train_f1": 0.9185068367776354,
            "drift": 0.19169218627227144
         },
         "eval_metrics_client": {
            "loss": 0.4012522498766581,
            "accuracy": 0.9366666674613953,
            "f1": 0.9072497592949192
         },
         "eval_metrics_server": {
            "accuracy": 0.9350000023841858,
            "loss": 0.31552210450172424,
            "f1_score": 0.9011820151267531
         },
         "drift_metrics": {
            "drift_median": 0.13731750170865084,
            "drift_mean": 0.17951579194901016,
            "drift_max": 0.2740852244830618,
            "drift_min": 0.12714464965531794,
            "drift_per_client": [
               0.13731750170865084,
               0.12714464965531794,
               0.2740852244830618
            ]
         }
      },
      {
         "round": 8,
         "train_metrics": {
            "train_loss": 0.38854195192737445,
            "train_acc": 0.9339622656504313,
            "train_f1": 0.8744922506118296,
            "drift": 0.1782956726757066
         },
         "eval_metrics_client": {
            "loss": 0.39802836378415424,
            "accuracy": 0.9483333230018616,
            "f1": 0.9249723917779101
         },
         "eval_metrics_server": {
            "accuracy": 0.9399999976158142,