{
   "info": {
      "strategy": "FedProx",
      "seed": 1,
      "sampling_seed": 1,
      "local_epochs": 2,
      "mu": 0.03,
      "eta_l": 0.3,
      "num_rounds": 10,
      "num_clients": 5,
      "iid": false,
      "alpha": 1.8,
      "training_mode": "noisy",
      "nshots": 1000,
      "model_type": "quantum",
      "base_pauli": 0.005,
      "base_readout": 0.005,
      "noise_scale": 0.002
   },
   "rounds": [
      {
         "round": 0,
         "train_metrics": {},
         "eval_metrics_client": {},
         "eval_metrics_server": {
            "accuracy": 0.6150000095367432,
            "loss": 0.6220965385437012,
            "f1_score": 0.548002700243609
         }
      },
      {
         "round": 1,
         "train_metrics": {
            "train_loss": 0.5743689143791197,
            "train_acc": 0.7564102753232687,
            "train_f1": 0.7127267780999781,
            "drift": 0.6591594695991216
         },
         "eval_metrics_client": {
            "loss": 0.5650783379872639,
            "accuracy": 0.7316666841506957,
            "f1": 0.6953642719100347
         },
         "eval_metrics_server": {
            "accuracy": 0.7149999737739563,
            "loss": 0.5520370602607727,
            "f1_score": 0.6623122722829468
         },
         "drift_metrics": {
            "drift_median": 0.6624483671006515,
            "drift_mean": 0.6316055334170289,
            "drift_max": 0.8070946620298847,
            "drift_min": 0.4252735711205504,
            "drift_per_client": [
               0.4252735711205504,
               0.6624483671006515,
               0.8070946620298847
            ]
         }
      },
      {
         "round": 2,
         "train_metrics": {
            "train_loss": 0.5373112273586246,
            "train_acc": 0.8207547115454884,
            "train_f1": 0.7372678587962045,
            "drift": 0.5985668232317034
         },
         "eval_metrics_client": {
            "loss": 0.5177789529164631,
            "accuracy": 0.8083333174387612,
            "f1": 0.760829851219555
         },
         "eval_metrics_server": {
            "accuracy": 0.8450000286102295,
            "loss": 0.49007609486579895,
            "f1_score": 0.7919393268230477
         },
         "drift_metrics": {
            "drift_median": 0.6392359294382335,
            "drift_mean": 0.5864076482362555,
            "drift_max": 0.6522633556509372,
            "drift_min": 0.4677236596195956,
            "drift_per_client": [
               0.4677236596195956,
               0.6522633556509372,
               0.6392359294382335
            ]
         }
      },
      {
         "round": 3,
         "train_metrics": {
            "train_loss": 0.5197431305363373,
            "train_acc": 0.8228782296620611,
            "train_f1": 0.7518387018508156,
            "drift": 0.44352600615715
         },
         "eval_metrics_client": {
            "loss": 0.5002472003300984,
            "accuracy": 0.8483333388964335,
            "f1": 0.7944322889844585
         },
         "eval_metrics_server": {
            "accuracy": 0.8700000047683716,
            "loss": 0.4547542333602905,
            "f1_score": 0.8192184675288555
         },
         "drift_metrics": {
            "drift_median": 0.41625930646614506,
            "drift_mean": 0.41600204237306465,
            "drift_max": 0.5068712650888537,
            "drift_min": 0.32487555556419523,
            "drift_per_client": [
               0.32487555556419523,
               0.41625930646614506,
               0.5068712650888537
            ]
         }
      },
      {
         "round": 4,
         "train_metrics": {
            "train_loss": 0.5040261991247936,
            "train_acc": 0.8328075610124726,
            "train_f1": 0.7765874220205066,
            "drift": 0.3925083245446108
         },
         "eval_metrics_client": {
            "loss": 0.4907253483931223,
            "accuracy": 0.8516666491826375,
            "f1": 0.8007039277670329
         },
         "eval_metrics_server": {
            "accuracy": 0.8650000095367432,
            "loss": 0.4339885711669922,
            "f1_score": 0.813632441760138
         },
         "drift_metrics": {
            "drift_median": 0.39608723807435015,
            "drift_mean": 0.370141723634823,
            "drift_max": 0.4354401486922113,
            "drift_min": 0.27889778413790767,
            "drift_per_client": [
               0.27889778413790767,
               0.4354401486922113,
               0.39608723807435015
            ]
         }
      },
      {
         "round": 5,
         "train_metrics": {
            "train_loss": 0.4732286174197496,
            "train_acc": 0.8581560247756065,
            "train_f1": 0.8129801572673303,
            "drift": 0.3581246168837928
         },
         "eval_metrics_client": {
            "loss": 0.4809200664361317,
            "accuracy": 0.8483333587646483,
            "f1": 0.7922507165917849
         },
         "eval_metrics_server": {
            "accuracy": 0.8700000047683716,
            "loss": 0.4209021329879761,
            "f1_score": 0.8164878599661208
         },
         "drift_metrics": {
            "drift_median": 0.3469100023161285,
            "drift_mean": 0.34247133985277345,
            "drift_max": 0.4292135903960177,
            "drift_min": 0.2512904268461741,
            "drift_per_client": [
               0.2512904268461741,
               0.4292135903960177,
               0.3469100023161285
            ]
         }
      },
      {
         "round": 6,
         "train_metrics": {
            "train_loss": 0.4594709018863709,
            "train_acc": 0.894230774197823,
            "train_f1": 0.8586251030574041,
            "drift": 0.34056717145846677
         },
         "eval_metrics_client": {
            "loss": 0.47901808222134906,
            "accuracy": 0.8816666603088378,
            "f1": 0.8415695546147822
         },
         "eval_metrics_server": {
            "accuracy": 0.8999999761581421,
            "loss": 0.40939682722091675,
            "f1_score": 0.8543123543123543
         },
         "drift_metrics": {
            "drift_median": 0.31616120837569417,
            "drift_mean": 0.33964556605919327,
            "drift_max": 0.42010564476591583,
            "drift_min": 0.28266984503596987,
            "drift_per_client": [
               0.28266984503596987,
               0.42010564476591583,
               0.31616120837569417
            ]
         }
      },
      {
         "round": 7,
         "train_metrics": {
            "train_loss": 0.44795254308552634,
            "train_acc": 0.9245282992626886,
            "train_f1": 0.8510394823279392,
            "drift": 0.3918207406339841
         },
         "eval_metrics_client": {
            "loss": 0.4651946723461151,
            "accuracy": 0.921666661898295,
            "f1": 0.8830141238430378
         },
         "eval_metrics_server": {
            "accuracy": 0.9300000071525574,
            "loss": 0.3888051509857178,
            "f1_score": 0.8862897985705003
         },
         "drift_metrics": {
            "drift_median": 0.39455929640309156,
            "drift_mean": 0.3773869929622677,
            "drift_max": 0.4600408891374949,
            "drift_min": 0.2775607933462164,
            "drift_per_client": [
               0.2775607933462164,
               0.39455929640309156,
               0.4600408891374949
            ]
         }
      },
      {
         "round": 8,
         "train_metrics": {
            "train_loss": 0.45960593494406793,
            "train_acc": 0.9372693720338969,
            "train_f1": 0.8518400465257181,
            "drift": 0.2863210086146649
         },
         "eval_metrics_client": {
            "loss": 0.46339266498883563,
            "accuracy": 0.9366666674613953,
            "f1": 0.8962752030170135
         },
         "eval_metrics_server": {
            "accuracy": 0.9449999928474426,