{
   "info": {
      "strategy": "FedProx",
      "seed": 5,
      "sampling_seed": 5,
      "local_epochs": 2,
      "mu": 0.03,
      "eta_l": 0.3,
      "num_rounds": 10,
      "num_clients": 5,
      "iid": false,
      "alpha": 1.8,
      "training_mode": "noisy",
      "nshots": 1000,
      "model_type": "quantum",
      "base_pauli": 0.005,
      "base_readout": 0.005,
      "noise_scale": 0.002
   },
   "rounds": [
      {
         "round": 0,
         "train_metrics": {},
         "eval_metrics_client": {},
         "eval_metrics_server": {
            "accuracy": 0.6399999856948853,
            "loss": 0.630768895149231,
            "f1_score": 0.6017258546299369
         }
      },
      {
         "round": 1,
         "train_metrics": {
            "train_loss": 0.5308591498129163,
            "train_acc": 0.899305565489663,
            "train_f1": 0.7763803455273188,
            "drift": 0.969631942309841
         },
         "eval_metrics_client": {
            "loss": 0.5058688720067341,
            "accuracy": 0.8883333404858906,
            "f1": 0.8033098721016046
         },
         "eval_metrics_server": {
            "accuracy": 0.8949999809265137,
            "loss": 0.469178169965744,
            "f1_score": 0.8117520505580207
         },
         "drift_metrics": {
            "drift_median": 1.0382168777918541,
            "drift_mean": 0.8919879173528354,
            "drift_max": 1.0808747228038562,
            "drift_min": 0.5568721514627962,
            "drift_per_client": [
               0.5568721514627962,
               1.0382168777918541,
               1.0808747228038562
            ]
         }
      },
      {
         "round": 2,
         "train_metrics": {
            "train_loss": 0.479550659946842,
            "train_acc": 0.8794326243248392,
            "train_f1": 0.7612336035745807,
            "drift": 0.5663968989034345
         },
         "eval_metrics_client": {
            "loss": 0.4619246621926625,
            "accuracy": 0.8666666746139525,
            "f1": 0.7163046765195928
         },
         "eval_metrics_server": {
            "accuracy": 0.8849999904632568,
            "loss": 0.40373334288597107,
            "f1_score": 0.7498776575498884
         },
         "drift_metrics": {
            "drift_median": 0.5720919006098426,
            "drift_mean": 0.5325176277840954,
            "drift_max": 0.6718008133350915,
            "drift_min": 0.35366016940735223,
            "drift_per_client": [
               0.35366016940735223,
               0.6718008133350915,
               0.5720919006098426
            ]
         }
      },
      {
         "round": 3,
         "train_metrics": {
            "train_loss": 0.45612149599341417,
            "train_acc": 0.8878205137757154,
            "train_f1": 0.7911615241170775,
            "drift": 0.40347858311862644
         },
         "eval_metrics_client": {
            "loss": 0.45486950874328613,
            "accuracy": 0.8716666698455809,
            "f1": 0.7597111754940389
         },
         "eval_metrics_server": {
            "accuracy": 0.8700000047683716,
            "loss": 0.37981003522872925,
            "f1_score": 0.7028571428571428
         },
         "drift_metrics": {
            "drift_median": 0.37794915053442746,
            "drift_mean": 0.3921500822511317,
            "drift_max": 0.474235041160748,
            "drift_min": 0.32426605505821954,
            "drift_per_client": [
               0.32426605505821954,
               0.37794915053442746,
               0.474235041160748
            ]
         }
      },
      {
         "round": 4,
         "train_metrics": {
            "train_loss": 0.45972384753982154,
            "train_acc": 0.9106628290170895,
            "train_f1": 0.7888217001896516,
            "drift": 0.3000866869477728
         },
         "eval_metrics_client": {
            "loss": 0.4591453373432159,
            "accuracy": 0.9116666913032532,
            "f1": 0.8486918579454548
         },
         "eval_metrics_server": {
            "accuracy": 0.8949999809265137,
            "loss": 0.3715583384037018,
            "f1_score": 0.7786561264822134
         },
         "drift_metrics": {
            "drift_median": 0.2718074390259143,
            "drift_mean": 0.28981669289932555,
            "drift_max": 0.3876464567303815,
            "drift_min": 0.20999618294168082,
            "drift_per_client": [
               0.20999618294168082,
               0.3876464567303815,
               0.2718074390259143
            ]
         }
      },
      {
         "round": 5,
         "train_metrics": {
            "train_loss": 0.44262440521129054,
            "train_acc": 0.9225092213532142,
            "train_f1": 0.8150393903077857,
            "drift": 0.2220668077311294
         },
         "eval_metrics_client": {
            "loss": 0.45539994041124976,
            "accuracy": 0.9233333468437195,
            "f1": 0.8611795603544765
         },
         "eval_metrics_server": {
            "accuracy": 0.9150000214576721,
            "loss": 0.3661947548389435,
            "f1_score": 0.8310055171728217
         },
         "drift_metrics": {
            "drift_median": 0.2120989867088811,
            "drift_mean": 0.20004598703150478,
            "drift_max": 0.2684124799495167,
            "drift_min": 0.1196264944361165,
            "drift_per_client": [
               0.1196264944361165,
               0.2120989867088811,
               0.2684124799495167
            ]
         }
      },
      {
         "round": 6,
         "train_metrics": {
            "train_loss": 0.4132933126522041,
            "train_acc": 0.9548611249774694,
            "train_f1": 0.8869052240371234,
            "drift": 0.23039813451664015
         },
         "eval_metrics_client": {
            "loss": 0.43058833479881287,
            "accuracy": 0.9300000071525574,
            "f1": 0.8724942692586848
         },
         "eval_metrics_server": {
            "accuracy": 0.9300000071525574,
            "loss": 0.3606051504611969,
            "f1_score": 0.8663867150219507
         },
         "drift_metrics": {
            "drift_median": 0.2464975406568515,
            "drift_mean": 0.21219387570842377,
            "drift_max": 0.2638944291338544,
            "drift_min": 0.12618965733456547,
            "drift_per_client": [
               0.12618965733456547,
               0.2638944291338544,
               0.2464975406568515
            ]
         }
      },
      {
         "round": 7,
         "train_metrics": {
            "train_loss": 0.4221564566929905,
            "train_acc": 0.9645390041331028,
            "train_f1": 0.9515390561597419,
            "drift": 0.34624405345021747
         },
         "eval_metrics_client": {
            "loss": 0.41593102614084876,
            "accuracy": 0.9366666674613953,
            "f1": 0.9027695532391327
         },
         "eval_metrics_server": {
            "accuracy": 0.9399999976158142,
            "loss": 0.34924834966659546,
            "f1_score": 0.9025341130604287
         },
         "drift_metrics": {
            "drift_median": 0.24665874990774397,
            "drift_mean": 0.2990386727124854,
            "drift_max": 0.5065883271843707,
            "drift_min": 0.14386894104534145,
            "drift_per_client": [
               0.14386894104534145,
               0.24665874990774397,
               0.5065883271843707
            ]
         }
      },
      {
         "round": 8,
         "train_metrics": {
            "train_loss": 0.4084284688398002,
            "train_acc": 0.9358974423928139,
            "train_f1": 0.916433035166159,
            "drift": 0.3277525676111248
         },
         "eval_metrics_client": {
            "loss": 0.4132016201814015,
            "accuracy": 0.9116666714350382,
            "f1": 0.8812448543729038
         },
         "eval_metrics_server": {
            "accuracy": 0.925000011920929,