{
    "1": {
        "loss_median": 0.4566351373990376,
        "loss_mad": 0.043314774831136105,
        "accuracy_median": 0.8733333349227904,
        "accuracy_mad": 0.020000000794728634,
        "f1_median": 0.8350362875915952,
        "f1_mad": 0.0158448606126379
    },
    "2": {
        "loss_median": 0.39957557121912635,
        "loss_mad": 0.0232750574747721,
        "accuracy_median": 0.8950000007947285,
        "accuracy_mad": 0.01833333571751916,
        "f1_median": 0.8373180879968769,
        "f1_mad": 0.040776548848381444
    },
    "3": {
        "loss_median": 0.3402373890082041,
        "loss_mad": 0.018829554319381714,
        "accuracy_median": 0.9049999912579854,
        "accuracy_mad": 0.02166668574015307,
        "f1_median": 0.8694395158757992,
        "f1_mad": 0.02899000057642298
    },
    "4": {
        "loss_median": 0.3216184576352437,
        "loss_mad": 0.016865005095799745,
        "accuracy_median": 0.9333333373069763,
        "accuracy_mad": 0.0016666650772094727,
        "f1_median": 0.9020664240037799,
        "f1_mad": 0.009920593140361644
    },
    "5": {
        "loss_median": 0.3202820320924123,
        "loss_mad": 0.017284661531448364,
        "accuracy_median": 0.9150000214576721,
        "accuracy_mad": 0.0183333158493042,
        "f1_median": 0.8859804025485747,
        "f1_mad": 0.023404130056844386
    },
    "6": {
        "loss_median": 0.316950519879659,
        "loss_mad": 0.024563312530517578,
        "accuracy_median": 0.9166666666666666,
        "accuracy_mad": 0.02333333094914758,
        "f1_median": 0.882036708916076,
        "f1_mad": 0.03399337635960076
    },
    "7": {
        "loss_median": 0.3117562234401703,
        "loss_mad": 0.013178010781606075,
        "accuracy_median": 0.9366666674613953,
        "accuracy_mad": 0.006666660308837891,
        "f1_median": 0.9046789502869964,
        "f1_mad": 0.009309301403144787
    },
    "8": {
        "loss_median": 0.3220668236414591,
        "loss_mad": 0.009684572617212894,
        "accuracy_median": 0.9283333420753479,
        "accuracy_mad": 0.01166667540868116,
        "f1_median": 0.8963702234031748,
        "f1_mad": 0.02695936712309044
    },
    "9": {
        "loss_median": 0.32500872015953064,
        "loss_mad": 0.017648677031199156,
        "accuracy_median": 0.9300000071525574,
        "accuracy_mad": 0.015000005563100216,
        "f1_median": 0.8960911469696979,
        "f1_mad": 0.029658987416481097
    },
    "10": {
        "loss_median": 0.3175872564315796,
        "loss_mad": 0.009734084208806393,
        "accuracy_median": 0.92166668176651,
        "accuracy_mad": 0.0183333158493042,
        "f1_median": 0.8940045059217987,
        "f1_mad": 0.03335660518931238
    }
}