{
   "info": {
      "strategy": "FedAdagrad",
      "seed": 5,
      "sampling_seed": 5,
      "local_epochs": 2,
      "num_rounds": 10,
      "num_clients": 5,
      "eta": 0.3,
      "eta_l": 0.2,
      "iid": true,
      "alpha": null,
      "training_mode": "noisy",
      "nshots": 1000,
      "model_type": "quantum",
      "base_pauli": 0.005,
      "base_readout": 0.005,
      "noise_scale": 0.002
   },
   "rounds": [
      {
         "round": 0,
         "train_metrics": {},
         "eval_metrics_client": {},
         "eval_metrics_server": {
            "accuracy": 0.6399999856948853,
            "loss": 0.630768895149231,
            "f1_score": 0.6017258546299369
         }
      },
      {
         "round": 1,
         "train_metrics": {
            "train_loss": 0.5669771822599263,
            "train_acc": 0.8333333333333333,
            "train_f1": 0.7743832741281271,
            "drift": 0.6493272836635327
         },
         "eval_metrics_client": {
            "loss": 0.5252416332562764,
            "accuracy": 0.8883333404858906,
            "f1": 0.8199628138187356
         },
         "eval_metrics_server": {
            "accuracy": 0.8600000143051147,
            "loss": 0.5065405964851379,
            "f1_score": 0.7575757575757576
         },
         "drift_metrics": {
            "drift_median": 0.6643177833080313,
            "drift_mean": 0.6493272836635327,
            "drift_max": 0.7830955733421023,
            "drift_min": 0.5005684943404644,
            "drift_per_client": [
               0.6643177833080313,
               0.7830955733421023,
               0.5005684943404644
            ]
         }
      },
      {
         "round": 2,
         "train_metrics": {
            "train_loss": 0.4717259422326699,
            "train_acc": 0.8999999960263569,
            "train_f1": 0.7918178485025408,
            "drift": 0.6108582711234677
         },
         "eval_metrics_client": {
            "loss": 0.4756297965844472,
            "accuracy": 0.8816666603088378,
            "f1": 0.7645220630673092
         },
         "eval_metrics_server": {
            "accuracy": 0.8899999856948853,
            "loss": 0.42962846159935,
            "f1_score": 0.771594684385382
         },
         "drift_metrics": {
            "drift_median": 0.5922244939202608,
            "drift_mean": 0.6108582711234677,
            "drift_max": 0.6486634846192012,
            "drift_min": 0.5916868348309413,
            "drift_per_client": [
               0.5922244939202608,
               0.5916868348309413,
               0.6486634846192012
            ]
         }
      },
      {
         "round": 3,
         "train_metrics": {
            "train_loss": 0.4399144015251062,
            "train_acc": 0.9100000063578287,
            "train_f1": 0.8186760887110922,
            "drift": 0.41597615949017086
         },
         "eval_metrics_client": {
            "loss": 0.46327544252077735,
            "accuracy": 0.8799999952316283,
            "f1": 0.7897379576814736
         },
         "eval_metrics_server": {
            "accuracy": 0.8899999856948853,
            "loss": 0.4003879129886627,
            "f1_score": 0.771594684385382
         },
         "drift_metrics": {
            "drift_median": 0.42139054726187875,
            "drift_mean": 0.4159761594901709,
            "drift_max": 0.44911155493409594,
            "drift_min": 0.377426376274538,
            "drift_per_client": [
               0.44911155493409594,
               0.377426376274538,
               0.42139054726187875
            ]
         }
      },
      {
         "round": 4,
         "train_metrics": {
            "train_loss": 0.4571826106462723,
            "train_acc": 0.9266666769981384,
            "train_f1": 0.8823709443547388,
            "drift": 0.3222445985419572
         },
         "eval_metrics_client": {
            "loss": 0.4598593016465504,
            "accuracy": 0.9183333317438761,
            "f1": 0.867102653527209
         },
         "eval_metrics_server": {
            "accuracy": 0.9150000214576721,
            "loss": 0.38124334812164307,
            "f1_score": 0.8355819913922337
         },
         "drift_metrics": {
            "drift_median": 0.3180660442425028,
            "drift_mean": 0.32224459854195725,
            "drift_max": 0.3552034857833113,
            "drift_min": 0.2934642656000576,
            "drift_per_client": [
               0.3180660442425028,
               0.3552034857833113,
               0.2934642656000576
            ]
         }
      },
      {
         "round": 5,
         "train_metrics": {
            "train_loss": 0.4557864176921355,
            "train_acc": 0.9566666682561238,
            "train_f1": 0.9306071978748597,
            "drift": 0.3023480069436559
         },
         "eval_metrics_client": {
            "loss": 0.4521032770474751,
            "accuracy": 0.9616666634877522,
            "f1": 0.9373473963257244
         },
         "eval_metrics_server": {
            "accuracy": 0.949999988079071,
            "loss": 0.37112846970558167,
            "f1_score": 0.9114103472714387
         },
         "drift_metrics": {
            "drift_median": 0.292563131637486,
            "drift_mean": 0.30234800694365593,
            "drift_max": 0.3624313492223556,
            "drift_min": 0.2520495399711261,
            "drift_per_client": [
               0.2520495399711261,
               0.292563131637486,
               0.3624313492223556
            ]
         }
      },
      {
         "round": 6,
         "train_metrics": {
            "train_loss": 0.42583975348717124,
            "train_acc": 0.9533333381017048,
            "train_f1": 0.9280592149467402,
            "drift": 0.30943533528331724
         },
         "eval_metrics_client": {
            "loss": 0.4264690776666005,
            "accuracy": 0.968333343664805,
            "f1": 0.9495009496664696
         },
         "eval_metrics_server": {
            "accuracy": 0.9700000286102295,
            "loss": 0.3571154475212097,
            "f1_score": 0.9502570054717294
         },
         "drift_metrics": {
            "drift_median": 0.29327406355212393,
            "drift_mean": 0.3094353352833173,
            "drift_max": 0.36295415988889645,
            "drift_min": 0.27207778240893143,
            "drift_per_client": [
               0.36295415988889645,
               0.27207778240893143,
               0.29327406355212393
            ]
         }
      },
      {
         "round": 7,
         "train_metrics": {
            "train_loss": 0.40789086620012915,
            "train_acc": 0.9666666785875956,
            "train_f1": 0.9448329057606278,
            "drift": 0.2544748360132192
         },
         "eval_metrics_client": {
            "loss": 0.41640061140060425,
            "accuracy": 0.9583333333333333,
            "f1": 0.9352408363409349
         },
         "eval_metrics_server": {
            "accuracy": 0.9750000238418579,
            "loss": 0.3488225042819977,
            "f1_score": 0.9581081647186963
         },
         "drift_metrics": {
            "drift_median": 0.2581466292353469,
            "drift_mean": 0.2544748360132192,
            "drift_max": 0.2593762907418177,
            "drift_min": 0.24590158806249293,
            "drift_per_client": [
               0.2593762907418177,
               0.24590158806249293,
               0.2581466292353469
            ]
         }
      },
      {
         "round": 8,
         "train_metrics": {
            "train_loss": 0.40285034897999883,
            "train_acc": 0.9733333587646484,
            "train_f1": 0.9579224662949715,
            "drift": 0.22663463156052685
         },
         "eval_metrics_client": {
            "loss": 0.41793470581372577,
            "accuracy": 0.9433333277702332,
            "f1": 0.9203222009456612
         },
         "eval_metrics_server": {
            "accuracy": 0.9649999737739563,