{
   "info": {
      "strategy": "FedAdagrad",
      "seed": 2,
      "sampling_seed": 2,
      "local_epochs": 2,
      "num_rounds": 10,
      "num_clients": 5,
      "eta": 0.3,
      "eta_l": 0.2,
      "iid": true,
      "alpha": null,
      "training_mode": "noisy",
      "nshots": 1000,
      "model_type": "quantum",
      "base_pauli": 0.005,
      "base_readout": 0.005,
      "noise_scale": 0.002
   },
   "rounds": [
      {
         "round": 0,
         "train_metrics": {},
         "eval_metrics_client": {},
         "eval_metrics_server": {
            "accuracy": 0.6800000071525574,
            "loss": 0.6009007096290588,
            "f1_score": 0.6259934548854604
         }
      },
      {
         "round": 1,
         "train_metrics": {
            "train_loss": 0.5974086446639818,
            "train_acc": 0.6933333277702332,
            "train_f1": 0.6247162291938411,
            "drift": 0.4911259445200673
         },
         "eval_metrics_client": {
            "loss": 0.5328642924626668,
            "accuracy": 0.7666666905085245,
            "f1": 0.7068656493949155
         },
         "eval_metrics_server": {
            "accuracy": 0.8149999976158142,
            "loss": 0.511494517326355,
            "f1_score": 0.7516695191113796
         },
         "drift_metrics": {
            "drift_median": 0.5077255349813613,
            "drift_mean": 0.4911259445200673,
            "drift_max": 0.5149569752504025,
            "drift_min": 0.4506953233284381,
            "drift_per_client": [
               0.5077255349813613,
               0.5149569752504025,
               0.4506953233284381
            ]
         }
      },
      {
         "round": 2,
         "train_metrics": {
            "train_loss": 0.5255350493467771,
            "train_acc": 0.8700000047683715,
            "train_f1": 0.8086152656337884,
            "drift": 0.4968574764477871
         },
         "eval_metrics_client": {
            "loss": 0.4835558931032816,
            "accuracy": 0.9083333412806193,
            "f1": 0.8674874420290142
         },
         "eval_metrics_server": {
            "accuracy": 0.9100000262260437,
            "loss": 0.4431123435497284,
            "f1_score": 0.8666864168271367
         },
         "drift_metrics": {
            "drift_median": 0.4985221580255752,
            "drift_mean": 0.4968574764477871,
            "drift_max": 0.5084190016390892,
            "drift_min": 0.48363126967869696,
            "drift_per_client": [
               0.48363126967869696,
               0.5084190016390892,
               0.4985221580255752
            ]
         }
      },
      {
         "round": 3,
         "train_metrics": {
            "train_loss": 0.46739164682535017,
            "train_acc": 0.9166666666666666,
            "train_f1": 0.8841548934423425,
            "drift": 0.489407037833231
         },
         "eval_metrics_client": {
            "loss": 0.4494999845822652,
            "accuracy": 0.9100000063578287,
            "f1": 0.8765587068994303
         },
         "eval_metrics_server": {
            "accuracy": 0.8899999856948853,
            "loss": 0.38803595304489136,
            "f1_score": 0.8422939068100359
         },
         "drift_metrics": {
            "drift_median": 0.5120951030586812,
            "drift_mean": 0.489407037833231,
            "drift_max": 0.5202874021555641,
            "drift_min": 0.4358386082854476,
            "drift_per_client": [
               0.5120951030586812,
               0.5202874021555641,
               0.4358386082854476
            ]
         }
      },
      {
         "round": 4,
         "train_metrics": {
            "train_loss": 0.4359479263806954,
            "train_acc": 0.9066666762034098,
            "train_f1": 0.8807841747984888,
            "drift": 0.3923420478976213
         },
         "eval_metrics_client": {
            "loss": 0.4359944959481557,
            "accuracy": 0.9049999912579854,
            "f1": 0.874679952951948
         },
         "eval_metrics_server": {
            "accuracy": 0.9100000262260437,
            "loss": 0.35355809330940247,
            "f1_score": 0.8688811188811189
         },
         "drift_metrics": {
            "drift_median": 0.38933036419257144,
            "drift_mean": 0.39234204789762134,
            "drift_max": 0.4194475486011276,
            "drift_min": 0.36824823089916503,
            "drift_per_client": [
               0.36824823089916503,
               0.4194475486011276,
               0.38933036419257144
            ]
         }
      },
      {
         "round": 5,
         "train_metrics": {
            "train_loss": 0.42314884601495206,
            "train_acc": 0.9033333261807759,
            "train_f1": 0.8731923671356772,
            "drift": 0.28839498436549227
         },
         "eval_metrics_client": {
            "loss": 0.41510099172592163,
            "accuracy": 0.9066666563351948,
            "f1": 0.8708190875871258
         },
         "eval_metrics_server": {
            "accuracy": 0.925000011920929,
            "loss": 0.3363814055919647,
            "f1_score": 0.8916145814516421
         },
         "drift_metrics": {
            "drift_median": 0.28794923249584936,
            "drift_mean": 0.28839498436549227,
            "drift_max": 0.3025451576841313,
            "drift_min": 0.27469056291649613,
            "drift_per_client": [
               0.28794923249584936,
               0.27469056291649613,
               0.3025451576841313
            ]
         }
      },
      {
         "round": 6,
         "train_metrics": {
            "train_loss": 0.39766602791272676,
            "train_acc": 0.9300000071525574,
            "train_f1": 0.8942010109768053,
            "drift": 0.2587500488729894
         },
         "eval_metrics_client": {
            "loss": 0.39446212848027545,
            "accuracy": 0.925000011920929,
            "f1": 0.8917446975125638
         },
         "eval_metrics_server": {
            "accuracy": 0.9300000071525574,
            "loss": 0.3213624656200409,
            "f1_score": 0.8945147679324894
         },
         "drift_metrics": {
            "drift_median": 0.25732136583497456,
            "drift_mean": 0.2587500488729894,
            "drift_max": 0.3175281300590115,
            "drift_min": 0.2014006507249822,
            "drift_per_client": [
               0.3175281300590115,
               0.2014006507249822,
               0.25732136583497456
            ]
         }
      },
      {
         "round": 7,
         "train_metrics": {
            "train_loss": 0.39793563462220705,
            "train_acc": 0.9333333373069763,
            "train_f1": 0.8944009736978942,
            "drift": 0.19553774549190434
         },
         "eval_metrics_client": {
            "loss": 0.3999573389689127,
            "accuracy": 0.9350000023841858,
            "f1": 0.9050485277196332
         },
         "eval_metrics_server": {
            "accuracy": 0.9449999928474426,
            "loss": 0.31679093837738037,
            "f1_score": 0.9163847820303295
         },
         "drift_metrics": {
            "drift_median": 0.1861854061095118,
            "drift_mean": 0.19553774549190436,
            "drift_max": 0.25740794466854205,
            "drift_min": 0.14301988569765925,
            "drift_per_client": [
               0.25740794466854205,
               0.1861854061095118,
               0.14301988569765925
            ]
         }
      },
      {
         "round": 8,
         "train_metrics": {
            "train_loss": 0.395354491013747,
            "train_acc": 0.9300000071525574,
            "train_f1": 0.8999239968271382,
            "drift": 0.15625819711099187
         },
         "eval_metrics_client": {
            "loss": 0.39643594622612,
            "accuracy": 0.9416666626930237,
            "f1": 0.9175020264667676
         },
         "eval_metrics_server": {
            "accuracy": 0.9350000023841858,