{
   "info": {
      "strategy": "FedAdagrad",
      "seed": 6,
      "sampling_seed": 6,
      "local_epochs": 2,
      "num_rounds": 10,
      "num_clients": 5,
      "eta": 0.3,
      "eta_l": 0.2,
      "iid": true,
      "alpha": null,
      "training_mode": "noisy",
      "nshots": 1000,
      "model_type": "quantum",
      "base_pauli": 0.005,
      "base_readout": 0.005,
      "noise_scale": 0.002
   },
   "rounds": [
      {
         "round": 0,
         "train_metrics": {},
         "eval_metrics_client": {},
         "eval_metrics_server": {
            "accuracy": 0.6349999904632568,
            "loss": 0.6415873169898987,
            "f1_score": 0.6027318984517428
         }
      },
      {
         "round": 1,
         "train_metrics": {
            "train_loss": 0.5495437513559291,
            "train_acc": 0.846666653951009,
            "train_f1": 0.7946753478247874,
            "drift": 0.7603290761131376
         },
         "eval_metrics_client": {
            "loss": 0.5309266050656636,
            "accuracy": 0.821666677792867,
            "f1": 0.7679536551350701
         },
         "eval_metrics_server": {
            "accuracy": 0.8299999833106995,
            "loss": 0.4952206015586853,
            "f1_score": 0.7762863534675615
         },
         "drift_metrics": {
            "drift_median": 0.757104029939256,
            "drift_mean": 0.7603290761131376,
            "drift_max": 0.7890178127958363,
            "drift_min": 0.7348653856043208,
            "drift_per_client": [
               0.7348653856043208,
               0.7890178127958363,
               0.757104029939256
            ]
         }
      },
      {
         "round": 2,
         "train_metrics": {
            "train_loss": 0.5019139586350856,
            "train_acc": 0.8433333237965901,
            "train_f1": 0.8071985773121668,
            "drift": 0.45012038409480726
         },
         "eval_metrics_client": {
            "loss": 0.5065179963906605,
            "accuracy": 0.8549999992052714,
            "f1": 0.8121287312284228
         },
         "eval_metrics_server": {
            "accuracy": 0.8700000047683716,
            "loss": 0.45255935192108154,
            "f1_score": 0.8266666666666667
         },
         "drift_metrics": {
            "drift_median": 0.4678148571712555,
            "drift_mean": 0.4501203840948073,
            "drift_max": 0.4831851969667792,
            "drift_min": 0.39936109814638704,
            "drift_per_client": [
               0.39936109814638704,
               0.4678148571712555,
               0.4831851969667792
            ]
         }
      },
      {
         "round": 3,
         "train_metrics": {
            "train_loss": 0.47745086290897465,
            "train_acc": 0.8766666849454243,
            "train_f1": 0.8387521792229998,
            "drift": 0.42199940883649
         },
         "eval_metrics_client": {
            "loss": 0.4797969162464142,
            "accuracy": 0.8616666793823241,
            "f1": 0.8211015011266527
         },
         "eval_metrics_server": {
            "accuracy": 0.8550000190734863,
            "loss": 0.42058074474334717,
            "f1_score": 0.810401752149325
         },
         "drift_metrics": {
            "drift_median": 0.43935662413566573,
            "drift_mean": 0.42199940883649,
            "drift_max": 0.4536510906035976,
            "drift_min": 0.3729905117702067,
            "drift_per_client": [
               0.3729905117702067,
               0.4536510906035976,
               0.43935662413566573
            ]
         }
      },
      {
         "round": 4,
         "train_metrics": {
            "train_loss": 0.4417217114032843,
            "train_acc": 0.893333335717519,
            "train_f1": 0.8555231979291118,
            "drift": 0.39885412343912274
         },
         "eval_metrics_client": {
            "loss": 0.45223626494407654,
            "accuracy": 0.8733333349227904,
            "f1": 0.8406806954559791
         },
         "eval_metrics_server": {
            "accuracy": 0.8450000286102295,
            "loss": 0.39540591835975647,
            "f1_score": 0.7998385794995965
         },
         "drift_metrics": {
            "drift_median": 0.40751908395363273,
            "drift_mean": 0.39885412343912274,
            "drift_max": 0.45223212138878466,
            "drift_min": 0.33681116497495084,
            "drift_per_client": [
               0.45223212138878466,
               0.33681116497495084,
               0.40751908395363273
            ]
         }
      },
      {
         "round": 5,
         "train_metrics": {
            "train_loss": 0.42068398762971926,
            "train_acc": 0.9033333261807759,
            "train_f1": 0.8635681368366596,
            "drift": 0.36436667336378187
         },
         "eval_metrics_client": {
            "loss": 0.4345330397288004,
            "accuracy": 0.8816666603088378,
            "f1": 0.8513150234719071
         },
         "eval_metrics_server": {
            "accuracy": 0.8650000095367432,
            "loss": 0.37620773911476135,
            "f1_score": 0.8211861319911256
         },
         "drift_metrics": {
            "drift_median": 0.3508202729858594,
            "drift_mean": 0.36436667336378187,
            "drift_max": 0.44013089543715567,
            "drift_min": 0.30214885166833066,
            "drift_per_client": [
               0.44013089543715567,
               0.30214885166833066,
               0.3508202729858594
            ]
         }
      },
      {
         "round": 6,
         "train_metrics": {
            "train_loss": 0.4141690860956143,
            "train_acc": 0.896666665871938,
            "train_f1": 0.851823658371095,
            "drift": 0.3273582047763976
         },
         "eval_metrics_client": {
            "loss": 0.419423629840215,
            "accuracy": 0.8883333206176757,
            "f1": 0.8496090705855683
         },
         "eval_metrics_server": {
            "accuracy": 0.8849999904632568,
            "loss": 0.3612152338027954,
            "f1_score": 0.8434895035895342
         },
         "drift_metrics": {
            "drift_median": 0.3111108689528714,
            "drift_mean": 0.32735820477639765,
            "drift_max": 0.4087891482847009,
            "drift_min": 0.26217459709162055,
            "drift_per_client": [
               0.26217459709162055,
               0.4087891482847009,
               0.3111108689528714
            ]
         }
      },
      {
         "round": 7,
         "train_metrics": {
            "train_loss": 0.4186969154920333,
            "train_acc": 0.896666665871938,
            "train_f1": 0.8655869796140687,
            "drift": 0.25075486679570036
         },
         "eval_metrics_client": {
            "loss": 0.42287635803222656,
            "accuracy": 0.8883333206176757,
            "f1": 0.8503417504263079
         },
         "eval_metrics_server": {
            "accuracy": 0.8899999856948853,
            "loss": 0.3521721661090851,
            "f1_score": 0.8492324561403509
         },
         "drift_metrics": {
            "drift_median": 0.2517795341196316,
            "drift_mean": 0.2507548667957004,
            "drift_max": 0.2697250415938923,
            "drift_min": 0.23076002467357723,
            "drift_per_client": [
               0.23076002467357723,
               0.2517795341196316,
               0.2697250415938923
            ]
         }
      },
      {
         "round": 8,
         "train_metrics": {
            "train_loss": 0.4168576452976618,
            "train_acc": 0.9066666762034098,
            "train_f1": 0.8726481087978026,
            "drift": 0.23807131959983968
         },
         "eval_metrics_client": {
            "loss": 0.42243231336275733,
            "accuracy": 0.8883333206176757,
            "f1": 0.8508814686003444
         },
         "eval_metrics_server": {
            "accuracy": 0.9049999713897705,