{
   "info": {
      "strategy": "FedAvg",
      "seed": 1,
      "init_seed": 1,
      "sampling_seed": 1,
      "data_seed": 2,
      "fraction_train": 0.75,
      "fraction_evaluate": 0.75,
      "local_epochs": 2,
      "num_rounds": 10,
      "num_clients": 5,
      "eta_l": 0.3,
      "iid": false,
      "alpha": 1.8,
      "training_mode": "noisy",
      "nshots": 1000,
      "model_type": "quantum",
      "base_pauli": 0.003,
      "base_readout": 0.003,
      "noise_scale": 0.002
   },
   "rounds": [
      {
         "round": 0,
         "train_metrics": {},
         "eval_metrics_client": {},
         "eval_metrics_server": {
            "accuracy": 0.6150000095367432,
            "loss": 0.6220965385437012,
            "f1_score": 0.548002700243609
         }
      },
      {
         "round": 1,
         "train_metrics": {
            "train_loss": 0.5492098475674834,
            "train_acc": 0.7884615434285922,
            "train_f1": 0.7437277327723085,
            "drift": 0.8055442591406661
         },
         "eval_metrics_client": {
            "loss": 0.5422836939493815,
            "accuracy": 0.7499999999999999,
            "f1": 0.7134811075242868
         },
         "eval_metrics_server": {
            "accuracy": 0.7350000143051147,
            "loss": 0.538520097732544,
            "f1_score": 0.6830048745476839
         },
         "drift_metrics": {
            "drift_median": 0.8454148678400484,
            "drift_mean": 0.7751651264238518,
            "drift_max": 0.9552530351971281,
            "drift_min": 0.5248274762343791,
            "drift_per_client": [
               0.5248274762343791,
               0.8454148678400484,
               0.9552530351971281
            ]
         }
      },
      {
         "round": 2,
         "train_metrics": {
            "train_loss": 0.49842469024493175,
            "train_acc": 0.8270440334044162,
            "train_f1": 0.7452112116491372,
            "drift": 0.7442103066797547
         },
         "eval_metrics_client": {
            "loss": 0.48358396689097083,
            "accuracy": 0.8300000230471293,
            "f1": 0.7846693915600417
         },
         "eval_metrics_server": {
            "accuracy": 0.8650000095367432,
            "loss": 0.4670204520225525,
            "f1_score": 0.813632441760138
         },
         "drift_metrics": {
            "drift_median": 0.7915047860516803,
            "drift_mean": 0.7280883998155839,
            "drift_max": 0.8059477809077501,
            "drift_min": 0.5868126324873215,
            "drift_per_client": [
               0.5868126324873215,
               0.7915047860516803,
               0.8059477809077501
            ]
         }
      },
      {
         "round": 3,
         "train_metrics": {
            "train_loss": 0.48380810496794924,
            "train_acc": 0.8302582926855756,
            "train_f1": 0.7551547446436215,
            "drift": 0.4615658231772244
         },
         "eval_metrics_client": {
            "loss": 0.4699414173762003,
            "accuracy": 0.8583333293596903,
            "f1": 0.8066182809819197
         },
         "eval_metrics_server": {
            "accuracy": 0.8700000047683716,
            "loss": 0.43947306275367737,
            "f1_score": 0.8192184675288555
         },
         "drift_metrics": {
            "drift_median": 0.4198805553836227,
            "drift_mean": 0.4342854739759316,
            "drift_max": 0.5297137933822684,
            "drift_min": 0.3532620731619035,
            "drift_per_client": [
               0.3532620731619035,
               0.4198805553836227,
               0.5297137933822684
            ]
         }
      },
      {
         "round": 4,
         "train_metrics": {
            "train_loss": 0.46981381059097427,
            "train_acc": 0.8422712760768855,
            "train_f1": 0.7825320710189081,
            "drift": 0.4589961739448523
         },
         "eval_metrics_client": {
            "loss": 0.4572238028049469,
            "accuracy": 0.868333339691162,
            "f1": 0.818586617092455
         },
         "eval_metrics_server": {
            "accuracy": 0.8799999952316284,
            "loss": 0.41971302032470703,
            "f1_score": 0.8279569892473118
         },
         "drift_metrics": {
            "drift_median": 0.4813552434572821,
            "drift_mean": 0.42959328122070944,
            "drift_max": 0.49638586135431906,
            "drift_min": 0.3110387388505271,
            "drift_per_client": [
               0.3110387388505271,
               0.49638586135431906,
               0.4813552434572821
            ]
         }
      },
      {
         "round": 5,
         "train_metrics": {
            "train_loss": 0.4307454210700987,
            "train_acc": 0.8971631167628241,
            "train_f1": 0.8637944146411396,
            "drift": 0.45017139340758183
         },
         "eval_metrics_client": {
            "loss": 0.4433148403962453,
            "accuracy": 0.8916666507720946,
            "f1": 0.8435699844612125
         },
         "eval_metrics_server": {
            "accuracy": 0.9049999713897705,
            "loss": 0.403265118598938,
            "f1_score": 0.858076563958917
         },
         "drift_metrics": {
            "drift_median": 0.4621414256324748,
            "drift_mean": 0.42489026965221616,
            "drift_max": 0.5163411003865451,
            "drift_min": 0.29618828293762856,
            "drift_per_client": [
               0.29618828293762856,
               0.5163411003865451,
               0.4621414256324748
            ]
         }
      },
      {
         "round": 6,
         "train_metrics": {
            "train_loss": 0.41489890160846116,
            "train_acc": 0.9358974332228684,
            "train_f1": 0.9235149895039303,
            "drift": 0.41098176772383826
         },
         "eval_metrics_client": {
            "loss": 0.4425114393234253,
            "accuracy": 0.9183333317438761,
            "f1": 0.8808832309193582
         },
         "eval_metrics_server": {
            "accuracy": 0.9399999976158142,
            "loss": 0.3905981779098511,
            "f1_score": 0.90625
         },
         "drift_metrics": {
            "drift_median": 0.42673721456204516,
            "drift_mean": 0.40507151946040865,
            "drift_max": 0.45491713613774737,
            "drift_min": 0.33356020768143346,
            "drift_per_client": [
               0.33356020768143346,
               0.45491713613774737,
               0.42673721456204516
            ]
         }
      },
      {
         "round": 7,
         "train_metrics": {
            "train_loss": 0.40272299525392985,
            "train_acc": 0.9559748453913994,
            "train_f1": 0.8877614611324589,
            "drift": 0.4017981067703631
         },
         "eval_metrics_client": {
            "loss": 0.4302080372969309,
            "accuracy": 0.9383333325386047,
            "f1": 0.8992313582792716
         },
         "eval_metrics_server": {
            "accuracy": 0.9449999928474426,
            "loss": 0.375230073928833,
            "f1_score": 0.9013939312446775
         },
         "drift_metrics": {
            "drift_median": 0.3915101033945911,
            "drift_mean": 0.3819046565522926,
            "drift_max": 0.5004205137258954,
            "drift_min": 0.25378335253639145,
            "drift_per_client": [
               0.25378335253639145,
               0.3915101033945911,
               0.5004205137258954
            ]
         }
      },
      {
         "round": 8,
         "train_metrics": {
            "train_loss": 0.4223939652363477,
            "train_acc": 0.9409594065148892,
            "train_f1": 0.8366186918726184,
            "drift": 0.246783571155048
         },
         "eval_metrics_client": {
            "loss": 0.4318652550379435,
            "accuracy": 0.921666661898295,
            "f1": 0.86122943039472
         },