{
   "info": {
      "strategy": "FedAvg",
      "seed": 3,
      "init_seed": 3,
      "sampling_seed": 3,
      "data_seed": 2,
      "fraction_train": 0.75,
      "fraction_evaluate": 0.75,
      "local_epochs": 2,
      "num_rounds": 10,
      "num_clients": 5,
      "eta_l": 0.3,
      "iid": false,
      "alpha": 1.8,
      "training_mode": "noisy",
      "nshots": 1000,
      "model_type": "quantum",
      "base_pauli": 0.003,
      "base_readout": 0.003,
      "noise_scale": 0.002
   },
   "rounds": [
      {
         "round": 0,
         "train_metrics": {},
         "eval_metrics_client": {},
         "eval_metrics_server": {
            "accuracy": 0.47999998927116394,
            "loss": 0.7357013821601868,
            "f1_score": 0.4164515767029514
         }
      },
      {
         "round": 1,
         "train_metrics": {
            "train_loss": 0.46053304736566425,
            "train_acc": 0.9038461643260914,
            "train_f1": 0.8119364210986504,
            "drift": 1.6447076480006815
         },
         "eval_metrics_client": {
            "loss": 0.43828086058298743,
            "accuracy": 0.8950000007947285,
            "f1": 0.8355455673582102
         },
         "eval_metrics_server": {
            "accuracy": 0.925000011920929,
            "loss": 0.3989729583263397,
            "f1_score": 0.8686457375541836
         },
         "drift_metrics": {
            "drift_median": 1.667742425100138,
            "drift_mean": 1.6389053828752405,
            "drift_max": 1.6753553909077656,
            "drift_min": 1.5736183326178184,
            "drift_per_client": [
               1.5736183326178184,
               1.667742425100138,
               1.6753553909077656
            ]
         }
      },
      {
         "round": 2,
         "train_metrics": {
            "train_loss": 0.4073055573801302,
            "train_acc": 0.9455128270081985,
            "train_f1": 0.9216984730173129,
            "drift": 0.44411399757597186
         },
         "eval_metrics_client": {
            "loss": 0.4355638722578684,
            "accuracy": 0.9233333468437195,
            "f1": 0.8773905277797401
         },
         "eval_metrics_server": {
            "accuracy": 0.9399999976158142,
            "loss": 0.3783337473869324,
            "f1_score": 0.8911268372346217
         },
         "drift_metrics": {
            "drift_median": 0.40680619966478204,
            "drift_mean": 0.4362124440248203,
            "drift_max": 0.503984118295118,
            "drift_min": 0.39784701411456086,
            "drift_per_client": [
               0.40680619966478204,
               0.39784701411456086,
               0.503984118295118
            ]
         }
      },
      {
         "round": 3,
         "train_metrics": {
            "train_loss": 0.39518310194650097,
            "train_acc": 0.9491525231781652,
            "train_f1": 0.8879699323816133,
            "drift": 0.22727886666077085
         },
         "eval_metrics_client": {
            "loss": 0.4302357633908589,
            "accuracy": 0.9199999968210856,
            "f1": 0.8545720062711546
         },
         "eval_metrics_server": {
            "accuracy": 0.9399999976158142,
            "loss": 0.3729095757007599,
            "f1_score": 0.8883928571428572
         },
         "drift_metrics": {
            "drift_median": 0.21180629148789032,
            "drift_mean": 0.21968840701021267,
            "drift_max": 0.2628333419719447,
            "drift_min": 0.184425587570803,
            "drift_per_client": [
               0.184425587570803,
               0.21180629148789032,
               0.2628333419719447
            ]
         }
      },
      {
         "round": 4,
         "train_metrics": {
            "train_loss": 0.4230645000140688,
            "train_acc": 0.9298893024120823,
            "train_f1": 0.8267169889563654,
            "drift": 0.2422668085439897
         },
         "eval_metrics_client": {
            "loss": 0.4315316279729207,
            "accuracy": 0.9150000214576721,
            "f1": 0.8416366372302461
         },
         "eval_metrics_server": {
            "accuracy": 0.9300000071525574,
            "loss": 0.36971375346183777,
            "f1_score": 0.8697916666666667
         },
         "drift_metrics": {
            "drift_median": 0.16201704258794633,
            "drift_mean": 0.20692907250857262,
            "drift_max": 0.34014721108438734,
            "drift_min": 0.11862296385338424,
            "drift_per_client": [
               0.11862296385338424,
               0.16201704258794633,
               0.34014721108438734
            ]
         }
      },
      {
         "round": 5,
         "train_metrics": {
            "train_loss": 0.42493385330359645,
            "train_acc": 0.90220820565329,
            "train_f1": 0.8036088112177706,
            "drift": 0.2637359717934894
         },
         "eval_metrics_client": {
            "loss": 0.42163427670796705,
            "accuracy": 0.9133333365122477,
            "f1": 0.8369245910621819
         },
         "eval_metrics_server": {
            "accuracy": 0.9350000023841858,
            "loss": 0.3698835074901581,
            "f1_score": 0.8805970149253732
         },
         "drift_metrics": {
            "drift_median": 0.24980381065957077,
            "drift_mean": 0.22861998438328612,
            "drift_max": 0.3522343824672216,
            "drift_min": 0.08382176002306599,
            "drift_per_client": [
               0.08382176002306599,
               0.3522343824672216,
               0.24980381065957077
            ]
         }
      },
      {
         "round": 6,
         "train_metrics": {
            "train_loss": 0.40168197643370984,
            "train_acc": 0.9230769304456292,
            "train_f1": 0.835619608063481,
            "drift": 0.26350110803266835
         },
         "eval_metrics_client": {
            "loss": 0.4160970350106557,
            "accuracy": 0.9083333214124043,
            "f1": 0.8365449680495455
         },
         "eval_metrics_server": {
            "accuracy": 0.9350000023841858,
            "loss": 0.3696928024291992,
            "f1_score": 0.8775375629975036
         },
         "drift_metrics": {
            "drift_median": 0.2726400662722034,
            "drift_mean": 0.2569625761762827,
            "drift_max": 0.32011131556825373,
            "drift_min": 0.178136346688391,
            "drift_per_client": [
               0.178136346688391,
               0.32011131556825373,
               0.2726400662722034
            ]
         }
      },
      {
         "round": 7,
         "train_metrics": {
            "train_loss": 0.4028798594404751,
            "train_acc": 0.9262820423031466,
            "train_f1": 0.8820476559550923,
            "drift": 0.2109475226714141
         },
         "eval_metrics_client": {
            "loss": 0.42863795161247253,
            "accuracy": 0.9133333166440327,
            "f1": 0.8541062779209146
         },
         "eval_metrics_server": {
            "accuracy": 0.9449999928474426,
            "loss": 0.37197989225387573,
            "f1_score": 0.8989667049368542
         },
         "drift_metrics": {
            "drift_median": 0.15996547140645648,
            "drift_mean": 0.1957703724371281,
            "drift_max": 0.3119432896244898,
            "drift_min": 0.11540235628043809,
            "drift_per_client": [
               0.11540235628043809,
               0.15996547140645648,
               0.3119432896244898
            ]
         }
      },
      {
         "round": 8,
         "train_metrics": {
            "train_loss": 0.39283702966568784,
            "train_acc": 0.9491525231781652,
            "train_f1": 0.8879699323816133,
            "drift": 0.15609070715247061
         },
         "eval_metrics_client": {
            "loss": 0.4269954959551493,
            "accuracy": 0.9166666666666666,