{
   "info": {
      "strategy": "FedAvg",
      "seed": 7,
      "init_seed": 7,
      "sampling_seed": 7,
      "data_seed": 2,
      "fraction_train": 0.75,
      "fraction_evaluate": 0.75,
      "local_epochs": 2,
      "num_rounds": 10,
      "num_clients": 5,
      "eta_l": 0.3,
      "iid": false,
      "alpha": 1.8,
      "training_mode": "noisy",
      "nshots": 1000,
      "model_type": "quantum",
      "base_pauli": 0.003,
      "base_readout": 0.003,
      "noise_scale": 0.002
   },
   "rounds": [
      {
         "round": 0,
         "train_metrics": {},
         "eval_metrics_client": {},
         "eval_metrics_server": {
            "accuracy": 0.4950000047683716,
            "loss": 0.7266889214515686,
            "f1_score": 0.46807109940750496
         }
      },
      {
         "round": 1,
         "train_metrics": {
            "train_loss": 0.4984587965512787,
            "train_acc": 0.8962264385238383,
            "train_f1": 0.8277479120935155,
            "drift": 1.5357855076867026
         },
         "eval_metrics_client": {
            "loss": 0.44977498054504395,
            "accuracy": 0.8933333158493041,
            "f1": 0.8587272838920732
         },
         "eval_metrics_server": {
            "accuracy": 0.9150000214576721,
            "loss": 0.40909579396247864,
            "f1_score": 0.8751423010539459
         },
         "drift_metrics": {
            "drift_median": 1.5245645631113631,
            "drift_mean": 1.500573102822501,
            "drift_max": 1.7080671397822216,
            "drift_min": 1.269087605573918,
            "drift_per_client": [
               1.269087605573918,
               1.5245645631113631,
               1.7080671397822216
            ]
         }
      },
      {
         "round": 2,
         "train_metrics": {
            "train_loss": 0.3758650729942411,
            "train_acc": 0.9479166788773404,
            "train_f1": 0.8921802723534821,
            "drift": 0.7483392775772819
         },
         "eval_metrics_client": {
            "loss": 0.38141367832819617,
            "accuracy": 0.9433333277702332,
            "f1": 0.9138101536630172
         },
         "eval_metrics_server": {
            "accuracy": 0.9549999833106995,
            "loss": 0.3354948163032532,
            "f1_score": 0.9276265530135499
         },
         "drift_metrics": {
            "drift_median": 0.8138653591089237,
            "drift_mean": 0.6835404177425598,
            "drift_max": 0.8364282151593996,
            "drift_min": 0.4003276789593561,
            "drift_per_client": [
               0.4003276789593561,
               0.8138653591089237,
               0.8364282151593996
            ]
         }
      },
      {
         "round": 3,
         "train_metrics": {
            "train_loss": 0.34959135327836743,
            "train_acc": 0.9361702176273292,
            "train_f1": 0.9119025842797698,
            "drift": 0.4122229632353146
         },
         "eval_metrics_client": {
            "loss": 0.3633488814036051,
            "accuracy": 0.9350000023841858,
            "f1": 0.9048679621289645
         },
         "eval_metrics_server": {
            "accuracy": 0.9449999928474426,
            "loss": 0.3188156187534332,
            "f1_score": 0.9163847820303295
         },
         "drift_metrics": {
            "drift_median": 0.41658685070818013,
            "drift_mean": 0.3645003340832331,
            "drift_max": 0.5093650069715812,
            "drift_min": 0.16754914456993822,
            "drift_per_client": [
               0.16754914456993822,
               0.41658685070818013,
               0.5093650069715812
            ]
         }
      },
      {
         "round": 4,
         "train_metrics": {
            "train_loss": 0.37016201061574044,
            "train_acc": 0.9358490772967069,
            "train_f1": 0.9236415306003122,
            "drift": 0.22928669852173622
         },
         "eval_metrics_client": {
            "loss": 0.3774807055791219,
            "accuracy": 0.92166668176651,
            "f1": 0.8905379658179671
         },
         "eval_metrics_server": {
            "accuracy": 0.9399999976158142,
            "loss": 0.31661343574523926,
            "f1_score": 0.9111242778847578
         },
         "drift_metrics": {
            "drift_median": 0.18134690636211356,
            "drift_mean": 0.19982916883086968,
            "drift_max": 0.3098385535959001,
            "drift_min": 0.10830204653459541,
            "drift_per_client": [
               0.10830204653459541,
               0.18134690636211356,
               0.3098385535959001
            ]
         }
      },
      {
         "round": 5,
         "train_metrics": {
            "train_loss": 0.36705150862711056,
            "train_acc": 0.9308357477531652,
            "train_f1": 0.8962682121688537,
            "drift": 0.23302295402977988
         },
         "eval_metrics_client": {
            "loss": 0.3700750370820363,
            "accuracy": 0.9366666674613953,
            "f1": 0.9134632142884205
         },
         "eval_metrics_server": {
            "accuracy": 0.9399999976158142,
            "loss": 0.3108249008655548,
            "f1_score": 0.9111242778847578
         },
         "drift_metrics": {
            "drift_median": 0.21220998745105937,
            "drift_mean": 0.22239413997896254,
            "drift_max": 0.3023300917466002,
            "drift_min": 0.15264234073922806,
            "drift_per_client": [
               0.15264234073922806,
               0.21220998745105937,
               0.3023300917466002
            ]
         }
      },
      {
         "round": 6,
         "train_metrics": {
            "train_loss": 0.34852240744347174,
            "train_acc": 0.9465408846267365,
            "train_f1": 0.8928913768407101,
            "drift": 0.1947860551656549
         },
         "eval_metrics_client": {
            "loss": 0.36363189419110614,
            "accuracy": 0.9483333230018616,
            "f1": 0.9249444797933231
         },
         "eval_metrics_server": {
            "accuracy": 0.9449999928474426,
            "loss": 0.3076571524143219,
            "f1_score": 0.9148573861217539
         },
         "drift_metrics": {
            "drift_median": 0.2223697057894611,
            "drift_mean": 0.18648099550510763,
            "drift_max": 0.2320572329914401,
            "drift_min": 0.10501604773442164,
            "drift_per_client": [
               0.10501604773442164,
               0.2320572329914401,
               0.2223697057894611
            ]
         }
      },
      {
         "round": 7,
         "train_metrics": {
            "train_loss": 0.34378057865634376,
            "train_acc": 0.944444447548853,
            "train_f1": 0.885427638574698,
            "drift": 0.13398086088525432
         },
         "eval_metrics_client": {
            "loss": 0.35715899864832557,
            "accuracy": 0.9516666531562805,
            "f1": 0.9238591288363568
         },
         "eval_metrics_server": {
            "accuracy": 0.949999988079071,
            "loss": 0.3065913915634155,
            "f1_score": 0.921875
         },
         "drift_metrics": {
            "drift_median": 0.12484059328626351,
            "drift_mean": 0.13209448206167235,
            "drift_max": 0.15630929016327086,
            "drift_min": 0.11513356273548267,
            "drift_per_client": [
               0.11513356273548267,
               0.15630929016327086,
               0.12484059328626351
            ]
         }
      },
      {
         "round": 8,
         "train_metrics": {
            "train_loss": 0.33896951566430744,
            "train_acc": 0.9397163186090212,
            "train_f1": 0.9158264437338952,
            "drift": 0.2299251853185001
         },
         "eval_metrics_client": {
            "loss": 0.35289837916692096,
            "accuracy": 0.9350000023841858,
            "f1": 0.9048545785957762
         },