{
   "info": {
      "strategy": "FedAvg",
      "seed": 4,
      "init_seed": 4,
      "sampling_seed": 4,
      "data_seed": 2,
      "fraction_train": 0.75,
      "fraction_evaluate": 0.75,
      "local_epochs": 2,
      "num_rounds": 10,
      "num_clients": 5,
      "eta_l": 0.3,
      "iid": false,
      "alpha": 1.8,
      "training_mode": "noisy",
      "nshots": 1000,
      "model_type": "quantum",
      "base_pauli": 0.003,
      "base_readout": 0.003,
      "noise_scale": 0.002
   },
   "rounds": [
      {
         "round": 0,
         "train_metrics": {},
         "eval_metrics_client": {},
         "eval_metrics_server": {
            "accuracy": 0.6700000166893005,
            "loss": 0.6031970381736755,
            "f1_score": 0.6268656716417911
         }
      },
      {
         "round": 1,
         "train_metrics": {
            "train_loss": 0.4978333295818874,
            "train_acc": 0.8867924565789085,
            "train_f1": 0.8190995525435767,
            "drift": 1.1497659789008656
         },
         "eval_metrics_client": {
            "loss": 0.4800316393375397,
            "accuracy": 0.8916666507720946,
            "f1": 0.8570143912761693
         },
         "eval_metrics_server": {
            "accuracy": 0.9150000214576721,
            "loss": 0.43558061122894287,
            "f1_score": 0.8790853159785199
         },
         "drift_metrics": {
            "drift_median": 1.1983987203453503,
            "drift_mean": 1.120867450397832,
            "drift_max": 1.2722463056835411,
            "drift_min": 0.8919573251646042,
            "drift_per_client": [
               0.8919573251646042,
               1.1983987203453503,
               1.2722463056835411
            ]
         }
      },
      {
         "round": 2,
         "train_metrics": {
            "train_loss": 0.42121286781058065,
            "train_acc": 0.9077809775940624,
            "train_f1": 0.8727364126278175,
            "drift": 0.7919833131556157
         },
         "eval_metrics_client": {
            "loss": 0.4210424323876698,
            "accuracy": 0.9166666865348816,
            "f1": 0.8902422172203983
         },
         "eval_metrics_server": {
            "accuracy": 0.9150000214576721,
            "loss": 0.36696574091911316,
            "f1_score": 0.8790853159785199
         },
         "drift_metrics": {
            "drift_median": 0.839285760883708,
            "drift_mean": 0.7676152063441192,
            "drift_max": 0.8668245823973537,
            "drift_min": 0.5967352757512955,
            "drift_per_client": [
               0.5967352757512955,
               0.839285760883708,
               0.8668245823973537
            ]
         }
      },
      {
         "round": 3,
         "train_metrics": {
            "train_loss": 0.3896963135369069,
            "train_acc": 0.917981078760105,
            "train_f1": 0.8792119701428642,
            "drift": 0.5524779987223831
         },
         "eval_metrics_client": {
            "loss": 0.3822865585486094,
            "accuracy": 0.921666661898295,
            "f1": 0.8882988263276144
         },
         "eval_metrics_server": {
            "accuracy": 0.925000011920929,
            "loss": 0.33378180861473083,
            "f1_score": 0.8916145814516421
         },
         "drift_metrics": {
            "drift_median": 0.6073367716859591,
            "drift_mean": 0.492272341302505,
            "drift_max": 0.619244842758533,
            "drift_min": 0.25023540946302286,
            "drift_per_client": [
               0.25023540946302286,
               0.619244842758533,
               0.6073367716859591
            ]
         }
      },
      {
         "round": 4,
         "train_metrics": {
            "train_loss": 0.3569481454706398,
            "train_acc": 0.9255319129913411,
            "train_f1": 0.8959120435723064,
            "drift": 0.383130025620639
         },
         "eval_metrics_client": {
            "loss": 0.36102042595545447,
            "accuracy": 0.9316666722297668,
            "f1": 0.9003801165703406
         },
         "eval_metrics_server": {
            "accuracy": 0.9449999928474426,
            "loss": 0.3229919672012329,
            "f1_score": 0.9178338001867414
         },
         "drift_metrics": {
            "drift_median": 0.42610691555159697,
            "drift_mean": 0.3432005835461902,
            "drift_max": 0.44008880802961703,
            "drift_min": 0.1634060270573566,
            "drift_per_client": [
               0.1634060270573566,
               0.42610691555159697,
               0.44008880802961703
            ]
         }
      },
      {
         "round": 5,
         "train_metrics": {
            "train_loss": 0.344597620543344,
            "train_acc": 0.9449152514591055,
            "train_f1": 0.9060516291931378,
            "drift": 0.2346115564022558
         },
         "eval_metrics_client": {
            "loss": 0.36564164360364276,
            "accuracy": 0.9399999976158142,
            "f1": 0.9112479098596485
         },
         "eval_metrics_server": {
            "accuracy": 0.949999988079071,
            "loss": 0.3128789961338043,
            "f1_score": 0.9246534056660639
         },
         "drift_metrics": {
            "drift_median": 0.17818247880666985,
            "drift_mean": 0.21698761463846447,
            "drift_max": 0.330251536579073,
            "drift_min": 0.1425288285296505,
            "drift_per_client": [
               0.1425288285296505,
               0.17818247880666985,
               0.330251536579073
            ]
         }
      },
      {
         "round": 6,
         "train_metrics": {
            "train_loss": 0.34619311917168916,
            "train_acc": 0.9371069129907861,
            "train_f1": 0.8807177625883333,
            "drift": 0.2094859476589523
         },
         "eval_metrics_client": {
            "loss": 0.3624089161554972,
            "accuracy": 0.9516666730244954,
            "f1": 0.9294044841049154
         },
         "eval_metrics_server": {
            "accuracy": 0.9549999833106995,
            "loss": 0.3084228038787842,
            "f1_score": 0.9303378613723441
         },
         "drift_metrics": {
            "drift_median": 0.22402328556954704,
            "drift_mean": 0.20233899668098984,
            "drift_max": 0.23895625629419362,
            "drift_min": 0.1440374481792288,
            "drift_per_client": [
               0.1440374481792288,
               0.22402328556954704,
               0.23895625629419362
            ]
         }
      },
      {
         "round": 7,
         "train_metrics": {
            "train_loss": 0.36717112275879116,
            "train_acc": 0.9193083664525827,
            "train_f1": 0.8842931253636458,
            "drift": 0.2550539914627655
         },
         "eval_metrics_client": {
            "loss": 0.366758128007253,
            "accuracy": 0.9433333277702332,
            "f1": 0.9219416326812753
         },
         "eval_metrics_server": {
            "accuracy": 0.949999988079071,
            "loss": 0.3096524178981781,
            "f1_score": 0.9246534056660639
         },
         "drift_metrics": {
            "drift_median": 0.17331781825851938,
            "drift_mean": 0.2469233351331059,
            "drift_max": 0.4146148569808751,
            "drift_min": 0.15283733015992315,
            "drift_per_client": [
               0.17331781825851938,
               0.4146148569808751,
               0.15283733015992315
            ]
         }
      },
      {
         "round": 8,
         "train_metrics": {
            "train_loss": 0.37019422003460206,
            "train_acc": 0.9211356564651152,
            "train_f1": 0.883489284413383,
            "drift": 0.2344988528277909
         },
         "eval_metrics_client": {
            "loss": 0.36128347118695575,
            "accuracy": 0.9383333325386047,
            "f1": 0.9098835888049481
         },