{
   "info": {
      "strategy": "FedAvg",
      "seed": 5,
      "init_seed": 5,
      "sampling_seed": 5,
      "data_seed": 2,
      "fraction_train": 0.75,
      "fraction_evaluate": 0.75,
      "local_epochs": 2,
      "num_rounds": 10,
      "num_clients": 5,
      "eta_l": 0.3,
      "iid": false,
      "alpha": 1.8,
      "training_mode": "noisy",
      "nshots": 1000,
      "model_type": "quantum",
      "base_pauli": 0.003,
      "base_readout": 0.003,
      "noise_scale": 0.002
   },
   "rounds": [
      {
         "round": 0,
         "train_metrics": {},
         "eval_metrics_client": {},
         "eval_metrics_server": {
            "accuracy": 0.6399999856948853,
            "loss": 0.630768895149231,
            "f1_score": 0.6017258546299369
         }
      },
      {
         "round": 1,
         "train_metrics": {
            "train_loss": 0.47971246646810706,
            "train_acc": 0.9062499915146165,
            "train_f1": 0.7560373176807094,
            "drift": 1.176254551536795
         },
         "eval_metrics_client": {
            "loss": 0.4633400042851765,
            "accuracy": 0.8816666603088378,
            "f1": 0.7638800933444283
         },
         "eval_metrics_server": {
            "accuracy": 0.9049999713897705,
            "loss": 0.4411148428916931,
            "f1_score": 0.8111238133108007
         },
         "drift_metrics": {
            "drift_median": 1.2423384933620527,
            "drift_mean": 1.0763882184270517,
            "drift_max": 1.3320204259107227,
            "drift_min": 0.6548057360083798,
            "drift_per_client": [
               0.6548057360083798,
               1.2423384933620527,
               1.3320204259107227
            ]
         }
      },
      {
         "round": 2,
         "train_metrics": {
            "train_loss": 0.43607167078930203,
            "train_acc": 0.8723404268000988,
            "train_f1": 0.7460047133177328,
            "drift": 0.6215107582821859
         },
         "eval_metrics_client": {
            "loss": 0.4220947821935017,
            "accuracy": 0.8616666595141093,
            "f1": 0.6986947577810054
         },
         "eval_metrics_server": {
            "accuracy": 0.875,
            "loss": 0.3856409788131714,
            "f1_score": 0.7190853418731389
         },
         "drift_metrics": {
            "drift_median": 0.651208426757192,
            "drift_mean": 0.5687057148241061,
            "drift_max": 0.7136188042230992,
            "drift_min": 0.3412899134920272,
            "drift_per_client": [
               0.3412899134920272,
               0.651208426757192,
               0.7136188042230992
            ]
         }
      },
      {
         "round": 3,
         "train_metrics": {
            "train_loss": 0.4179299997500002,
            "train_acc": 0.9166666668577073,
            "train_f1": 0.8395852551508052,
            "drift": 0.39711789501319616
         },
         "eval_metrics_client": {
            "loss": 0.4237041274706522,
            "accuracy": 0.8949999809265136,
            "f1": 0.8161165997439628
         },
         "eval_metrics_server": {
            "accuracy": 0.8949999809265137,
            "loss": 0.37348946928977966,
            "f1_score": 0.7786561264822134
         },
         "drift_metrics": {
            "drift_median": 0.3226209083324489,
            "drift_mean": 0.37884943728894543,
            "drift_max": 0.5235373460330037,
            "drift_min": 0.29039005750138364,
            "drift_per_client": [
               0.29039005750138364,
               0.3226209083324489,
               0.5235373460330037
            ]
         }
      },
      {
         "round": 4,
         "train_metrics": {
            "train_loss": 0.42230560831139674,
            "train_acc": 0.9394812626866168,
            "train_f1": 0.8681253900760271,
            "drift": 0.3808811150068616
         },
         "eval_metrics_client": {
            "loss": 0.4247052272160848,
            "accuracy": 0.9283333420753479,
            "f1": 0.8887130668232309
         },
         "eval_metrics_server": {
            "accuracy": 0.9350000023841858,
            "loss": 0.36393481492996216,
            "f1_score": 0.8805970149253732
         },
         "drift_metrics": {
            "drift_median": 0.3518805751235359,
            "drift_mean": 0.36614019860314806,
            "drift_max": 0.4934575554081142,
            "drift_min": 0.25308246527779404,
            "drift_per_client": [
               0.25308246527779404,
               0.4934575554081142,
               0.3518805751235359
            ]
         }
      },
      {
         "round": 5,
         "train_metrics": {
            "train_loss": 0.4036875359956385,
            "train_acc": 0.9557195556559686,
            "train_f1": 0.9122041253430987,
            "drift": 0.3053287958982457
         },
         "eval_metrics_client": {
            "loss": 0.41483406225840247,
            "accuracy": 0.9350000023841858,
            "f1": 0.8955308942967873
         },
         "eval_metrics_server": {
            "accuracy": 0.9449999928474426,
            "loss": 0.35451871156692505,
            "f1_score": 0.9013939312446775
         },
         "drift_metrics": {
            "drift_median": 0.29495207399558154,
            "drift_mean": 0.27630120216785775,
            "drift_max": 0.36541036980326536,
            "drift_min": 0.16854116270472627,
            "drift_per_client": [
               0.16854116270472627,
               0.29495207399558154,
               0.36541036980326536
            ]
         }
      },
      {
         "round": 6,
         "train_metrics": {
            "train_loss": 0.3691238721975512,
            "train_acc": 0.9722222418834766,
            "train_f1": 0.9391902417231726,
            "drift": 0.2854746087739568
         },
         "eval_metrics_client": {
            "loss": 0.3842377066612243,
            "accuracy": 0.95333331823349,
            "f1": 0.9241092206622478
         },
         "eval_metrics_server": {
            "accuracy": 0.949999988079071,
            "loss": 0.3458699882030487,
            "f1_score": 0.9153116531165312
         },
         "drift_metrics": {
            "drift_median": 0.30763439382331886,
            "drift_mean": 0.26457620284866973,
            "drift_max": 0.3132957873690866,
            "drift_min": 0.17279842735360365,
            "drift_per_client": [
               0.17279842735360365,
               0.30763439382331886,
               0.3132957873690866
            ]
         }
      },
      {
         "round": 7,
         "train_metrics": {
            "train_loss": 0.3703501302247715,
            "train_acc": 0.946808527758781,
            "train_f1": 0.9311811467631244,
            "drift": 0.39982145262049734
         },
         "eval_metrics_client": {
            "loss": 0.3683488965034485,
            "accuracy": 0.9300000071525574,
            "f1": 0.898471849702858
         },
         "eval_metrics_server": {
            "accuracy": 0.925000011920929,
            "loss": 0.3338814973831177,
            "f1_score": 0.8879551820728291
         },
         "drift_metrics": {
            "drift_median": 0.2580506782318493,
            "drift_mean": 0.3469312794544193,
            "drift_max": 0.5981472938004033,
            "drift_min": 0.18459586633100544,
            "drift_per_client": [
               0.18459586633100544,
               0.2580506782318493,
               0.5981472938004033
            ]
         }
      },
      {
         "round": 8,
         "train_metrics": {
            "train_loss": 0.359959716868015,
            "train_acc": 0.9166666685770719,
            "train_f1": 0.8883430085178008,
            "drift": 0.3297921296047115
         },
         "eval_metrics_client": {
            "loss": 0.3667384088039398,
            "accuracy": 0.9166666865348816,
            "f1": 0.8894582667454883
         },