{
   "info": {
      "strategy": "FedAvg",
      "seed": 6,
      "init_seed": 6,
      "sampling_seed": 6,
      "data_seed": 2,
      "fraction_train": 0.75,
      "fraction_evaluate": 0.75,
      "local_epochs": 2,
      "num_rounds": 10,
      "num_clients": 5,
      "eta_l": 0.3,
      "iid": false,
      "alpha": 1.8,
      "training_mode": "noisy",
      "nshots": 1000,
      "model_type": "quantum",
      "base_pauli": 0.003,
      "base_readout": 0.003,
      "noise_scale": 0.002
   },
   "rounds": [
      {
         "round": 0,
         "train_metrics": {},
         "eval_metrics_client": {},
         "eval_metrics_server": {
            "accuracy": 0.6349999904632568,
            "loss": 0.6415873169898987,
            "f1_score": 0.6027318984517428
         }
      },
      {
         "round": 1,
         "train_metrics": {
            "train_loss": 0.4906054170060352,
            "train_acc": 0.8581560235074226,
            "train_f1": 0.816495720710156,
            "drift": 1.0605907499884424
         },
         "eval_metrics_client": {
            "loss": 0.4807637333869934,
            "accuracy": 0.8666666746139525,
            "f1": 0.8227436901969848
         },
         "eval_metrics_server": {
            "accuracy": 0.8450000286102295,
            "loss": 0.45986396074295044,
            "f1_score": 0.7946951885824034
         },
         "drift_metrics": {
            "drift_median": 1.0610223074470828,
            "drift_mean": 1.0021456382131253,
            "drift_max": 1.182597191721591,
            "drift_min": 0.7628174154707024,
            "drift_per_client": [
               0.7628174154707024,
               1.0610223074470828,
               1.182597191721591
            ]
         }
      },
      {
         "round": 2,
         "train_metrics": {
            "train_loss": 0.4404355103198251,
            "train_acc": 0.8895899042346124,
            "train_f1": 0.8484914594441675,
            "drift": 0.728810167266226
         },
         "eval_metrics_client": {
            "loss": 0.4349555174509684,
            "accuracy": 0.8849999904632567,
            "f1": 0.8460209601204385
         },
         "eval_metrics_server": {
            "accuracy": 0.8949999809265137,
            "loss": 0.3963780105113983,
            "f1_score": 0.8528948197961542
         },
         "drift_metrics": {
            "drift_median": 0.734149258745877,
            "drift_mean": 0.6578656365533851,
            "drift_max": 0.8614249164233998,
            "drift_min": 0.37802273449087864,
            "drift_per_client": [
               0.37802273449087864,
               0.734149258745877,
               0.8614249164233998
            ]
         }
      },
      {
         "round": 3,
         "train_metrics": {
            "train_loss": 0.4048778794959395,
            "train_acc": 0.9225092158546307,
            "train_f1": 0.8739827662938284,
            "drift": 0.557289130066499
         },
         "eval_metrics_client": {
            "loss": 0.4045025904973348,
            "accuracy": 0.9200000166893005,
            "f1": 0.887694041382988
         },
         "eval_metrics_server": {
            "accuracy": 0.9150000214576721,
            "loss": 0.35225892066955566,
            "f1_score": 0.873015873015873
         },
         "drift_metrics": {
            "drift_median": 0.4903421260524649,
            "drift_mean": 0.4928698618414586,
            "drift_max": 0.7066924687031143,
            "drift_min": 0.28157499076879644,
            "drift_per_client": [
               0.28157499076879644,
               0.4903421260524649,
               0.7066924687031143
            ]
         }
      },
      {
         "round": 4,
         "train_metrics": {
            "train_loss": 0.3640743263932427,
            "train_acc": 0.9371069026818065,
            "train_f1": 0.8821745293667089,
            "drift": 0.4457736052882012
         },
         "eval_metrics_client": {
            "loss": 0.37622177600860596,
            "accuracy": 0.9466666579246521,
            "f1": 0.9245760602178907
         },
         "eval_metrics_server": {
            "accuracy": 0.9449999928474426,
            "loss": 0.32656776905059814,
            "f1_score": 0.9132457904491502
         },
         "drift_metrics": {
            "drift_median": 0.4770094470113072,
            "drift_mean": 0.4340155576211995,
            "drift_max": 0.5224494934930196,
            "drift_min": 0.30258773235927167,
            "drift_per_client": [
               0.30258773235927167,
               0.5224494934930196,
               0.4770094470113072
            ]
         }
      },
      {
         "round": 5,
         "train_metrics": {
            "train_loss": 0.3539945981721713,
            "train_acc": 0.9294871720365989,
            "train_f1": 0.9056447160348611,
            "drift": 0.3833145812783565
         },
         "eval_metrics_client": {
            "loss": 0.36223318179448444,
            "accuracy": 0.9283333420753479,
            "f1": 0.9022931147719726
         },
         "eval_metrics_server": {
            "accuracy": 0.9350000023841858,
            "loss": 0.3184819519519806,
            "f1_score": 0.9045205831588998
         },
         "drift_metrics": {
            "drift_median": 0.33808339671292337,
            "drift_mean": 0.35710486233658106,
            "drift_max": 0.5419048020199748,
            "drift_min": 0.19132638827684503,
            "drift_per_client": [
               0.19132638827684503,
               0.33808339671292337,
               0.5419048020199748
            ]
         }
      },
      {
         "round": 6,
         "train_metrics": {
            "train_loss": 0.3476047077080165,
            "train_acc": 0.9326241172797292,
            "train_f1": 0.9080824114841182,
            "drift": 0.3122693462067071
         },
         "eval_metrics_client": {
            "loss": 0.35360467433929443,
            "accuracy": 0.9266666769981384,
            "f1": 0.8941977747342863
         },
         "eval_metrics_server": {
            "accuracy": 0.9399999976158142,
            "loss": 0.31410935521125793,
            "f1_score": 0.9111242778847578
         },
         "drift_metrics": {
            "drift_median": 0.3117946132521151,
            "drift_mean": 0.28321408926683816,
            "drift_max": 0.3733495870265095,
            "drift_min": 0.1644980675218899,
            "drift_per_client": [
               0.1644980675218899,
               0.3117946132521151,
               0.3733495870265095
            ]
         }
      },
      {
         "round": 7,
         "train_metrics": {
            "train_loss": 0.3684156299391079,
            "train_acc": 0.9242902213842711,
            "train_f1": 0.8867853165603323,
            "drift": 0.2592612017226509
         },
         "eval_metrics_client": {
            "loss": 0.3620805243651072,
            "accuracy": 0.925000011920929,
            "f1": 0.8928645846229673
         },
         "eval_metrics_server": {
            "accuracy": 0.9399999976158142,
            "loss": 0.310438871383667,
            "f1_score": 0.9111242778847578
         },
         "drift_metrics": {
            "drift_median": 0.2688670965377851,
            "drift_mean": 0.2349469042087778,
            "drift_max": 0.299765016589293,
            "drift_min": 0.1362085994992552,
            "drift_per_client": [
               0.1362085994992552,
               0.299765016589293,
               0.2688670965377851
            ]
         }
      },
      {
         "round": 8,
         "train_metrics": {
            "train_loss": 0.37157802425109826,
            "train_acc": 0.9446494456146916,
            "train_f1": 0.8968347225879817,
            "drift": 0.1845878135381045
         },
         "eval_metrics_client": {
            "loss": 0.37245483199755347,
            "accuracy": 0.9466666579246521,
            "f1": 0.9209033706400896
         },