{
    "1": {
        "loss_median": 0.5728828112284342,
        "loss_mad": 0.008815189202626583,
        "accuracy_median": 0.6733333269755045,
        "accuracy_mad": 0.06000000238418579,
        "f1_median": 0.6300937038928494,
        "f1_mad": 0.05576667352338005
    },
    "2": {
        "loss_median": 0.5278967718283335,
        "loss_mad": 0.015043606360753414,
        "accuracy_median": 0.7383333245913187,
        "accuracy_mad": 0.031666676203409794,
        "f1_median": 0.6865276490782786,
        "f1_mad": 0.03718572039079959
    },
    "3": {
        "loss_median": 0.4845899939537048,
        "loss_mad": 0.018774310747782352,
        "accuracy_median": 0.7816666563351948,
        "accuracy_mad": 0.04166668653488159,
        "f1_median": 0.7254419367113094,
        "f1_mad": 0.05192662850607144
    },
    "4": {
        "loss_median": 0.4492250581582387,
        "loss_mad": 0.011959264675776182,
        "accuracy_median": 0.8433333436648051,
        "accuracy_mad": 0.02333333094914747,
        "f1_median": 0.7810589672292425,
        "f1_mad": 0.049001414851053804
    },
    "5": {
        "loss_median": 0.41263714432716364,
        "loss_mad": 0.01319707433382672,
        "accuracy_median": 0.8716666698455809,
        "accuracy_mad": 0.013333360354105595,
        "f1_median": 0.8182710583713653,
        "f1_mad": 0.020352340615691022
    },
    "6": {
        "loss_median": 0.4077981909116109,
        "loss_mad": 0.014247576395670591,
        "accuracy_median": 0.8816666603088378,
        "accuracy_mad": 0.01666667064030969,
        "f1_median": 0.8383591440715058,
        "f1_mad": 0.019143978435201103
    },
    "7": {
        "loss_median": 0.4072547753651936,
        "loss_mad": 0.026407460371653202,
        "accuracy_median": 0.896666665871938,
        "accuracy_mad": 0.008333345254262325,
        "f1_median": 0.8559385629433933,
        "f1_mad": 0.014298587748272307
    },
    "8": {
        "loss_median": 0.3900927404562632,
        "loss_mad": 0.02442251642545068,
        "accuracy_median": 0.9016666611035664,
        "accuracy_mad": 0.030000011126200432,
        "f1_median": 0.863081975653857,
        "f1_mad": 0.03864125338962432
    },
    "9": {
        "loss_median": 0.3858216802279154,
        "loss_mad": 0.036716173092524174,
        "accuracy_median": 0.9150000015894572,
        "accuracy_mad": 0.02333333094914758,
        "f1_median": 0.878749076824284,
        "f1_mad": 0.03400608987934761
    },
    "10": {
        "loss_median": 0.37655850251515705,
        "loss_mad": 0.04383963346481323,
        "accuracy_median": 0.8983333309491475,
        "accuracy_mad": 0.028333306312561035,
        "f1_median": 0.8391538600902462,
        "f1_mad": 0.06655886504042652
    }
}