{
    "0": {
        "loss_median": 0.630768895149231,
        "loss_mad": 0.02757185697555542,
        "accuracy_median": 0.6349999904632568,
        "accuracy_mad": 0.0350000262260437,
        "f1_median": 0.6017258546299369,
        "f1_mad": 0.025139817011854193
    },
    "1": {
        "loss_median": 0.4397682547569275,
        "loss_mad": 0.05683666467666626,
        "accuracy_median": 0.8849999904632568,
        "accuracy_mad": 0.05500000715255737,
        "f1_median": 0.8186048345754959,
        "f1_mad": 0.06935034749733315
    },
    "2": {
        "loss_median": 0.3923250436782837,
        "loss_mad": 0.02891141176223755,
        "accuracy_median": 0.8949999809265137,
        "accuracy_mad": 0.02499997615814209,
        "f1_median": 0.8218201754385965,
        "f1_mad": 0.029461371451885543
    },
    "3": {
        "loss_median": 0.36159786581993103,
        "loss_mad": 0.02717497944831848,
        "accuracy_median": 0.9150000214576721,
        "accuracy_mad": 0.020000040531158447,
        "f1_median": 0.873015873015873,
        "f1_mad": 0.0473536125710039
    },
    "4": {
        "loss_median": 0.3290035128593445,
        "loss_mad": 0.016038566827774048,
        "accuracy_median": 0.9100000262260437,
        "accuracy_mad": 0.014999985694885254,
        "f1_median": 0.8709677419354839,
        "f1_mad": 0.015011506287692655
    },
    "5": {
        "loss_median": 0.3180026113986969,
        "loss_mad": 0.00812375545501709,
        "accuracy_median": 0.9100000262260437,
        "accuracy_mad": 0.010000050067901611,
        "f1_median": 0.8648600590348163,
        "f1_mad": 0.03632195609193678
    },
    "6": {
        "loss_median": 0.31420785188674927,
        "loss_mad": 0.007849514484405518,
        "accuracy_median": 0.9350000023841858,
        "accuracy_mad": 0.014999985694885254,
        "f1_median": 0.8834655551073461,
        "f1_mad": 0.032919226922983325
    },
    "7": {
        "loss_median": 0.3160580098628998,
        "loss_mad": 0.011752098798751831,
        "accuracy_median": 0.925000011920929,
        "accuracy_mad": 0.014999985694885254,
        "f1_median": 0.8879551820728291,
        "f1_mad": 0.03241430351404784
    },
    "8": {
        "loss_median": 0.3173196315765381,
        "loss_mad": 0.010235369205474854,
        "accuracy_median": 0.9150000214576721,
        "accuracy_mad": 0.019999980926513672,
        "f1_median": 0.8666864168271367,
        "f1_mad": 0.03620807430264861
    },
    "9": {
        "loss_median": 0.3181076645851135,
        "loss_mad": 0.00864061713218689,
        "accuracy_median": 0.9200000166893005,
        "accuracy_mad": 0.009999990463256836,
        "f1_median": 0.8772817916858414,
        "f1_mad": 0.01858460361179881
    },
    "10": {
        "loss_median": 0.3143901824951172,
        "loss_mad": 0.005533009767532349,
        "accuracy_median": 0.925000011920929,
        "accuracy_mad": 0.020000040531158447,
        "f1_median": 0.8916145814516421,
        "f1_mad": 0.02716384609871536
    },
    "11": {
        "loss_median": 0.31097182631492615,
        "loss_mad": 0.004982441663742065,
        "accuracy_median": 0.9350000023841858,
        "accuracy_mad": 0.009999990463256836,
        "f1_median": 0.8834655551073461,
        "f1_mad": 0.021238230193454055
    },
    "12": {
        "loss_median": 0.31513386964797974,
        "loss_mad": 0.010934144258499146,
        "accuracy_median": 0.9300000071525574,
        "accuracy_mad": 0.019999980926513672,
        "f1_median": 0.8945147679324894,
        "f1_mad": 0.03707278100141653
    },
    "13": {
        "loss_median": 0.3171512186527252,
        "loss_mad": 0.011191636323928833,
        "accuracy_median": 0.9100000262260437,
        "accuracy_mad": 0.01500004529953003,
        "f1_median": 0.8666864168271367,
        "f1_mad": 0.05114738335960478
    },
    "14": {
        "loss_median": 0.31804025173187256,
        "loss_mad": 0.009201496839523315,
        "accuracy_median": 0.925000011920929,
        "accuracy_mad": 0.014999985694885254,
        "f1_median": 0.872953133822699,
        "f1_mad": 0.02885056972013489
    },
    "15": {
        "loss_median": 0.3143426477909088,
        "loss_mad": 0.00581088662147522,
        "accuracy_median": 0.9100000262260437,
        "accuracy_mad": 0.005000054836273193,
        "f1_median": 0.8648600590348163,
        "f1_mad": 0.02753825587543446
    },
    "16": {
        "loss_median": 0.3108147084712982,
        "loss_mad": 0.004841804504394531,
        "accuracy_median": 0.9350000023841858,
        "accuracy_mad": 0.009999990463256836,
        "f1_median": 0.8834655551073461,
        "f1_mad": 0.026118531691930458
    },
    "17": {
        "loss_median": 0.3150714039802551,
        "loss_mad": 0.010876834392547607,
        "accuracy_median": 0.9300000071525574,
        "accuracy_mad": 0.019999980926513672,
        "f1_median": 0.8945147679324894,
        "f1_mad": 0.03707278100141653
    },
    "18": {
        "loss_median": 0.3171389102935791,
        "loss_mad": 0.011274129152297974,
        "accuracy_median": 0.925000011920929,
        "accuracy_mad": 0.014999985694885254,
        "f1_median": 0.8666864168271367,
        "f1_mad": 0.03620807430264861
    },
    "19": {
        "loss_median": 0.31803327798843384,
        "loss_mad": 0.009266763925552368,
        "accuracy_median": 0.925000011920929,
        "accuracy_mad": 0.014999985694885254,
        "f1_median": 0.872953133822699,
        "f1_mad": 0.025065514195949046
    },
    "20": {
        "loss_median": 0.31433767080307007,
        "loss_mad": 0.005838632583618164,
        "accuracy_median": 0.9150000214576721,
        "accuracy_mad": 0.010000050067901611,
        "f1_median": 0.8648600590348163,
        "f1_mad": 0.02753825587543446
    },
    "21": {
        "loss_median": 0.3107983469963074,
        "loss_mad": 0.00482669472694397,
        "accuracy_median": 0.9350000023841858,
        "accuracy_mad": 0.009999990463256836,
        "f1_median": 0.8834655551073461,
        "f1_mad": 0.026118531691930458
    },
    "22": {
        "loss_median": 0.31506624817848206,
        "loss_mad": 0.010872066020965576,
        "accuracy_median": 0.9300000071525574,
        "accuracy_mad": 0.019999980926513672,
        "f1_median": 0.8945147679324894,
        "f1_mad": 0.03707278100141653
    },
    "23": {
        "loss_median": 0.3171376585960388,
        "loss_mad": 0.011284887790679932,
        "accuracy_median": 0.9150000214576721,
        "accuracy_mad": 0.019999980926513672,
        "f1_median": 0.8666864168271367,
        "f1_mad": 0.03620807430264861
    },
    "24": {
        "loss_median": 0.318032443523407,
        "loss_mad": 0.009278029203414917,
        "accuracy_median": 0.925000011920929,
        "accuracy_mad": 0.014999985694885254,
        "f1_median": 0.872953133822699,
        "f1_mad": 0.025065514195949046
    },
    "25": {
        "loss_median": 0.3143371343612671,
        "loss_mad": 0.005842447280883789,
        "accuracy_median": 0.9100000262260437,
        "accuracy_mad": 0.005000054836273193,
        "f1_median": 0.8648600590348163,
        "f1_mad": 0.03315858898383173
    },
    "26": {
        "loss_median": 0.3107960820198059,
        "loss_mad": 0.004824519157409668,
        "accuracy_median": 0.9350000023841858,
        "accuracy_mad": 0.009999990463256836,
        "f1_median": 0.8936924167257264,
        "f1_mad": 0.018550115671780554
    },
    "27": {
        "loss_median": 0.31506580114364624,
        "loss_mad": 0.010871678590774536,
        "accuracy_median": 0.9300000071525574,
        "accuracy_mad": 0.019999980926513672,
        "f1_median": 0.8945147679324894,
        "f1_mad": 0.03707278100141653
    },
    "28": {
        "loss_median": 0.3171375095844269,
        "loss_mad": 0.01128646731376648,
        "accuracy_median": 0.9150000214576721,
        "accuracy_mad": 0.019999980926513672,
        "f1_median": 0.8666864168271367,
        "f1_mad": 0.04386572228425922
    },