{
    "0": {
        "loss_median": 0.630768895149231,
        "loss_mad": 0.02757185697555542,
        "accuracy_median": 0.6349999904632568,
        "accuracy_mad": 0.0350000262260437,
        "f1_median": 0.6017258546299369,
        "f1_mad": 0.025139817011854193
    },
    "1": {
        "loss_median": 0.5172681212425232,
        "loss_mad": 0.016125023365020752,
        "accuracy_median": 0.7599999904632568,
        "accuracy_mad": 0.04500001668930054,
        "f1_median": 0.6978583488847419,
        "f1_mad": 0.04937387415377459
    },
    "2": {
        "loss_median": 0.4555533230304718,
        "loss_mad": 0.016390234231948853,
        "accuracy_median": 0.8600000143051147,
        "accuracy_mad": 0.034999966621398926,
        "f1_median": 0.789480399349303,
        "f1_mad": 0.03335153270830704
    },
    "3": {
        "loss_median": 0.42501869797706604,
        "loss_mad": 0.015232652425765991,
        "accuracy_median": 0.8550000190734863,
        "accuracy_mad": 0.034999966621398926,
        "f1_median": 0.7998385794995965,
        "f1_mad": 0.03874092009685237
    },
    "4": {
        "loss_median": 0.3984065353870392,
        "loss_mad": 0.020637869834899902,
        "accuracy_median": 0.8849999904632568,
        "accuracy_mad": 0.02499997615814209,
        "f1_median": 0.8050935550935552,
        "f1_mad": 0.04751779751779761
    },
    "5": {
        "loss_median": 0.3692142069339752,
        "loss_mad": 0.023230284452438354,
        "accuracy_median": 0.8949999809265137,
        "accuracy_mad": 0.01500004529953003,
        "f1_median": 0.8403709475124472,
        "f1_mad": 0.028510171368671622
    },
    "6": {
        "loss_median": 0.3561743497848511,
        "loss_mad": 0.02031046152114868,
        "accuracy_median": 0.9049999713897705,
        "accuracy_mad": 0.010000050067901611,
        "f1_median": 0.8566308243727598,
        "f1_mad": 0.019309021213377964
    },
    "7": {
        "loss_median": 0.3435102701187134,
        "loss_mad": 0.023113757371902466,
        "accuracy_median": 0.925000011920929,
        "accuracy_mad": 0.009999990463256836,
        "f1_median": 0.8805970149253732,
        "f1_mad": 0.01101756652626884
    },
    "8": {
        "loss_median": 0.33406490087509155,
        "loss_mad": 0.01961374282836914,
        "accuracy_median": 0.9200000166893005,
        "accuracy_mad": 0.004999995231628418,
        "f1_median": 0.8794454490657022,
        "f1_mad": 0.018508166351197897
    },
    "9": {
        "loss_median": 0.3307524025440216,
        "loss_mad": 0.017218708992004395,
        "accuracy_median": 0.9200000166893005,
        "accuracy_mad": 0.004999995231628418,
        "f1_median": 0.8655371789700148,
        "f1_mad": 0.007280623335712999
    },
    "10": {
        "loss_median": 0.3216463029384613,
        "loss_mad": 0.010428577661514282,
        "accuracy_median": 0.925000011920929,
        "accuracy_mad": 0.014999985694885254,
        "f1_median": 0.8697916666666667,
        "f1_mad": 0.020039775439756102
    },
    "11": {
        "loss_median": 0.3186519145965576,
        "loss_mad": 0.007550477981567383,
        "accuracy_median": 0.9300000071525574,
        "accuracy_mad": 0.0,
        "f1_median": 0.8859792482231765,
        "f1_mad": 0.012039399795471528
    },
    "12": {
        "loss_median": 0.31558114290237427,
        "loss_mad": 0.0075432658195495605,
        "accuracy_median": 0.9300000071525574,
        "accuracy_mad": 0.004999995231628418,
        "f1_median": 0.8688811188811189,
        "f1_mad": 0.010183930807076247
    },
    "13": {
        "loss_median": 0.31384965777397156,
        "loss_mad": 0.005260497331619263,
        "accuracy_median": 0.9200000166893005,
        "accuracy_mad": 0.004999995231628418,
        "f1_median": 0.877163192311861,
        "f1_mad": 0.02735739084703881
    },
    "14": {
        "loss_median": 0.31459373235702515,
        "loss_mad": 0.0053732991218566895,
        "accuracy_median": 0.9200000166893005,
        "accuracy_mad": 0.004999995231628418,
        "f1_median": 0.877163192311861,
        "f1_mad": 0.012668249794561826
    },
    "15": {
        "loss_median": 0.3121185600757599,
        "loss_mad": 0.003770291805267334,
        "accuracy_median": 0.9200000166893005,
        "accuracy_mad": 0.009999990463256836,
        "f1_median": 0.8751423010539459,
        "f1_mad": 0.012430497881865898
    },
    "16": {
        "loss_median": 0.311063289642334,
        "loss_mad": 0.005146622657775879,
        "accuracy_median": 0.9300000071525574,
        "accuracy_mad": 0.009999990463256836,
        "f1_median": 0.8794454490657022,
        "f1_mad": 0.009653782399035471
    },
    "17": {
        "loss_median": 0.31210193037986755,
        "loss_mad": 0.005505412817001343,
        "accuracy_median": 0.925000011920929,
        "accuracy_mad": 0.009999990463256836,
        "f1_median": 0.8751423010539459,
        "f1_mad": 0.02021701453138669
    },
    "18": {
        "loss_median": 0.3132990598678589,
        "loss_mad": 0.005686402320861816,
        "accuracy_median": 0.925000011920929,
        "accuracy_mad": 0.004999995231628418,
        "f1_median": 0.8859792482231765,
        "f1_mad": 0.027282060149133924
    },
    "19": {
        "loss_median": 0.31243911385536194,
        "loss_mad": 0.0051708221435546875,
        "accuracy_median": 0.925000011920929,
        "accuracy_mad": 0.009999990463256836,
        "f1_median": 0.8751423010539459,
        "f1_mad": 0.012914976140053769
    },
    "20": {
        "loss_median": 0.31197941303253174,
        "loss_mad": 0.0036096572875976562,
        "accuracy_median": 0.925000011920929,
        "accuracy_mad": 0.009999990463256836,
        "f1_median": 0.8751423010539459,
        "f1_mad": 0.014689141052476984
    },
    "21": {
        "loss_median": 0.3104268014431,
        "loss_mad": 0.001964181661605835,
        "accuracy_median": 0.925000011920929,
        "accuracy_mad": 0.0,
        "f1_median": 0.8879551820728291,
        "f1_mad": 0.018163515406162345
    },
    "22": {
        "loss_median": 0.3104822039604187,
        "loss_mad": 0.004243999719619751,
        "accuracy_median": 0.9300000071525574,
        "accuracy_mad": 0.004999995231628418,
        "f1_median": 0.8879551820728291,
        "f1_mad": 0.021568467050878337
    },
    "23": {
        "loss_median": 0.31210172176361084,
        "loss_mad": 0.00519755482673645,
        "accuracy_median": 0.925000011920929,
        "accuracy_mad": 0.004999995231628418,
        "f1_median": 0.8859792482231765,
        "f1_mad": 0.029348423850416694
    },
    "24": {
        "loss_median": 0.3125450015068054,
        "loss_mad": 0.0045938193798065186,
        "accuracy_median": 0.9300000071525574,
        "accuracy_mad": 0.009999990463256836,
        "f1_median": 0.8814990371796771,
        "f1_mad": 0.019271712265785057
    },
    "25": {
        "loss_median": 0.31200045347213745,
        "loss_mad": 0.004308909177780151,
        "accuracy_median": 0.925000011920929,
        "accuracy_mad": 0.009999990463256836,
        "f1_median": 0.8751423010539459,
        "f1_mad": 0.014689141052476984
    },
    "26": {
        "loss_median": 0.3098776936531067,
        "loss_mad": 0.001586824655532837,
        "accuracy_median": 0.9300000071525574,
        "accuracy_mad": 0.004999995231628418,
        "f1_median": 0.8879551820728291,
        "f1_mad": 0.018163515406162345
    },
    "27": {
        "loss_median": 0.3092605471611023,
        "loss_mad": 0.0031285881996154785,
        "accuracy_median": 0.9300000071525574,
        "accuracy_mad": 0.004999995231628418,
        "f1_median": 0.8879551820728291,
        "f1_mad": 0.021568467050878337
    },
    "28": {
        "loss_median": 0.3108937740325928,
        "loss_mad": 0.004182189702987671,
        "accuracy_median": 0.925000011920929,
        "accuracy_mad": 0.004999995231628418,
        "f1_median": 0.8859792482231765,
        "f1_mad": 0.027282060149133924
    },