{
    "0": {
        "loss_median": 0.630768895149231,
        "loss_mad": 0.02757185697555542,
        "accuracy_median": 0.6349999904632568,
        "accuracy_mad": 0.0350000262260437,
        "f1_median": 0.6017258546299369,
        "f1_mad": 0.025139817011854193
    },
    "1": {
        "loss_median": 0.45755234360694885,
        "loss_mad": 0.048356443643569946,
        "accuracy_median": 0.8849999904632568,
        "accuracy_mad": 0.05500000715255737,
        "f1_median": 0.8251681806088709,
        "f1_mad": 0.05115688117384265
    },
    "2": {
        "loss_median": 0.39675647020339966,
        "loss_mad": 0.04280424118041992,
        "accuracy_median": 0.8899999856948853,
        "accuracy_mad": 0.020000040531158447,
        "f1_median": 0.8192184675288555,
        "f1_mad": 0.011104432441136125
    },
    "3": {
        "loss_median": 0.37579330801963806,
        "loss_mad": 0.014178067445755005,
        "accuracy_median": 0.9100000262260437,
        "accuracy_mad": 0.010000050067901611,
        "f1_median": 0.8688811188811189,
        "f1_mad": 0.044364671568031366
    },
    "4": {
        "loss_median": 0.3398268222808838,
        "loss_mad": 0.026465892791748047,
        "accuracy_median": 0.9150000214576721,
        "accuracy_mad": 0.009999990463256836,
        "f1_median": 0.872953133822699,
        "f1_mad": 0.02642377704846477
    },
    "5": {
        "loss_median": 0.32416653633117676,
        "loss_mad": 0.013698726892471313,
        "accuracy_median": 0.9150000214576721,
        "accuracy_mad": 0.019999980926513672,
        "f1_median": 0.8790853159785199,
        "f1_mad": 0.027953480083778404
    },
    "6": {
        "loss_median": 0.317046582698822,
        "loss_mad": 0.010252207517623901,
        "accuracy_median": 0.9300000071525574,
        "accuracy_mad": 0.014999985694885254,
        "f1_median": 0.8759744861800142,
        "f1_mad": 0.033609600619262436
    },
    "7": {
        "loss_median": 0.31613537669181824,
        "loss_mad": 0.011601775884628296,
        "accuracy_median": 0.925000011920929,
        "accuracy_mad": 0.014999985694885254,
        "f1_median": 0.8879551820728291,
        "f1_mad": 0.043632366861076854
    },
    "8": {
        "loss_median": 0.3166775107383728,
        "loss_mad": 0.008803963661193848,
        "accuracy_median": 0.9200000166893005,
        "accuracy_mad": 0.01500004529953003,
        "f1_median": 0.8794454490657022,
        "f1_mad": 0.031185035033403308
    },
    "9": {
        "loss_median": 0.317293256521225,
        "loss_mad": 0.007515400648117065,
        "accuracy_median": 0.925000011920929,
        "accuracy_mad": 0.014999985694885254,
        "f1_median": 0.8709677419354839,
        "f1_mad": 0.0234067663257278
    },
    "10": {
        "loss_median": 0.31416094303131104,
        "loss_mad": 0.004876166582107544,
        "accuracy_median": 0.925000011920929,
        "accuracy_mad": 0.019999980926513672,
        "f1_median": 0.8838964356205735,
        "f1_mad": 0.022424574148712018
    },
    "11": {
        "loss_median": 0.31123948097229004,
        "loss_mad": 0.005114614963531494,
        "accuracy_median": 0.9350000023841858,
        "accuracy_mad": 0.009999990463256836,
        "f1_median": 0.9025341130604287,
        "f1_mad": 0.015299687126312689
    },
    "12": {
        "loss_median": 0.31455492973327637,
        "loss_mad": 0.010271012783050537,
        "accuracy_median": 0.925000011920929,
        "accuracy_mad": 0.020000040531158447,
        "f1_median": 0.8879551820728291,
        "f1_mad": 0.043632366861076854
    },
    "13": {
        "loss_median": 0.3162813186645508,
        "loss_mad": 0.01030305027961731,
        "accuracy_median": 0.9100000262260437,
        "accuracy_mad": 0.02499997615814209,
        "f1_median": 0.8666864168271367,
        "f1_mad": 0.05114738335960478
    },
    "14": {
        "loss_median": 0.3171544373035431,
        "loss_mad": 0.008465230464935303,
        "accuracy_median": 0.925000011920929,
        "accuracy_mad": 0.014999985694885254,
        "f1_median": 0.8790853159785199,
        "f1_mad": 0.028314299563331646
    },
    "15": {
        "loss_median": 0.3140576481819153,
        "loss_mad": 0.005374550819396973,
        "accuracy_median": 0.9200000166893005,
        "accuracy_mad": 0.01500004529953003,
        "f1_median": 0.8648600590348163,
        "f1_mad": 0.03315858898383173
    },
    "16": {
        "loss_median": 0.31092149019241333,
        "loss_mad": 0.004832744598388672,
        "accuracy_median": 0.9350000023841858,
        "accuracy_mad": 0.009999990463256836,
        "f1_median": 0.8834655551073461,
        "f1_mad": 0.029780235341804073
    },
    "17": {
        "loss_median": 0.3144022524356842,
        "loss_mad": 0.01013261079788208,
        "accuracy_median": 0.925000011920929,
        "accuracy_mad": 0.020000040531158447,
        "f1_median": 0.8879551820728291,
        "f1_mad": 0.043632366861076854
    },
    "18": {
        "loss_median": 0.3162459433078766,
        "loss_mad": 0.010450214147567749,
        "accuracy_median": 0.9200000166893005,
        "accuracy_mad": 0.014999985694885254,
        "f1_median": 0.8666864168271367,
        "f1_mad": 0.03620807430264861
    },
    "19": {
        "loss_median": 0.31713879108428955,
        "loss_mad": 0.008615374565124512,
        "accuracy_median": 0.925000011920929,
        "accuracy_mad": 0.009999990463256836,
        "f1_median": 0.8790853159785199,
        "f1_mad": 0.025435267180379917
    },
    "20": {
        "loss_median": 0.31404393911361694,
        "loss_mad": 0.005430072546005249,
        "accuracy_median": 0.9200000166893005,
        "accuracy_mad": 0.009999990463256836,
        "f1_median": 0.8648600590348163,
        "f1_mad": 0.03227077332053063
    },
    "21": {
        "loss_median": 0.31088411808013916,
        "loss_mad": 0.004799216985702515,
        "accuracy_median": 0.9350000023841858,
        "accuracy_mad": 0.009999990463256836,
        "f1_median": 0.8834655551073461,
        "f1_mad": 0.029780235341804073
    },
    "22": {
        "loss_median": 0.31438320875167847,
        "loss_mad": 0.010115206241607666,
        "accuracy_median": 0.925000011920929,
        "accuracy_mad": 0.020000040531158447,
        "f1_median": 0.8879551820728291,
        "f1_mad": 0.043632366861076854
    },
    "23": {
        "loss_median": 0.31624096632003784,
        "loss_mad": 0.010472983121871948,
        "accuracy_median": 0.9150000214576721,
        "accuracy_mad": 0.010000050067901611,
        "f1_median": 0.8666864168271367,
        "f1_mad": 0.03620807430264861
    },
    "24": {
        "loss_median": 0.31713593006134033,
        "loss_mad": 0.008646488189697266,
        "accuracy_median": 0.9300000071525574,
        "accuracy_mad": 0.014999985694885254,
        "f1_median": 0.8790853159785199,
        "f1_mad": 0.025435267180379917
    },
    "25": {
        "loss_median": 0.31404152512550354,
        "loss_mad": 0.005438804626464844,
        "accuracy_median": 0.9200000166893005,
        "accuracy_mad": 0.009999990463256836,
        "f1_median": 0.8648600590348163,
        "f1_mad": 0.017299083425060258
    },
    "26": {
        "loss_median": 0.3108779191970825,
        "loss_mad": 0.004793494939804077,
        "accuracy_median": 0.9350000023841858,
        "accuracy_mad": 0.009999990463256836,
        "f1_median": 0.8834655551073461,
        "f1_mad": 0.028629772127850672
    },
    "27": {
        "loss_median": 0.31438061594963074,
        "loss_mad": 0.01011282205581665,
        "accuracy_median": 0.925000011920929,
        "accuracy_mad": 0.020000040531158447,
        "f1_median": 0.8879551820728291,
        "f1_mad": 0.043632366861076854
    },
    "28": {
        "loss_median": 0.3162401616573334,
        "loss_mad": 0.01047709584236145,
        "accuracy_median": 0.9150000214576721,
        "accuracy_mad": 0.010000050067901611,
        "f1_median": 0.8666864168271367,