{
    "0": {
        "loss_median": 0.630768895149231,
        "loss_mad": 0.02757185697555542,
        "accuracy_median": 0.6349999904632568,
        "accuracy_mad": 0.0350000262260437,
        "f1_median": 0.6017258546299369,
        "f1_mad": 0.025139817011854193
    },
    "1": {
        "loss_median": 0.5885089635848999,
        "loss_mad": 0.013357877731323242,
        "accuracy_median": 0.6949999928474426,
        "accuracy_mad": 0.050000011920928955,
        "f1_median": 0.6510197660116137,
        "f1_mad": 0.03446634295819906
    },
    "2": {
        "loss_median": 0.539996862411499,
        "loss_mad": 0.008693158626556396,
        "accuracy_median": 0.7649999856948853,
        "accuracy_mad": 0.050000011920928955,
        "f1_median": 0.6965294592413236,
        "f1_mad": 0.033192011143466926
    },
    "3": {
        "loss_median": 0.4958134591579437,
        "loss_mad": 0.02308836579322815,
        "accuracy_median": 0.8050000071525574,
        "accuracy_mad": 0.04500001668930054,
        "f1_median": 0.7382462498741569,
        "f1_mad": 0.04777005939796641
    },
    "4": {
        "loss_median": 0.46135956048965454,
        "loss_mad": 0.009752124547958374,
        "accuracy_median": 0.8399999737739563,
        "accuracy_mad": 0.030000030994415283,
        "f1_median": 0.7814497168780423,
        "f1_mad": 0.0377687506508132
    },
    "5": {
        "loss_median": 0.42030617594718933,
        "loss_mad": 0.01045459508895874,
        "accuracy_median": 0.8700000047683716,
        "accuracy_mad": 0.019999980926513672,
        "f1_median": 0.8107852412488175,
        "f1_mad": 0.05763071912116591
    },
    "6": {
        "loss_median": 0.40298449993133545,
        "loss_mad": 0.01490563154220581,
        "accuracy_median": 0.8999999761581421,
        "accuracy_mad": 0.004999995231628418,
        "f1_median": 0.8543123543123543,
        "f1_mad": 0.012592482646070935
    },
    "7": {
        "loss_median": 0.4050562381744385,
        "loss_mad": 0.022600024938583374,
        "accuracy_median": 0.9100000262260437,
        "accuracy_mad": 0.010000050067901611,
        "f1_median": 0.8544458238794469,
        "f1_mad": 0.020696477174498962
    },
    "8": {
        "loss_median": 0.3843693435192108,
        "loss_mad": 0.024691909551620483,
        "accuracy_median": 0.9150000214576721,
        "accuracy_mad": 0.020000040531158447,
        "f1_median": 0.873015873015873,
        "f1_mad": 0.03323412698412698
    },
    "9": {
        "loss_median": 0.38677433133125305,
        "loss_mad": 0.0285167396068573,
        "accuracy_median": 0.9200000166893005,
        "accuracy_mad": 0.009999990463256836,
        "f1_median": 0.8684159603699834,
        "f1_mad": 0.020101319451644284
    },
    "10": {
        "loss_median": 0.38866204023361206,
        "loss_mad": 0.03147450089454651,
        "accuracy_median": 0.9150000214576721,
        "accuracy_mad": 0.019999980926513672,
        "f1_median": 0.865925312512323,
        "f1_mad": 0.03345159835884082
    },
    "11": {
        "loss_median": 0.386432945728302,
        "loss_mad": 0.02733004093170166,
        "accuracy_median": 0.9200000166893005,
        "accuracy_mad": 0.01500004529953003,
        "f1_median": 0.8644986449864498,
        "f1_mad": 0.017200160171482293
    },
    "12": {
        "loss_median": 0.3777070641517639,
        "loss_mad": 0.01084744930267334,
        "accuracy_median": 0.9150000214576721,
        "accuracy_mad": 0.010000050067901611,
        "f1_median": 0.865925312512323,
        "f1_mad": 0.02538668742373329
    },
    "13": {
        "loss_median": 0.3696140944957733,
        "loss_mad": 0.009587466716766357,
        "accuracy_median": 0.9300000071525574,
        "accuracy_mad": 0.014999985694885254,
        "f1_median": 0.8787878787878788,
        "f1_mad": 0.030955710955710924
    },
    "14": {
        "loss_median": 0.36058109998703003,
        "loss_mad": 0.014647960662841797,
        "accuracy_median": 0.9449999928474426,
        "accuracy_mad": 0.009999990463256836,
        "f1_median": 0.9115435647943388,
        "f1_mad": 0.017475718300420384
    },
    "15": {
        "loss_median": 0.3548133969306946,
        "loss_mad": 0.02342119812965393,
        "accuracy_median": 0.925000011920929,
        "accuracy_mad": 0.02499997615814209,
        "f1_median": 0.8816988051579321,
        "f1_mad": 0.029825008683335708
    },
    "16": {
        "loss_median": 0.35099902749061584,
        "loss_mad": 0.029557377099990845,
        "accuracy_median": 0.9200000166893005,
        "accuracy_mad": 0.030000030994415283,
        "f1_median": 0.8794454490657022,
        "f1_mad": 0.039701859322112454
    },
    "17": {
        "loss_median": 0.34637507796287537,
        "loss_mad": 0.026925772428512573,
        "accuracy_median": 0.925000011920929,
        "accuracy_mad": 0.029999971389770508,
        "f1_median": 0.8879551820728291,
        "f1_mad": 0.03967137094072082
    },
    "18": {
        "loss_median": 0.3404938876628876,
        "loss_mad": 0.018936961889266968,
        "accuracy_median": 0.9350000023841858,
        "accuracy_mad": 0.019999980926513672,
        "f1_median": 0.9028944911297853,
        "f1_mad": 0.0277521900758394
    },
    "19": {
        "loss_median": 0.334901362657547,
        "loss_mad": 0.015513688325881958,
        "accuracy_median": 0.9300000071525574,
        "accuracy_mad": 0.025000035762786865,
        "f1_median": 0.8980186480186481,
        "f1_mad": 0.0353068448465681
    },
    "20": {
        "loss_median": 0.33652228116989136,
        "loss_mad": 0.015349745750427246,
        "accuracy_median": 0.8949999809265137,
        "accuracy_mad": 0.029999971389770508,
        "f1_median": 0.8506348020911128,
        "f1_mad": 0.05023560049430631
    },
    "21": {
        "loss_median": 0.33881857991218567,
        "loss_mad": 0.014551043510437012,
        "accuracy_median": 0.8949999809265137,
        "accuracy_mad": 0.02499997615814209,
        "f1_median": 0.8506348020911128,
        "f1_mad": 0.038882751533092064
    },
    "22": {
        "loss_median": 0.33825093507766724,
        "loss_mad": 0.012222498655319214,
        "accuracy_median": 0.9100000262260437,
        "accuracy_mad": 0.014999985694885254,
        "f1_median": 0.8609372827145043,
        "f1_mad": 0.028894159391918528
    },
    "23": {
        "loss_median": 0.33545437455177307,
        "loss_mad": 0.008738547563552856,
        "accuracy_median": 0.8999999761581421,
        "accuracy_mad": 0.009999990463256836,
        "f1_median": 0.8609372827145043,
        "f1_mad": 0.028894159391918528
    },
    "24": {
        "loss_median": 0.33097487688064575,
        "loss_mad": 0.007520437240600586,
        "accuracy_median": 0.8999999761581421,
        "accuracy_mad": 0.004999995231628418,
        "f1_median": 0.8609372827145043,
        "f1_mad": 0.03708136530414374
    },
    "25": {
        "loss_median": 0.32554304599761963,
        "loss_mad": 0.009725093841552734,
        "accuracy_median": 0.9150000214576721,
        "accuracy_mad": 0.01500004529953003,
        "f1_median": 0.8669048369584252,
        "f1_mad": 0.03132284556619158
    },
    "26": {
        "loss_median": 0.32142820954322815,
        "loss_mad": 0.009472578763961792,
        "accuracy_median": 0.9150000214576721,
        "accuracy_mad": 0.010000050067901611,
        "f1_median": 0.8697916666666667,
        "f1_mad": 0.009338506665197865
    },
    "27": {
        "loss_median": 0.32159173488616943,
        "loss_mad": 0.009129315614700317,
        "accuracy_median": 0.9200000166893005,
        "accuracy_mad": 0.009999990463256836,
        "f1_median": 0.8794454490657022,
        "f1_mad": 0.009653782399035471
    },
    "28": {
        "loss_median": 0.3210555911064148,
        "loss_mad": 0.006970614194869995,
        "accuracy_median": 0.9300000071525574,
        "accuracy_mad": 0.014999985694885254,
        "f1_median": 0.8853046594982079,
        "f1_mad": 0.015512992831541172
    },