{
    "0": {
        "loss_median": 0.6601499319076538,
        "loss_mad": 0.016372501850128174,
        "accuracy_median": 0.8100000023841858,
        "accuracy_mad": 0.004999995231628418,
        "f1_median": 0.44751381215469616,
        "f1_mad": 0.012078425624719225
    },
    "1": {
        "loss_median": 0.5903090834617615,
        "loss_mad": 0.011377513408660889,
        "accuracy_median": 0.8100000023841858,
        "accuracy_mad": 0.0,
        "f1_median": 0.44751381215469616,
        "f1_mad": 0.0
    },
    "2": {
        "loss_median": 0.5163513422012329,
        "loss_mad": 0.01479482650756836,
        "accuracy_median": 0.8100000023841858,
        "accuracy_mad": 0.0,
        "f1_median": 0.44751381215469616,
        "f1_mad": 0.0
    },
    "3": {
        "loss_median": 0.449043869972229,
        "loss_mad": 0.03885522484779358,
        "accuracy_median": 0.8100000023841858,
        "accuracy_mad": 0.0,
        "f1_median": 0.44751381215469616,
        "f1_mad": 0.0
    },
    "4": {
        "loss_median": 0.3987395763397217,
        "loss_mad": 0.05199265480041504,
        "accuracy_median": 0.8100000023841858,
        "accuracy_mad": 0.0,
        "f1_median": 0.44751381215469616,
        "f1_mad": 0.0
    },
    "5": {
        "loss_median": 0.36097046732902527,
        "loss_mad": 0.05601221323013306,
        "accuracy_median": 0.8100000023841858,
        "accuracy_mad": 0.0,
        "f1_median": 0.44751381215469616,
        "f1_mad": 0.0
    },
    "6": {
        "loss_median": 0.32362106442451477,
        "loss_mad": 0.06699782609939575,
        "accuracy_median": 0.8100000023841858,
        "accuracy_mad": 0.0,
        "f1_median": 0.44751381215469616,
        "f1_mad": 0.0
    },
    "7": {
        "loss_median": 0.2897069752216339,
        "loss_mad": 0.06963452696800232,
        "accuracy_median": 0.8349999785423279,
        "accuracy_mad": 0.02499997615814209,
        "f1_median": 0.5700605823724839,
        "f1_mad": 0.12254677021778776
    },
    "8": {
        "loss_median": 0.2587621212005615,
        "loss_mad": 0.05715179443359375,
        "accuracy_median": 0.8799999952316284,
        "accuracy_mad": 0.06000000238418579,
        "f1_median": 0.7347480106100795,
        "f1_mad": 0.1657660003333793
    },
    "9": {
        "loss_median": 0.227940171957016,
        "loss_mad": 0.03730621933937073,
        "accuracy_median": 0.925000011920929,
        "accuracy_mad": 0.02499997615814209,
        "f1_median": 0.8622273249138921,
        "f1_mad": 0.05814216067298483
    },
    "10": {
        "loss_median": 0.2024715393781662,
        "loss_mad": 0.030655279755592346,
        "accuracy_median": 0.9399999976158142,
        "accuracy_mad": 0.014999985694885254,
        "f1_median": 0.907961343764381,
        "f1_mad": 0.024495788657034834
    }
}