{
   "info": {
      "strategy": "FedAvg",
      "seed": 3,
      "init_seed": 3,
      "sampling_seed": 3,
      "data_seed": 2,
      "fraction_train": 0.75,
      "fraction_evaluate": 0.75,
      "local_epochs": 2,
      "num_rounds": 10,
      "num_clients": 5,
      "eta_l": 0.3,
      "iid": true,
      "alpha": null,
      "training_mode": "noisy",
      "nshots": 1000,
      "model_type": "quantum",
      "base_pauli": 0.03,
      "base_readout": 0.03,
      "noise_scale": 0.002
   },
   "rounds": [
      {
         "round": 0,
         "train_metrics": {},
         "eval_metrics_client": {},
         "eval_metrics_server": {
            "accuracy": 0.47999998927116394,
            "loss": 0.7357013821601868,
            "f1_score": 0.4164515767029514
         }
      },
      {
         "round": 1,
         "train_metrics": {
            "train_loss": 0.6842423876126607,
            "train_acc": 0.6333333452542622,
            "train_f1": 0.5806133106640923,
            "drift": 0.2761737605632304
         },
         "eval_metrics_client": {
            "loss": 0.6821307142575581,
            "accuracy": 0.6199999849001566,
            "f1": 0.562375497292573
         },
         "eval_metrics_server": {
            "accuracy": 0.5849999785423279,
            "loss": 0.6747692823410034,
            "f1_score": 0.5170909090909092
         },
         "drift_metrics": {
            "drift_median": 0.27383903248113917,
            "drift_mean": 0.2761737605632304,
            "drift_max": 0.282046293157854,
            "drift_min": 0.27263595605069807,
            "drift_per_client": [
               0.27383903248113917,
               0.282046293157854,
               0.27263595605069807
            ]
         }
      },
      {
         "round": 2,
         "train_metrics": {
            "train_loss": 0.6744512426547515,
            "train_acc": 0.7400000095367432,
            "train_f1": 0.6785188787727663,
            "drift": 0.2832777591378457
         },
         "eval_metrics_client": {
            "loss": 0.6740933259328206,
            "accuracy": 0.6816666722297668,
            "f1": 0.6329063743250186
         },
         "eval_metrics_server": {
            "accuracy": 0.6449999809265137,
            "loss": 0.6108161211013794,
            "f1_score": 0.5753461526959538
         },
         "drift_metrics": {
            "drift_median": 0.28344610106482954,
            "drift_mean": 0.2832777591378457,
            "drift_max": 0.28766439556949885,
            "drift_min": 0.2787227807792087,
            "drift_per_client": [
               0.28766439556949885,
               0.2787227807792087,
               0.28344610106482954
            ]
         }
      },
      {
         "round": 3,
         "train_metrics": {
            "train_loss": 0.6679351696601281,
            "train_acc": 0.7433333198229471,
            "train_f1": 0.6751219257753465,
            "drift": 0.2590905972415277
         },
         "eval_metrics_client": {
            "loss": 0.6646427512168884,
            "accuracy": 0.7516666650772095,
            "f1": 0.6891102705992977
         },
         "eval_metrics_server": {
            "accuracy": 0.7749999761581421,
            "loss": 0.5539934635162354,
            "f1_score": 0.7162583940225102
         },
         "drift_metrics": {
            "drift_median": 0.26734076280238306,
            "drift_mean": 0.2590905972415277,
            "drift_max": 0.27552827237688293,
            "drift_min": 0.23440275654531711,
            "drift_per_client": [
               0.23440275654531711,
               0.27552827237688293,
               0.26734076280238306
            ]
         }
      },
      {
         "round": 4,
         "train_metrics": {
            "train_loss": 0.6628390611746372,
            "train_acc": 0.7766666809717813,
            "train_f1": 0.7244102750218804,
            "drift": 0.2334645578654545
         },
         "eval_metrics_client": {
            "loss": 0.6589413483937581,
            "accuracy": 0.7950000166893005,
            "f1": 0.7308733307100408
         },
         "eval_metrics_server": {
            "accuracy": 0.8199999928474426,
            "loss": 0.508084237575531,
            "f1_score": 0.7631267272009474
         },
         "drift_metrics": {
            "drift_median": 0.23114775570470847,
            "drift_mean": 0.23346455786545453,
            "drift_max": 0.24378634804778562,
            "drift_min": 0.22545956984386953,
            "drift_per_client": [
               0.22545956984386953,
               0.24378634804778562,
               0.23114775570470847
            ]
         }
      },
      {
         "round": 5,
         "train_metrics": {
            "train_loss": 0.6573836207389832,
            "train_acc": 0.8033333222071328,
            "train_f1": 0.7476480707495929,
            "drift": 0.20755284713953967
         },
         "eval_metrics_client": {
            "loss": 0.6541793743769327,
            "accuracy": 0.8033333222071329,
            "f1": 0.738285430679984
         },
         "eval_metrics_server": {
            "accuracy": 0.8650000095367432,
            "loss": 0.47149789333343506,
            "f1_score": 0.8108647683093412
         },
         "drift_metrics": {
            "drift_median": 0.2056570328844379,
            "drift_mean": 0.2075528471395397,
            "drift_max": 0.2214412923260011,
            "drift_min": 0.19556021620818007,
            "drift_per_client": [
               0.2056570328844379,
               0.19556021620818007,
               0.2214412923260011
            ]
         }
      },
      {
         "round": 6,
         "train_metrics": {
            "train_loss": 0.6491603530370271,
            "train_acc": 0.8566666642824808,
            "train_f1": 0.812253383418033,
            "drift": 0.17909677412858327
         },
         "eval_metrics_client": {
            "loss": 0.6492698589960734,
            "accuracy": 0.8300000031789143,
            "f1": 0.777330279370681
         },
         "eval_metrics_server": {
            "accuracy": 0.8700000047683716,
            "loss": 0.4441490173339844,
            "f1_score": 0.8164878599661208
         },
         "drift_metrics": {
            "drift_median": 0.18327210140863345,
            "drift_mean": 0.17909677412858327,
            "drift_max": 0.19087113675029865,
            "drift_min": 0.1631470842268177,
            "drift_per_client": [
               0.18327210140863345,
               0.1631470842268177,
               0.19087113675029865
            ]
         }
      },
      {
         "round": 7,
         "train_metrics": {
            "train_loss": 0.6456486536906315,
            "train_acc": 0.8900000055631001,
            "train_f1": 0.8433786385113458,
            "drift": 0.15741788611017288
         },
         "eval_metrics_client": {
            "loss": 0.6486271619796753,
            "accuracy": 0.8383333285649617,
            "f1": 0.7886296921760636
         },
         "eval_metrics_server": {
            "accuracy": 0.875,
            "loss": 0.4248242974281311,
            "f1_score": 0.816385736844038
         },
         "drift_metrics": {
            "drift_median": 0.15509602343997875,
            "drift_mean": 0.15741788611017288,
            "drift_max": 0.16419739591863242,
            "drift_min": 0.1529602389719075,
            "drift_per_client": [
               0.15509602343997875,
               0.1529602389719075,
               0.16419739591863242
            ]
         }
      },
      {
         "round": 8,
         "train_metrics": {
            "train_loss": 0.6460986534754435,
            "train_acc": 0.8599999944368998,
            "train_f1": 0.7978477038602817,
            "drift": 0.13347177206028982
         },
         "eval_metrics_client": {
            "loss": 0.6463488737742106,
            "accuracy": 0.8716666698455809,
            "f1": 0.8161008169617726
         },