{
   "info": {
      "strategy": "FedAvg",
      "seed": 4,
      "init_seed": 4,
      "sampling_seed": 4,
      "data_seed": 2,
      "fraction_train": 0.75,
      "fraction_evaluate": 0.75,
      "local_epochs": 2,
      "num_rounds": 10,
      "num_clients": 5,
      "eta_l": 0.3,
      "iid": true,
      "alpha": null,
      "training_mode": "noisy",
      "nshots": 1000,
      "model_type": "quantum",
      "base_pauli": 0.03,
      "base_readout": 0.03,
      "noise_scale": 0.002
   },
   "rounds": [
      {
         "round": 0,
         "train_metrics": {},
         "eval_metrics_client": {},
         "eval_metrics_server": {
            "accuracy": 0.6700000166893005,
            "loss": 0.6031970381736755,
            "f1_score": 0.6268656716417911
         }
      },
      {
         "round": 1,
         "train_metrics": {
            "train_loss": 0.6781018269367707,
            "train_acc": 0.6866666674613953,
            "train_f1": 0.6323210698447084,
            "drift": 0.19413131959132027
         },
         "eval_metrics_client": {
            "loss": 0.6765874822934468,
            "accuracy": 0.6816666722297668,
            "f1": 0.6382084593556882
         },
         "eval_metrics_server": {
            "accuracy": 0.7099999785423279,
            "loss": 0.5776358842849731,
            "f1_score": 0.6720940750791498
         },
         "drift_metrics": {
            "drift_median": 0.18822313100424454,
            "drift_mean": 0.19413131959132027,
            "drift_max": 0.21864006886819012,
            "drift_min": 0.17553075890152622,
            "drift_per_client": [
               0.21864006886819012,
               0.17553075890152622,
               0.18822313100424454
            ]
         }
      },
      {
         "round": 2,
         "train_metrics": {
            "train_loss": 0.6714616372035099,
            "train_acc": 0.7233333388964335,
            "train_f1": 0.6840232317864072,
            "drift": 0.1966208325121177
         },
         "eval_metrics_client": {
            "loss": 0.6728906432787577,
            "accuracy": 0.6983333230018616,
            "f1": 0.6600629224283898
         },
         "eval_metrics_server": {
            "accuracy": 0.7450000047683716,
            "loss": 0.551578164100647,
            "f1_score": 0.7032727272727273
         },
         "drift_metrics": {
            "drift_median": 0.19350802002682044,
            "drift_mean": 0.1966208325121177,
            "drift_max": 0.2157496085219437,
            "drift_min": 0.180604868987589,
            "drift_per_client": [
               0.2157496085219437,
               0.19350802002682044,
               0.180604868987589
            ]
         }
      },
      {
         "round": 3,
         "train_metrics": {
            "train_loss": 0.6661632702900813,
            "train_acc": 0.7366666595141093,
            "train_f1": 0.6835187530759881,
            "drift": 0.19482335231978948
         },
         "eval_metrics_client": {
            "loss": 0.6672277450561523,
            "accuracy": 0.7416666547457377,
            "f1": 0.6885275849705211
         },
         "eval_metrics_server": {
            "accuracy": 0.7900000214576721,
            "loss": 0.5264222621917725,
            "f1_score": 0.7450218552695483
         },
         "drift_metrics": {
            "drift_median": 0.1954440096926655,
            "drift_mean": 0.19482335231978945,
            "drift_max": 0.20414702590203454,
            "drift_min": 0.18487902136466838,
            "drift_per_client": [
               0.20414702590203454,
               0.18487902136466838,
               0.1954440096926655
            ]
         }
      },
      {
         "round": 4,
         "train_metrics": {
            "train_loss": 0.6611046057481031,
            "train_acc": 0.7566666603088379,
            "train_f1": 0.6871475049830806,
            "drift": 0.20028664195431756
         },
         "eval_metrics_client": {
            "loss": 0.6613095998764038,
            "accuracy": 0.7766666611035664,
            "f1": 0.7197363907325207
         },
         "eval_metrics_server": {
            "accuracy": 0.824999988079071,
            "loss": 0.5006778240203857,
            "f1_score": 0.7793120842397301
         },
         "drift_metrics": {
            "drift_median": 0.19029320805007469,
            "drift_mean": 0.20028664195431756,
            "drift_max": 0.23022237709511478,
            "drift_min": 0.18034434071776317,
            "drift_per_client": [
               0.23022237709511478,
               0.18034434071776317,
               0.19029320805007469
            ]
         }
      },
      {
         "round": 5,
         "train_metrics": {
            "train_loss": 0.6597446570029626,
            "train_acc": 0.8099999825159708,
            "train_f1": 0.7363797840656184,
            "drift": 0.19592111260775652
         },
         "eval_metrics_client": {
            "loss": 0.6565886338551838,
            "accuracy": 0.8166666626930237,
            "f1": 0.7621899245504088
         },
         "eval_metrics_server": {
            "accuracy": 0.8450000286102295,
            "loss": 0.4769953489303589,
            "f1_score": 0.7998385794995965
         },
         "drift_metrics": {
            "drift_median": 0.1836865990818073,
            "drift_mean": 0.19592111260775655,
            "drift_max": 0.23019669853823244,
            "drift_min": 0.17388004020322992,
            "drift_per_client": [
               0.1836865990818073,
               0.23019669853823244,
               0.17388004020322992
            ]
         }
      },
      {
         "round": 6,
         "train_metrics": {
            "train_loss": 0.6538485349752964,
            "train_acc": 0.8266666730244954,
            "train_f1": 0.7746145424129368,
            "drift": 0.20410731232845933
         },
         "eval_metrics_client": {
            "loss": 0.6536097327868143,
            "accuracy": 0.8333333134651184,
            "f1": 0.7873057083583399
         },
         "eval_metrics_server": {
            "accuracy": 0.8600000143051147,
            "loss": 0.45396673679351807,
            "f1_score": 0.8157652322674036
         },
         "drift_metrics": {
            "drift_median": 0.20031989194730154,
            "drift_mean": 0.20410731232845936,
            "drift_max": 0.2283707288938664,
            "drift_min": 0.18363131614421008,
            "drift_per_client": [
               0.18363131614421008,
               0.20031989194730154,
               0.2283707288938664
            ]
         }
      },
      {
         "round": 7,
         "train_metrics": {
            "train_loss": 0.6494628756474226,
            "train_acc": 0.8333333333333333,
            "train_f1": 0.7970694346412581,
            "drift": 0.17685606418745367
         },
         "eval_metrics_client": {
            "loss": 0.6511675119400024,
            "accuracy": 0.8550000190734862,
            "f1": 0.8182727924199011
         },
         "eval_metrics_server": {
            "accuracy": 0.8600000143051147,
            "loss": 0.4356014132499695,
            "f1_score": 0.8157652322674036
         },
         "drift_metrics": {
            "drift_median": 0.17868154648785264,
            "drift_mean": 0.17685606418745367,
            "drift_max": 0.19456302878453471,
            "drift_min": 0.15732361728997368,
            "drift_per_client": [
               0.17868154648785264,
               0.15732361728997368,
               0.19456302878453471
            ]
         }
      },
      {
         "round": 8,
         "train_metrics": {
            "train_loss": 0.6463589362609081,
            "train_acc": 0.8166666825612385,
            "train_f1": 0.7685944378093432,
            "drift": 0.15901644179025903
         },
         "eval_metrics_client": {
            "loss": 0.6461771130561829,
            "accuracy": 0.8600000143051146,