{
   "info": {
      "strategy": "FedAvg",
      "seed": 7,
      "init_seed": 7,
      "sampling_seed": 7,
      "data_seed": 2,
      "fraction_train": 0.75,
      "fraction_evaluate": 0.75,
      "local_epochs": 2,
      "num_rounds": 10,
      "num_clients": 5,
      "eta_l": 0.3,
      "iid": true,
      "alpha": null,
      "training_mode": "mitigated",
      "nshots": 1000,
      "model_type": "quantum",
      "base_pauli": 0.005,
      "base_readout": 0.005,
      "noise_scale": 0.002
   },
   "rounds": [
      {
         "round": 0,
         "train_metrics": {},
         "eval_metrics_client": {},
         "eval_metrics_server": {
            "accuracy": 0.4950000047683716,
            "loss": 0.7266889214515686,
            "f1_score": 0.46807109940750496
         }
      },
      {
         "round": 1,
         "train_metrics": {
            "train_loss": 0.433904209962258,
            "train_acc": 0.893333335717519,
            "train_f1": 0.8572434605270485,
            "drift": 1.6406330314006807
         },
         "eval_metrics_client": {
            "loss": 0.39516504605611164,
            "accuracy": 0.893333335717519,
            "f1": 0.8598387250288333
         },
         "eval_metrics_server": {
            "accuracy": 0.9150000214576721,
            "loss": 0.40607306361198425,
            "f1_score": 0.8751423010539459
         },
         "drift_metrics": {
            "drift_median": 1.6498000445874825,
            "drift_mean": 1.6406330314006807,
            "drift_max": 1.6955049246748344,
            "drift_min": 1.5765941249397253,
            "drift_per_client": [
               1.5765941249397253,
               1.6498000445874825,
               1.6955049246748344
            ]
         }
      },
      {
         "round": 2,
         "train_metrics": {
            "train_loss": 0.3375841398269702,
            "train_acc": 0.9100000063578287,
            "train_f1": 0.8708811318193653,
            "drift": 0.7257004902465582
         },
         "eval_metrics_client": {
            "loss": 0.34153790275255835,
            "accuracy": 0.9233333269755045,
            "f1": 0.8885544364960652
         },
         "eval_metrics_server": {
            "accuracy": 0.949999988079071,
            "loss": 0.33793193101882935,
            "f1_score": 0.9203694855868769
         },
         "drift_metrics": {
            "drift_median": 0.7053280043031956,
            "drift_mean": 0.7257004902465582,
            "drift_max": 0.8470305638542761,
            "drift_min": 0.624742902582203,
            "drift_per_client": [
               0.7053280043031956,
               0.624742902582203,
               0.8470305638542761
            ]
         }
      },
      {
         "round": 3,
         "train_metrics": {
            "train_loss": 0.3143775337017499,
            "train_acc": 0.9300000071525574,
            "train_f1": 0.8918801099468463,
            "drift": 0.41705925798860466
         },
         "eval_metrics_client": {
            "loss": 0.32475594679514563,
            "accuracy": 0.9366666674613953,
            "f1": 0.9055043925780079
         },
         "eval_metrics_server": {
            "accuracy": 0.949999988079071,
            "loss": 0.3184269070625305,
            "f1_score": 0.9233011198036509
         },
         "drift_metrics": {
            "drift_median": 0.39410704686426784,
            "drift_mean": 0.4170592579886046,
            "drift_max": 0.469068368583429,
            "drift_min": 0.38800235851811715,
            "drift_per_client": [
               0.39410704686426784,
               0.469068368583429,
               0.38800235851811715
            ]
         }
      },
      {
         "round": 4,
         "train_metrics": {
            "train_loss": 0.2956152149499991,
            "train_acc": 0.9333333373069763,
            "train_f1": 0.9009987921226141,
            "drift": 0.21142084663735444
         },
         "eval_metrics_client": {
            "loss": 0.3097221950689951,
            "accuracy": 0.9366666674613953,
            "f1": 0.9072429758889164
         },
         "eval_metrics_server": {
            "accuracy": 0.949999988079071,
            "loss": 0.31375396251678467,
            "f1_score": 0.9246534056660639
         },
         "drift_metrics": {
            "drift_median": 0.22667387570403175,
            "drift_mean": 0.21142084663735447,
            "drift_max": 0.22827815769667342,
            "drift_min": 0.17931050651135816,
            "drift_per_client": [
               0.22827815769667342,
               0.17931050651135816,
               0.22667387570403175
            ]
         }
      },
      {
         "round": 5,
         "train_metrics": {
            "train_loss": 0.2872106440556355,
            "train_acc": 0.9266666769981384,
            "train_f1": 0.9025766506927461,
            "drift": 0.1829491999458524
         },
         "eval_metrics_client": {
            "loss": 0.3066360056400299,
            "accuracy": 0.9350000023841858,
            "f1": 0.9104088564801225
         },
         "eval_metrics_server": {
            "accuracy": 0.949999988079071,
            "loss": 0.3119319975376129,
            "f1_score": 0.9246534056660639
         },
         "drift_metrics": {
            "drift_median": 0.15823813653148966,
            "drift_mean": 0.18294919994585243,
            "drift_max": 0.2722160909165689,
            "drift_min": 0.11839337238949874,
            "drift_per_client": [
               0.15823813653148966,
               0.11839337238949874,
               0.2722160909165689
            ]
         }
      },
      {
         "round": 6,
         "train_metrics": {
            "train_loss": 0.28737755081592464,
            "train_acc": 0.9300000071525574,
            "train_f1": 0.8987941894135862,
            "drift": 0.18503543250238166
         },
         "eval_metrics_client": {
            "loss": 0.2994251946608225,
            "accuracy": 0.9399999976158142,
            "f1": 0.9138076695442555
         },
         "eval_metrics_server": {
            "accuracy": 0.9449999928474426,
            "loss": 0.3092023730278015,
            "f1_score": 0.9178338001867414
         },
         "drift_metrics": {
            "drift_median": 0.19965382666334808,
            "drift_mean": 0.18503543250238166,
            "drift_max": 0.26259725099982256,
            "drift_min": 0.09285521984397438,
            "drift_per_client": [
               0.09285521984397438,
               0.19965382666334808,
               0.26259725099982256
            ]
         }
      },
      {
         "round": 7,
         "train_metrics": {
            "train_loss": 0.30379261267490876,
            "train_acc": 0.9300000071525574,
            "train_f1": 0.8950574883937732,
            "drift": 0.19298169728105974
         },
         "eval_metrics_client": {
            "loss": 0.30916886528333026,
            "accuracy": 0.9383333325386047,
            "f1": 0.9067074757710443
         },
         "eval_metrics_server": {
            "accuracy": 0.9549999833106995,
            "loss": 0.30696362257003784,
            "f1_score": 0.9303378613723441
         },
         "drift_metrics": {
            "drift_median": 0.19759482836469697,
            "drift_mean": 0.19298169728105974,
            "drift_max": 0.22146878204751017,
            "drift_min": 0.1598814814309721,
            "drift_per_client": [
               0.1598814814309721,
               0.22146878204751017,
               0.19759482836469697
            ]
         }
      },
      {
         "round": 8,
         "train_metrics": {
            "train_loss": 0.30343364561215425,
            "train_acc": 0.9266666769981384,
            "train_f1": 0.8870664529560235,
            "drift": 0.1795613997644713
         },
         "eval_metrics_client": {
            "loss": 0.3127669394016266,
            "accuracy": 0.9333333373069763,