{
   "info": {
      "strategy": "FedAvg",
      "seed": 4,
      "init_seed": 4,
      "sampling_seed": 4,
      "data_seed": 2,
      "fraction_train": 0.75,
      "fraction_evaluate": 0.75,
      "local_epochs": 2,
      "num_rounds": 10,
      "num_clients": 5,
      "eta_l": 0.3,
      "iid": true,
      "alpha": null,
      "training_mode": "mitigated",
      "nshots": 1000,
      "model_type": "quantum",
      "base_pauli": 0.005,
      "base_readout": 0.005,
      "noise_scale": 0.002
   },
   "rounds": [
      {
         "round": 0,
         "train_metrics": {},
         "eval_metrics_client": {},
         "eval_metrics_server": {
            "accuracy": 0.6700000166893005,
            "loss": 0.6031970381736755,
            "f1_score": 0.6268656716417911
         }
      },
      {
         "round": 1,
         "train_metrics": {
            "train_loss": 0.5381632684132991,
            "train_acc": 0.8566666642824807,
            "train_f1": 0.8140282525891074,
            "drift": 0.9748784834816193
         },
         "eval_metrics_client": {
            "loss": 0.5189870397249857,
            "accuracy": 0.8749999999999999,
            "f1": 0.8392070712138326
         },
         "eval_metrics_server": {
            "accuracy": 0.8550000190734863,
            "loss": 0.45872488617897034,
            "f1_score": 0.810401752149325
         },
         "drift_metrics": {
            "drift_median": 0.9848712366234142,
            "drift_mean": 0.9748784834816195,
            "drift_max": 1.0167602737709112,
            "drift_min": 0.923003940050533,
            "drift_per_client": [
               0.9848712366234142,
               1.0167602737709112,
               0.923003940050533
            ]
         }
      },
      {
         "round": 2,
         "train_metrics": {
            "train_loss": 0.4690150121847788,
            "train_acc": 0.893333335717519,
            "train_f1": 0.8659453342112011,
            "drift": 0.6358614170873789
         },
         "eval_metrics_client": {
            "loss": 0.47668989499409986,
            "accuracy": 0.9033333261807759,
            "f1": 0.8752253864600376
         },
         "eval_metrics_server": {
            "accuracy": 0.8999999761581421,
            "loss": 0.399797260761261,
            "f1_score": 0.8588368153585545
         },
         "drift_metrics": {
            "drift_median": 0.6564673738033352,
            "drift_mean": 0.6358614170873788,
            "drift_max": 0.6844366279278828,
            "drift_min": 0.5666802495309186,
            "drift_per_client": [
               0.5666802495309186,
               0.6844366279278828,
               0.6564673738033352
            ]
         }
      },
      {
         "round": 3,
         "train_metrics": {
            "train_loss": 0.4386383577799186,
            "train_acc": 0.9000000158945719,
            "train_f1": 0.8667869301993428,
            "drift": 0.5030276001099488
         },
         "eval_metrics_client": {
            "loss": 0.4364290436108907,
            "accuracy": 0.9150000015894572,
            "f1": 0.8805298764306675
         },
         "eval_metrics_server": {
            "accuracy": 0.9200000166893005,
            "loss": 0.3610309362411499,
            "f1_score": 0.8853046594982079
         },
         "drift_metrics": {
            "drift_median": 0.5147019020692828,
            "drift_mean": 0.5030276001099488,
            "drift_max": 0.5288553034796005,
            "drift_min": 0.4655255947809634,
            "drift_per_client": [
               0.5288553034796005,
               0.4655255947809634,
               0.5147019020692828
            ]
         }
      },
      {
         "round": 4,
         "train_metrics": {
            "train_loss": 0.40330684337860495,
            "train_acc": 0.9133333563804626,
            "train_f1": 0.8694246405791413,
            "drift": 0.4365966629214314
         },
         "eval_metrics_client": {
            "loss": 0.40688859423001605,
            "accuracy": 0.9350000023841858,
            "f1": 0.9041486916254791
         },
         "eval_metrics_server": {
            "accuracy": 0.9449999928474426,
            "loss": 0.3330984115600586,
            "f1_score": 0.9178338001867414
         },
         "drift_metrics": {
            "drift_median": 0.3978122462261894,
            "drift_mean": 0.43659666292143146,
            "drift_max": 0.5378305133704148,
            "drift_min": 0.3741472291676902,
            "drift_per_client": [
               0.5378305133704148,
               0.3741472291676902,
               0.3978122462261894
            ]
         }
      },
      {
         "round": 5,
         "train_metrics": {
            "train_loss": 0.39484332731136906,
            "train_acc": 0.9366666674613953,
            "train_f1": 0.897055715112796,
            "drift": 0.30149234223066307
         },
         "eval_metrics_client": {
            "loss": 0.4062976737817128,
            "accuracy": 0.9399999976158142,
            "f1": 0.9108410330678813
         },
         "eval_metrics_server": {
            "accuracy": 0.9549999833106995,
            "loss": 0.3189662992954254,
            "f1_score": 0.9315875489339059
         },
         "drift_metrics": {
            "drift_median": 0.26521221042996745,
            "drift_mean": 0.30149234223066307,
            "drift_max": 0.3928918294280008,
            "drift_min": 0.24637298683402095,
            "drift_per_client": [
               0.3928918294280008,
               0.24637298683402095,
               0.26521221042996745
            ]
         }
      },
      {
         "round": 6,
         "train_metrics": {
            "train_loss": 0.3900857330896915,
            "train_acc": 0.9366666674613953,
            "train_f1": 0.9081801907392005,
            "drift": 0.2480631952194901
         },
         "eval_metrics_client": {
            "loss": 0.39854763944943744,
            "accuracy": 0.9449999928474426,
            "f1": 0.922031008918581
         },
         "eval_metrics_server": {
            "accuracy": 0.9350000023841858,
            "loss": 0.3140849769115448,
            "f1_score": 0.9011820151267531
         },
         "drift_metrics": {
            "drift_median": 0.2811541785781316,
            "drift_mean": 0.24806319521949013,
            "drift_max": 0.2882716239794551,
            "drift_min": 0.17476378310088364,
            "drift_per_client": [
               0.17476378310088364,
               0.2811541785781316,
               0.2882716239794551
            ]
         }
      },
      {
         "round": 7,
         "train_metrics": {
            "train_loss": 0.4018868865110935,
            "train_acc": 0.9333333373069763,
            "train_f1": 0.9123988453586676,
            "drift": 0.19211892994709387
         },
         "eval_metrics_client": {
            "loss": 0.4029190242290497,
            "accuracy": 0.9383333325386047,
            "f1": 0.9167008207472449
         },
         "eval_metrics_server": {
            "accuracy": 0.9399999976158142,
            "loss": 0.31377044320106506,
            "f1_score": 0.9111242778847578
         },
         "drift_metrics": {
            "drift_median": 0.19420794568338343,
            "drift_mean": 0.19211892994709387,
            "drift_max": 0.2548442136699496,
            "drift_min": 0.12730463048794863,
            "drift_per_client": [
               0.2548442136699496,
               0.12730463048794863,
               0.19420794568338343
            ]
         }
      },
      {
         "round": 8,
         "train_metrics": {
            "train_loss": 0.40325219738177764,
            "train_acc": 0.9133333365122477,
            "train_f1": 0.8834168763557647,
            "drift": 0.20734055163864443
         },
         "eval_metrics_client": {
            "loss": 0.39685918887456256,
            "accuracy": 0.9333333373069763,
            "f1": 0.9034380079777465
         },