{
    "0": {
        "loss_median": 0.7204654812812805,
        "loss_mad": 0.0996127724647522,
        "accuracy_median": 0.5400000214576721,
        "accuracy_mad": 0.0,
        "f1_median": 0.4875222816399287,
        "f1_mad": 0.035141329258976395
    },
    "1": {
        "loss_median": 0.7135658264160156,
        "loss_mad": 0.09814614057540894,
        "accuracy_median": 0.5400000214576721,
        "accuracy_mad": 0.0,
        "f1_median": 0.4875222816399287,
        "f1_mad": 0.030039087867078207
    },
    "2": {
        "loss_median": 0.7073146104812622,
        "loss_mad": 0.09501123428344727,
        "accuracy_median": 0.550000011920929,
        "accuracy_mad": 0.009999990463256836,
        "f1_median": 0.4950061721467849,
        "f1_mad": 0.03752297837393437
    },
    "3": {
        "loss_median": 0.701184868812561,
        "loss_mad": 0.09119778871536255,
        "accuracy_median": 0.5600000023841858,
        "accuracy_mad": 0.004999995231628418,
        "f1_median": 0.5024875621890548,
        "f1_mad": 0.024925999569818447
    },
    "4": {
        "loss_median": 0.6956836581230164,
        "loss_mad": 0.08688104152679443,
        "accuracy_median": 0.574999988079071,
        "accuracy_mad": 0.014999985694885254,
        "f1_median": 0.5137160673932321,
        "f1_mad": 0.032645186393114145
    },
    "5": {
        "loss_median": 0.6901944875717163,
        "loss_mad": 0.08335644006729126,
        "accuracy_median": 0.5649999976158142,
        "accuracy_mad": 0.0,
        "f1_median": 0.502274092508367,
        "f1_mad": 0.017692203234395576
    },
    "6": {
        "loss_median": 0.683929443359375,
        "loss_mad": 0.08140021562576294,
        "accuracy_median": 0.574999988079071,
        "accuracy_mad": 0.0,
        "f1_median": 0.5096766750310058,
        "f1_mad": 0.008634733203645273
    },
    "7": {
        "loss_median": 0.677976131439209,
        "loss_mad": 0.07868164777755737,
        "accuracy_median": 0.5849999785423279,
        "accuracy_mad": 0.004999995231628418,
        "f1_median": 0.5212136944420409,
        "f1_mad": 0.016555126214655602
    },
    "8": {
        "loss_median": 0.672088623046875,
        "loss_mad": 0.07554185390472412,
        "accuracy_median": 0.5899999737739563,
        "accuracy_mad": 0.0,
        "f1_median": 0.5289522058823529,
        "f1_mad": 0.008148091810356695
    },
    "9": {
        "loss_median": 0.6667153239250183,
        "loss_mad": 0.07207727432250977,
        "accuracy_median": 0.6000000238418579,
        "accuracy_mad": 0.01500004529953003,
        "f1_median": 0.528931013933426,
        "f1_mad": 0.0006847584787733618
    },
    "10": {
        "loss_median": 0.6614241003990173,
        "loss_mad": 0.06918472051620483,
        "accuracy_median": 0.6050000190734863,
        "accuracy_mad": 0.020000040531158447,
        "f1_median": 0.5319766580763649,
        "f1_mad": 0.0030456441429388414
    },
    "11": {
        "loss_median": 0.6556089520454407,
        "loss_mad": 0.06776118278503418,
        "accuracy_median": 0.6100000143051147,
        "accuracy_mad": 0.025000035762786865,
        "f1_median": 0.5357142857142857,
        "f1_mad": 0.00678327178085969
    },
    "12": {
        "loss_median": 0.64983731508255,
        "loss_mad": 0.06621307134628296,
        "accuracy_median": 0.6349999904632568,
        "accuracy_mad": 0.04500001668930054,
        "f1_median": 0.5714830794517332,
        "f1_mad": 0.038719546688200435
    },
    "13": {
        "loss_median": 0.6441366076469421,
        "loss_mad": 0.06442058086395264,
        "accuracy_median": 0.6399999856948853,
        "accuracy_mad": 0.050000011920928955,
        "f1_median": 0.5754216299091874,
        "f1_mad": 0.042658097145654716
    },
    "14": {
        "loss_median": 0.6388710737228394,
        "loss_mad": 0.06239265203475952,
        "accuracy_median": 0.6650000214576721,
        "accuracy_mad": 0.07500004768371582,
        "f1_median": 0.6030688112799549,
        "f1_mad": 0.07030527851642221
    },
    "15": {
        "loss_median": 0.6337494254112244,
        "loss_mad": 0.060725390911102295,
        "accuracy_median": 0.675000011920929,
        "accuracy_mad": 0.08500003814697266,
        "f1_median": 0.6149175034805534,
        "f1_mad": 0.08215397071702069
    },
    "16": {
        "loss_median": 0.6283369660377502,
        "loss_mad": 0.060230553150177,
        "accuracy_median": 0.675000011920929,
        "accuracy_mad": 0.08500003814697266,
        "f1_median": 0.6149175034805534,
        "f1_mad": 0.08215397071702069
    },
    "17": {
        "loss_median": 0.6227707266807556,
        "loss_mad": 0.059965550899505615,
        "accuracy_median": 0.6850000023841858,
        "accuracy_mad": 0.08499997854232788,
        "f1_median": 0.6267661956811517,
        "f1_mad": 0.08260665152160751
    },
    "18": {
        "loss_median": 0.6172983050346375,
        "loss_mad": 0.05953580141067505,
        "accuracy_median": 0.699999988079071,
        "accuracy_mad": 0.09999996423721313,
        "f1_median": 0.6393797331410025,
        "f1_mad": 0.09522018898145834
    },
    "19": {
        "loss_median": 0.6122006177902222,
        "loss_mad": 0.0589180588722229,
        "accuracy_median": 0.7099999785423279,
        "accuracy_mad": 0.10500001907348633,
        "f1_median": 0.647887323943662,
        "f1_mad": 0.10372777978411785
    },
    "20": {
        "loss_median": 0.6072945594787598,
        "loss_mad": 0.05849480628967285,
        "accuracy_median": 0.7200000286102295,
        "accuracy_mad": 0.09499996900558472,
        "f1_median": 0.6634210842649357,
        "f1_mad": 0.10054178773276767
    },
    "21": {
        "loss_median": 0.6022989153862,
        "loss_mad": 0.058886826038360596,
        "accuracy_median": 0.7250000238418579,
        "accuracy_mad": 0.0899999737739563,
        "f1_median": 0.6677841200809398,
        "f1_mad": 0.09617875191676362
    },
    "22": {
        "loss_median": 0.5970137119293213,
        "loss_mad": 0.05966496467590332,
        "accuracy_median": 0.7400000095367432,
        "accuracy_mad": 0.07999998331069946,
        "f1_median": 0.6904761904761905,
        "f1_mad": 0.07848799897317416
    },
    "23": {
        "loss_median": 0.59183669090271,
        "loss_mad": 0.060303330421447754,
        "accuracy_median": 0.7400000095367432,
        "accuracy_mad": 0.07999998331069946,
        "f1_median": 0.6904761904761905,
        "f1_mad": 0.07848799897317416
    },
    "24": {
        "loss_median": 0.5869799256324768,
        "loss_mad": 0.06079578399658203,
        "accuracy_median": 0.7400000095367432,
        "accuracy_mad": 0.08499997854232788,
        "f1_median": 0.6874624353888688,
        "f1_mad": 0.08654886404615947
    },
    "25": {
        "loss_median": 0.5823476314544678,
        "loss_mad": 0.06136840581893921,
        "accuracy_median": 0.75,
        "accuracy_mad": 0.07499998807907104,
        "f1_median": 0.6964545896066052,
        "f1_mad": 0.077556709828423
    },
    "26": {
        "loss_median": 0.577782154083252,
        "loss_mad": 0.06243103742599487,
        "accuracy_median": 0.75,
        "accuracy_mad": 0.07999998331069946,
        "f1_median": 0.6964545896066052,
        "f1_mad": 0.08265143949942388
    },
    "27": {
        "loss_median": 0.5728417634963989,
        "loss_mad": 0.06392258405685425,
        "accuracy_median": 0.7549999952316284,
        "accuracy_mad": 0.07999998331069946,
        "f1_median": 0.7009916094584288,
        "f1_mad": 0.08325866022873418
    },
    "28": {
        "loss_median": 0.5680120587348938,
        "loss_mad": 0.06527936458587646,
        "accuracy_median": 0.7599999904632568,
        "accuracy_mad": 0.08500003814697266,
        "f1_median": 0.7055576002944424,
        "f1_mad": 0.08913758828796103
    },
    "29": {
        "loss_median": 0.5634483098983765,
        "loss_mad": 0.06653785705566406,
        "accuracy_median": 0.7549999952316284,