{
    "0": {
        "loss_median": 0.7204654812812805,
        "loss_mad": 0.0996127724647522,
        "accuracy_median": 0.5400000214576721,
        "accuracy_mad": 0.0,
        "f1_median": 0.4875222816399287,
        "f1_mad": 0.035141329258976395
    },
    "1": {
        "loss_median": 0.6855988502502441,
        "loss_mad": 0.09220618009567261,
        "accuracy_median": 0.5849999785423279,
        "accuracy_mad": 0.019999980926513672,
        "f1_median": 0.528931013933426,
        "f1_mad": 0.04434912465945462
    },
    "2": {
        "loss_median": 0.6457728743553162,
        "loss_mad": 0.08019226789474487,
        "accuracy_median": 0.6100000143051147,
        "accuracy_mad": 0.004999995231628418,
        "f1_median": 0.5519301470588236,
        "f1_mad": 0.024432315185860864
    },
    "3": {
        "loss_median": 0.6068997383117676,
        "loss_mad": 0.07135432958602905,
        "accuracy_median": 0.699999988079071,
        "accuracy_mad": 0.06999999284744263,
        "f1_median": 0.631947000368053,
        "f1_mad": 0.06063429036921164
    },
    "4": {
        "loss_median": 0.5738141536712646,
        "loss_mad": 0.06534886360168457,
        "accuracy_median": 0.7400000095367432,
        "accuracy_mad": 0.07499998807907104,
        "f1_median": 0.6843127731908694,
        "f1_mad": 0.07965009880683405
    },
    "5": {
        "loss_median": 0.5477861166000366,
        "loss_mad": 0.06050705909729004,
        "accuracy_median": 0.7599999904632568,
        "accuracy_mad": 0.06499999761581421,
        "f1_median": 0.7055576002944424,
        "f1_mad": 0.07401521256830901
    },
    "6": {
        "loss_median": 0.5269918441772461,
        "loss_mad": 0.05551493167877197,
        "accuracy_median": 0.7549999952316284,
        "accuracy_mad": 0.034999966621398926,
        "f1_median": 0.6945041927740889,
        "f1_mad": 0.038020325763906127
    },
    "7": {
        "loss_median": 0.5081996321678162,
        "loss_mad": 0.05163389444351196,
        "accuracy_median": 0.7799999713897705,
        "accuracy_mad": 0.04499995708465576,
        "f1_median": 0.7176228982158901,
        "f1_mad": 0.0480571386847326
    },
    "8": {
        "loss_median": 0.4891718327999115,
        "loss_mad": 0.051119714975357056,
        "accuracy_median": 0.7799999713897705,
        "accuracy_mad": 0.009999990463256836,
        "f1_median": 0.7104882221344914,
        "f1_mad": 0.005700646726969905
    },
    "9": {
        "loss_median": 0.46831759810447693,
        "loss_mad": 0.05520245432853699,
        "accuracy_median": 0.800000011920929,
        "accuracy_mad": 0.0,
        "f1_median": 0.7333333333333334,
        "f1_mad": 0.003640131549308534
    },
    "10": {
        "loss_median": 0.4457789659500122,
        "loss_mad": 0.06338578462600708,
        "accuracy_median": 0.8349999785423279,
        "accuracy_mad": 0.02499997615814209,
        "f1_median": 0.7652832604288915,
        "f1_mad": 0.01861659376222491
    },
    "11": {
        "loss_median": 0.4229041337966919,
        "loss_mad": 0.07329094409942627,
        "accuracy_median": 0.8600000143051147,
        "accuracy_mad": 0.06000000238418579,
        "f1_median": 0.7926233150644348,
        "f1_mad": 0.049329771231807484
    },
    "12": {
        "loss_median": 0.4014226496219635,
        "loss_mad": 0.06667116284370422,
        "accuracy_median": 0.8849999904632568,
        "accuracy_mad": 0.04000002145767212,
        "f1_median": 0.8251681806088709,
        "f1_mad": 0.054209407747045635
    },
    "13": {
        "loss_median": 0.3825298249721527,
        "loss_mad": 0.04858383536338806,
        "accuracy_median": 0.9200000166893005,
        "accuracy_mad": 0.009999990463256836,
        "f1_median": 0.875,
        "f1_mad": 0.008933012767368576
    },
    "14": {
        "loss_median": 0.366670161485672,
        "loss_mad": 0.034266531467437744,
        "accuracy_median": 0.9049999713897705,
        "accuracy_mad": 0.0350000262260437,
        "f1_median": 0.8529354851193931,
        "f1_mad": 0.045438498620444356
    },
    "15": {
        "loss_median": 0.35431113839149475,
        "loss_mad": 0.02388709783554077,
        "accuracy_median": 0.9200000166893005,
        "accuracy_mad": 0.02499997615814209,
        "f1_median": 0.8772817916858414,
        "f1_mad": 0.028536094353800667
    },
    "16": {
        "loss_median": 0.34593865275382996,
        "loss_mad": 0.017534464597702026,
        "accuracy_median": 0.9200000166893005,
        "accuracy_mad": 0.02499997615814209,
        "f1_median": 0.8772817916858414,
        "f1_mad": 0.026391749187226643
    },
    "17": {
        "loss_median": 0.34053856134414673,
        "loss_mad": 0.014040827751159668,
        "accuracy_median": 0.9200000166893005,
        "accuracy_mad": 0.029999971389770508,
        "f1_median": 0.8772817916858414,
        "f1_mad": 0.03613812173407205
    },
    "18": {
        "loss_median": 0.3378657102584839,
        "loss_mad": 0.013109385967254639,
        "accuracy_median": 0.925000011920929,
        "accuracy_mad": 0.029999971389770508,
        "f1_median": 0.8816988051579321,
        "f1_mad": 0.039488637374578084
    },
    "19": {
        "loss_median": 0.3369878828525543,
        "loss_mad": 0.013587236404418945,
        "accuracy_median": 0.9350000023841858,
        "accuracy_mad": 0.019999980926513672,
        "f1_median": 0.8954605765751277,
        "f1_mad": 0.025726865957382494
    },
    "20": {
        "loss_median": 0.3372099995613098,
        "loss_mad": 0.01491740345954895,
        "accuracy_median": 0.9350000023841858,
        "accuracy_mad": 0.02499997615814209,
        "f1_median": 0.8954605765751277,
        "f1_mad": 0.03527535416080296
    },
    "21": {
        "loss_median": 0.33774521946907043,
        "loss_mad": 0.01636749505996704,
        "accuracy_median": 0.9300000071525574,
        "accuracy_mad": 0.034999966621398926,
        "f1_median": 0.8839330127673686,
        "f1_mad": 0.04418942302377882
    },
    "22": {
        "loss_median": 0.3376532793045044,
        "loss_mad": 0.017173081636428833,
        "accuracy_median": 0.9300000071525574,
        "accuracy_mad": 0.029999971389770508,
        "f1_median": 0.8839330127673686,
        "f1_mad": 0.0320592162927722
    },
    "23": {
        "loss_median": 0.3369732201099396,
        "loss_mad": 0.017263293266296387,
        "accuracy_median": 0.9300000071525574,
        "accuracy_mad": 0.029999971389770508,
        "f1_median": 0.8839330127673686,
        "f1_mad": 0.038168993818376684
    },
    "24": {
        "loss_median": 0.335875928401947,
        "loss_mad": 0.01693454384803772,
        "accuracy_median": 0.9300000071525574,
        "accuracy_mad": 0.025000035762786865,
        "f1_median": 0.8839330127673686,
        "f1_mad": 0.025856448808451615
    },
    "25": {
        "loss_median": 0.33473896980285645,
        "loss_mad": 0.01647356152534485,
        "accuracy_median": 0.9300000071525574,
        "accuracy_mad": 0.019999980926513672,
        "f1_median": 0.8839330127673686,
        "f1_mad": 0.01955688256845356
    },
    "26": {
        "loss_median": 0.3337409496307373,
        "loss_mad": 0.0144425630569458,
        "accuracy_median": 0.9300000071525574,
        "accuracy_mad": 0.014999985694885254,
        "f1_median": 0.8839330127673686,
        "f1_mad": 0.013156531447768405
    },
    "27": {
        "loss_median": 0.33271533250808716,
        "loss_mad": 0.009516775608062744,
        "accuracy_median": 0.9300000071525574,
        "accuracy_mad": 0.004999995231628418,
        "f1_median": 0.890625,
        "f1_mad": 0.013701923076923084
    },
    "28": {
        "loss_median": 0.33193743228912354,
        "loss_mad": 0.004707604646682739,
        "accuracy_median": 0.9350000023841858,
        "accuracy_mad": 0.004999995231628418,
        "f1_median": 0.8974722978035412,
        "f1_mad": 0.011182499233040932
    },
    "29": {
        "loss_median": 0.33146166801452637,