{
    "0": {
        "loss_median": 0.7204654812812805,
        "loss_mad": 0.0996127724647522,
        "accuracy_median": 0.5400000214576721,
        "accuracy_mad": 0.0,
        "f1_median": 0.4875222816399287,
        "f1_mad": 0.035141329258976395
    },
    "1": {
        "loss_median": 0.56443852186203,
        "loss_mad": 0.07549220323562622,
        "accuracy_median": 0.75,
        "accuracy_mad": 0.11000001430511475,
        "f1_median": 0.6964545896066052,
        "f1_mad": 0.11433065164221223
    },
    "2": {
        "loss_median": 0.45430266857147217,
        "loss_mad": 0.10441851615905762,
        "accuracy_median": 0.8399999737739563,
        "accuracy_mad": 0.06499999761581421,
        "f1_median": 0.7866666666666666,
        "f1_mad": 0.07604513650541334
    },
    "3": {
        "loss_median": 0.3882206976413727,
        "loss_mad": 0.059139519929885864,
        "accuracy_median": 0.8899999856948853,
        "accuracy_mad": 0.0350000262260437,
        "f1_median": 0.84472049689441,
        "f1_mad": 0.03917593872616354
    },
    "4": {
        "loss_median": 0.3458363711833954,
        "loss_mad": 0.024837732315063477,
        "accuracy_median": 0.9150000214576721,
        "accuracy_mad": 0.014999985694885254,
        "f1_median": 0.873015873015873,
        "f1_mad": 0.015501406805754625
    },
    "5": {
        "loss_median": 0.32942065596580505,
        "loss_mad": 0.011272072792053223,
        "accuracy_median": 0.9200000166893005,
        "accuracy_mad": 0.014999985694885254,
        "f1_median": 0.8772817916858414,
        "f1_mad": 0.02019050611769979
    },
    "6": {
        "loss_median": 0.3263484239578247,
        "loss_mad": 0.009616374969482422,
        "accuracy_median": 0.9200000166893005,
        "accuracy_mad": 0.02499997615814209,
        "f1_median": 0.8772817916858414,
        "f1_mad": 0.03426177310849743
    },
    "7": {
        "loss_median": 0.3227809965610504,
        "loss_mad": 0.007586807012557983,
        "accuracy_median": 0.9150000214576721,
        "accuracy_mad": 0.029999971389770508,
        "f1_median": 0.8707764813196002,
        "f1_mad": 0.04017230288933482
    },
    "8": {
        "loss_median": 0.32117852568626404,
        "loss_mad": 0.00657537579536438,
        "accuracy_median": 0.9200000166893005,
        "accuracy_mad": 0.014999985694885254,
        "f1_median": 0.8772817916858414,
        "f1_mad": 0.01817878488928626
    },
    "9": {
        "loss_median": 0.3182312250137329,
        "loss_mad": 0.004284471273422241,
        "accuracy_median": 0.925000011920929,
        "accuracy_mad": 0.009999990463256836,
        "f1_median": 0.8838964356205735,
        "f1_mad": 0.011564140954554158
    },
    "10": {
        "loss_median": 0.3173653781414032,
        "loss_mad": 0.003302276134490967,
        "accuracy_median": 0.9300000071525574,
        "accuracy_mad": 0.004999995231628418,
        "f1_median": 0.890625,
        "f1_mad": 0.006728564379426483
    },
    "11": {
        "loss_median": 0.31852009892463684,
        "loss_mad": 0.0007756352424621582,
        "accuracy_median": 0.925000011920929,
        "accuracy_mad": 0.004999995231628418,
        "f1_median": 0.8838964356205735,
        "f1_mad": 0.006614643934732101
    },
    "12": {
        "loss_median": 0.31871575117111206,
        "loss_mad": 3.769993782043457e-05,
        "accuracy_median": 0.925000011920929,
        "accuracy_mad": 0.0,
        "f1_median": 0.8838964356205735,
        "f1_mad": 0.0
    },
    "13": {
        "loss_median": 0.31918865442276,
        "loss_mad": 0.00017789006233215332,
        "accuracy_median": 0.9200000166893005,
        "accuracy_mad": 0.0,
        "f1_median": 0.8772817916858414,
        "f1_mad": 0.0
    },
    "14": {
        "loss_median": 0.3170589804649353,
        "loss_mad": 0.002451390027999878,
        "accuracy_median": 0.9350000023841858,
        "accuracy_mad": 0.004999995231628418,
        "f1_median": 0.8954605765751277,
        "f1_mad": 0.00898280612912461
    },
    "15": {
        "loss_median": 0.3166080117225647,
        "loss_mad": 0.000298231840133667,
        "accuracy_median": 0.9350000023841858,
        "accuracy_mad": 0.004999995231628418,
        "f1_median": 0.8974722978035412,
        "f1_mad": 0.006847297803541208
    },
    "16": {
        "loss_median": 0.31609177589416504,
        "loss_mad": 0.002159029245376587,
        "accuracy_median": 0.9300000071525574,
        "accuracy_mad": 0.004999995231628418,
        "f1_median": 0.890625,
        "f1_mad": 0.006728564379426483
    },
    "17": {
        "loss_median": 0.31702721118927,
        "loss_mad": 0.0013138353824615479,
        "accuracy_median": 0.9300000071525574,
        "accuracy_mad": 0.004999995231628418,
        "f1_median": 0.890625,
        "f1_mad": 0.006728564379426483
    },
    "18": {
        "loss_median": 0.31805747747421265,
        "loss_mad": 0.000980764627456665,
        "accuracy_median": 0.925000011920929,
        "accuracy_mad": 0.0,
        "f1_median": 0.8838964356205735,
        "f1_mad": 0.0
    },
    "19": {
        "loss_median": 0.3169746994972229,
        "loss_mad": 0.0015086829662322998,
        "accuracy_median": 0.9399999976158142,
        "accuracy_mad": 0.0,
        "f1_median": 0.9025341130604287,
        "f1_mad": 0.0019092696438235413
    },
    "20": {
        "loss_median": 0.3161003589630127,
        "loss_mad": 0.0004489719867706299,
        "accuracy_median": 0.9350000023841858,
        "accuracy_mad": 0.004999995231628418,
        "f1_median": 0.8974722978035412,
        "f1_mad": 0.006847297803541208
    },
    "21": {
        "loss_median": 0.3154507875442505,
        "loss_mad": 0.0015917718410491943,
        "accuracy_median": 0.9300000071525574,
        "accuracy_mad": 0.004999995231628418,
        "f1_median": 0.890625,
        "f1_mad": 0.006728564379426483
    },
    "22": {
        "loss_median": 0.316519170999527,
        "loss_mad": 0.001772165298461914,
        "accuracy_median": 0.9300000071525574,
        "accuracy_mad": 0.004999995231628418,
        "f1_median": 0.890625,
        "f1_mad": 0.006728564379426483
    },
    "23": {
        "loss_median": 0.317655473947525,
        "loss_mad": 0.0013768374919891357,
        "accuracy_median": 0.925000011920929,
        "accuracy_mad": 0.0,
        "f1_median": 0.8838964356205735,
        "f1_mad": 0.0
    },
    "24": {
        "loss_median": 0.3169761598110199,
        "loss_mad": 0.0011743903160095215,
        "accuracy_median": 0.9399999976158142,
        "accuracy_mad": 0.0,
        "f1_median": 0.9025341130604287,
        "f1_mad": 0.0019092696438235413
    },
    "25": {
        "loss_median": 0.3158242404460907,
        "loss_mad": 0.0007250010967254639,
        "accuracy_median": 0.9350000023841858,
        "accuracy_mad": 0.004999995231628418,
        "f1_median": 0.8974722978035412,
        "f1_mad": 0.006847297803541208
    },
    "26": {
        "loss_median": 0.3152206540107727,
        "loss_mad": 0.001376807689666748,
        "accuracy_median": 0.9300000071525574,
        "accuracy_mad": 0.004999995231628418,
        "f1_median": 0.890625,
        "f1_mad": 0.006728564379426483
    },
    "27": {
        "loss_median": 0.31633010506629944,
        "loss_mad": 0.0019521117210388184,
        "accuracy_median": 0.9300000071525574,
        "accuracy_mad": 0.004999995231628418,
        "f1_median": 0.890625,
        "f1_mad": 0.006728564379426483
    },
    "28": {
        "loss_median": 0.31750327348709106,
        "loss_mad": 0.0015313029289245605,
        "accuracy_median": 0.925000011920929,
        "accuracy_mad": 0.0,
        "f1_median": 0.8838964356205735,
        "f1_mad": 0.0
    },
    "29": {
        "loss_median": 0.3169795870780945,
        "loss_mad": 0.0010425150394439697,
        "accuracy_median": 0.9399999976158142,
        "accuracy_mad": 0.0,
        "f1_median": 0.9025341130604287,
        "f1_mad": 0.0019092696438235413
    },