{
    "0": {
        "loss_median": 0.7204654812812805,
        "loss_mad": 0.0996127724647522,
        "accuracy_median": 0.5400000214576721,
        "accuracy_mad": 0.0,
        "f1_median": 0.4875222816399287,
        "f1_mad": 0.035141329258976395
    },
    "1": {
        "loss_median": 0.707364559173584,
        "loss_mad": 0.09408563375473022,
        "accuracy_median": 0.5649999976158142,
        "accuracy_mad": 0.009999990463256836,
        "f1_median": 0.5062288941229887,
        "f1_mad": 0.033495697049615636
    },
    "2": {
        "loss_median": 0.6890671253204346,
        "loss_mad": 0.08587735891342163,
        "accuracy_median": 0.5849999785423279,
        "accuracy_mad": 0.009999990463256836,
        "f1_median": 0.521275097857002,
        "f1_mad": 0.01299582418183387
    },
    "3": {
        "loss_median": 0.6669474244117737,
        "loss_mad": 0.07822179794311523,
        "accuracy_median": 0.6100000143051147,
        "accuracy_mad": 0.025000035762786865,
        "f1_median": 0.5357142857142857,
        "f1_mad": 0.003175072512742516
    },
    "4": {
        "loss_median": 0.6432849764823914,
        "loss_mad": 0.07123363018035889,
        "accuracy_median": 0.6449999809265137,
        "accuracy_mad": 0.04999995231628418,
        "f1_median": 0.5711395004681223,
        "f1_mad": 0.030857426629477658
    },
    "5": {
        "loss_median": 0.6193445324897766,
        "loss_mad": 0.06535661220550537,
        "accuracy_median": 0.699999988079071,
        "accuracy_mad": 0.07499998807907104,
        "f1_median": 0.631947000368053,
        "f1_mad": 0.06458522828187141
    },
    "6": {
        "loss_median": 0.595659077167511,
        "loss_mad": 0.06082189083099365,
        "accuracy_median": 0.75,
        "accuracy_mad": 0.04500001668930054,
        "f1_median": 0.6865203761755485,
        "f1_mad": 0.05786068308440351
    },
    "7": {
        "loss_median": 0.572579562664032,
        "loss_mad": 0.057575523853302,
        "accuracy_median": 0.7749999761581421,
        "accuracy_mad": 0.025000035762786865,
        "f1_median": 0.7162583940225102,
        "f1_mad": 0.03295790691792866
    },
    "8": {
        "loss_median": 0.5505715012550354,
        "loss_mad": 0.05552315711975098,
        "accuracy_median": 0.7900000214576721,
        "accuracy_mad": 0.02499997615814209,
        "f1_median": 0.7236478484011054,
        "f1_mad": 0.040315023596598
    },
    "9": {
        "loss_median": 0.5295106768608093,
        "loss_mad": 0.05493605136871338,
        "accuracy_median": 0.7850000262260437,
        "accuracy_mad": 0.0549999475479126,
        "f1_median": 0.7188715635317577,
        "f1_mad": 0.07057441620241778
    },
    "10": {
        "loss_median": 0.5092215538024902,
        "loss_mad": 0.05598187446594238,
        "accuracy_median": 0.8050000071525574,
        "accuracy_mad": 0.034999966621398926,
        "f1_median": 0.7417133017649591,
        "f1_mad": 0.04773267796921643
    },
    "11": {
        "loss_median": 0.489661306142807,
        "loss_mad": 0.058511823415756226,
        "accuracy_median": 0.8349999785423279,
        "accuracy_mad": 0.004999995231628418,
        "f1_median": 0.7722174288179465,
        "f1_mad": 0.014449237848720098
    },
    "12": {
        "loss_median": 0.4705345928668976,
        "loss_mad": 0.06299027800559998,
        "accuracy_median": 0.8450000286102295,
        "accuracy_mad": 0.009999990463256836,
        "f1_median": 0.782844733984799,
        "f1_mad": 0.01981594445417878
    },
    "13": {
        "loss_median": 0.4518257975578308,
        "loss_mad": 0.06900489330291748,
        "accuracy_median": 0.8650000095367432,
        "accuracy_mad": 0.014999985694885254,
        "f1_median": 0.8108647683093412,
        "f1_mad": 0.01709222093797058
    },
    "14": {
        "loss_median": 0.43365025520324707,
        "loss_mad": 0.07594364881515503,
        "accuracy_median": 0.8849999904632568,
        "accuracy_mad": 0.004999995231628418,
        "f1_median": 0.8338090248925178,
        "f1_mad": 0.003252151229538147
    },
    "15": {
        "loss_median": 0.41634079813957214,
        "loss_mad": 0.08282709121704102,
        "accuracy_median": 0.8899999856948853,
        "accuracy_mad": 0.0,
        "f1_median": 0.8342374924653406,
        "f1_mad": 0.0055060972782491335
    },
    "16": {
        "loss_median": 0.4004558324813843,
        "loss_mad": 0.07231661677360535,
        "accuracy_median": 0.8999999761581421,
        "accuracy_mad": 0.0,
        "f1_median": 0.8518737964745964,
        "f1_mad": 0.0
    },
    "17": {
        "loss_median": 0.38629788160324097,
        "loss_mad": 0.06061738729476929,
        "accuracy_median": 0.9049999713897705,
        "accuracy_mad": 0.005000054836273193,
        "f1_median": 0.858076563958917,
        "f1_mad": 0.006299566239998056
    },
    "18": {
        "loss_median": 0.37403568625450134,
        "loss_mad": 0.050216615200042725,
        "accuracy_median": 0.9049999713897705,
        "accuracy_mad": 0.010000050067901611,
        "f1_median": 0.858076563958917,
        "f1_mad": 0.01269991736068321
    },
    "19": {
        "loss_median": 0.36363375186920166,
        "loss_mad": 0.041306108236312866,
        "accuracy_median": 0.9049999713897705,
        "accuracy_mad": 0.020000040531158447,
        "f1_median": 0.858076563958917,
        "f1_mad": 0.025819871661656557
    },
    "20": {
        "loss_median": 0.3549891412258148,
        "loss_mad": 0.03392079472541809,
        "accuracy_median": 0.925000011920929,
        "accuracy_mad": 0.004999995231628418,
        "f1_median": 0.8838964356205735,
        "f1_mad": 0.006728564379426483
    },
    "21": {
        "loss_median": 0.3481093645095825,
        "loss_mad": 0.028034448623657227,
        "accuracy_median": 0.9300000071525574,
        "accuracy_mad": 0.014999985694885254,
        "f1_median": 0.890625,
        "f1_mad": 0.020918564794338845
    },
    "22": {
        "loss_median": 0.34266170859336853,
        "loss_mad": 0.023380398750305176,
        "accuracy_median": 0.9350000023841858,
        "accuracy_mad": 0.014999985694885254,
        "f1_median": 0.8974722978035412,
        "f1_mad": 0.021306129746816227
    },
    "23": {
        "loss_median": 0.33845579624176025,
        "loss_mad": 0.01991879940032959,
        "accuracy_median": 0.9399999976158142,
        "accuracy_mad": 0.004999995231628418,
        "f1_median": 0.9044433827042523,
        "f1_mad": 0.005300207039337423
    },
    "24": {
        "loss_median": 0.3352228105068207,
        "loss_mad": 0.017303675413131714,
        "accuracy_median": 0.9399999976158142,
        "accuracy_mad": 0.009999990463256836,
        "f1_median": 0.9044433827042523,
        "f1_mad": 0.012651626415296713
    },
    "25": {
        "loss_median": 0.33274590969085693,
        "loss_mad": 0.015299081802368164,
        "accuracy_median": 0.9399999976158142,
        "accuracy_mad": 0.009999990463256836,
        "f1_median": 0.9044433827042523,
        "f1_mad": 0.012651626415296713
    },
    "26": {
        "loss_median": 0.3309310972690582,
        "loss_mad": 0.01376199722290039,
        "accuracy_median": 0.9399999976158142,
        "accuracy_mad": 0.014999985694885254,
        "f1_median": 0.9044433827042523,
        "f1_mad": 0.02015131378940105
    },
    "27": {
        "loss_median": 0.32941678166389465,
        "loss_mad": 0.012407779693603516,
        "accuracy_median": 0.9399999976158142,
        "accuracy_mad": 0.014999985694885254,
        "f1_median": 0.9044433827042523,
        "f1_mad": 0.018498524055454824
    },
    "28": {
        "loss_median": 0.328174889087677,
        "loss_mad": 0.011240571737289429,
        "accuracy_median": 0.9399999976158142,
        "accuracy_mad": 0.014999985694885254,
        "f1_median": 0.9044433827042523,
        "f1_mad": 0.018498524055454824
    },
    "29": {
        "loss_median": 0.3270711898803711,
        "loss_mad": 0.010168671607971191,