{
    "1": {
        "loss_median": 0.49968990683555603,
        "loss_mad": 0.010116298993428585,
        "accuracy_median": 0.771666665871938,
        "accuracy_mad": 0.044999996821085575,
        "f1_median": 0.7237424680247418,
        "f1_mad": 0.03660021236299982
    },
    "2": {
        "loss_median": 0.4498335023721059,
        "loss_mad": 0.01889929175376892,
        "accuracy_median": 0.8316666682561238,
        "accuracy_mad": 0.02999999125798536,
        "f1_median": 0.7887124148798217,
        "f1_mad": 0.030020496788153106
    },
    "3": {
        "loss_median": 0.42104271054267883,
        "loss_mad": 0.0222684840361278,
        "accuracy_median": 0.8666666746139525,
        "accuracy_mad": 0.021666646003723145,
        "f1_median": 0.8186466027537274,
        "f1_mad": 0.027243772243082942
    },
    "4": {
        "loss_median": 0.3881324728329976,
        "loss_mad": 0.025008132060368837,
        "accuracy_median": 0.8899999856948851,
        "accuracy_mad": 0.013333320617675781,
        "f1_median": 0.85686078612997,
        "f1_mad": 0.016529719181777036
    },
    "5": {
        "loss_median": 0.3694548010826111,
        "loss_mad": 0.024884472290674864,
        "accuracy_median": 0.8916666905085245,
        "accuracy_mad": 0.009999970595041874,
        "f1_median": 0.8622986780894444,
        "f1_mad": 0.014179193387060418
    },
    "6": {
        "loss_median": 0.3559682369232178,
        "loss_mad": 0.028132369120915768,
        "accuracy_median": 0.9083333214124043,
        "accuracy_mad": 0.019999980926513672,
        "f1_median": 0.8730342080264554,
        "f1_mad": 0.038870854418447176
    },
    "7": {
        "loss_median": 0.35201008121172583,
        "loss_mad": 0.021241039037704468,
        "accuracy_median": 0.921666661898295,
        "accuracy_mad": 0.01666667064030969,
        "f1_median": 0.8739336718308865,
        "f1_mad": 0.023015691023991924
    },
    "8": {
        "loss_median": 0.33725640177726746,
        "loss_mad": 0.019470204909642574,
        "accuracy_median": 0.921666661898295,
        "accuracy_mad": 0.010000010331471798,
        "f1_median": 0.8643329976853678,
        "f1_mad": 0.010058921512738794
    },
    "9": {
        "loss_median": 0.3340866466363271,
        "loss_mad": 0.009385883808135986,
        "accuracy_median": 0.9283333420753479,
        "accuracy_mad": 0.008333345254262325,
        "f1_median": 0.8964230812412112,
        "f1_mad": 0.014741619392801386
    },
    "10": {
        "loss_median": 0.32511115074157715,
        "loss_mad": 0.01842305064201355,
        "accuracy_median": 0.9299999872843424,
        "accuracy_mad": 0.0066666404406229285,
        "f1_median": 0.8980330987549271,
        "f1_mad": 0.008967478003435114
    }
}