{
   "info": {
      "strategy": "FedYogi",
      "seed": 5,
      "sampling_seed": 5,
      "local_epochs": 2,
      "num_rounds": 10,
      "num_clients": 5,
      "eta": 0.1,
      "eta_l": 0.1,
      "iid": false,
      "alpha": 1.8,
      "training_mode": "mitigated",
      "nshots": 1000,
      "model_type": "quantum",
      "base_pauli": 0.005,
      "base_readout": 0.005,
      "noise_scale": 0.002
   },
   "rounds": [
      {
         "round": 0,
         "train_metrics": {},
         "eval_metrics_client": {},
         "eval_metrics_server": {
            "accuracy": 0.6399999856948853,
            "loss": 0.630768895149231,
            "f1_score": 0.6017258546299369
         }
      },
      {
         "round": 1,
         "train_metrics": {
            "train_loss": 0.5359666798751959,
            "train_acc": 0.8402777794334624,
            "train_f1": 0.7277769506175475,
            "drift": 0.5633218177048506
         },
         "eval_metrics_client": {
            "loss": 0.5733582774798075,
            "accuracy": 0.7399999896685282,
            "f1": 0.6926903066300332
         },
         "eval_metrics_server": {
            "accuracy": 0.699999988079071,
            "loss": 0.5925146341323853,
            "f1_score": 0.6553308823529411
         },
         "drift_metrics": {
            "drift_median": 0.548340369505843,
            "drift_mean": 0.5067212427983067,
            "drift_max": 0.6816586405767266,
            "drift_min": 0.2901647183123502,
            "drift_per_client": [
               0.2901647183123502,
               0.548340369505843,
               0.6816586405767266
            ]
         }
      },
      {
         "round": 2,
         "train_metrics": {
            "train_loss": 0.5082283864712416,
            "train_acc": 0.8794326264384791,
            "train_f1": 0.8312539561357762,
            "drift": 0.4585392929950419
         },
         "eval_metrics_client": {
            "loss": 0.5215136011441548,
            "accuracy": 0.8116666674613953,
            "f1": 0.7430670577650328
         },
         "eval_metrics_server": {
            "accuracy": 0.8450000286102295,
            "loss": 0.5374190807342529,
            "f1_score": 0.7860224331320104
         },
         "drift_metrics": {
            "drift_median": 0.46265384332839843,
            "drift_mean": 0.4337302543175407,
            "drift_max": 0.5358144275564802,
            "drift_min": 0.30272249206774327,
            "drift_per_client": [
               0.30272249206774327,
               0.5358144275564802,
               0.46265384332839843
            ]
         }
      },
      {
         "round": 3,
         "train_metrics": {
            "train_loss": 0.4526308526316456,
            "train_acc": 0.8749999807049067,
            "train_f1": 0.8075931712063485,
            "drift": 0.4256325945556704
         },
         "eval_metrics_client": {
            "loss": 0.4533486664295196,
            "accuracy": 0.8749999999999999,
            "f1": 0.8003376136045466
         },
         "eval_metrics_server": {
            "accuracy": 0.8999999761581421,
            "loss": 0.4778532385826111,
            "f1_score": 0.8091238786027868
         },
         "drift_metrics": {
            "drift_median": 0.4073149233867851,
            "drift_mean": 0.42566174869090084,
            "drift_max": 0.4747710353848675,
            "drift_min": 0.3948992873010498,
            "drift_per_client": [
               0.3948992873010498,
               0.4747710353848675,
               0.4073149233867851
            ]
         }
      },
      {
         "round": 4,
         "train_metrics": {
            "train_loss": 0.4159219758833538,
            "train_acc": 0.8530259553224966,
            "train_f1": 0.6971803687505446,
            "drift": 0.416117632987465
         },
         "eval_metrics_client": {
            "loss": 0.4116817017396291,
            "accuracy": 0.8866666555404663,
            "f1": 0.7986680855568121
         },
         "eval_metrics_server": {
            "accuracy": 0.8899999856948853,
            "loss": 0.4270486831665039,
            "f1_score": 0.7645043887818455
         },
         "drift_metrics": {
            "drift_median": 0.3690444720876153,
            "drift_mean": 0.4049346397102263,
            "drift_max": 0.5113086085148789,
            "drift_min": 0.3344508385281846,
            "drift_per_client": [
               0.3344508385281846,
               0.3690444720876153,
               0.5113086085148789
            ]
         }
      },
      {
         "round": 5,
         "train_metrics": {
            "train_loss": 0.36178875411322375,
            "train_acc": 0.8929889230710555,
            "train_f1": 0.711830078267724,
            "drift": 0.2858124687785031
         },
         "eval_metrics_client": {
            "loss": 0.39400125543276465,
            "accuracy": 0.8849999904632567,
            "f1": 0.7639716234768574
         },
         "eval_metrics_server": {
            "accuracy": 0.8450000286102295,
            "loss": 0.39986103773117065,
            "f1_score": 0.6395139252282109
         },
         "drift_metrics": {
            "drift_median": 0.24870670345615464,
            "drift_mean": 0.2510980613057296,
            "drift_max": 0.36669983155705727,
            "drift_min": 0.13788764890397673,
            "drift_per_client": [
               0.13788764890397673,
               0.24870670345615464,
               0.36669983155705727
            ]
         }
      },
      {
         "round": 6,
         "train_metrics": {
            "train_loss": 0.3451119205738983,
            "train_acc": 0.8993055661105447,
            "train_f1": 0.6688450132603359,
            "drift": 0.20833125439793876
         },
         "eval_metrics_client": {
            "loss": 0.4060570498307546,
            "accuracy": 0.8733333150545756,
            "f1": 0.7421472921071081
         },
         "eval_metrics_server": {
            "accuracy": 0.8450000286102295,
            "loss": 0.4003713130950928,
            "f1_score": 0.6732542819499341
         },
         "drift_metrics": {
            "drift_median": 0.20368166574047908,
            "drift_mean": 0.18356709281006178,
            "drift_max": 0.2590145758537075,
            "drift_min": 0.08800503683599874,
            "drift_per_client": [
               0.08800503683599874,
               0.20368166574047908,
               0.2590145758537075
            ]
         }
      },
      {
         "round": 7,
         "train_metrics": {
            "train_loss": 0.3846382808228854,
            "train_acc": 0.886524832206415,
            "train_f1": 0.7596469118059304,
            "drift": 0.2623232376872811
         },
         "eval_metrics_client": {
            "loss": 0.4134509662787119,
            "accuracy": 0.8716666698455809,
            "f1": 0.7655312619959757
         },
         "eval_metrics_server": {
            "accuracy": 0.875,
            "loss": 0.4116748869419098,
            "f1_score": 0.7582088108709318
         },
         "drift_metrics": {
            "drift_median": 0.2752190404404837,
            "drift_mean": 0.2334045161516992,
            "drift_max": 0.3148492113025048,
            "drift_min": 0.11014529671210908,
            "drift_per_client": [
               0.11014529671210908,
               0.2752190404404837,
               0.3148492113025048
            ]
         }
      },
      {
         "round": 8,
         "train_metrics": {
            "train_loss": 0.3709972274478571,
            "train_acc": 0.9262820633176045,
            "train_f1": 0.8570645317680794,
            "drift": 0.34088156343064746
         },
         "eval_metrics_client": {
            "loss": 0.42187349001566565,
            "accuracy": 0.8666666746139525,
            "f1": 0.7890064290324857
         },
         "eval_metrics_server": {
            "accuracy": 0.8999999761581421,