{
   "info": {
      "strategy": "FedYogi",
      "seed": 6,
      "sampling_seed": 6,
      "local_epochs": 2,
      "num_rounds": 10,
      "num_clients": 5,
      "eta": 0.1,
      "eta_l": 0.1,
      "iid": false,
      "alpha": 1.8,
      "training_mode": "mitigated",
      "nshots": 1000,
      "model_type": "quantum",
      "base_pauli": 0.005,
      "base_readout": 0.005,
      "noise_scale": 0.002
   },
   "rounds": [
      {
         "round": 0,
         "train_metrics": {},
         "eval_metrics_client": {},
         "eval_metrics_server": {
            "accuracy": 0.6349999904632568,
            "loss": 0.6415873169898987,
            "f1_score": 0.6027318984517428
         }
      },
      {
         "round": 1,
         "train_metrics": {
            "train_loss": 0.5329748411629287,
            "train_acc": 0.8049645303411688,
            "train_f1": 0.7597133046249747,
            "drift": 0.5606946319726007
         },
         "eval_metrics_client": {
            "loss": 0.5700862606366475,
            "accuracy": 0.7266666690508524,
            "f1": 0.6852567911739771
         },
         "eval_metrics_server": {
            "accuracy": 0.7149999737739563,
            "loss": 0.5802754759788513,
            "f1_score": 0.671194946785498
         },
         "drift_metrics": {
            "drift_median": 0.5524263201435199,
            "drift_mean": 0.5223912236269084,
            "drift_max": 0.645942692274336,
            "drift_min": 0.36880465846286914,
            "drift_per_client": [
               0.36880465846286914,
               0.5524263201435199,
               0.645942692274336
            ]
         }
      },
      {
         "round": 2,
         "train_metrics": {
            "train_loss": 0.49251595183429175,
            "train_acc": 0.8264984251572882,
            "train_f1": 0.7764173270823678,
            "drift": 0.5282261281694389
         },
         "eval_metrics_client": {
            "loss": 0.5231402019659678,
            "accuracy": 0.7866666515668232,
            "f1": 0.743396196407813
         },
         "eval_metrics_server": {
            "accuracy": 0.8050000071525574,
            "loss": 0.5172898769378662,
            "f1_score": 0.7512041083219037
         },
         "drift_metrics": {
            "drift_median": 0.5507750635441749,
            "drift_mean": 0.485265165244674,
            "drift_max": 0.5906294698347764,
            "drift_min": 0.3143909623550706,
            "drift_per_client": [
               0.3143909623550706,
               0.5507750635441749,
               0.5906294698347764
            ]
         }
      },
      {
         "round": 3,
         "train_metrics": {
            "train_loss": 0.4616406267127151,
            "train_acc": 0.8191881914420321,
            "train_f1": 0.7500105751035765,
            "drift": 0.3794502483714288
         },
         "eval_metrics_client": {
            "loss": 0.463880330324173,
            "accuracy": 0.8550000190734862,
            "f1": 0.8135619101702595
         },
         "eval_metrics_server": {
            "accuracy": 0.8550000190734863,
            "loss": 0.4766041040420532,
            "f1_score": 0.8026606784389778
         },
         "drift_metrics": {
            "drift_median": 0.33449225970446683,
            "drift_mean": 0.3452149107075897,
            "drift_max": 0.4622814477441028,
            "drift_min": 0.2388710246741995,
            "drift_per_client": [
               0.2388710246741995,
               0.33449225970446683,
               0.4622814477441028
            ]
         }
      },
      {
         "round": 4,
         "train_metrics": {
            "train_loss": 0.4266791756375057,
            "train_acc": 0.8710691913868647,
            "train_f1": 0.7955930325636675,
            "drift": 0.32447127718516644
         },
         "eval_metrics_client": {
            "loss": 0.4439736902713775,
            "accuracy": 0.8599999944368997,
            "f1": 0.8198920180616371
         },
         "eval_metrics_server": {
            "accuracy": 0.8550000190734863,
            "loss": 0.4571595788002014,
            "f1_score": 0.7998274374460742
         },
         "drift_metrics": {
            "drift_median": 0.298692832921793,
            "drift_mean": 0.3169639253919135,
            "drift_max": 0.37629904819941,
            "drift_min": 0.2758998950545376,
            "drift_per_client": [
               0.298692832921793,
               0.2758998950545376,
               0.37629904819941
            ]
         }
      },
      {
         "round": 5,
         "train_metrics": {
            "train_loss": 0.4039995540372931,
            "train_acc": 0.8878205193158908,
            "train_f1": 0.8517595122264429,
            "drift": 0.3163389430285232
         },
         "eval_metrics_client": {
            "loss": 0.4341721733411153,
            "accuracy": 0.8683333198229471,
            "f1": 0.8282955014684534
         },
         "eval_metrics_server": {
            "accuracy": 0.8600000143051147,
            "loss": 0.4506462812423706,
            "f1_score": 0.8107852412488175
         },
         "drift_metrics": {
            "drift_median": 0.30970661284446993,
            "drift_mean": 0.3115716037207136,
            "drift_max": 0.3617683285186607,
            "drift_min": 0.26323986979901004,
            "drift_per_client": [
               0.30970661284446993,
               0.26323986979901004,
               0.3617683285186607
            ]
         }
      },
      {
         "round": 6,
         "train_metrics": {
            "train_loss": 0.39668013330399243,
            "train_acc": 0.8936170252925115,
            "train_f1": 0.8583583632680849,
            "drift": 0.3318014134779812
         },
         "eval_metrics_client": {
            "loss": 0.43928132454554236,
            "accuracy": 0.8583333293596903,
            "f1": 0.8105538052833232
         },
         "eval_metrics_server": {
            "accuracy": 0.875,
            "loss": 0.4449630081653595,
            "f1_score": 0.8274374460742019
         },
         "drift_metrics": {
            "drift_median": 0.3153131502778773,
            "drift_mean": 0.3063891008215093,
            "drift_max": 0.39516333561987504,
            "drift_min": 0.20869081656677546,
            "drift_per_client": [
               0.20869081656677546,
               0.3153131502778773,
               0.39516333561987504
            ]
         }
      },
      {
         "round": 7,
         "train_metrics": {
            "train_loss": 0.37912439454260094,
            "train_acc": 0.8864353225810295,
            "train_f1": 0.8422195271680968,
            "drift": 0.40190371160915284
         },
         "eval_metrics_client": {
            "loss": 0.4273895422617594,
            "accuracy": 0.8733333349227904,
            "f1": 0.8281583732520401
         },
         "eval_metrics_server": {
            "accuracy": 0.875,
            "loss": 0.4285031259059906,
            "f1_score": 0.8274374460742019
         },
         "drift_metrics": {
            "drift_median": 0.4228030341649739,
            "drift_mean": 0.36585890051815895,
            "drift_max": 0.45242537562409935,
            "drift_min": 0.22234829176540372,
            "drift_per_client": [
               0.22234829176540372,
               0.45242537562409935,
               0.4228030341649739
            ]
         }
      },
      {
         "round": 8,
         "train_metrics": {
            "train_loss": 0.34798595303393476,
            "train_acc": 0.9225092334500977,
            "train_f1": 0.8698795046278598,
            "drift": 0.3592205421947421
         },
         "eval_metrics_client": {
            "loss": 0.3844034175078074,
            "accuracy": 0.9100000063578287,
            "f1": 0.8727906324882684
         },
         "eval_metrics_server": {
            "accuracy": 0.9350000023841858,
            "loss": 0.4051944613456726,