{
   "info": {
      "strategy": "FedYogi",
      "seed": 7,
      "sampling_seed": 7,
      "local_epochs": 2,
      "num_rounds": 10,
      "num_clients": 5,
      "eta": 0.1,
      "eta_l": 0.1,
      "iid": false,
      "alpha": 1.8,
      "training_mode": "mitigated",
      "nshots": 1000,
      "model_type": "quantum",
      "base_pauli": 0.005,
      "base_readout": 0.005,
      "noise_scale": 0.002
   },
   "rounds": [
      {
         "round": 0,
         "train_metrics": {},
         "eval_metrics_client": {},
         "eval_metrics_server": {
            "accuracy": 0.4950000047683716,
            "loss": 0.7266889214515686,
            "f1_score": 0.46807109940750496
         }
      },
      {
         "round": 1,
         "train_metrics": {
            "train_loss": 0.5978463440887928,
            "train_acc": 0.7389937245620872,
            "train_f1": 0.6632956314790184,
            "drift": 0.8014508989808105
         },
         "eval_metrics_client": {
            "loss": 0.6683140397071838,
            "accuracy": 0.5733333428700764,
            "f1": 0.5529779683854685
         },
         "eval_metrics_server": {
            "accuracy": 0.5550000071525574,
            "loss": 0.6770506501197815,
            "f1_score": 0.5374100158528028
         },
         "drift_metrics": {
            "drift_median": 0.7123150774879746,
            "drift_mean": 0.7822178286252002,
            "drift_max": 0.9226882736716789,
            "drift_min": 0.7116501347159471,
            "drift_per_client": [
               0.7116501347159471,
               0.7123150774879746,
               0.9226882736716789
            ]
         }
      },
      {
         "round": 2,
         "train_metrics": {
            "train_loss": 0.5423630247654325,
            "train_acc": 0.8159722172551684,
            "train_f1": 0.7315706583670676,
            "drift": 0.7400335237505969
         },
         "eval_metrics_client": {
            "loss": 0.6110016703605652,
            "accuracy": 0.6783333222071329,
            "f1": 0.6394538521222998
         },
         "eval_metrics_server": {
            "accuracy": 0.6949999928474426,
            "loss": 0.6097371578216553,
            "f1_score": 0.6564444819914956
         },
         "drift_metrics": {
            "drift_median": 0.6937749713271576,
            "drift_mean": 0.6732440577764462,
            "drift_max": 0.8960539756261044,
            "drift_min": 0.42990322637607675,
            "drift_per_client": [
               0.42990322637607675,
               0.6937749713271576,
               0.8960539756261044
            ]
         }
      },
      {
         "round": 3,
         "train_metrics": {
            "train_loss": 0.47457963060980707,
            "train_acc": 0.8546099252734625,
            "train_f1": 0.8120369967818177,
            "drift": 0.6894424666940425
         },
         "eval_metrics_client": {
            "loss": 0.5450180371602376,
            "accuracy": 0.7383333245913187,
            "f1": 0.690326946733997
         },
         "eval_metrics_server": {
            "accuracy": 0.7549999952316284,
            "loss": 0.5334106683731079,
            "f1_score": 0.7069290349591795
         },
         "drift_metrics": {
            "drift_median": 0.6605358824692571,
            "drift_mean": 0.6331472400595142,
            "drift_max": 0.8250944468710809,
            "drift_min": 0.4138113908382047,
            "drift_per_client": [
               0.4138113908382047,
               0.6605358824692571,
               0.8250944468710809
            ]
         }
      },
      {
         "round": 4,
         "train_metrics": {
            "train_loss": 0.4285441929692024,
            "train_acc": 0.8679245417972781,
            "train_f1": 0.8449595579654805,
            "drift": 0.580539147623881
         },
         "eval_metrics_client": {
            "loss": 0.46653529008229566,
            "accuracy": 0.824999988079071,
            "f1": 0.7753654849157436
         },
         "eval_metrics_server": {
            "accuracy": 0.8100000023841858,
            "loss": 0.4642854332923889,
            "f1_score": 0.7590055809233891
         },
         "drift_metrics": {
            "drift_median": 0.5827295248647546,
            "drift_mean": 0.5369488106977957,
            "drift_max": 0.6708700983346885,
            "drift_min": 0.35724680889394406,
            "drift_per_client": [
               0.35724680889394406,
               0.5827295248647546,
               0.6708700983346885
            ]
         }
      },
      {
         "round": 5,
         "train_metrics": {
            "train_loss": 0.377044473563964,
            "train_acc": 0.890489935874939,
            "train_f1": 0.8461606271779553,
            "drift": 0.5091487410919355
         },
         "eval_metrics_client": {
            "loss": 0.4208330909411112,
            "accuracy": 0.8449999888737996,
            "f1": 0.8034577108614065
         },
         "eval_metrics_server": {
            "accuracy": 0.8450000286102295,
            "loss": 0.41869762539863586,
            "f1_score": 0.7946951885824034
         },
         "drift_metrics": {
            "drift_median": 0.47985414556033623,
            "drift_mean": 0.4999944455676108,
            "drift_max": 0.5788981830152127,
            "drift_min": 0.4412310081272834,
            "drift_per_client": [
               0.4412310081272834,
               0.47985414556033623,
               0.5788981830152127
            ]
         }
      },
      {
         "round": 6,
         "train_metrics": {
            "train_loss": 0.3449885900799846,
            "train_acc": 0.9308176108126369,
            "train_f1": 0.8739509282371098,
            "drift": 0.3947013718205977
         },
         "eval_metrics_client": {
            "loss": 0.39220778147379554,
            "accuracy": 0.8849999904632567,
            "f1": 0.8453961991805
         },
         "eval_metrics_server": {
            "accuracy": 0.8799999952316284,
            "loss": 0.4008990526199341,
            "f1_score": 0.8306041784302653
         },
         "drift_metrics": {
            "drift_median": 0.3974241612877624,
            "drift_mean": 0.38388610924844707,
            "drift_max": 0.4455996979652847,
            "drift_min": 0.30863446849229403,
            "drift_per_client": [
               0.30863446849229403,
               0.3974241612877624,
               0.4455996979652847
            ]
         }
      },
      {
         "round": 7,
         "train_metrics": {
            "train_loss": 0.3435539146043119,
            "train_acc": 0.9166666610787312,
            "train_f1": 0.8534471160422008,
            "drift": 0.34772135465236664
         },
         "eval_metrics_client": {
            "loss": 0.39367159207661945,
            "accuracy": 0.8883333206176757,
            "f1": 0.8415392176060027
         },
         "eval_metrics_server": {
            "accuracy": 0.8999999761581421,
            "loss": 0.4000082015991211,
            "f1_score": 0.8543123543123543
         },
         "drift_metrics": {
            "drift_median": 0.37994661501314303,
            "drift_mean": 0.3182029696418789,
            "drift_max": 0.38648764708786737,
            "drift_min": 0.18817464682462617,
            "drift_per_client": [
               0.18817464682462617,
               0.37994661501314303,
               0.38648764708786737
            ]
         }
      },
      {
         "round": 8,
         "train_metrics": {
            "train_loss": 0.3580021729230868,
            "train_acc": 0.9184397199052445,
            "train_f1": 0.8890677554509667,
            "drift": 0.34264332442913503
         },
         "eval_metrics_client": {
            "loss": 0.40305622418721515,
            "accuracy": 0.8933333158493041,
            "f1": 0.8489271736649835
         },
         "eval_metrics_server": {
            "accuracy": 0.8999999761581421,