{
   "info": {
      "strategy": "FedYogi",
      "seed": 3,
      "sampling_seed": 3,
      "local_epochs": 2,
      "num_rounds": 10,
      "num_clients": 5,
      "eta": 0.1,
      "eta_l": 0.1,
      "iid": false,
      "alpha": 1.8,
      "training_mode": "mitigated",
      "nshots": 1000,
      "model_type": "quantum",
      "base_pauli": 0.005,
      "base_readout": 0.005,
      "noise_scale": 0.002
   },
   "rounds": [
      {
         "round": 0,
         "train_metrics": {},
         "eval_metrics_client": {},
         "eval_metrics_server": {
            "accuracy": 0.47999998927116394,
            "loss": 0.7357013821601868,
            "f1_score": 0.4164515767029514
         }
      },
      {
         "round": 1,
         "train_metrics": {
            "train_loss": 0.5812611299380346,
            "train_acc": 0.7609890154102347,
            "train_f1": 0.661192302217158,
            "drift": 0.8149701921453323
         },
         "eval_metrics_client": {
            "loss": 0.6759934226671854,
            "accuracy": 0.5683333277702332,
            "f1": 0.5083024447647049
         },
         "eval_metrics_server": {
            "accuracy": 0.5600000023841858,
            "loss": 0.6758367419242859,
            "f1_score": 0.46576007770762506
         },
         "drift_metrics": {
            "drift_median": 0.780791919095391,
            "drift_mean": 0.8114559386763722,
            "drift_max": 0.8925741782638131,
            "drift_min": 0.7610017186699126,
            "drift_per_client": [
               0.7610017186699126,
               0.780791919095391,
               0.8925741782638131
            ]
         }
      },
      {
         "round": 2,
         "train_metrics": {
            "train_loss": 0.5293606617900686,
            "train_acc": 0.8173076949822597,
            "train_f1": 0.7534066017338555,
            "drift": 0.7402175063723917
         },
         "eval_metrics_client": {
            "loss": 0.5978529453277588,
            "accuracy": 0.6533333460489908,
            "f1": 0.5817703153788631
         },
         "eval_metrics_server": {
            "accuracy": 0.6800000071525574,
            "loss": 0.5965444445610046,
            "f1_score": 0.5733333333333333
         },
         "drift_metrics": {
            "drift_median": 0.7199221808397341,
            "drift_mean": 0.7265692471993527,
            "drift_max": 0.8215965730711292,
            "drift_min": 0.6381889876871946,
            "drift_per_client": [
               0.6381889876871946,
               0.7199221808397341,
               0.8215965730711292
            ]
         }
      },
      {
         "round": 3,
         "train_metrics": {
            "train_loss": 0.5016447896755267,
            "train_acc": 0.8474576473236084,
            "train_f1": 0.7764439764495377,
            "drift": 0.5455521708835557
         },
         "eval_metrics_client": {
            "loss": 0.5147683620452881,
            "accuracy": 0.7599999904632568,
            "f1": 0.6680698110320737
         },
         "eval_metrics_server": {
            "accuracy": 0.7749999761581421,
            "loss": 0.5230384469032288,
            "f1_score": 0.6638655462184874
         },
         "drift_metrics": {
            "drift_median": 0.5619301132818137,
            "drift_mean": 0.5229191977205235,
            "drift_max": 0.6116650317553508,
            "drift_min": 0.3951624481244061,
            "drift_per_client": [
               0.3951624481244061,
               0.5619301132818137,
               0.6116650317553508
            ]
         }
      },
      {
         "round": 4,
         "train_metrics": {
            "train_loss": 0.4547769269987085,
            "train_acc": 0.8597786250589519,
            "train_f1": 0.769181005917212,
            "drift": 0.534538062669682
         },
         "eval_metrics_client": {
            "loss": 0.4514157474040985,
            "accuracy": 0.840000013510386,
            "f1": 0.744847220470006
         },
         "eval_metrics_server": {
            "accuracy": 0.8500000238418579,
            "loss": 0.4614625871181488,
            "f1_score": 0.7563352826510721
         },
         "drift_metrics": {
            "drift_median": 0.4636694731417776,
            "drift_mean": 0.4887737698111649,
            "drift_max": 0.6492036754787226,
            "drift_min": 0.35344816081299446,
            "drift_per_client": [
               0.35344816081299446,
               0.4636694731417776,
               0.6492036754787226
            ]
         }
      },
      {
         "round": 5,
         "train_metrics": {
            "train_loss": 0.42937503657484344,
            "train_acc": 0.8580441576449278,
            "train_f1": 0.7799673869619085,
            "drift": 0.46058816491524796
         },
         "eval_metrics_client": {
            "loss": 0.4263567626476288,
            "accuracy": 0.8700000047683716,
            "f1": 0.7950725870201648
         },
         "eval_metrics_server": {
            "accuracy": 0.8500000238418579,
            "loss": 0.42043453454971313,
            "f1_score": 0.7402597402597402
         },
         "drift_metrics": {
            "drift_median": 0.47267200451462876,
            "drift_mean": 0.427763432008895,
            "drift_max": 0.5130364664098478,
            "drift_min": 0.29758182510220826,
            "drift_per_client": [
               0.29758182510220826,
               0.47267200451462876,
               0.5130364664098478
            ]
         }
      },
      {
         "round": 6,
         "train_metrics": {
            "train_loss": 0.3882234281075399,
            "train_acc": 0.8956044028093527,
            "train_f1": 0.8311226514770162,
            "drift": 0.3651214022587412
         },
         "eval_metrics_client": {
            "loss": 0.4192859729131062,
            "accuracy": 0.8933333158493041,
            "f1": 0.8257319106652875
         },
         "eval_metrics_server": {
            "accuracy": 0.9100000262260437,
            "loss": 0.40341171622276306,
            "f1_score": 0.8235294117647058
         },
         "drift_metrics": {
            "drift_median": 0.36091569150022856,
            "drift_mean": 0.363012233409236,
            "drift_max": 0.38668472416869637,
            "drift_min": 0.3414362845587829,
            "drift_per_client": [
               0.3414362845587829,
               0.36091569150022856,
               0.38668472416869637
            ]
         }
      },
      {
         "round": 7,
         "train_metrics": {
            "train_loss": 0.38376521483594306,
            "train_acc": 0.9294871783409364,
            "train_f1": 0.9070663894669945,
            "drift": 0.27280789632492797
         },
         "eval_metrics_client": {
            "loss": 0.41352427999178565,
            "accuracy": 0.8833333253860473,
            "f1": 0.7997021082696116
         },
         "eval_metrics_server": {
            "accuracy": 0.925000011920929,
            "loss": 0.40564262866973877,
            "f1_score": 0.8655371789700148
         },
         "drift_metrics": {
            "drift_median": 0.2730029164542274,
            "drift_mean": 0.26676186649879,
            "drift_max": 0.3054632459881944,
            "drift_min": 0.22181943705394822,
            "drift_per_client": [
               0.22181943705394822,
               0.2730029164542274,
               0.3054632459881944
            ]
         }
      },
      {
         "round": 8,
         "train_metrics": {
            "train_loss": 0.37502701255921655,
            "train_acc": 0.9533898532390594,
            "train_f1": 0.9206148020977729,
            "drift": 0.21996165647959903
         },
         "eval_metrics_client": {
            "loss": 0.4154739479223887,
            "accuracy": 0.8750000198682149,
            "f1": 0.7796360809565706
         },
         "eval_metrics_server": {
            "accuracy": 0.9100000262260437,