{
   "info": {
      "strategy": "FedYogi",
      "seed": 4,
      "sampling_seed": 4,
      "local_epochs": 2,
      "num_rounds": 10,
      "num_clients": 5,
      "eta": 0.1,
      "eta_l": 0.1,
      "iid": false,
      "alpha": 1.8,
      "training_mode": "mitigated",
      "nshots": 1000,
      "model_type": "quantum",
      "base_pauli": 0.005,
      "base_readout": 0.005,
      "noise_scale": 0.002
   },
   "rounds": [
      {
         "round": 0,
         "train_metrics": {},
         "eval_metrics_client": {},
         "eval_metrics_server": {
            "accuracy": 0.6700000166893005,
            "loss": 0.6031970381736755,
            "f1_score": 0.6268656716417911
         }
      },
      {
         "round": 1,
         "train_metrics": {
            "train_loss": 0.5440434842371609,
            "train_acc": 0.7610062821856085,
            "train_f1": 0.6836993416893824,
            "drift": 0.5742292718021562
         },
         "eval_metrics_client": {
            "loss": 0.5725735823313395,
            "accuracy": 0.7333333293596903,
            "f1": 0.6895146421537999
         },
         "eval_metrics_server": {
            "accuracy": 0.7350000143051147,
            "loss": 0.5609395503997803,
            "f1_score": 0.6765827612509534
         },
         "drift_metrics": {
            "drift_median": 0.5377930316059495,
            "drift_mean": 0.5586530213138361,
            "drift_max": 0.6607273959353717,
            "drift_min": 0.47743863640018724,
            "drift_per_client": [
               0.47743863640018724,
               0.5377930316059495,
               0.6607273959353717
            ]
         }
      },
      {
         "round": 2,
         "train_metrics": {
            "train_loss": 0.4989490243674085,
            "train_acc": 0.8097982586976087,
            "train_f1": 0.7642345790120034,
            "drift": 0.555824908503815
         },
         "eval_metrics_client": {
            "loss": 0.5265613396962483,
            "accuracy": 0.7433333198229471,
            "f1": 0.688735028351898
         },
         "eval_metrics_server": {
            "accuracy": 0.75,
            "loss": 0.5113146305084229,
            "f1_score": 0.6829020801623542
         },
         "drift_metrics": {
            "drift_median": 0.5446374038384579,
            "drift_mean": 0.5432087133044237,
            "drift_max": 0.6261337127202551,
            "drift_min": 0.45885502335455797,
            "drift_per_client": [
               0.45885502335455797,
               0.5446374038384579,
               0.6261337127202551
            ]
         }
      },
      {
         "round": 3,
         "train_metrics": {
            "train_loss": 0.4631925982312547,
            "train_acc": 0.8706624494742143,
            "train_f1": 0.8214485773463722,
            "drift": 0.4615753418909485
         },
         "eval_metrics_client": {
            "loss": 0.4869016806284586,
            "accuracy": 0.7899999817212422,
            "f1": 0.7351137068047392
         },
         "eval_metrics_server": {
            "accuracy": 0.8199999928474426,
            "loss": 0.4675479531288147,
            "f1_score": 0.745906267645398
         },
         "drift_metrics": {
            "drift_median": 0.4567819439391144,
            "drift_mean": 0.42058108729692106,
            "drift_max": 0.5455068629249697,
            "drift_min": 0.259454455026679,
            "drift_per_client": [
               0.259454455026679,
               0.4567819439391144,
               0.5455068629249697
            ]
         }
      },
      {
         "round": 4,
         "train_metrics": {
            "train_loss": 0.4418094046873824,
            "train_acc": 0.8723404242637309,
            "train_f1": 0.8285330859170522,
            "drift": 0.33512829810602573
         },
         "eval_metrics_client": {
            "loss": 0.44970035552978516,
            "accuracy": 0.8149999976158142,
            "f1": 0.7600693335054473
         },
         "eval_metrics_server": {
            "accuracy": 0.875,
            "loss": 0.43877026438713074,
            "f1_score": 0.8248747854716122
         },
         "drift_metrics": {
            "drift_median": 0.35606644665455495,
            "drift_mean": 0.31307519802147943,
            "drift_max": 0.3758760347816562,
            "drift_min": 0.20728311262822716,
            "drift_per_client": [
               0.20728311262822716,
               0.3758760347816562,
               0.35606644665455495
            ]
         }
      },
      {
         "round": 5,
         "train_metrics": {
            "train_loss": 0.390889158510486,
            "train_acc": 0.8898305115053209,
            "train_f1": 0.8307974505674751,
            "drift": 0.25497202521756684
         },
         "eval_metrics_client": {
            "loss": 0.4203404684861501,
            "accuracy": 0.8749999999999999,
            "f1": 0.8220793544454206
         },
         "eval_metrics_server": {
            "accuracy": 0.8899999856948853,
            "loss": 0.4216047525405884,
            "f1_score": 0.8422939068100359
         },
         "drift_metrics": {
            "drift_median": 0.23045415544083586,
            "drift_mean": 0.2401976386071838,
            "drift_max": 0.3206031648846484,
            "drift_min": 0.16953559549606714,
            "drift_per_client": [
               0.16953559549606714,
               0.23045415544083586,
               0.3206031648846484
            ]
         }
      },
      {
         "round": 6,
         "train_metrics": {
            "train_loss": 0.36723464913397835,
            "train_acc": 0.9308176108126369,
            "train_f1": 0.8739509282371098,
            "drift": 0.3107071293516341
         },
         "eval_metrics_client": {
            "loss": 0.3997314472993215,
            "accuracy": 0.899999976158142,
            "f1": 0.8580088528612697
         },
         "eval_metrics_server": {
            "accuracy": 0.9150000214576721,
            "loss": 0.40507563948631287,
            "f1_score": 0.8707764813196002
         },
         "drift_metrics": {
            "drift_median": 0.3153729852106745,
            "drift_mean": 0.2982312925233997,
            "drift_max": 0.3689218182098392,
            "drift_min": 0.21039907414968542,
            "drift_per_client": [
               0.21039907414968542,
               0.3153729852106745,
               0.3689218182098392
            ]
         }
      },
      {
         "round": 7,
         "train_metrics": {
            "train_loss": 0.35961017384017147,
            "train_acc": 0.9250720423305412,
            "train_f1": 0.8886013006737845,
            "drift": 0.33747504515539034
         },
         "eval_metrics_client": {
            "loss": 0.38150232036908466,
            "accuracy": 0.9083333412806193,
            "f1": 0.8759663829032284
         },
         "eval_metrics_server": {
            "accuracy": 0.9150000214576721,
            "loss": 0.3857914209365845,
            "f1_score": 0.873015873015873
         },
         "drift_metrics": {
            "drift_median": 0.3661136896263747,
            "drift_mean": 0.3229432458973818,
            "drift_max": 0.3837621865195847,
            "drift_min": 0.218953861546186,
            "drift_per_client": [
               0.218953861546186,
               0.3837621865195847,
               0.3661136896263747
            ]
         }
      },
      {
         "round": 8,
         "train_metrics": {
            "train_loss": 0.3607894470455746,
            "train_acc": 0.9242902253328438,
            "train_f1": 0.8880487063850027,
            "drift": 0.3515780474835247
         },
         "eval_metrics_client": {
            "loss": 0.37833123405774427,
            "accuracy": 0.9233333269755045,
            "f1": 0.8905404464050518
         },
         "eval_metrics_server": {
            "accuracy": 0.9300000071525574,