{
   "info": {
      "strategy": "FedAvg",
      "seed": 1,
      "init_seed": 1,
      "sampling_seed": 1,
      "data_seed": 2,
      "fraction_train": 0.75,
      "fraction_evaluate": 0.75,
      "local_epochs": 2,
      "num_rounds": 10,
      "num_clients": 5,
      "eta_l": 0.3,
      "iid": true,
      "alpha": null,
      "training_mode": "noisy",
      "nshots": 1000,
      "model_type": "quantum",
      "base_pauli": 0.005,
      "base_readout": 0.005,
      "noise_scale": 0.002
   },
   "rounds": [
      {
         "round": 0,
         "train_metrics": {},
         "eval_metrics_client": {},
         "eval_metrics_server": {
            "accuracy": 0.6150000095367432,
            "loss": 0.6220965385437012,
            "f1_score": 0.548002700243609
         }
      },
      {
         "round": 1,
         "train_metrics": {
            "train_loss": 0.5771633149721683,
            "train_acc": 0.7866666714350382,
            "train_f1": 0.7369216347318536,
            "drift": 0.703103720287714
         },
         "eval_metrics_client": {
            "loss": 0.5564763943354288,
            "accuracy": 0.7666666706403096,
            "f1": 0.72694732543533
         },
         "eval_metrics_server": {
            "accuracy": 0.7599999904632568,
            "loss": 0.5396080613136292,
            "f1_score": 0.7023809523809523
         },
         "drift_metrics": {
            "drift_median": 0.7266115478511023,
            "drift_mean": 0.7031037202877141,
            "drift_max": 0.7922636969200761,
            "drift_min": 0.5904359160919637,
            "drift_per_client": [
               0.7266115478511023,
               0.7922636969200761,
               0.5904359160919637
            ]
         }
      },
      {
         "round": 2,
         "train_metrics": {
            "train_loss": 0.5118721746481382,
            "train_acc": 0.8466666738192239,
            "train_f1": 0.8004346579714225,
            "drift": 0.6195696715601056
         },
         "eval_metrics_client": {
            "loss": 0.5090436140696207,
            "accuracy": 0.8216666579246521,
            "f1": 0.7785415792040227
         },
         "eval_metrics_server": {
            "accuracy": 0.8650000095367432,
            "loss": 0.4769616723060608,
            "f1_score": 0.813632441760138
         },
         "drift_metrics": {
            "drift_median": 0.6567485359621259,
            "drift_mean": 0.6195696715601057,
            "drift_max": 0.7232398960360269,
            "drift_min": 0.4787205826821643,
            "drift_per_client": [
               0.7232398960360269,
               0.4787205826821643,
               0.6567485359621259
            ]
         }
      },
      {
         "round": 3,
         "train_metrics": {
            "train_loss": 0.5125104181277446,
            "train_acc": 0.8233333230018616,
            "train_f1": 0.7787981985917128,
            "drift": 0.43021023001651915
         },
         "eval_metrics_client": {
            "loss": 0.4966440697511037,
            "accuracy": 0.8483333388964335,
            "f1": 0.7966104452091962
         },
         "eval_metrics_server": {
            "accuracy": 0.8550000190734863,
            "loss": 0.44685500860214233,
            "f1_score": 0.8026606784389778
         },
         "drift_metrics": {
            "drift_median": 0.4766259282656128,
            "drift_mean": 0.43021023001651915,
            "drift_max": 0.4883293103754537,
            "drift_min": 0.32567545140849097,
            "drift_per_client": [
               0.4883293103754537,
               0.32567545140849097,
               0.4766259282656128
            ]
         }
      },
      {
         "round": 4,
         "train_metrics": {
            "train_loss": 0.49969414717111826,
            "train_acc": 0.8333333333333333,
            "train_f1": 0.792360930221145,
            "drift": 0.32760959169882564
         },
         "eval_metrics_client": {
            "loss": 0.48818429311116535,
            "accuracy": 0.849999984105428,
            "f1": 0.7981642519901619
         },
         "eval_metrics_server": {
            "accuracy": 0.8600000143051147,
            "loss": 0.43196025490760803,
            "f1_score": 0.8081140350877194
         },
         "drift_metrics": {
            "drift_median": 0.35559319946581175,
            "drift_mean": 0.3276095916988257,
            "drift_max": 0.39689824406770874,
            "drift_min": 0.23033733156295658,
            "drift_per_client": [
               0.39689824406770874,
               0.35559319946581175,
               0.23033733156295658
            ]
         }
      },
      {
         "round": 5,
         "train_metrics": {
            "train_loss": 0.47537856033215153,
            "train_acc": 0.846666653951009,
            "train_f1": 0.7892653315438125,
            "drift": 0.3410467376041699
         },
         "eval_metrics_client": {
            "loss": 0.47791177034378046,
            "accuracy": 0.8483333587646483,
            "f1": 0.7915567505848995
         },
         "eval_metrics_server": {
            "accuracy": 0.8700000047683716,
            "loss": 0.4189329445362091,
            "f1_score": 0.8136200716845878
         },
         "drift_metrics": {
            "drift_median": 0.33088652042023686,
            "drift_mean": 0.3410467376041699,
            "drift_max": 0.38585609576310087,
            "drift_min": 0.30639759662917204,
            "drift_per_client": [
               0.33088652042023686,
               0.30639759662917204,
               0.38585609576310087
            ]
         }
      },
      {
         "round": 6,
         "train_metrics": {
            "train_loss": 0.4544176298838395,
            "train_acc": 0.893333335717519,
            "train_f1": 0.8414339460854661,
            "drift": 0.33351001102836564
         },
         "eval_metrics_client": {
            "loss": 0.4756998519102732,
            "accuracy": 0.8816666603088378,
            "f1": 0.8377096983929222
         },
         "eval_metrics_server": {
            "accuracy": 0.8949999809265137,
            "loss": 0.40512821078300476,
            "f1_score": 0.8403709475124472
         },
         "drift_metrics": {
            "drift_median": 0.342080041077178,
            "drift_mean": 0.3335100110283657,
            "drift_max": 0.34598117028425257,
            "drift_min": 0.3124688217236664,
            "drift_per_client": [
               0.34598117028425257,
               0.3124688217236664,
               0.342080041077178
            ]
         }
      },
      {
         "round": 7,
         "train_metrics": {
            "train_loss": 0.4498369647906376,
            "train_acc": 0.9133333365122477,
            "train_f1": 0.8758120229341997,
            "drift": 0.3253191343887216
         },
         "eval_metrics_client": {
            "loss": 0.46548837423324585,
            "accuracy": 0.9066666563351948,
            "f1": 0.8636799577594022
         },
         "eval_metrics_server": {
            "accuracy": 0.9100000262260437,
            "loss": 0.39206504821777344,
            "f1_score": 0.859375
         },
         "drift_metrics": {
            "drift_median": 0.33629159754341675,
            "drift_mean": 0.3253191343887216,
            "drift_max": 0.34519865729095356,
            "drift_min": 0.29446714833179455,
            "drift_per_client": [
               0.34519865729095356,
               0.29446714833179455,
               0.33629159754341675
            ]
         }
      },
      {
         "round": 8,
         "train_metrics": {
            "train_loss": 0.4673497608074775,
            "train_acc": 0.9199999968210856,
            "train_f1": 0.8824521965930627,
            "drift": 0.31656861378348977
         },
         "eval_metrics_client": {
            "loss": 0.4643473327159881,
            "accuracy": 0.9200000166893005,
            "f1": 0.8732530807468439
         },