{
    "0": {
        "loss_median": 0.630768895149231,
        "loss_mad": 0.02757185697555542,
        "accuracy_median": 0.6349999904632568,
        "accuracy_mad": 0.0350000262260437,
        "f1_median": 0.6017258546299369,
        "f1_mad": 0.025139817011854193
    },
    "1": {
        "loss_median": 0.44126659631729126,
        "loss_mad": 0.035439252853393555,
        "accuracy_median": 0.8949999809265137,
        "accuracy_mad": 0.02499997615814209,
        "f1_median": 0.8218201754385965,
        "f1_mad": 0.033227279263733034
    },
    "2": {
        "loss_median": 0.38212502002716064,
        "loss_mad": 0.01155310869216919,
        "accuracy_median": 0.9300000071525574,
        "accuracy_mad": 0.029999971389770508,
        "f1_median": 0.8775375629975036,
        "f1_mad": 0.041128017850094456
    },
    "3": {
        "loss_median": 0.3536826968193054,
        "loss_mad": 0.01786664128303528,
        "accuracy_median": 0.9300000071525574,
        "accuracy_mad": 0.014999985694885254,
        "f1_median": 0.8805970149253732,
        "f1_mad": 0.01202455279973802
    },
    "4": {
        "loss_median": 0.3280980587005615,
        "loss_mad": 0.014867782592773438,
        "accuracy_median": 0.9350000023841858,
        "accuracy_mad": 0.004999995231628418,
        "f1_median": 0.8859792482231765,
        "f1_mad": 0.018541334935723297
    },
    "5": {
        "loss_median": 0.3187664747238159,
        "loss_mad": 0.009026288986206055,
        "accuracy_median": 0.9449999928474426,
        "accuracy_mad": 0.004999995231628418,
        "f1_median": 0.9163847820303295,
        "f1_mad": 0.00826862363573444
    },
    "6": {
        "loss_median": 0.312715619802475,
        "loss_mad": 0.00441780686378479,
        "accuracy_median": 0.949999988079071,
        "accuracy_mad": 0.004999995231628418,
        "f1_median": 0.9246534056660639,
        "f1_mad": 0.006819605479322477
    },
    "7": {
        "loss_median": 0.30846360325813293,
        "loss_mad": 0.002497345209121704,
        "accuracy_median": 0.949999988079071,
        "accuracy_mad": 0.004999995231628418,
        "f1_median": 0.921875,
        "f1_mad": 0.007017613878246065
    },
    "8": {
        "loss_median": 0.30947449803352356,
        "loss_mad": 0.0025019049644470215,
        "accuracy_median": 0.9350000023841858,
        "accuracy_mad": 0.004999995231628418,
        "f1_median": 0.9011820151267531,
        "f1_mad": 0.013226833053924025
    },
    "9": {
        "loss_median": 0.3092377185821533,
        "loss_mad": 0.00068703293800354,
        "accuracy_median": 0.9399999976158142,
        "accuracy_mad": 0.004999995231628418,
        "f1_median": 0.9095840867992766,
        "f1_mad": 0.015069318866787307
    },
    "10": {
        "loss_median": 0.3095051944255829,
        "loss_mad": 0.0022565722465515137,
        "accuracy_median": 0.9449999928474426,
        "accuracy_mad": 0.004999995231628418,
        "f1_median": 0.9178338001867414,
        "f1_mad": 0.006819605479322477
    }
}