{
   "info": {
      "strategy": "FedAvg",
      "seed": 1,
      "init_seed": 1,
      "sampling_seed": 1,
      "data_seed": 1,
      "fraction_train": 0.75,
      "fraction_evaluate": 0.75,
      "local_epochs": 2,
      "num_rounds": 10,
      "num_clients": 5,
      "eta_l": 0.3,
      "iid": false,
      "alpha": 1.8,
      "training_mode": "noisy",
      "nshots": 1000,
      "model_type": "quantum",
      "base_pauli": 0.038,
      "base_readout": 0.038,
      "noise_scale": 0.002
   },
   "rounds": [
      {
         "round": 0,
         "train_metrics": {},
         "eval_metrics_client": {},
         "eval_metrics_server": {
            "accuracy": 0.6150000095367432,
            "loss": 0.6220965385437012,
            "f1_score": 0.548002700243609
         }
      },
      {
         "round": 1,
         "train_metrics": {
            "train_loss": 0.6769550569773711,
            "train_acc": 0.6756756692319303,
            "train_f1": 0.6130694872825724,
            "drift": 0.10873711499075138
         },
         "eval_metrics_client": {
            "loss": 0.6778042515118916,
            "accuracy": 0.6366666555404663,
            "f1": 0.58703993402461
         },
         "eval_metrics_server": {
            "accuracy": 0.6150000095367432,
            "loss": 0.6120098233222961,
            "f1_score": 0.548002700243609
         },
         "drift_metrics": {
            "drift_median": 0.1110045382352698,
            "drift_mean": 0.10360897810625454,
            "drift_max": 0.1321057788497032,
            "drift_min": 0.06771661723379059,
            "drift_per_client": [
               0.06771661723379059,
               0.1110045382352698,
               0.1321057788497032
            ]
         }
      },
      {
         "round": 2,
         "train_metrics": {
            "train_loss": 0.6791781685213817,
            "train_acc": 0.6532507738092735,
            "train_f1": 0.5718947264275078,
            "drift": 0.09579545734645513
         },
         "eval_metrics_client": {
            "loss": 0.6760868827501932,
            "accuracy": 0.6533333261807759,
            "f1": 0.6001096464998218
         },
         "eval_metrics_server": {
            "accuracy": 0.6150000095367432,
            "loss": 0.6037843227386475,
            "f1_score": 0.548002700243609
         },
         "drift_metrics": {
            "drift_median": 0.0848032151426529,
            "drift_mean": 0.09222418294764828,
            "drift_max": 0.12617363642785168,
            "drift_min": 0.06569569727244026,
            "drift_per_client": [
               0.06569569727244026,
               0.12617363642785168,
               0.0848032151426529
            ]
         }
      },
      {
         "round": 3,
         "train_metrics": {
            "train_loss": 0.6771473241404764,
            "train_acc": 0.6546762521318394,
            "train_f1": 0.6120695477696008,
            "drift": 0.08329800192685938
         },
         "eval_metrics_client": {
            "loss": 0.6739218831062317,
            "accuracy": 0.6866666674613953,
            "f1": 0.6292857437616457
         },
         "eval_metrics_server": {
            "accuracy": 0.6299999952316284,
            "loss": 0.5962239503860474,
            "f1_score": 0.5636277862955537
         },
         "drift_metrics": {
            "drift_median": 0.07900388210516418,
            "drift_mean": 0.08424289788243489,
            "drift_max": 0.10970768998233245,
            "drift_min": 0.06401712155980803,
            "drift_per_client": [
               0.06401712155980803,
               0.10970768998233245,
               0.07900388210516418
            ]
         }
      },
      {
         "round": 4,
         "train_metrics": {
            "train_loss": 0.67548715935531,
            "train_acc": 0.6862745179849512,
            "train_f1": 0.6470373861886748,
            "drift": 0.08946590866285992
         },
         "eval_metrics_client": {
            "loss": 0.67454461256663,
            "accuracy": 0.6850000023841858,
            "f1": 0.6310798792808463
         },
         "eval_metrics_server": {
            "accuracy": 0.6449999809265137,
            "loss": 0.5882894992828369,
            "f1_score": 0.5869090909090909
         },
         "drift_metrics": {
            "drift_median": 0.09641889472621555,
            "drift_mean": 0.09219433368533374,
            "drift_max": 0.1055431282922445,
            "drift_min": 0.07462097803754117,
            "drift_per_client": [
               0.1055431282922445,
               0.09641889472621555,
               0.07462097803754117
            ]
         }
      },
      {
         "round": 5,
         "train_metrics": {
            "train_loss": 0.6738244062398141,
            "train_acc": 0.7070707004479688,
            "train_f1": 0.6477972474650824,
            "drift": 0.10158818890241084
         },
         "eval_metrics_client": {
            "loss": 0.6726984580357869,
            "accuracy": 0.696666677792867,
            "f1": 0.6484223936449051
         },
         "eval_metrics_server": {
            "accuracy": 0.6499999761581421,
            "loss": 0.5812922716140747,
            "f1_score": 0.6011396011396011
         },
         "drift_metrics": {
            "drift_median": 0.10047147997748643,
            "drift_mean": 0.10089013781202234,
            "drift_max": 0.11177999405162864,
            "drift_min": 0.09041893940695198,
            "drift_per_client": [
               0.10047147997748643,
               0.09041893940695198,
               0.11177999405162864
            ]
         }
      },
      {
         "round": 6,
         "train_metrics": {
            "train_loss": 0.6730487062845557,
            "train_acc": 0.7094594574457891,
            "train_f1": 0.6577485235093931,
            "drift": 0.0863826004386676
         },
         "eval_metrics_client": {
            "loss": 0.6735056638717651,
            "accuracy": 0.6866666674613953,
            "f1": 0.6427328525522134
         },
         "eval_metrics_server": {
            "accuracy": 0.6499999761581421,
            "loss": 0.5762198567390442,
            "f1_score": 0.6011396011396011
         },
         "drift_metrics": {
            "drift_median": 0.0849888291181029,
            "drift_mean": 0.08271178673650943,
            "drift_max": 0.10494664910942689,
            "drift_min": 0.05819988198199851,
            "drift_per_client": [
               0.05819988198199851,
               0.0849888291181029,
               0.10494664910942689
            ]
         }
      },
      {
         "round": 7,
         "train_metrics": {
            "train_loss": 0.6763307398643417,
            "train_acc": 0.684210525762186,
            "train_f1": 0.6143723867105211,
            "drift": 0.07330647193568998
         },
         "eval_metrics_client": {
            "loss": 0.6723329027493794,
            "accuracy": 0.6883333325386047,
            "f1": 0.6369060773526661
         },
         "eval_metrics_server": {
            "accuracy": 0.6449999809265137,
            "loss": 0.5723400712013245,
            "f1_score": 0.5970373733647379
         },
         "drift_metrics": {
            "drift_median": 0.05820256283913551,
            "drift_mean": 0.0714431322084589,
            "drift_max": 0.10035813323472906,
            "drift_min": 0.05576870055151212,
            "drift_per_client": [
               0.05576870055151212,
               0.10035813323472906,
               0.05820256283913551
            ]
         }
      },
      {
         "round": 8,
         "train_metrics": {
            "train_loss": 0.6743904134390266,
            "train_acc": 0.6798561341899763,
            "train_f1": 0.641547314228117,
            "drift": 0.06365385411467185
         },
         "eval_metrics_client": {
            "loss": 0.6709177096684773,
            "accuracy": 0.7133333484331766,