{
    "1": {
        "loss_median": 0.5530025362968445,
        "loss_mad": 0.010774950186411614,
        "accuracy_median": 0.7083333333333333,
        "accuracy_mad": 0.05333332220713305,
        "f1_median": 0.653537187385643,
        "f1_mad": 0.06168977749694815
    },
    "2": {
        "loss_median": 0.48945485552151996,
        "loss_mad": 0.011188427607218443,
        "accuracy_median": 0.7833333412806193,
        "accuracy_mad": 0.03166665633519494,
        "f1_median": 0.7397217173912818,
        "f1_mad": 0.02899655872758422
    },
    "3": {
        "loss_median": 0.4523744583129883,
        "loss_mad": 0.006860246260960934,
        "accuracy_median": 0.8383333484331766,
        "accuracy_mad": 0.028333326180775886,
        "f1_median": 0.753754370708682,
        "f1_mad": 0.022242879353713163
    },
    "4": {
        "loss_median": 0.4285506705443064,
        "loss_mad": 0.01003796855608624,
        "accuracy_median": 0.8666666746139525,
        "accuracy_mad": 0.005000015099843269,
        "f1_median": 0.8131645493606159,
        "f1_mad": 0.028671370913853744
    },
    "5": {
        "loss_median": 0.4031750361124674,
        "loss_mad": 0.008948107560475704,
        "accuracy_median": 0.8733333150545756,
        "accuracy_mad": 0.02833336591720581,
        "f1_median": 0.8328733089205587,
        "f1_mad": 0.01445839681716643
    },
    "6": {
        "loss_median": 0.4135830601056416,
        "loss_mad": 0.01946972807248437,
        "accuracy_median": 0.8949999809265136,
        "accuracy_mad": 0.018333355585734123,
        "f1_median": 0.8372033295841266,
        "f1_mad": 0.04334561609632037
    },
    "7": {
        "loss_median": 0.3963363170623779,
        "loss_mad": 0.02020078897476202,
        "accuracy_median": 0.9133333365122477,
        "accuracy_mad": 0.01833333571751916,
        "f1_median": 0.8741255315981876,
        "f1_mad": 0.03249212096631504
    },
    "8": {
        "loss_median": 0.38633126020431513,
        "loss_mad": 0.03219295541445416,
        "accuracy_median": 0.9083333214124043,
        "accuracy_mad": 0.03499998648961389,
        "f1_median": 0.868652511792568,
        "f1_mad": 0.05555361214986643
    },
    "9": {
        "loss_median": 0.379369447628657,
        "loss_mad": 0.03334120909372962,
        "accuracy_median": 0.9283333420753479,
        "accuracy_mad": 0.02833334604899096,
        "f1_median": 0.8954635998710638,
        "f1_mad": 0.04944645815056348
    },
    "10": {
        "loss_median": 0.3648892243703206,
        "loss_mad": 0.01729766527811688,
        "accuracy_median": 0.9283333420753479,
        "accuracy_mad": 0.02333333094914747,
        "f1_median": 0.8865749177323659,
        "f1_mad": 0.04296621273059742
    }
}