{
   "info": {
      "strategy": "FedAvg",
      "seed": 1,
      "init_seed": 1,
      "sampling_seed": 1,
      "data_seed": 2,
      "fraction_train": 0.75,
      "fraction_evaluate": 0.75,
      "local_epochs": 2,
      "num_rounds": 10,
      "num_clients": 5,
      "eta_l": 0.3,
      "iid": true,
      "alpha": null,
      "training_mode": "mitigated",
      "nshots": 1000,
      "model_type": "quantum",
      "base_pauli": 0.03,
      "base_readout": 0.03,
      "noise_scale": 0.002
   },
   "rounds": [
      {
         "round": 0,
         "train_metrics": {},
         "eval_metrics_client": {},
         "eval_metrics_server": {
            "accuracy": 0.6150000095367432,
            "loss": 0.6220965385437012,
            "f1_score": 0.548002700243609
         }
      },
      {
         "round": 1,
         "train_metrics": {
            "train_loss": 0.5097141716724787,
            "train_acc": 0.7033333381017048,
            "train_f1": 0.6599103171545725,
            "drift": 1.0450135633776663
         },
         "eval_metrics_client": {
            "loss": 0.49002307653427124,
            "accuracy": 0.7516666849454243,
            "f1": 0.7143568158112166
         },
         "eval_metrics_server": {
            "accuracy": 0.8149999976158142,
            "loss": 0.5165141224861145,
            "f1_score": 0.7610976594027441
         },
         "drift_metrics": {
            "drift_median": 1.041246019675831,
            "drift_mean": 1.0450135633776663,
            "drift_max": 1.0885651309587476,
            "drift_min": 1.0052295394984199,
            "drift_per_client": [
               1.0052295394984199,
               1.041246019675831,
               1.0885651309587476
            ]
         }
      },
      {
         "round": 2,
         "train_metrics": {
            "train_loss": 0.4616513577027198,
            "train_acc": 0.743333339691162,
            "train_f1": 0.6532846128023853,
            "drift": 1.3075258626935584
         },
         "eval_metrics_client": {
            "loss": 0.7610063850879669,
            "accuracy": 0.7199999888737996,
            "f1": 0.6715093694828274
         },
         "eval_metrics_server": {
            "accuracy": 0.8799999952316284,
            "loss": 0.4432368874549866,
            "f1_score": 0.8222485557695156
         },
         "drift_metrics": {
            "drift_median": 0.8627447241406322,
            "drift_mean": 1.3075258626935584,
            "drift_max": 2.2677333451792885,
            "drift_min": 0.7920995187607546,
            "drift_per_client": [
               0.7920995187607546,
               0.8627447241406322,
               2.2677333451792885
            ]
         }
      },
      {
         "round": 3,
         "train_metrics": {
            "train_loss": 0.569100627150291,
            "train_acc": 0.6133333444595337,
            "train_f1": 0.5487642726714832,
            "drift": 2.2099986676000016
         },
         "eval_metrics_client": {
            "loss": 0.6057688991228739,
            "accuracy": 0.6616666714350382,
            "f1": 0.5605446979664752
         },
         "eval_metrics_server": {
            "accuracy": 0.5350000262260437,
            "loss": 0.7234323620796204,
            "f1_score": 0.4873067063590507
         },
         "drift_metrics": {
            "drift_median": 2.8153275462387604,
            "drift_mean": 2.2099986676000016,
            "drift_max": 3.152011183978598,
            "drift_min": 0.6626572725826464,
            "drift_per_client": [
               3.152011183978598,
               2.8153275462387604,
               0.6626572725826464
            ]
         }
      },
      {
         "round": 4,
         "train_metrics": {
            "train_loss": 0.45672857952423584,
            "train_acc": 0.75,
            "train_f1": 0.6062796893303,
            "drift": 1.1739414947739992
         },
         "eval_metrics_client": {
            "loss": 0.5736732979615529,
            "accuracy": 0.696666677792867,
            "f1": 0.6627256164299888
         },
         "eval_metrics_server": {
            "accuracy": 0.9599999785423279,
            "loss": 0.4324662685394287,
            "f1_score": 0.9336760072956392
         },
         "drift_metrics": {
            "drift_median": 1.1702087880438412,
            "drift_mean": 1.1739414947739994,
            "drift_max": 1.4111757966987424,
            "drift_min": 0.9404398995794147,
            "drift_per_client": [
               1.1702087880438412,
               0.9404398995794147,
               1.4111757966987424
            ]
         }
      },
      {
         "round": 5,
         "train_metrics": {
            "train_loss": 0.39366765817006427,
            "train_acc": 0.6933333277702332,
            "train_f1": 0.6561409311250846,
            "drift": 0.6648119157594564
         },
         "eval_metrics_client": {
            "loss": 0.4062095781167348,
            "accuracy": 0.8366666634877522,
            "f1": 0.769077294728984
         },
         "eval_metrics_server": {
            "accuracy": 0.9350000023841858,
            "loss": 0.3863849937915802,
            "f1_score": 0.8805970149253732
         },
         "drift_metrics": {
            "drift_median": 0.6646760100230062,
            "drift_mean": 0.6648119157594564,
            "drift_max": 0.6907263013012703,
            "drift_min": 0.6390334359540928,
            "drift_per_client": [
               0.6646760100230062,
               0.6390334359540928,
               0.6907263013012703
            ]
         }
      },
      {
         "round": 6,
         "train_metrics": {
            "train_loss": 0.31462176487996024,
            "train_acc": 0.8199999928474425,
            "train_f1": 0.7723817758448455,
            "drift": 0.3870047075888535
         },
         "eval_metrics_client": {
            "loss": 0.35359046856562293,
            "accuracy": 0.865000009536743,
            "f1": 0.7933355627646261
         },
         "eval_metrics_server": {
            "accuracy": 0.925000011920929,
            "loss": 0.3845185339450836,
            "f1_score": 0.8686457375541836
         },
         "drift_metrics": {
            "drift_median": 0.43526593995809604,
            "drift_mean": 0.3870047075888536,
            "drift_max": 0.45019364775394577,
            "drift_min": 0.2755545350545188,
            "drift_per_client": [
               0.2755545350545188,
               0.43526593995809604,
               0.45019364775394577
            ]
         }
      },
      {
         "round": 7,
         "train_metrics": {
            "train_loss": 0.4040791121048805,
            "train_acc": 0.8766666650772095,
            "train_f1": 0.8163703284234383,
            "drift": 0.4537180416106079
         },
         "eval_metrics_client": {
            "loss": 0.4586979250113169,
            "accuracy": 0.768333335717519,
            "f1": 0.7111974736832944
         },
         "eval_metrics_server": {
            "accuracy": 0.9549999833106995,
            "loss": 0.3804877996444702,
            "f1_score": 0.9193223073820089
         },
         "drift_metrics": {
            "drift_median": 0.30419559883730823,
            "drift_mean": 0.45371804161060797,
            "drift_max": 0.7780949238367515,
            "drift_min": 0.2788636021577641,
            "drift_per_client": [
               0.30419559883730823,
               0.2788636021577641,
               0.7780949238367515
            ]
         }
      },
      {
         "round": 8,
         "train_metrics": {
            "train_loss": 0.41711913316677773,
            "train_acc": 0.7733333309491475,
            "train_f1": 0.7190538929669363,
            "drift": 0.3474615853997993
         },
         "eval_metrics_client": {
            "loss": 0.4880385994911194,
            "accuracy": 0.7483333349227905,
            "f1": 0.6887854378963939
         },