{
   "info": {
      "strategy": "FedAvg",
      "seed": 3,
      "init_seed": 3,
      "sampling_seed": 3,
      "data_seed": 2,
      "fraction_train": 0.75,
      "fraction_evaluate": 0.75,
      "local_epochs": 2,
      "num_rounds": 10,
      "num_clients": 5,
      "eta_l": 0.3,
      "iid": true,
      "alpha": null,
      "training_mode": "mitigated",
      "nshots": 1000,
      "model_type": "quantum",
      "base_pauli": 0.03,
      "base_readout": 0.03,
      "noise_scale": 0.002
   },
   "rounds": [
      {
         "round": 0,
         "train_metrics": {},
         "eval_metrics_client": {},
         "eval_metrics_server": {
            "accuracy": 0.47999998927116394,
            "loss": 0.7357013821601868,
            "f1_score": 0.4164515767029514
         }
      },
      {
         "round": 1,
         "train_metrics": {
            "train_loss": 0.3984181907696602,
            "train_acc": 0.8633333245913187,
            "train_f1": 0.7726242574499322,
            "drift": 1.60953017410844
         },
         "eval_metrics_client": {
            "loss": 0.46892117460568744,
            "accuracy": 0.7816666563351948,
            "f1": 0.7419545433428143
         },
         "eval_metrics_server": {
            "accuracy": 0.9100000262260437,
            "loss": 0.41190746426582336,
            "f1_score": 0.8538011695906433
         },
         "drift_metrics": {
            "drift_median": 1.6053430244098277,
            "drift_mean": 1.60953017410844,
            "drift_max": 1.618849210654138,
            "drift_min": 1.6043982872613547,
            "drift_per_client": [
               1.618849210654138,
               1.6043982872613547,
               1.6053430244098277
            ]
         }
      },
      {
         "round": 2,
         "train_metrics": {
            "train_loss": 0.3600143988927205,
            "train_acc": 0.8833333253860473,
            "train_f1": 0.7823182825749779,
            "drift": 0.4782337443674526
         },
         "eval_metrics_client": {
            "loss": 0.3518317143122355,
            "accuracy": 0.8766666650772094,
            "f1": 0.8087834893242732
         },
         "eval_metrics_server": {
            "accuracy": 0.925000011920929,
            "loss": 0.3830920457839966,
            "f1_score": 0.8549252865225592
         },
         "drift_metrics": {
            "drift_median": 0.46963192379140944,
            "drift_mean": 0.47823374436745264,
            "drift_max": 0.5359436951034385,
            "drift_min": 0.4291256142075097,
            "drift_per_client": [
               0.46963192379140944,
               0.4291256142075097,
               0.5359436951034385
            ]
         }
      },
      {
         "round": 3,
         "train_metrics": {
            "train_loss": 0.3532939843642406,
            "train_acc": 0.893333355585734,
            "train_f1": 0.7964923475915004,
            "drift": 0.3487320975583511
         },
         "eval_metrics_client": {
            "loss": 0.35893183946609497,
            "accuracy": 0.8583333293596903,
            "f1": 0.7648732206750539
         },
         "eval_metrics_server": {
            "accuracy": 0.8949999809265137,
            "loss": 0.3821931779384613,
            "f1_score": 0.7851772287862513
         },
         "drift_metrics": {
            "drift_median": 0.23157532249823928,
            "drift_mean": 0.34873209755835116,
            "drift_max": 0.5835352331928425,
            "drift_min": 0.23108573698397156,
            "drift_per_client": [
               0.5835352331928425,
               0.23157532249823928,
               0.23108573698397156
            ]
         }
      },
      {
         "round": 4,
         "train_metrics": {
            "train_loss": 0.35317507539040005,
            "train_acc": 0.8800000150998433,
            "train_f1": 0.7872159747159746,
            "drift": 0.3003974254133071
         },
         "eval_metrics_client": {
            "loss": 0.4489329556624094,
            "accuracy": 0.7666666706403096,
            "f1": 0.69730399093641
         },
         "eval_metrics_server": {
            "accuracy": 0.9150000214576721,
            "loss": 0.37639304995536804,
            "f1_score": 0.8310055171728217
         },
         "drift_metrics": {
            "drift_median": 0.2968476934343427,
            "drift_mean": 0.3003974254133071,
            "drift_max": 0.39927320684472156,
            "drift_min": 0.20507137596085714,
            "drift_per_client": [
               0.2968476934343427,
               0.20507137596085714,
               0.39927320684472156
            ]
         }
      },
      {
         "round": 5,
         "train_metrics": {
            "train_loss": 0.37018282558673465,
            "train_acc": 0.8666666746139525,
            "train_f1": 0.7715914923733886,
            "drift": 0.420616137233565
         },
         "eval_metrics_client": {
            "loss": 0.47056204080581665,
            "accuracy": 0.793333331743876,
            "f1": 0.7457019242292475
         },
         "eval_metrics_server": {
            "accuracy": 0.8999999761581421,
            "loss": 0.38124656677246094,
            "f1_score": 0.792358803986711
         },
         "drift_metrics": {
            "drift_median": 0.37771546001293277,
            "drift_mean": 0.420616137233565,
            "drift_max": 0.5485052126721075,
            "drift_min": 0.33562773901565485,
            "drift_per_client": [
               0.5485052126721075,
               0.33562773901565485,
               0.37771546001293277
            ]
         }
      },
      {
         "round": 6,
         "train_metrics": {
            "train_loss": 0.3470387764466114,
            "train_acc": 0.8666666746139525,
            "train_f1": 0.7573283527412769,
            "drift": 0.3076835471233331
         },
         "eval_metrics_client": {
            "loss": 0.4630197485287984,
            "accuracy": 0.7949999968210855,
            "f1": 0.7562168690688262
         },
         "eval_metrics_server": {
            "accuracy": 0.925000011920929,
            "loss": 0.376369833946228,
            "f1_score": 0.8549252865225592
         },
         "drift_metrics": {
            "drift_median": 0.33616533601900095,
            "drift_mean": 0.30768354712333307,
            "drift_max": 0.36718863596111856,
            "drift_min": 0.21969666938987986,
            "drift_per_client": [
               0.33616533601900095,
               0.21969666938987986,
               0.36718863596111856
            ]
         }
      },
      {
         "round": 7,
         "train_metrics": {
            "train_loss": 0.34636166729988194,
            "train_acc": 0.896666665871938,
            "train_f1": 0.8060216076166932,
            "drift": 0.2408088304973504
         },
         "eval_metrics_client": {
            "loss": 0.34856205185254413,
            "accuracy": 0.8850000103314717,
            "f1": 0.8130148377340198
         },
         "eval_metrics_server": {
            "accuracy": 0.9150000214576721,
            "loss": 0.3782104253768921,
            "f1_score": 0.8310055171728217
         },
         "drift_metrics": {
            "drift_median": 0.18444979109344337,
            "drift_mean": 0.24080883049735044,
            "drift_max": 0.3689082728796773,
            "drift_min": 0.1690684275189306,
            "drift_per_client": [
               0.18444979109344337,
               0.3689082728796773,
               0.1690684275189306
            ]
         }
      },
      {
         "round": 8,
         "train_metrics": {
            "train_loss": 0.35414712971601725,
            "train_acc": 0.893333335717519,
            "train_f1": 0.7861014950567888,
            "drift": 0.3348046651340415
         },
         "eval_metrics_client": {
            "loss": 0.36021970709164935,
            "accuracy": 0.8566666642824808,
            "f1": 0.7628038761031761
         },