{
   "info": {
      "strategy": "FedAvg",
      "seed": 4,
      "init_seed": 4,
      "sampling_seed": 4,
      "data_seed": 2,
      "fraction_train": 0.75,
      "fraction_evaluate": 0.75,
      "local_epochs": 2,
      "num_rounds": 10,
      "num_clients": 5,
      "eta_l": 0.3,
      "iid": true,
      "alpha": null,
      "training_mode": "mitigated",
      "nshots": 1000,
      "model_type": "quantum",
      "base_pauli": 0.03,
      "base_readout": 0.03,
      "noise_scale": 0.002
   },
   "rounds": [
      {
         "round": 0,
         "train_metrics": {},
         "eval_metrics_client": {},
         "eval_metrics_server": {
            "accuracy": 0.6700000166893005,
            "loss": 0.6031970381736755,
            "f1_score": 0.6268656716417911
         }
      },
      {
         "round": 1,
         "train_metrics": {
            "train_loss": 0.45695396035145486,
            "train_acc": 0.8133333325386047,
            "train_f1": 0.6610732788034461,
            "drift": 1.4326503321039148
         },
         "eval_metrics_client": {
            "loss": 0.4116440713405609,
            "accuracy": 0.8316666682561238,
            "f1": 0.7842671306097853
         },
         "eval_metrics_server": {
            "accuracy": 0.875,
            "loss": 0.41288551688194275,
            "f1_score": 0.8274374460742019
         },
         "drift_metrics": {
            "drift_median": 1.4251109983323587,
            "drift_mean": 1.4326503321039148,
            "drift_max": 1.5761116520254084,
            "drift_min": 1.2967283459539778,
            "drift_per_client": [
               1.5761116520254084,
               1.2967283459539778,
               1.4251109983323587
            ]
         }
      },
      {
         "round": 2,
         "train_metrics": {
            "train_loss": 0.37732733404025054,
            "train_acc": 0.8566666642824808,
            "train_f1": 0.8202272647163669,
            "drift": 0.6851723300226684
         },
         "eval_metrics_client": {
            "loss": 0.36756256222724915,
            "accuracy": 0.8766666650772094,
            "f1": 0.8330797171269336
         },
         "eval_metrics_server": {
            "accuracy": 0.9200000166893005,
            "loss": 0.3595954477787018,
            "f1_score": 0.8834498834498834
         },
         "drift_metrics": {
            "drift_median": 0.7134719811002536,
            "drift_mean": 0.6851723300226684,
            "drift_max": 0.7477749211464836,
            "drift_min": 0.594270087821268,
            "drift_per_client": [
               0.594270087821268,
               0.7477749211464836,
               0.7134719811002536
            ]
         }
      },
      {
         "round": 3,
         "train_metrics": {
            "train_loss": 0.39125575469090385,
            "train_acc": 0.850000003973643,
            "train_f1": 0.8191144673611289,
            "drift": 0.5471899923374303
         },
         "eval_metrics_client": {
            "loss": 0.4201375345389048,
            "accuracy": 0.8400000135103861,
            "f1": 0.7972539402286671
         },
         "eval_metrics_server": {
            "accuracy": 0.9399999976158142,
            "loss": 0.33772242069244385,
            "f1_score": 0.9111242778847578
         },
         "drift_metrics": {
            "drift_median": 0.45465554680459236,
            "drift_mean": 0.5471899923374303,
            "drift_max": 0.8111815171190655,
            "drift_min": 0.37573291308863294,
            "drift_per_client": [
               0.8111815171190655,
               0.37573291308863294,
               0.45465554680459236
            ]
         }
      },
      {
         "round": 4,
         "train_metrics": {
            "train_loss": 0.3418229113404567,
            "train_acc": 0.8766666650772095,
            "train_f1": 0.8268672777673794,
            "drift": 0.2979884662593227
         },
         "eval_metrics_client": {
            "loss": 0.3630320032437642,
            "accuracy": 0.8833333452542622,
            "f1": 0.8399685868906412
         },
         "eval_metrics_server": {
            "accuracy": 0.9449999928474426,
            "loss": 0.325387179851532,
            "f1_score": 0.9178338001867414
         },
         "drift_metrics": {
            "drift_median": 0.33635879257873896,
            "drift_mean": 0.2979884662593227,
            "drift_max": 0.373018830294508,
            "drift_min": 0.18458777590472114,
            "drift_per_client": [
               0.373018830294508,
               0.18458777590472114,
               0.33635879257873896
            ]
         }
      },
      {
         "round": 5,
         "train_metrics": {
            "train_loss": 0.3203053006376975,
            "train_acc": 0.849999984105428,
            "train_f1": 0.7922172431173449,
            "drift": 0.23099321880529794
         },
         "eval_metrics_client": {
            "loss": 0.33611419796943665,
            "accuracy": 0.8983333309491475,
            "f1": 0.8514703381361854
         },
         "eval_metrics_server": {
            "accuracy": 0.949999988079071,
            "loss": 0.31708985567092896,
            "f1_score": 0.9246534056660639
         },
         "drift_metrics": {
            "drift_median": 0.26083667887718837,
            "drift_mean": 0.23099321880529797,
            "drift_max": 0.2889196553671779,
            "drift_min": 0.14322332217152764,
            "drift_per_client": [
               0.14322332217152764,
               0.26083667887718837,
               0.2889196553671779
            ]
         }
      },
      {
         "round": 6,
         "train_metrics": {
            "train_loss": 0.34098728975424397,
            "train_acc": 0.8433333237965901,
            "train_f1": 0.7549667349798208,
            "drift": 0.23954325281179362
         },
         "eval_metrics_client": {
            "loss": 0.32436693708101905,
            "accuracy": 0.9200000166893005,
            "f1": 0.8809460231699371
         },
         "eval_metrics_server": {
            "accuracy": 0.949999988079071,
            "loss": 0.31329408288002014,
            "f1_score": 0.921875
         },
         "drift_metrics": {
            "drift_median": 0.23949477537551414,
            "drift_mean": 0.23954325281179364,
            "drift_max": 0.30228297729319625,
            "drift_min": 0.1768520057666705,
            "drift_per_client": [
               0.1768520057666705,
               0.23949477537551414,
               0.30228297729319625
            ]
         }
      },
      {
         "round": 7,
         "train_metrics": {
            "train_loss": 0.33976326042260874,
            "train_acc": 0.8333333532015482,
            "train_f1": 0.7050134325819419,
            "drift": 0.253936105841164
         },
         "eval_metrics_client": {
            "loss": 0.34688127040863037,
            "accuracy": 0.9016666412353515,
            "f1": 0.8686307932255348
         },
         "eval_metrics_server": {
            "accuracy": 0.949999988079071,
            "loss": 0.31561505794525146,
            "f1_score": 0.9246534056660639
         },
         "drift_metrics": {
            "drift_median": 0.23032446359355707,
            "drift_mean": 0.25393610584116405,
            "drift_max": 0.31663993939919177,
            "drift_min": 0.21484391453074322,
            "drift_per_client": [
               0.21484391453074322,
               0.31663993939919177,
               0.23032446359355707
            ]
         }
      },
      {
         "round": 8,
         "train_metrics": {
            "train_loss": 0.3694295084629303,
            "train_acc": 0.8433333237965901,
            "train_f1": 0.7127801986453194,
            "drift": 0.23262580347597628
         },
         "eval_metrics_client": {
            "loss": 0.3893418610095977,
            "accuracy": 0.8866666754086812,
            "f1": 0.8386969311650738
         },