{
   "info": {
      "strategy": "FedAvg",
      "seed": 2,
      "init_seed": 2,
      "sampling_seed": 2,
      "data_seed": 2,
      "fraction_train": 0.75,
      "fraction_evaluate": 0.75,
      "local_epochs": 2,
      "num_rounds": 10,
      "num_clients": 5,
      "eta_l": 0.3,
      "iid": true,
      "alpha": null,
      "training_mode": "noiseless",
      "nshots": 1000,
      "model_type": "quantum"
   },
   "rounds": [
      {
         "round": 0,
         "train_metrics": {},
         "eval_metrics_client": {},
         "eval_metrics_server": {
            "accuracy": 0.6800000071525574,
            "loss": 0.6009007096290588,
            "f1_score": 0.6259934548854604
         }
      },
      {
         "round": 1,
         "train_metrics": {
            "train_loss": 0.5390822153825026,
            "train_acc": 0.7900000015894572,
            "train_f1": 0.7244861993001468,
            "drift": 0.8943564123427992
         },
         "eval_metrics_client": {
            "loss": 0.49678361415863037,
            "accuracy": 0.7716666857401528,
            "f1": 0.7157141814029904
         },
         "eval_metrics_server": {
            "accuracy": 0.7900000214576721,
            "loss": 0.5147530436515808,
            "f1_score": 0.7336377473363775
         },
         "drift_metrics": {
            "drift_median": 0.8769143620488018,
            "drift_mean": 0.8943564123427993,
            "drift_max": 0.956931146995235,
            "drift_min": 0.8492237279843612,
            "drift_per_client": [
               0.956931146995235,
               0.8492237279843612,
               0.8769143620488018
            ]
         }
      },
      {
         "round": 2,
         "train_metrics": {
            "train_loss": 0.4417762821301435,
            "train_acc": 0.9100000063578287,
            "train_f1": 0.8600708274564468,
            "drift": 0.9108933094936146
         },
         "eval_metrics_client": {
            "loss": 0.4047524829705556,
            "accuracy": 0.9150000015894572,
            "f1": 0.8769788933904329
         },
         "eval_metrics_server": {
            "accuracy": 0.8849999904632568,
            "loss": 0.42289215326309204,
            "f1_score": 0.8364095451474092
         },
         "drift_metrics": {
            "drift_median": 0.8490000887509882,
            "drift_mean": 0.9108933094936148,
            "drift_max": 1.0528801376902435,
            "drift_min": 0.8307997020396124,
            "drift_per_client": [
               0.8490000887509882,
               0.8307997020396124,
               1.0528801376902435
            ]
         }
      },
      {
         "round": 3,
         "train_metrics": {
            "train_loss": 0.3480387398829827,
            "train_acc": 0.9233333269755045,
            "train_f1": 0.893503499278689,
            "drift": 0.7937682750464705
         },
         "eval_metrics_client": {
            "loss": 0.3468315005302429,
            "accuracy": 0.9333333373069763,
            "f1": 0.9074151537891539
         },
         "eval_metrics_server": {
            "accuracy": 0.9300000071525574,
            "loss": 0.3555774986743927,
            "f1_score": 0.8926215677251113
         },
         "drift_metrics": {
            "drift_median": 0.8207989090172745,
            "drift_mean": 0.7937682750464706,
            "drift_max": 0.8544984528837605,
            "drift_min": 0.7060074632383768,
            "drift_per_client": [
               0.8544984528837605,
               0.7060074632383768,
               0.8207989090172745
            ]
         }
      },
      {
         "round": 4,
         "train_metrics": {
            "train_loss": 0.3212183232490833,
            "train_acc": 0.9299999872843424,
            "train_f1": 0.9077864295255599,
            "drift": 0.4203373599652258
         },
         "eval_metrics_client": {
            "loss": 0.32322660088539124,
            "accuracy": 0.9333333373069763,
            "f1": 0.9097442755449234
         },
         "eval_metrics_server": {
            "accuracy": 0.9300000071525574,
            "loss": 0.32881489396095276,
            "f1_score": 0.8926215677251113
         },
         "drift_metrics": {
            "drift_median": 0.40670018450458545,
            "drift_mean": 0.4203373599652258,
            "drift_max": 0.45448964803927705,
            "drift_min": 0.399822247351815,
            "drift_per_client": [
               0.40670018450458545,
               0.45448964803927705,
               0.399822247351815
            ]
         }
      },
      {
         "round": 5,
         "train_metrics": {
            "train_loss": 0.3229961345593134,
            "train_acc": 0.9200000166893005,
            "train_f1": 0.8883868074147643,
            "drift": 0.3228380416505904
         },
         "eval_metrics_client": {
            "loss": 0.3147464791933695,
            "accuracy": 0.9350000023841858,
            "f1": 0.905386057576279
         },
         "eval_metrics_server": {
            "accuracy": 0.9449999928474426,
            "loss": 0.3154124319553375,
            "f1_score": 0.9163847820303295
         },
         "drift_metrics": {
            "drift_median": 0.3213212761097521,
            "drift_mean": 0.32283804165059043,
            "drift_max": 0.38402970208696297,
            "drift_min": 0.2631631467550562,
            "drift_per_client": [
               0.3213212761097521,
               0.2631631467550562,
               0.38402970208696297
            ]
         }
      },
      {
         "round": 6,
         "train_metrics": {
            "train_loss": 0.3084832267501415,
            "train_acc": 0.9300000071525574,
            "train_f1": 0.8908859579000628,
            "drift": 0.27501149030663813
         },
         "eval_metrics_client": {
            "loss": 0.3149698078632355,
            "accuracy": 0.9383333325386047,
            "f1": 0.9061924233110568
         },
         "eval_metrics_server": {
            "accuracy": 0.949999988079071,
            "loss": 0.309924840927124,
            "f1_score": 0.9246534056660639
         },
         "drift_metrics": {
            "drift_median": 0.2790304887059273,
            "drift_mean": 0.27501149030663813,
            "drift_max": 0.3178550914825672,
            "drift_min": 0.22814889073141997,
            "drift_per_client": [
               0.2790304887059273,
               0.3178550914825672,
               0.22814889073141997
            ]
         }
      },
      {
         "round": 7,
         "train_metrics": {
            "train_loss": 0.2956794062868143,
            "train_acc": 0.9433333277702332,
            "train_f1": 0.9057765795158306,
            "drift": 0.20629921072146243
         },
         "eval_metrics_client": {
            "loss": 0.3099655508995056,
            "accuracy": 0.9449999928474426,
            "f1": 0.9158209626630679
         },
         "eval_metrics_server": {
            "accuracy": 0.949999988079071,
            "loss": 0.30759385228157043,
            "f1_score": 0.921875
         },
         "drift_metrics": {
            "drift_median": 0.21123041487656447,
            "drift_mean": 0.20629921072146243,
            "drift_max": 0.23757478428738524,
            "drift_min": 0.17009243300043767,
            "drift_per_client": [
               0.21123041487656447,
               0.23757478428738524,
               0.17009243300043767
            ]
         }
      },
      {
         "round": 8,
         "train_metrics": {
            "train_loss": 0.2963029520633893,
            "train_acc": 0.9366666674613953,
            "train_f1": 0.9076602752968463,
            "drift": 0.18686956997206852
         },
         "eval_metrics_client": {
            "loss": 0.30083557963371277,
            "accuracy": 0.949999988079071,
            "f1": 0.9270518612449787
         },
         "eval_metrics_server": {
            "accuracy": 0.9399999976158142,