{
   "info": {
      "strategy": "FedAvg",
      "seed": 2,
      "init_seed": 2,
      "sampling_seed": 2,
      "data_seed": 2,
      "fraction_train": 0.75,
      "fraction_evaluate": 0.75,
      "local_epochs": 2,
      "num_rounds": 10,
      "num_clients": 5,
      "eta_l": 0.3,
      "iid": true,
      "alpha": null,
      "training_mode": "noiseless",
      "nshots": 1000,
      "model_type": "quantum"
   },
   "rounds": [
      {
         "round": 0,
         "train_metrics": {},
         "eval_metrics_client": {},
         "eval_metrics_server": {
            "accuracy": 0.6800000071525574,
            "loss": 0.6009007096290588,
            "f1_score": 0.6259934548854604
         }
      },
      {
         "round": 1,
         "train_metrics": {
            "train_loss": 0.5405374253407502,
            "train_acc": 0.796666661898295,
            "train_f1": 0.7280928947595614,
            "drift": 0.8925985353493138
         },
         "eval_metrics_client": {
            "loss": 0.496791273355484,
            "accuracy": 0.7700000007947285,
            "f1": 0.7153239308086952
         },
         "eval_metrics_server": {
            "accuracy": 0.7900000214576721,
            "loss": 0.5140872597694397,
            "f1_score": 0.7336377473363775
         },
         "drift_metrics": {
            "drift_median": 0.8593235040424576,
            "drift_mean": 0.8925985353493138,
            "drift_max": 0.9701489463305761,
            "drift_min": 0.8483231556749079,
            "drift_per_client": [
               0.8483231556749079,
               0.9701489463305761,
               0.8593235040424576
            ]
         }
      },
      {
         "round": 2,
         "train_metrics": {
            "train_loss": 0.44205940801363725,
            "train_acc": 0.9033333460489908,
            "train_f1": 0.8540954856309837,
            "drift": 0.9111180613245538
         },
         "eval_metrics_client": {
            "loss": 0.4036823014418284,
            "accuracy": 0.9166666666666666,
            "f1": 0.879031963582818
         },
         "eval_metrics_server": {
            "accuracy": 0.8849999904632568,
            "loss": 0.42218703031539917,
            "f1_score": 0.8364095451474092
         },
         "drift_metrics": {
            "drift_median": 0.8561084160992708,
            "drift_mean": 0.9111180613245539,
            "drift_max": 1.0500125721696036,
            "drift_min": 0.8272331957047868,
            "drift_per_client": [
               0.8272331957047868,
               0.8561084160992708,
               1.0500125721696036
            ]
         }
      },
      {
         "round": 3,
         "train_metrics": {
            "train_loss": 0.3470426304982258,
            "train_acc": 0.9233333269755045,
            "train_f1": 0.8921565195119764,
            "drift": 0.7968715798696554
         },
         "eval_metrics_client": {
            "loss": 0.3458743095397949,
            "accuracy": 0.9449999928474426,
            "f1": 0.9225083787992522
         },
         "eval_metrics_server": {
            "accuracy": 0.9300000071525574,
            "loss": 0.3551037311553955,
            "f1_score": 0.8926215677251113
         },
         "drift_metrics": {
            "drift_median": 0.8178190276613233,
            "drift_mean": 0.7968715798696554,
            "drift_max": 0.866889685881396,
            "drift_min": 0.7059060260662473,
            "drift_per_client": [
               0.8178190276613233,
               0.866889685881396,
               0.7059060260662473
            ]
         }
      },
      {
         "round": 4,
         "train_metrics": {
            "train_loss": 0.3207782900486237,
            "train_acc": 0.9333333373069763,
            "train_f1": 0.9131555534279068,
            "drift": 0.4204402925166545
         },
         "eval_metrics_client": {
            "loss": 0.32308366894721985,
            "accuracy": 0.9433333277702332,
            "f1": 0.9222391766792737
         },
         "eval_metrics_server": {
            "accuracy": 0.925000011920929,
            "loss": 0.3282206654548645,
            "f1_score": 0.8859792482231765
         },
         "drift_metrics": {
            "drift_median": 0.411383703322309,
            "drift_mean": 0.42044029251665443,
            "drift_max": 0.4613815170208614,
            "drift_min": 0.38855565720679314,
            "drift_per_client": [
               0.4613815170208614,
               0.38855565720679314,
               0.411383703322309
            ]
         }
      },
      {
         "round": 5,
         "train_metrics": {
            "train_loss": 0.32392173279554415,
            "train_acc": 0.9200000166893005,
            "train_f1": 0.8894539483473186,
            "drift": 0.3288525286354439
         },
         "eval_metrics_client": {
            "loss": 0.31461530923843384,
            "accuracy": 0.9383333524068196,
            "f1": 0.9092039404310979
         },
         "eval_metrics_server": {
            "accuracy": 0.9449999928474426,
            "loss": 0.3146204650402069,
            "f1_score": 0.9163847820303295
         },
         "drift_metrics": {
            "drift_median": 0.32795849578001013,
            "drift_mean": 0.32885252863544395,
            "drift_max": 0.3870759427805915,
            "drift_min": 0.2715231473457302,
            "drift_per_client": [
               0.3870759427805915,
               0.2715231473457302,
               0.32795849578001013
            ]
         }
      },
      {
         "round": 6,
         "train_metrics": {
            "train_loss": 0.31072943141827214,
            "train_acc": 0.9233333269755045,
            "train_f1": 0.8829912210579575,
            "drift": 0.27635232292479417
         },
         "eval_metrics_client": {
            "loss": 0.314786156018575,
            "accuracy": 0.9399999976158142,
            "f1": 0.9087850941564879
         },
         "eval_metrics_server": {
            "accuracy": 0.9549999833106995,
            "loss": 0.3095228374004364,
            "f1_score": 0.9315875489339059
         },
         "drift_metrics": {
            "drift_median": 0.27944284463869856,
            "drift_mean": 0.27635232292479417,
            "drift_max": 0.3190400832753286,
            "drift_min": 0.2305740408603554,
            "drift_per_client": [
               0.27944284463869856,
               0.3190400832753286,
               0.2305740408603554
            ]
         }
      },
      {
         "round": 7,
         "train_metrics": {
            "train_loss": 0.29666624485682214,
            "train_acc": 0.9533333381017048,
            "train_f1": 0.9214197794999393,
            "drift": 0.20761362457130722
         },
         "eval_metrics_client": {
            "loss": 0.30926699439684546,
            "accuracy": 0.949999988079071,
            "f1": 0.9224547644261805
         },
         "eval_metrics_server": {
            "accuracy": 0.949999988079071,
            "loss": 0.30747583508491516,
            "f1_score": 0.921875
         },
         "drift_metrics": {
            "drift_median": 0.21453880896430746,
            "drift_mean": 0.20761362457130725,
            "drift_max": 0.2392853060589035,
            "drift_min": 0.1690167586907107,
            "drift_per_client": [
               0.1690167586907107,
               0.21453880896430746,
               0.2392853060589035
            ]
         }
      },
      {
         "round": 8,
         "train_metrics": {
            "train_loss": 0.29606299713636053,
            "train_acc": 0.9500000079472859,
            "train_f1": 0.9266687738375086,
            "drift": 0.1878548412770054
         },
         "eval_metrics_client": {
            "loss": 0.3006958464781443,
            "accuracy": 0.95333331823349,
            "f1": 0.9310285918133403
         },
         "eval_metrics_server": {
            "accuracy": 0.9399999976158142,