{
   "info": {
      "strategy": "FedAvg",
      "seed": 3,
      "init_seed": 2,
      "sampling_seed": 3,
      "data_seed": 2,
      "fraction_train": 0.75,
      "fraction_evaluate": 0.75,
      "local_epochs": 2,
      "num_rounds": 10,
      "num_clients": 5,
      "eta_l": 0.3,
      "iid": true,
      "alpha": null,
      "training_mode": "noiseless",
      "nshots": 1000,
      "model_type": "quantum"
   },
   "rounds": [
      {
         "round": 0,
         "train_metrics": {},
         "eval_metrics_client": {},
         "eval_metrics_server": {
            "accuracy": 0.6800000071525574,
            "loss": 0.6009007096290588,
            "f1_score": 0.6259934548854604
         }
      },
      {
         "round": 1,
         "train_metrics": {
            "train_loss": 0.5015271313679524,
            "train_acc": 0.8099999825159707,
            "train_f1": 0.7386843946429598,
            "drift": 0.8272303982716418
         },
         "eval_metrics_client": {
            "loss": 0.511370559533437,
            "accuracy": 0.75,
            "f1": 0.6990191562714859
         },
         "eval_metrics_server": {
            "accuracy": 0.7699999809265137,
            "loss": 0.5251715183258057,
            "f1_score": 0.714781746031746
         },
         "drift_metrics": {
            "drift_median": 0.8138764857431545,
            "drift_mean": 0.8272303982716419,
            "drift_max": 0.9061252065214491,
            "drift_min": 0.7616895025503221,
            "drift_per_client": [
               0.8138764857431545,
               0.7616895025503221,
               0.9061252065214491
            ]
         }
      },
      {
         "round": 2,
         "train_metrics": {
            "train_loss": 0.4784536759058634,
            "train_acc": 0.8366666634877522,
            "train_f1": 0.7945624250390739,
            "drift": 0.5727985738706807
         },
         "eval_metrics_client": {
            "loss": 0.4659626384576161,
            "accuracy": 0.8416666785875956,
            "f1": 0.7998077834319253
         },
         "eval_metrics_server": {
            "accuracy": 0.8399999737739563,
            "loss": 0.4860325753688812,
            "f1_score": 0.7866666666666666
         },
         "drift_metrics": {
            "drift_median": 0.5582462925750088,
            "drift_mean": 0.5727985738706808,
            "drift_max": 0.6254380205461939,
            "drift_min": 0.5347114084908394,
            "drift_per_client": [
               0.5347114084908394,
               0.6254380205461939,
               0.5582462925750088
            ]
         }
      },
      {
         "round": 3,
         "train_metrics": {
            "train_loss": 0.45411226764703405,
            "train_acc": 0.8666666746139525,
            "train_f1": 0.821293363674626,
            "drift": 0.6134928380319931
         },
         "eval_metrics_client": {
            "loss": 0.41135219732920325,
            "accuracy": 0.8916666507720946,
            "f1": 0.8496520689519554
         },
         "eval_metrics_server": {
            "accuracy": 0.8700000047683716,
            "loss": 0.43488723039627075,
            "f1_score": 0.8218201754385965
         },
         "drift_metrics": {
            "drift_median": 0.5031222982900312,
            "drift_mean": 0.6134928380319931,
            "drift_max": 0.8356987679474158,
            "drift_min": 0.5016574478585322,
            "drift_per_client": [
               0.5031222982900312,
               0.8356987679474158,
               0.5016574478585322
            ]
         }
      },
      {
         "round": 4,
         "train_metrics": {
            "train_loss": 0.36386215686798096,
            "train_acc": 0.9199999968210856,
            "train_f1": 0.885457573958338,
            "drift": 0.8194512686886815
         },
         "eval_metrics_client": {
            "loss": 0.341126412153244,
            "accuracy": 0.9116666714350382,
            "f1": 0.8776056223294527
         },
         "eval_metrics_server": {
            "accuracy": 0.9049999713897705,
            "loss": 0.3545575737953186,
            "f1_score": 0.8648600590348163
         },
         "drift_metrics": {
            "drift_median": 0.819985027593575,
            "drift_mean": 0.8194512686886816,
            "drift_max": 0.8617129549643108,
            "drift_min": 0.776655823508159,
            "drift_per_client": [
               0.8617129549643108,
               0.776655823508159,
               0.819985027593575
            ]
         }
      },
      {
         "round": 5,
         "train_metrics": {
            "train_loss": 0.3096346259117126,
            "train_acc": 0.9333333373069763,
            "train_f1": 0.9058879276699368,
            "drift": 0.5042470254890287
         },
         "eval_metrics_client": {
            "loss": 0.3192255198955536,
            "accuracy": 0.9166666865348816,
            "f1": 0.8831499990863284
         },
         "eval_metrics_server": {
            "accuracy": 0.925000011920929,
            "loss": 0.3235947787761688,
            "f1_score": 0.8879551820728291
         },
         "drift_metrics": {
            "drift_median": 0.49115020444990265,
            "drift_mean": 0.5042470254890287,
            "drift_max": 0.5817632835002376,
            "drift_min": 0.4398275885169457,
            "drift_per_client": [
               0.4398275885169457,
               0.49115020444990265,
               0.5817632835002376
            ]
         }
      },
      {
         "round": 6,
         "train_metrics": {
            "train_loss": 0.31110128836754036,
            "train_acc": 0.9333333373069763,
            "train_f1": 0.8964570301493417,
            "drift": 0.24688657379270362
         },
         "eval_metrics_client": {
            "loss": 0.3093790113925934,
            "accuracy": 0.9449999928474426,
            "f1": 0.9225356326915474
         },
         "eval_metrics_server": {
            "accuracy": 0.9399999976158142,
            "loss": 0.31622031331062317,
            "f1_score": 0.907961343764381
         },
         "drift_metrics": {
            "drift_median": 0.25178355570017485,
            "drift_mean": 0.24688657379270365,
            "drift_max": 0.267989666174017,
            "drift_min": 0.22088649950391911,
            "drift_per_client": [
               0.22088649950391911,
               0.267989666174017,
               0.25178355570017485
            ]
         }
      },
      {
         "round": 7,
         "train_metrics": {
            "train_loss": 0.32179110057843036,
            "train_acc": 0.9166666666666666,
            "train_f1": 0.8884634077606919,
            "drift": 0.2074507759406253
         },
         "eval_metrics_client": {
            "loss": 0.30733412504196167,
            "accuracy": 0.9350000023841858,
            "f1": 0.9103623349749955
         },
         "eval_metrics_server": {
            "accuracy": 0.925000011920929,
            "loss": 0.3123704195022583,
            "f1_score": 0.8879551820728291
         },
         "drift_metrics": {
            "drift_median": 0.18975644717428677,
            "drift_mean": 0.2074507759406253,
            "drift_max": 0.2894002636986705,
            "drift_min": 0.14319561694891864,
            "drift_per_client": [
               0.2894002636986705,
               0.18975644717428677,
               0.14319561694891864
            ]
         }
      },
      {
         "round": 8,
         "train_metrics": {
            "train_loss": 0.3152792300933447,
            "train_acc": 0.9266666571299235,
            "train_f1": 0.8984771050145812,
            "drift": 0.20951249512289435
         },
         "eval_metrics_client": {
            "loss": 0.3046870330969492,
            "accuracy": 0.9383333325386047,
            "f1": 0.9093070990266776
         },
         "eval_metrics_server": {
            "accuracy": 0.9399999976158142,