{
    "1": {
        "loss_median": 0.5168634255727131,
        "loss_mad": 0.011667271455128914,
        "accuracy_median": 0.8516666690508524,
        "accuracy_mad": 0.02333333094914747,
        "f1_median": 0.8033098721016046,
        "f1_mad": 0.011176549623329035
    },
    "2": {
        "loss_median": 0.47119617462158203,
        "loss_mad": 0.009271512428919548,
        "accuracy_median": 0.8749999999999999,
        "accuracy_mad": 0.03166665633519494,
        "f1_median": 0.835108723794481,
        "f1_mad": 0.04716877746486259
    },
    "3": {
        "loss_median": 0.45486950874328613,
        "loss_mad": 0.0147485037644704,
        "accuracy_median": 0.9100000063578287,
        "accuracy_mad": 0.015000005563100216,
        "f1_median": 0.8665850046629974,
        "f1_mad": 0.015961883264680732
    },
    "4": {
        "loss_median": 0.44142212470372516,
        "loss_mad": 0.02272452910741174,
        "accuracy_median": 0.9199999968210856,
        "accuracy_mad": 0.008333305517832401,
        "f1_median": 0.876357638599944,
        "f1_mad": 0.0202445637109282
    },
    "5": {
        "loss_median": 0.4153837660948435,
        "loss_mad": 0.012433290481567383,
        "accuracy_median": 0.9183333516120911,
        "accuracy_mad": 0.006666680177052853,
        "f1_median": 0.8771307990584167,
        "f1_mad": 0.02363936877233408
    },
    "6": {
        "loss_median": 0.3992048402627309,
        "loss_mad": 0.007167071104049683,
        "accuracy_median": 0.9183333317438761,
        "accuracy_mad": 0.01166667540868127,
        "f1_median": 0.8797605015401075,
        "f1_mad": 0.035476921188437704
    },
    "7": {
        "loss_median": 0.40257846315701795,
        "loss_mad": 0.010435352722803715,
        "accuracy_median": 0.9350000023841858,
        "accuracy_mad": 0.013333340485890743,
        "f1_median": 0.9027695532391327,
        "f1_mad": 0.01634259835324725
    },
    "8": {
        "loss_median": 0.406337300936381,
        "loss_mad": 0.009875963131586674,
        "accuracy_median": 0.9366666674613953,
        "accuracy_mad": 0.0033333301544189453,
        "f1_median": 0.9036058976333299,
        "f1_mad": 0.007330694616316413
    },
    "9": {
        "loss_median": 0.4057907958825429,
        "loss_mad": 0.011380632718404116,
        "accuracy_median": 0.9283333420753479,
        "accuracy_mad": 0.009999990463256836,
        "f1_median": 0.8931346350361137,
        "f1_mad": 0.0029309199686156084
    },
    "10": {
        "loss_median": 0.40139599641164136,
        "loss_mad": 0.011537124713261848,
        "accuracy_median": 0.9316666722297668,
        "accuracy_mad": 0.0033333301544189453,
        "f1_median": 0.9058236765281983,
        "f1_mad": 0.0037481581575632417
    }
}