{
   "info": {
      "strategy": "FedProx",
      "seed": 3,
      "sampling_seed": 3,
      "local_epochs": 2,
      "mu": 0.03,
      "eta_l": 0.3,
      "num_rounds": 10,
      "num_clients": 5,
      "iid": true,
      "alpha": null,
      "training_mode": "noiseless",
      "nshots": 1000,
      "model_type": "quantum"
   },
   "rounds": [
      {
         "round": 0,
         "train_metrics": {},
         "eval_metrics_client": {},
         "eval_metrics_server": {
            "accuracy": 0.47999998927116394,
            "loss": 0.7357013821601868,
            "f1_score": 0.4164515767029514
         }
      },
      {
         "round": 1,
         "train_metrics": {
            "train_loss": 0.4664837401594598,
            "train_acc": 0.8766666849454243,
            "train_f1": 0.8141673138497664,
            "drift": 1.4189562286280646
         },
         "eval_metrics_client": {
            "loss": 0.4268140494823456,
            "accuracy": 0.8666666547457376,
            "f1": 0.8042017608282204
         },
         "eval_metrics_server": {
            "accuracy": 0.8899999856948853,
            "loss": 0.425803005695343,
            "f1_score": 0.8213125406107862
         },
         "drift_metrics": {
            "drift_median": 1.4211756572243055,
            "drift_mean": 1.4189562286280646,
            "drift_max": 1.4238472704402918,
            "drift_min": 1.4118457582195962,
            "drift_per_client": [
               1.4238472704402918,
               1.4211756572243055,
               1.4118457582195962
            ]
         }
      },
      {
         "round": 2,
         "train_metrics": {
            "train_loss": 0.3582333657096989,
            "train_acc": 0.9533333381017048,
            "train_f1": 0.9193792851081853,
            "drift": 0.5704602707361541
         },
         "eval_metrics_client": {
            "loss": 0.393362412850062,
            "accuracy": 0.9050000111262003,
            "f1": 0.8471612561680717
         },
         "eval_metrics_server": {
            "accuracy": 0.9350000023841858,
            "loss": 0.37718018889427185,
            "f1_score": 0.8834655551073461
         },
         "drift_metrics": {
            "drift_median": 0.5610645235993846,
            "drift_mean": 0.5704602707361542,
            "drift_max": 0.6512826595833681,
            "drift_min": 0.4990336290257099,
            "drift_per_client": [
               0.4990336290257099,
               0.6512826595833681,
               0.5610645235993846
            ]
         }
      },
      {
         "round": 3,
         "train_metrics": {
            "train_loss": 0.3564983587236644,
            "train_acc": 0.946666677792867,
            "train_f1": 0.8888375186015839,
            "drift": 0.2725023859378338
         },
         "eval_metrics_client": {
            "loss": 0.38100652893384296,
            "accuracy": 0.9099999864896138,
            "f1": 0.8322715410648964
         },
         "eval_metrics_server": {
            "accuracy": 0.9399999976158142,
            "loss": 0.371196448802948,
            "f1_score": 0.8883928571428572
         },
         "drift_metrics": {
            "drift_median": 0.2690616544012141,
            "drift_mean": 0.2725023859378338,
            "drift_max": 0.31874094941444503,
            "drift_min": 0.22970455399784234,
            "drift_per_client": [
               0.2690616544012141,
               0.22970455399784234,
               0.31874094941444503
            ]
         }
      },
      {
         "round": 4,
         "train_metrics": {
            "train_loss": 0.37050323680089614,
            "train_acc": 0.8999999761581421,
            "train_f1": 0.8274079526330791,
            "drift": 0.24283166805131723
         },
         "eval_metrics_client": {
            "loss": 0.37121773759524024,
            "accuracy": 0.9150000214576721,
            "f1": 0.8430843911758014
         },
         "eval_metrics_server": {
            "accuracy": 0.9350000023841858,
            "loss": 0.37002286314964294,
            "f1_score": 0.8805970149253732
         },
         "drift_metrics": {
            "drift_median": 0.20204611099888867,
            "drift_mean": 0.24283166805131726,
            "drift_max": 0.36293666744590275,
            "drift_min": 0.1635122257091603,
            "drift_per_client": [
               0.20204611099888867,
               0.36293666744590275,
               0.1635122257091603
            ]
         }
      },
      {
         "round": 5,
         "train_metrics": {
            "train_loss": 0.38104767065193146,
            "train_acc": 0.8833333253860474,
            "train_f1": 0.7975852724085626,
            "drift": 0.24956216304208628
         },
         "eval_metrics_client": {
            "loss": 0.3729982078075409,
            "accuracy": 0.9066666762034098,
            "f1": 0.822638010809869
         },
         "eval_metrics_server": {
            "accuracy": 0.9350000023841858,
            "loss": 0.36938735842704773,
            "f1_score": 0.8805970149253732
         },
         "drift_metrics": {
            "drift_median": 0.23007231157256852,
            "drift_mean": 0.24956216304208634,
            "drift_max": 0.30598417931255867,
            "drift_min": 0.21262999824113174,
            "drift_per_client": [
               0.21262999824113174,
               0.23007231157256852,
               0.30598417931255867
            ]
         }
      },
      {
         "round": 6,
         "train_metrics": {
            "train_loss": 0.362547023094952,
            "train_acc": 0.8999999960263569,
            "train_f1": 0.8371861313197662,
            "drift": 0.23074133430308363
         },
         "eval_metrics_client": {
            "loss": 0.3754098812739054,
            "accuracy": 0.9050000111262003,
            "f1": 0.8311112777949141
         },
         "eval_metrics_server": {
            "accuracy": 0.9350000023841858,
            "loss": 0.3695300221443176,
            "f1_score": 0.8805970149253732
         },
         "drift_metrics": {
            "drift_median": 0.22227431916041993,
            "drift_mean": 0.23074133430308366,
            "drift_max": 0.3120062457743451,
            "drift_min": 0.15794343797448593,
            "drift_per_client": [
               0.22227431916041993,
               0.3120062457743451,
               0.15794343797448593
            ]
         }
      },
      {
         "round": 7,
         "train_metrics": {
            "train_loss": 0.3450861083413393,
            "train_acc": 0.9366666674613953,
            "train_f1": 0.8831043061317536,
            "drift": 0.17398405185421378
         },
         "eval_metrics_client": {
            "loss": 0.38316190242767334,
            "accuracy": 0.9099999864896138,
            "f1": 0.8470996569406586
         },
         "eval_metrics_server": {
            "accuracy": 0.9399999976158142,
            "loss": 0.36951905488967896,
            "f1_score": 0.8883928571428572
         },
         "drift_metrics": {
            "drift_median": 0.15266083658462945,
            "drift_mean": 0.1739840518542138,
            "drift_max": 0.25302943023593283,
            "drift_min": 0.11626188874207913,
            "drift_per_client": [
               0.15266083658462945,
               0.25302943023593283,
               0.11626188874207913
            ]
         }
      },
      {
         "round": 8,
         "train_metrics": {
            "train_loss": 0.3526993719883553,
            "train_acc": 0.9266666571299235,
            "train_f1": 0.8374704580104272,
            "drift": 0.1540017219218825
         },
         "eval_metrics_client": {
            "loss": 0.3775407075881958,
            "accuracy": 0.9049999912579854,
            "f1": 0.8196814422292211
         },
         "eval_metrics_server": {
            "accuracy": 0.9300000071525574,
            "loss": 0.3691510856151581,