{
   "info": {
      "strategy": "FedProx",
      "seed": 4,
      "sampling_seed": 4,
      "local_epochs": 2,
      "mu": 0.03,
      "eta_l": 0.3,
      "num_rounds": 10,
      "num_clients": 5,
      "iid": true,
      "alpha": null,
      "training_mode": "noiseless",
      "nshots": 1000,
      "model_type": "quantum"
   },
   "rounds": [
      {
         "round": 0,
         "train_metrics": {},
         "eval_metrics_client": {},
         "eval_metrics_server": {
            "accuracy": 0.6700000166893005,
            "loss": 0.6031970381736755,
            "f1_score": 0.6268656716417911
         }
      },
      {
         "round": 1,
         "train_metrics": {
            "train_loss": 0.4739110260462225,
            "train_acc": 0.8799999952316283,
            "train_f1": 0.8389422807764011,
            "drift": 1.128607952863595
         },
         "eval_metrics_client": {
            "loss": 0.4441960354646046,
            "accuracy": 0.8783333301544188,
            "f1": 0.8419217155438528
         },
         "eval_metrics_server": {
            "accuracy": 0.875,
            "loss": 0.4422222077846527,
            "f1_score": 0.8274374460742019
         },
         "drift_metrics": {
            "drift_median": 1.095100978330945,
            "drift_mean": 1.128607952863595,
            "drift_max": 1.1983172926584478,
            "drift_min": 1.0924055876013925,
            "drift_per_client": [
               1.095100978330945,
               1.1983172926584478,
               1.0924055876013925
            ]
         }
      },
      {
         "round": 2,
         "train_metrics": {
            "train_loss": 0.37895820828127125,
            "train_acc": 0.9100000063578287,
            "train_f1": 0.8848436587995965,
            "drift": 0.6485078740262005
         },
         "eval_metrics_client": {
            "loss": 0.38876533508300776,
            "accuracy": 0.9150000015894572,
            "f1": 0.8878549922099379
         },
         "eval_metrics_server": {
            "accuracy": 0.9049999713897705,
            "loss": 0.388292133808136,
            "f1_score": 0.8604531600014689
         },
         "drift_metrics": {
            "drift_median": 0.6700291277665554,
            "drift_mean": 0.6485078740262006,
            "drift_max": 0.7243423363667385,
            "drift_min": 0.5511521579453076,
            "drift_per_client": [
               0.6700291277665554,
               0.5511521579453076,
               0.7243423363667385
            ]
         }
      },
      {
         "round": 3,
         "train_metrics": {
            "train_loss": 0.3559084616606095,
            "train_acc": 0.9133333365122477,
            "train_f1": 0.8812238318960174,
            "drift": 0.5200165473754441
         },
         "eval_metrics_client": {
            "loss": 0.3487948377927144,
            "accuracy": 0.9166666666666666,
            "f1": 0.882567073247847
         },
         "eval_metrics_server": {
            "accuracy": 0.9300000071525574,
            "loss": 0.35056835412979126,
            "f1_score": 0.8980186480186481
         },
         "drift_metrics": {
            "drift_median": 0.5222671469477626,
            "drift_mean": 0.5200165473754441,
            "drift_max": 0.5666405575116147,
            "drift_min": 0.47114193766695517,
            "drift_per_client": [
               0.47114193766695517,
               0.5222671469477626,
               0.5666405575116147
            ]
         }
      },
      {
         "round": 4,
         "train_metrics": {
            "train_loss": 0.32712760308975214,
            "train_acc": 0.9300000071525574,
            "train_f1": 0.8913228181520864,
            "drift": 0.4293740672982731
         },
         "eval_metrics_client": {
            "loss": 0.32943105697631836,
            "accuracy": 0.9333333373069763,
            "f1": 0.9014263390439927
         },
         "eval_metrics_server": {
            "accuracy": 0.949999988079071,
            "loss": 0.32621100544929504,
            "f1_score": 0.9246534056660639
         },
         "drift_metrics": {
            "drift_median": 0.4102234389242233,
            "drift_mean": 0.4293740672982731,
            "drift_max": 0.5165172748075356,
            "drift_min": 0.3613814881630604,
            "drift_per_client": [
               0.5165172748075356,
               0.4102234389242233,
               0.3613814881630604
            ]
         }
      },
      {
         "round": 5,
         "train_metrics": {
            "train_loss": 0.3004157242495803,
            "train_acc": 0.943333347638448,
            "train_f1": 0.9050314400261378,
            "drift": 0.2899002015582456
         },
         "eval_metrics_client": {
            "loss": 0.3154571255048116,
            "accuracy": 0.9516666531562805,
            "f1": 0.9260912031699708
         },
         "eval_metrics_server": {
            "accuracy": 0.9549999833106995,
            "loss": 0.31489092111587524,
            "f1_score": 0.9303378613723441
         },
         "drift_metrics": {
            "drift_median": 0.2726297783602977,
            "drift_mean": 0.28990020155824553,
            "drift_max": 0.3646386068839342,
            "drift_min": 0.2324322194305048,
            "drift_per_client": [
               0.3646386068839342,
               0.2324322194305048,
               0.2726297783602977
            ]
         }
      },
      {
         "round": 6,
         "train_metrics": {
            "train_loss": 0.29359817733860627,
            "train_acc": 0.9533333381017048,
            "train_f1": 0.9316840837308673,
            "drift": 0.2503594988473725
         },
         "eval_metrics_client": {
            "loss": 0.30385042230288184,
            "accuracy": 0.9516666531562805,
            "f1": 0.9298596740002949
         },
         "eval_metrics_server": {
            "accuracy": 0.9399999976158142,
            "loss": 0.31166788935661316,
            "f1_score": 0.907961343764381
         },
         "drift_metrics": {
            "drift_median": 0.2610088804812775,
            "drift_mean": 0.2503594988473725,
            "drift_max": 0.3187508219313258,
            "drift_min": 0.1713187941295142,
            "drift_per_client": [
               0.2610088804812775,
               0.3187508219313258,
               0.1713187941295142
            ]
         }
      },
      {
         "round": 7,
         "train_metrics": {
            "train_loss": 0.3036942114403903,
            "train_acc": 0.9300000071525573,
            "train_f1": 0.9081809065858145,
            "drift": 0.20657201607576597
         },
         "eval_metrics_client": {
            "loss": 0.3035760919253031,
            "accuracy": 0.9383333325386047,
            "f1": 0.914811410500574
         },
         "eval_metrics_server": {
            "accuracy": 0.9399999976158142,
            "loss": 0.3119342625141144,
            "f1_score": 0.9111242778847578
         },
         "drift_metrics": {
            "drift_median": 0.21212038681247017,
            "drift_mean": 0.206572016075766,
            "drift_max": 0.2722440242028843,
            "drift_min": 0.13535163721194352,
            "drift_per_client": [
               0.13535163721194352,
               0.2722440242028843,
               0.21212038681247017
            ]
         }
      },
      {
         "round": 8,
         "train_metrics": {
            "train_loss": 0.3183344530856993,
            "train_acc": 0.9166666666666666,
            "train_f1": 0.8843578643578643,
            "drift": 0.22641393637600568
         },
         "eval_metrics_client": {
            "loss": 0.3071887989838918,
            "accuracy": 0.9366666674613953,
            "f1": 0.9063455458819554
         },
         "eval_metrics_server": {
            "accuracy": 0.949999988079071,
            "loss": 0.30928346514701843,
            "f1_score": 0.9246534056660639
         },