{
   "info": {
      "strategy": "FedProx",
      "seed": 7,
      "sampling_seed": 7,
      "local_epochs": 2,
      "mu": 0.03,
      "eta_l": 0.3,
      "num_rounds": 10,
      "num_clients": 5,
      "iid": true,
      "alpha": null,
      "training_mode": "noiseless",
      "nshots": 1000,
      "model_type": "quantum"
   },
   "rounds": [
      {
         "round": 0,
         "train_metrics": {},
         "eval_metrics_client": {},
         "eval_metrics_server": {
            "accuracy": 0.4950000047683716,
            "loss": 0.7266889214515686,
            "f1_score": 0.46807109940750496
         }
      },
      {
         "round": 1,
         "train_metrics": {
            "train_loss": 0.4881487238649312,
            "train_acc": 0.8799999952316284,
            "train_f1": 0.8422146133183921,
            "drift": 1.4846000181860122
         },
         "eval_metrics_client": {
            "loss": 0.4142733017603556,
            "accuracy": 0.8749999999999999,
            "f1": 0.8383078087876142
         },
         "eval_metrics_server": {
            "accuracy": 0.8650000095367432,
            "loss": 0.42171740531921387,
            "f1_score": 0.8162702868224967
         },
         "drift_metrics": {
            "drift_median": 1.5182696653498586,
            "drift_mean": 1.4846000181860122,
            "drift_max": 1.522558161484992,
            "drift_min": 1.4129722277231864,
            "drift_per_client": [
               1.4129722277231864,
               1.5182696653498586,
               1.522558161484992
            ]
         }
      },
      {
         "round": 2,
         "train_metrics": {
            "train_loss": 0.35751818018472564,
            "train_acc": 0.9199999968210856,
            "train_f1": 0.8838474741573719,
            "drift": 0.7238402871260522
         },
         "eval_metrics_client": {
            "loss": 0.34135187665621436,
            "accuracy": 0.9283333420753479,
            "f1": 0.8948194909149647
         },
         "eval_metrics_server": {
            "accuracy": 0.9350000023841858,
            "loss": 0.3446739912033081,
            "f1_score": 0.8993769108711638
         },
         "drift_metrics": {
            "drift_median": 0.7056912645816419,
            "drift_mean": 0.7238402871260522,
            "drift_max": 0.83806263781338,
            "drift_min": 0.6277669589831346,
            "drift_per_client": [
               0.83806263781338,
               0.7056912645816419,
               0.6277669589831346
            ]
         }
      },
      {
         "round": 3,
         "train_metrics": {
            "train_loss": 0.32747502050787125,
            "train_acc": 0.9300000071525574,
            "train_f1": 0.8908859579000628,
            "drift": 0.4323665711989678
         },
         "eval_metrics_client": {
            "loss": 0.32613518834114075,
            "accuracy": 0.9399999976158142,
            "f1": 0.9090070012050226
         },
         "eval_metrics_server": {
            "accuracy": 0.9449999928474426,
            "loss": 0.3206239342689514,
            "f1_score": 0.9148573861217539
         },
         "drift_metrics": {
            "drift_median": 0.4091329397683984,
            "drift_mean": 0.4323665711989679,
            "drift_max": 0.4869076352014579,
            "drift_min": 0.4010591386270472,
            "drift_per_client": [
               0.4091329397683984,
               0.4869076352014579,
               0.4010591386270472
            ]
         }
      },
      {
         "round": 4,
         "train_metrics": {
            "train_loss": 0.3129295251555101,
            "train_acc": 0.9366666674613953,
            "train_f1": 0.9032967434903907,
            "drift": 0.21862650535589204
         },
         "eval_metrics_client": {
            "loss": 0.3188759883244832,
            "accuracy": 0.9350000023841858,
            "f1": 0.9040988313670343
         },
         "eval_metrics_server": {
            "accuracy": 0.949999988079071,
            "loss": 0.31462806463241577,
            "f1_score": 0.9246534056660639
         },
         "drift_metrics": {
            "drift_median": 0.23549345416585699,
            "drift_mean": 0.21862650535589204,
            "drift_max": 0.24378653047880577,
            "drift_min": 0.17659953142301335,
            "drift_per_client": [
               0.17659953142301335,
               0.24378653047880577,
               0.23549345416585699
            ]
         }
      },
      {
         "round": 5,
         "train_metrics": {
            "train_loss": 0.305782795445784,
            "train_acc": 0.9366666674613953,
            "train_f1": 0.9127276410109858,
            "drift": 0.18287623877414882
         },
         "eval_metrics_client": {
            "loss": 0.30692131320635474,
            "accuracy": 0.9399999976158142,
            "f1": 0.9159319484420346
         },
         "eval_metrics_server": {
            "accuracy": 0.949999988079071,
            "loss": 0.31260350346565247,
            "f1_score": 0.9246534056660639
         },
         "drift_metrics": {
            "drift_median": 0.17100865165551468,
            "drift_mean": 0.18287623877414882,
            "drift_max": 0.26166498502982055,
            "drift_min": 0.11595507963711127,
            "drift_per_client": [
               0.11595507963711127,
               0.26166498502982055,
               0.17100865165551468
            ]
         }
      },
      {
         "round": 6,
         "train_metrics": {
            "train_loss": 0.29807260368877747,
            "train_acc": 0.9399999976158142,
            "train_f1": 0.911300269624214,
            "drift": 0.18185024455054288
         },
         "eval_metrics_client": {
            "loss": 0.30084409316380817,
            "accuracy": 0.9483333230018616,
            "f1": 0.9243706903593804
         },
         "eval_metrics_server": {
            "accuracy": 0.9449999928474426,
            "loss": 0.30983516573905945,
            "f1_score": 0.9178338001867414
         },
         "drift_metrics": {
            "drift_median": 0.19809595000622715,
            "drift_mean": 0.18185024455054288,
            "drift_max": 0.2510487185267759,
            "drift_min": 0.09640606511862561,
            "drift_per_client": [
               0.19809595000622715,
               0.09640606511862561,
               0.2510487185267759
            ]
         }
      },
      {
         "round": 7,
         "train_metrics": {
            "train_loss": 0.31154808376104676,
            "train_acc": 0.9333333373069763,
            "train_f1": 0.8981775672787864,
            "drift": 0.18519457887224575
         },
         "eval_metrics_client": {
            "loss": 0.3049055834611257,
            "accuracy": 0.9466666579246521,
            "f1": 0.9173366422186131
         },
         "eval_metrics_server": {
            "accuracy": 0.949999988079071,
            "loss": 0.30765339732170105,
            "f1_score": 0.9233011198036509
         },
         "drift_metrics": {
            "drift_median": 0.19411827647539348,
            "drift_mean": 0.18519457887224577,
            "drift_max": 0.2029391420310567,
            "drift_min": 0.1585263181102871,
            "drift_per_client": [
               0.19411827647539348,
               0.1585263181102871,
               0.2029391420310567
            ]
         }
      },
      {
         "round": 8,
         "train_metrics": {
            "train_loss": 0.31088180301568735,
            "train_acc": 0.9333333373069763,
            "train_f1": 0.8949876981357863,
            "drift": 0.17120418958231004
         },
         "eval_metrics_client": {
            "loss": 0.31272597114245093,
            "accuracy": 0.9366666674613953,
            "f1": 0.9035673573681353
         },
         "eval_metrics_server": {
            "accuracy": 0.949999988079071,
            "loss": 0.3076709806919098,