{
   "info": {
      "strategy": "FedProx",
      "seed": 1,
      "sampling_seed": 1,
      "local_epochs": 2,
      "mu": 0.03,
      "eta_l": 0.3,
      "num_rounds": 10,
      "num_clients": 5,
      "iid": true,
      "alpha": null,
      "training_mode": "noiseless",
      "nshots": 1000,
      "model_type": "quantum"
   },
   "rounds": [
      {
         "round": 0,
         "train_metrics": {},
         "eval_metrics_client": {},
         "eval_metrics_server": {
            "accuracy": 0.6150000095367432,
            "loss": 0.6220965385437012,
            "f1_score": 0.548002700243609
         }
      },
      {
         "round": 1,
         "train_metrics": {
            "train_loss": 0.544373628995043,
            "train_acc": 0.8266666531562805,
            "train_f1": 0.7736347736347736,
            "drift": 0.8778761690391329
         },
         "eval_metrics_client": {
            "loss": 0.5048956573009491,
            "accuracy": 0.7983333269755045,
            "f1": 0.7576482394110151
         },
         "eval_metrics_server": {
            "accuracy": 0.8299999833106995,
            "loss": 0.5186858177185059,
            "f1_score": 0.7702392215164211
         },
         "drift_metrics": {
            "drift_median": 0.8948337241023857,
            "drift_mean": 0.877876169039133,
            "drift_max": 0.8987402446940571,
            "drift_min": 0.840054538320956,
            "drift_per_client": [
               0.8987402446940571,
               0.840054538320956,
               0.8948337241023857
            ]
         }
      },
      {
         "round": 2,
         "train_metrics": {
            "train_loss": 0.43991580984032774,
            "train_acc": 0.850000003973643,
            "train_f1": 0.8038260204231877,
            "drift": 0.6646004397215076
         },
         "eval_metrics_client": {
            "loss": 0.43825410803159076,
            "accuracy": 0.8416666785875956,
            "f1": 0.7974019284200158
         },
         "eval_metrics_server": {
            "accuracy": 0.8700000047683716,
            "loss": 0.45766669511795044,
            "f1_score": 0.8192184675288555
         },
         "drift_metrics": {
            "drift_median": 0.6878416935560352,
            "drift_mean": 0.6646004397215076,
            "drift_max": 0.781996663757767,
            "drift_min": 0.5239629618507207,
            "drift_per_client": [
               0.5239629618507207,
               0.781996663757767,
               0.6878416935560352
            ]
         }
      },
      {
         "round": 3,
         "train_metrics": {
            "train_loss": 0.4384397114059481,
            "train_acc": 0.8400000135103861,
            "train_f1": 0.7978633703274361,
            "drift": 0.4206039765833033
         },
         "eval_metrics_client": {
            "loss": 0.4205255508422851,
            "accuracy": 0.8566666642824808,
            "f1": 0.8056472884103885
         },
         "eval_metrics_server": {
            "accuracy": 0.8650000095367432,
            "loss": 0.4369617700576782,
            "f1_score": 0.813632441760138
         },
         "drift_metrics": {
            "drift_median": 0.46601413560665966,
            "drift_mean": 0.42060397658330334,
            "drift_max": 0.4825194178386134,
            "drift_min": 0.3132783763046369,
            "drift_per_client": [
               0.46601413560665966,
               0.4825194178386134,
               0.3132783763046369
            ]
         }
      },
      {
         "round": 4,
         "train_metrics": {
            "train_loss": 0.4367711861433472,
            "train_acc": 0.846666653951009,
            "train_f1": 0.8059220956394325,
            "drift": 0.34731068143626953
         },
         "eval_metrics_client": {
            "loss": 0.42068730791409803,
            "accuracy": 0.8566666642824808,
            "f1": 0.8053439895654428
         },
         "eval_metrics_server": {
            "accuracy": 0.8600000143051147,
            "loss": 0.42497459053993225,
            "f1_score": 0.805312195800306
         },
         "drift_metrics": {
            "drift_median": 0.34415755828848466,
            "drift_mean": 0.3473106814362696,
            "drift_max": 0.452779263215259,
            "drift_min": 0.24499522280506508,
            "drift_per_client": [
               0.34415755828848466,
               0.24499522280506508,
               0.452779263215259
            ]
         }
      },
      {
         "round": 5,
         "train_metrics": {
            "train_loss": 0.4112799405359707,
            "train_acc": 0.8800000150998433,
            "train_f1": 0.825485439388385,
            "drift": 0.4207991978982993
         },
         "eval_metrics_client": {
            "loss": 0.4131523172060648,
            "accuracy": 0.8749999999999999,
            "f1": 0.8186310722158261
         },
         "eval_metrics_server": {
            "accuracy": 0.8999999761581421,
            "loss": 0.40659645199775696,
            "f1_score": 0.8466022396073017
         },
         "drift_metrics": {
            "drift_median": 0.38068364757453155,
            "drift_mean": 0.4207991978982993,
            "drift_max": 0.5180454469988923,
            "drift_min": 0.3636684991214741,
            "drift_per_client": [
               0.5180454469988923,
               0.38068364757453155,
               0.3636684991214741
            ]
         }
      },
      {
         "round": 6,
         "train_metrics": {
            "train_loss": 0.3695025283196299,
            "train_acc": 0.9433333277702332,
            "train_f1": 0.9073785654268298,
            "drift": 0.39761776396407983
         },
         "eval_metrics_client": {
            "loss": 0.3993093570073445,
            "accuracy": 0.9150000015894572,
            "f1": 0.8709245042891325
         },
         "eval_metrics_server": {
            "accuracy": 0.9399999976158142,
            "loss": 0.3877856731414795,
            "f1_score": 0.9005140109434588
         },
         "drift_metrics": {
            "drift_median": 0.3802297160097164,
            "drift_mean": 0.3976177639640799,
            "drift_max": 0.4493450673455321,
            "drift_min": 0.3632785085369911,
            "drift_per_client": [
               0.3802297160097164,
               0.4493450673455321,
               0.3632785085369911
            ]
         }
      },
      {
         "round": 7,
         "train_metrics": {
            "train_loss": 0.3605645572353004,
            "train_acc": 0.9233333269755044,
            "train_f1": 0.8872401225342401,
            "drift": 0.32170971547862665
         },
         "eval_metrics_client": {
            "loss": 0.3797131578127543,
            "accuracy": 0.9183333317438761,
            "f1": 0.871491533989986
         },
         "eval_metrics_server": {
            "accuracy": 0.9399999976158142,
            "loss": 0.378775417804718,
            "f1_score": 0.8961038961038961
         },
         "drift_metrics": {
            "drift_median": 0.31649531143708515,
            "drift_mean": 0.32170971547862665,
            "drift_max": 0.3550262714771119,
            "drift_min": 0.29360756352168293,
            "drift_per_client": [
               0.3550262714771119,
               0.29360756352168293,
               0.31649531143708515
            ]
         }
      },
      {
         "round": 8,
         "train_metrics": {
            "train_loss": 0.3746508722819569,
            "train_acc": 0.9100000063578286,
            "train_f1": 0.8562018859693278,
            "drift": 0.280695316634776
         },
         "eval_metrics_client": {
            "loss": 0.37169572710990906,
            "accuracy": 0.92166668176651,
            "f1": 0.8659184437169465
         },
         "eval_metrics_server": {
            "accuracy": 0.9350000023841858,
            "loss": 0.3736489415168762,
            "f1_score": 0.8834655551073461
         },