{
   "info": {
      "strategy": "FedAdam",
      "seed": 4,
      "sampling_seed": 4,
      "fraction_train": 0.75,
      "fraction_evaluate": 0.75,
      "local_epochs": 2,
      "num_rounds": 10,
      "num_clients": 5,
      "eta": 0.1,
      "eta_l": 0.1,
      "iid": false,
      "alpha": 1.8,
      "training_mode": "noiseless",
      "nshots": 1000,
      "model_type": "quantum"
   },
   "rounds": [
      {
         "round": 0,
         "train_metrics": {},
         "eval_metrics_client": {},
         "eval_metrics_server": {
            "accuracy": 0.6700000166893005,
            "loss": 0.6031970381736755,
            "f1_score": 0.6268656716417911
         }
      },
      {
         "round": 1,
         "train_metrics": {
            "train_loss": 0.539534582214008,
            "train_acc": 0.7830188594899088,
            "train_f1": 0.7032785652270617,
            "drift": 0.569845632682763
         },
         "eval_metrics_client": {
            "loss": 0.5846364299456278,
            "accuracy": 0.6949999928474426,
            "f1": 0.6527013365209904
         },
         "eval_metrics_server": {
            "accuracy": 0.7200000286102295,
            "loss": 0.5713722109794617,
            "f1_score": 0.6634210842649357
         },
         "drift_metrics": {
            "drift_median": 0.5253602849822321,
            "drift_mean": 0.5541336274972763,
            "drift_max": 0.6596252519538244,
            "drift_min": 0.4774153455557727,
            "drift_per_client": [
               0.4774153455557727,
               0.5253602849822321,
               0.6596252519538244
            ]
         }
      },
      {
         "round": 2,
         "train_metrics": {
            "train_loss": 0.5023200339779859,
            "train_acc": 0.8386167189916891,
            "train_f1": 0.7933832766668707,
            "drift": 0.5628859375024575
         },
         "eval_metrics_client": {
            "loss": 0.5578206181526184,
            "accuracy": 0.721666673819224,
            "f1": 0.6761642051927345
         },
         "eval_metrics_server": {
            "accuracy": 0.7599999904632568,
            "loss": 0.5378158688545227,
            "f1_score": 0.69558599695586
         },
         "drift_metrics": {
            "drift_median": 0.5532833904075392,
            "drift_mean": 0.550091965412812,
            "drift_max": 0.6326439416695334,
            "drift_min": 0.46434856416136366,
            "drift_per_client": [
               0.46434856416136366,
               0.5532833904075392,
               0.6326439416695334
            ]
         }
      },
      {
         "round": 3,
         "train_metrics": {
            "train_loss": 0.4838029072429306,
            "train_acc": 0.8485804425805149,
            "train_f1": 0.8029447321429994,
            "drift": 0.49924941411415624
         },
         "eval_metrics_client": {
            "loss": 0.5198961297671,
            "accuracy": 0.7650000055631001,
            "f1": 0.7127870311032984
         },
         "eval_metrics_server": {
            "accuracy": 0.7549999952316284,
            "loss": 0.5058673620223999,
            "f1_score": 0.6874102899429044
         },
         "drift_metrics": {
            "drift_median": 0.5018209705306108,
            "drift_mean": 0.4532352527315884,
            "drift_max": 0.5860886015797385,
            "drift_min": 0.27179618608441564,
            "drift_per_client": [
               0.27179618608441564,
               0.5860886015797385,
               0.5018209705306108
            ]
         }
      },
      {
         "round": 4,
         "train_metrics": {
            "train_loss": 0.4709468674090973,
            "train_acc": 0.8617021263913905,
            "train_f1": 0.8172971743014876,
            "drift": 0.3993840016312477
         },
         "eval_metrics_client": {
            "loss": 0.4890791575113932,
            "accuracy": 0.7883333365122477,
            "f1": 0.7344527986673757
         },
         "eval_metrics_server": {
            "accuracy": 0.8100000023841858,
            "loss": 0.4786635935306549,
            "f1_score": 0.7395833333333333
         },
         "drift_metrics": {
            "drift_median": 0.4340489826332621,
            "drift_mean": 0.3724292026828669,
            "drift_max": 0.43433872433779874,
            "drift_min": 0.2488999010775399,
            "drift_per_client": [
               0.2488999010775399,
               0.4340489826332621,
               0.43433872433779874
            ]
         }
      },
      {
         "round": 5,
         "train_metrics": {
            "train_loss": 0.4344011105516406,
            "train_acc": 0.8813559279098349,
            "train_f1": 0.8193263766247069,
            "drift": 0.32277573808630367
         },
         "eval_metrics_client": {
            "loss": 0.45348474383354187,
            "accuracy": 0.8149999976158142,
            "f1": 0.7588011935546426
         },
         "eval_metrics_server": {
            "accuracy": 0.8399999737739563,
            "loss": 0.4575437903404236,
            "f1_score": 0.7706093189964158
         },
         "drift_metrics": {
            "drift_median": 0.31910812128576066,
            "drift_mean": 0.30601423270679806,
            "drift_max": 0.3818205861577436,
            "drift_min": 0.21711399067688994,
            "drift_per_client": [
               0.21711399067688994,
               0.31910812128576066,
               0.3818205861577436
            ]
         }
      },
      {
         "round": 6,
         "train_metrics": {
            "train_loss": 0.41421395993696053,
            "train_acc": 0.8993710689949539,
            "train_f1": 0.8307481800118166,
            "drift": 0.35228256339215536
         },
         "eval_metrics_client": {
            "loss": 0.44616522391637164,
            "accuracy": 0.8233333230018616,
            "f1": 0.774627384971275
         },
         "eval_metrics_server": {
            "accuracy": 0.8849999904632568,
            "loss": 0.441097229719162,
            "f1_score": 0.8364095451474092
         },
         "drift_metrics": {
            "drift_median": 0.33757493850725995,
            "drift_mean": 0.3399576437176111,
            "drift_max": 0.41610822919993895,
            "drift_min": 0.26618976344563444,
            "drift_per_client": [
               0.26618976344563444,
               0.33757493850725995,
               0.41610822919993895
            ]
         }
      },
      {
         "round": 7,
         "train_metrics": {
            "train_loss": 0.4075973604700176,
            "train_acc": 0.9020173001701619,
            "train_f1": 0.8621492804655062,
            "drift": 0.3233861659095338
         },
         "eval_metrics_client": {
            "loss": 0.43567303816477454,
            "accuracy": 0.8399999936421711,
            "f1": 0.7944983119739151
         },
         "eval_metrics_server": {
            "accuracy": 0.8949999809265137,
            "loss": 0.42701202630996704,
            "f1_score": 0.8482604140322989
         },
         "drift_metrics": {
            "drift_median": 0.31491277768496,
            "drift_mean": 0.3115612266215289,
            "drift_max": 0.38750512246806484,
            "drift_min": 0.23226577971156182,
            "drift_per_client": [
               0.23226577971156182,
               0.38750512246806484,
               0.31491277768496
            ]
         }
      },
      {
         "round": 8,
         "train_metrics": {
            "train_loss": 0.40506871983310566,
            "train_acc": 0.9148265177895218,
            "train_f1": 0.8792925712672899,
            "drift": 0.3141214345263511
         },
         "eval_metrics_client": {
            "loss": 0.4153510928153991,
            "accuracy": 0.8783333500226338,
            "f1": 0.8314411245468005
         },
         "eval_metrics_server": {
            "accuracy": 0.9049999713897705,