{
   "info": {
      "strategy": "FedAvg",
      "seed": 2,
      "init_seed": 2,
      "sampling_seed": 2,
      "data_seed": 2,
      "fraction_train": 0.75,
      "fraction_evaluate": 0.75,
      "local_epochs": 2,
      "num_rounds": 10,
      "num_clients": 5,
      "eta_l": 0.3,
      "iid": true,
      "alpha": null,
      "training_mode": "noiseless",
      "nshots": 500,
      "model_type": "quantum"
   },
   "rounds": [
      {
         "round": 0,
         "train_metrics": {},
         "eval_metrics_client": {},
         "eval_metrics_server": {
            "accuracy": 0.6800000071525574,
            "loss": 0.6009007096290588,
            "f1_score": 0.6259934548854604
         }
      },
      {
         "round": 1,
         "train_metrics": {
            "train_loss": 0.5431463122367859,
            "train_acc": 0.7833333214124043,
            "train_f1": 0.7135444453756101,
            "drift": 0.8924005514088078
         },
         "eval_metrics_client": {
            "loss": 0.4978086650371551,
            "accuracy": 0.7766666611035664,
            "f1": 0.7220686015898637
         },
         "eval_metrics_server": {
            "accuracy": 0.800000011920929,
            "loss": 0.515673041343689,
            "f1_score": 0.7432935438326274
         },
         "drift_metrics": {
            "drift_median": 0.8683231824247556,
            "drift_mean": 0.8924005514088078,
            "drift_max": 0.9503346148414586,
            "drift_min": 0.8585438569602092,
            "drift_per_client": [
               0.8585438569602092,
               0.8683231824247556,
               0.9503346148414586
            ]
         }
      },
      {
         "round": 2,
         "train_metrics": {
            "train_loss": 0.44733338019786734,
            "train_acc": 0.9100000063578287,
            "train_f1": 0.8612383923790112,
            "drift": 0.8908897972080034
         },
         "eval_metrics_client": {
            "loss": 0.4087463617324829,
            "accuracy": 0.9116666714350382,
            "f1": 0.8728970149870756
         },
         "eval_metrics_server": {
            "accuracy": 0.8849999904632568,
            "loss": 0.42776620388031006,
            "f1_score": 0.8364095451474092
         },
         "drift_metrics": {
            "drift_median": 0.8249623469712154,
            "drift_mean": 0.8908897972080035,
            "drift_max": 1.0535533560652761,
            "drift_min": 0.7941536885875191,
            "drift_per_client": [
               0.8249623469712154,
               0.7941536885875191,
               1.0535533560652761
            ]
         }
      },
      {
         "round": 3,
         "train_metrics": {
            "train_loss": 0.353630821674298,
            "train_acc": 0.9299999872843424,
            "train_f1": 0.9020423182902988,
            "drift": 0.8153617659744319
         },
         "eval_metrics_client": {
            "loss": 0.3485853870709737,
            "accuracy": 0.9399999976158142,
            "f1": 0.915963167267515
         },
         "eval_metrics_server": {
            "accuracy": 0.9300000071525574,
            "loss": 0.3575030565261841,
            "f1_score": 0.8926215677251113
         },
         "drift_metrics": {
            "drift_median": 0.8558821659725266,
            "drift_mean": 0.815361765974432,
            "drift_max": 0.8619231984741393,
            "drift_min": 0.72827993347663,
            "drift_per_client": [
               0.8619231984741393,
               0.8558821659725266,
               0.72827993347663
            ]
         }
      },
      {
         "round": 4,
         "train_metrics": {
            "train_loss": 0.3233558027408062,
            "train_acc": 0.9333333373069763,
            "train_f1": 0.9121384549080032,
            "drift": 0.43144421812357214
         },
         "eval_metrics_client": {
            "loss": 0.32466021180152893,
            "accuracy": 0.9350000023841858,
            "f1": 0.9114556650093601
         },
         "eval_metrics_server": {
            "accuracy": 0.9300000071525574,
            "loss": 0.32948413491249084,
            "f1_score": 0.8926215677251113
         },
         "drift_metrics": {
            "drift_median": 0.4180113840947421,
            "drift_mean": 0.4314442181235722,
            "drift_max": 0.4630402351327432,
            "drift_min": 0.4132810351432312,
            "drift_per_client": [
               0.4180113840947421,
               0.4132810351432312,
               0.4630402351327432
            ]
         }
      },
      {
         "round": 5,
         "train_metrics": {
            "train_loss": 0.3251451647434479,
            "train_acc": 0.9166666865348816,
            "train_f1": 0.8857700987700476,
            "drift": 0.3282800691215144
         },
         "eval_metrics_client": {
            "loss": 0.31376025080680847,
            "accuracy": 0.9366666674613953,
            "f1": 0.907566939639308
         },
         "eval_metrics_server": {
            "accuracy": 0.9449999928474426,
            "loss": 0.31541338562965393,
            "f1_score": 0.9163847820303295
         },
         "drift_metrics": {
            "drift_median": 0.3258396392399134,
            "drift_mean": 0.3282800691215145,
            "drift_max": 0.3868482382745573,
            "drift_min": 0.2721523298500727,
            "drift_per_client": [
               0.2721523298500727,
               0.3868482382745573,
               0.3258396392399134
            ]
         }
      },
      {
         "round": 6,
         "train_metrics": {
            "train_loss": 0.31187903040494674,
            "train_acc": 0.9300000071525574,
            "train_f1": 0.8929720965959186,
            "drift": 0.276490071600311
         },
         "eval_metrics_client": {
            "loss": 0.31397130091985065,
            "accuracy": 0.9399999976158142,
            "f1": 0.9085899829449502
         },
         "eval_metrics_server": {
            "accuracy": 0.9549999833106995,
            "loss": 0.31012359261512756,
            "f1_score": 0.9303378613723441
         },
         "drift_metrics": {
            "drift_median": 0.2761059808514935,
            "drift_mean": 0.2764900716003111,
            "drift_max": 0.31959891987495315,
            "drift_min": 0.2337653140744866,
            "drift_per_client": [
               0.2761059808514935,
               0.2337653140744866,
               0.31959891987495315
            ]
         }
      },
      {
         "round": 7,
         "train_metrics": {
            "train_loss": 0.2972666672789133,
            "train_acc": 0.9433333277702332,
            "train_f1": 0.9057058176888506,
            "drift": 0.2105772761315162
         },
         "eval_metrics_client": {
            "loss": 0.30959954857826233,
            "accuracy": 0.949999988079071,
            "f1": 0.9232766252760052
         },
         "eval_metrics_server": {
            "accuracy": 0.949999988079071,
            "loss": 0.3079426884651184,
            "f1_score": 0.921875
         },
         "drift_metrics": {
            "drift_median": 0.21589348256475452,
            "drift_mean": 0.2105772761315162,
            "drift_max": 0.23940818229099414,
            "drift_min": 0.17643016353879992,
            "drift_per_client": [
               0.21589348256475452,
               0.17643016353879992,
               0.23940818229099414
            ]
         }
      },
      {
         "round": 8,
         "train_metrics": {
            "train_loss": 0.29755378533632326,
            "train_acc": 0.9399999976158142,
            "train_f1": 0.9109548120264199,
            "drift": 0.18724029872719697
         },
         "eval_metrics_client": {
            "loss": 0.30268675088882446,
            "accuracy": 0.9466666579246521,
            "f1": 0.9226463792304614
         },
         "eval_metrics_server": {
            "accuracy": 0.9399999976158142,