{
   "info": {
      "strategy": "FedAvg",
      "seed": 1,
      "init_seed": 1,
      "sampling_seed": 1,
      "data_seed": 2,
      "fraction_train": 0.75,
      "fraction_evaluate": 0.75,
      "local_epochs": 2,
      "num_rounds": 10,
      "num_clients": 5,
      "eta_l": 0.3,
      "iid": true,
      "alpha": null,
      "training_mode": "noiseless",
      "nshots": 500,
      "model_type": "quantum"
   },
   "rounds": [
      {
         "round": 0,
         "train_metrics": {},
         "eval_metrics_client": {},
         "eval_metrics_server": {
            "accuracy": 0.6150000095367432,
            "loss": 0.6220965385437012,
            "f1_score": 0.548002700243609
         }
      },
      {
         "round": 1,
         "train_metrics": {
            "train_loss": 0.5299845177393694,
            "train_acc": 0.8299999833106995,
            "train_f1": 0.778137854957262,
            "drift": 0.9827289997944169
         },
         "eval_metrics_client": {
            "loss": 0.49558454751968384,
            "accuracy": 0.8116666873296101,
            "f1": 0.7696375564407044
         },
         "eval_metrics_server": {
            "accuracy": 0.8399999737739563,
            "loss": 0.5082920789718628,
            "f1_score": 0.7837545614272199
         },
         "drift_metrics": {
            "drift_median": 1.0091843469883524,
            "drift_mean": 0.9827289997944169,
            "drift_max": 1.0232122922090485,
            "drift_min": 0.9157903601858498,
            "drift_per_client": [
               1.0091843469883524,
               0.9157903601858498,
               1.0232122922090485
            ]
         }
      },
      {
         "round": 2,
         "train_metrics": {
            "train_loss": 0.4302553297617496,
            "train_acc": 0.846666673819224,
            "train_f1": 0.800461159521562,
            "drift": 0.7001738442082741
         },
         "eval_metrics_client": {
            "loss": 0.4336914221445719,
            "accuracy": 0.8433333436648051,
            "f1": 0.8010729435725785
         },
         "eval_metrics_server": {
            "accuracy": 0.8600000143051147,
            "loss": 0.45019322633743286,
            "f1_score": 0.8081140350877194
         },
         "drift_metrics": {
            "drift_median": 0.7247320862905403,
            "drift_mean": 0.7001738442082742,
            "drift_max": 0.819345118012382,
            "drift_min": 0.5564443283219004,
            "drift_per_client": [
               0.7247320862905403,
               0.819345118012382,
               0.5564443283219004
            ]
         }
      },
      {
         "round": 3,
         "train_metrics": {
            "train_loss": 0.433135062456131,
            "train_acc": 0.8433333436648051,
            "train_f1": 0.8010953767532715,
            "drift": 0.43383096345723926
         },
         "eval_metrics_client": {
            "loss": 0.4178823133309682,
            "accuracy": 0.8566666642824807,
            "f1": 0.8049503448062092
         },
         "eval_metrics_server": {
            "accuracy": 0.8650000095367432,
            "loss": 0.4322708547115326,
            "f1_score": 0.813632441760138
         },
         "drift_metrics": {
            "drift_median": 0.46397350679658533,
            "drift_mean": 0.43383096345723926,
            "drift_max": 0.5225703277068615,
            "drift_min": 0.31494905586827104,
            "drift_per_client": [
               0.5225703277068615,
               0.31494905586827104,
               0.46397350679658533
            ]
         }
      },
      {
         "round": 4,
         "train_metrics": {
            "train_loss": 0.42785765498112405,
            "train_acc": 0.8599999944368998,
            "train_f1": 0.8175217224060948,
            "drift": 0.4154486298171448
         },
         "eval_metrics_client": {
            "loss": 0.4131929576396942,
            "accuracy": 0.8700000047683715,
            "f1": 0.8184571046779919
         },
         "eval_metrics_server": {
            "accuracy": 0.8700000047683716,
            "loss": 0.4164315164089203,
            "f1_score": 0.8136200716845878
         },
         "drift_metrics": {
            "drift_median": 0.4106856183881664,
            "drift_mean": 0.41544862981714487,
            "drift_max": 0.5545490182128129,
            "drift_min": 0.28111125285045524,
            "drift_per_client": [
               0.28111125285045524,
               0.4106856183881664,
               0.5545490182128129
            ]
         }
      },
      {
         "round": 5,
         "train_metrics": {
            "train_loss": 0.395312800239294,
            "train_acc": 0.9199999968210855,
            "train_f1": 0.8733938166133604,
            "drift": 0.4966715465288222
         },
         "eval_metrics_client": {
            "loss": 0.4020431538422902,
            "accuracy": 0.9033333261807759,
            "f1": 0.8444572179504676
         },
         "eval_metrics_server": {
            "accuracy": 0.9399999976158142,
            "loss": 0.39261311292648315,
            "f1_score": 0.9005140109434588
         },
         "drift_metrics": {
            "drift_median": 0.44305907859404564,
            "drift_mean": 0.4966715465288223,
            "drift_max": 0.6047281866320849,
            "drift_min": 0.44222737436033627,
            "drift_per_client": [
               0.44305907859404564,
               0.44222737436033627,
               0.6047281866320849
            ]
         }
      },
      {
         "round": 6,
         "train_metrics": {
            "train_loss": 0.35779189872436035,
            "train_acc": 0.943333347638448,
            "train_f1": 0.9018633203961036,
            "drift": 0.37870187773965247
         },
         "eval_metrics_client": {
            "loss": 0.39252091447512305,
            "accuracy": 0.9199999968210856,
            "f1": 0.8689188135670596
         },
         "eval_metrics_server": {
            "accuracy": 0.9449999928474426,
            "loss": 0.3780607283115387,
            "f1_score": 0.9013939312446775
         },
         "drift_metrics": {
            "drift_median": 0.3611464563958971,
            "drift_mean": 0.37870187773965247,
            "drift_max": 0.42526789712697083,
            "drift_min": 0.3496912796960895,
            "drift_per_client": [
               0.3496912796960895,
               0.3611464563958971,
               0.42526789712697083
            ]
         }
      },
      {
         "round": 7,
         "train_metrics": {
            "train_loss": 0.35714932129933286,
            "train_acc": 0.9233333269755044,
            "train_f1": 0.8846223979110268,
            "drift": 0.29477419110991016
         },
         "eval_metrics_client": {
            "loss": 0.376135249932607,
            "accuracy": 0.9150000015894572,
            "f1": 0.8603414473475353
         },
         "eval_metrics_server": {
            "accuracy": 0.9350000023841858,
            "loss": 0.37428605556488037,
            "f1_score": 0.8834655551073461
         },
         "drift_metrics": {
            "drift_median": 0.247999207189226,
            "drift_mean": 0.29477419110991016,
            "drift_max": 0.40306532004992457,
            "drift_min": 0.23325804609057998,
            "drift_per_client": [
               0.247999207189226,
               0.23325804609057998,
               0.40306532004992457
            ]
         }
      },
      {
         "round": 8,
         "train_metrics": {
            "train_loss": 0.37241990291155297,
            "train_acc": 0.9100000262260437,
            "train_f1": 0.8516162264831465,
            "drift": 0.27284344954008666
         },
         "eval_metrics_client": {
            "loss": 0.3701724906762441,
            "accuracy": 0.9199999968210856,
            "f1": 0.8617254238293728
         },
         "eval_metrics_server": {
            "accuracy": 0.9300000071525574,