{
   "info": {
      "strategy": "FedAvg",
      "seed": 3,
      "init_seed": 3,
      "sampling_seed": 3,
      "data_seed": 2,
      "fraction_train": 0.75,
      "fraction_evaluate": 0.75,
      "local_epochs": 2,
      "num_rounds": 10,
      "num_clients": 5,
      "eta_l": 0.3,
      "iid": true,
      "alpha": null,
      "training_mode": "noiseless",
      "nshots": 500,
      "model_type": "quantum"
   },
   "rounds": [
      {
         "round": 0,
         "train_metrics": {},
         "eval_metrics_client": {},
         "eval_metrics_server": {
            "accuracy": 0.47999998927116394,
            "loss": 0.7357013821601868,
            "f1_score": 0.4164515767029514
         }
      },
      {
         "round": 1,
         "train_metrics": {
            "train_loss": 0.4303939938545227,
            "train_acc": 0.893333335717519,
            "train_f1": 0.8386271654951685,
            "drift": 1.547045731314007
         },
         "eval_metrics_client": {
            "loss": 0.41088917851448054,
            "accuracy": 0.8799999952316283,
            "f1": 0.8216337760877535
         },
         "eval_metrics_server": {
            "accuracy": 0.8999999761581421,
            "loss": 0.40971192717552185,
            "f1_score": 0.834190018239098
         },
         "drift_metrics": {
            "drift_median": 1.5463881047371713,
            "drift_mean": 1.5470457313140071,
            "drift_max": 1.5515938810947008,
            "drift_min": 1.543155208110149,
            "drift_per_client": [
               1.5463881047371713,
               1.5515938810947008,
               1.543155208110149
            ]
         }
      },
      {
         "round": 2,
         "train_metrics": {
            "train_loss": 0.35076923286303496,
            "train_acc": 0.9399999777475992,
            "train_f1": 0.8948137520590892,
            "drift": 0.537593522729511
         },
         "eval_metrics_client": {
            "loss": 0.39024325211842853,
            "accuracy": 0.9116666714350382,
            "f1": 0.8551704754981957
         },
         "eval_metrics_server": {
            "accuracy": 0.9399999976158142,
            "loss": 0.3745664954185486,
            "f1_score": 0.8911268372346217
         },
         "drift_metrics": {
            "drift_median": 0.5287951414786,
            "drift_mean": 0.537593522729511,
            "drift_max": 0.6154412612042712,
            "drift_min": 0.46854416550566197,
            "drift_per_client": [
               0.46854416550566197,
               0.6154412612042712,
               0.5287951414786
            ]
         }
      },
      {
         "round": 3,
         "train_metrics": {
            "train_loss": 0.3538276686882361,
            "train_acc": 0.9399999976158142,
            "train_f1": 0.8724012128776613,
            "drift": 0.26573519679444274
         },
         "eval_metrics_client": {
            "loss": 0.382268617550532,
            "accuracy": 0.9016666611035664,
            "f1": 0.8116238104327433
         },
         "eval_metrics_server": {
            "accuracy": 0.9399999976158142,
            "loss": 0.3706817328929901,
            "f1_score": 0.8883928571428572
         },
         "drift_metrics": {
            "drift_median": 0.2538594283012036,
            "drift_mean": 0.2657351967944428,
            "drift_max": 0.30356973630536066,
            "drift_min": 0.23977642577676403,
            "drift_per_client": [
               0.30356973630536066,
               0.23977642577676403,
               0.2538594283012036
            ]
         }
      },
      {
         "round": 4,
         "train_metrics": {
            "train_loss": 0.36884579711999643,
            "train_acc": 0.9033333261807759,
            "train_f1": 0.8245790008086251,
            "drift": 0.2497059591307093
         },
         "eval_metrics_client": {
            "loss": 0.37287001808484393,
            "accuracy": 0.9066666563351948,
            "f1": 0.8245868549219946
         },
         "eval_metrics_server": {
            "accuracy": 0.9300000071525574,
            "loss": 0.37002989649772644,
            "f1_score": 0.8697916666666667
         },
         "drift_metrics": {
            "drift_median": 0.20603035769418732,
            "drift_mean": 0.24970595913070928,
            "drift_max": 0.38807517045629264,
            "drift_min": 0.155012349241648,
            "drift_per_client": [
               0.20603035769418732,
               0.38807517045629264,
               0.155012349241648
            ]
         }
      },
      {
         "round": 5,
         "train_metrics": {
            "train_loss": 0.37942718198666203,
            "train_acc": 0.8833333253860473,
            "train_f1": 0.7917440102805956,
            "drift": 0.27379269085712543
         },
         "eval_metrics_client": {
            "loss": 0.3730531533559163,
            "accuracy": 0.9116666714350382,
            "f1": 0.8312155644357304
         },
         "eval_metrics_server": {
            "accuracy": 0.9300000071525574,
            "loss": 0.3693196773529053,
            "f1_score": 0.8697916666666667
         },
         "drift_metrics": {
            "drift_median": 0.2649405274667078,
            "drift_mean": 0.2737926908571255,
            "drift_max": 0.32379897125432033,
            "drift_min": 0.23263857385034822,
            "drift_per_client": [
               0.23263857385034822,
               0.32379897125432033,
               0.2649405274667078
            ]
         }
      },
      {
         "round": 6,
         "train_metrics": {
            "train_loss": 0.3595790920349268,
            "train_acc": 0.8999999960263569,
            "train_f1": 0.8340252948874616,
            "drift": 0.25520749830469713
         },
         "eval_metrics_client": {
            "loss": 0.3745234807332356,
            "accuracy": 0.9066666563351948,
            "f1": 0.8368845342747759
         },
         "eval_metrics_server": {
            "accuracy": 0.9350000023841858,
            "loss": 0.36961138248443604,
            "f1_score": 0.8805970149253732
         },
         "drift_metrics": {
            "drift_median": 0.247942227887633,
            "drift_mean": 0.2552074983046972,
            "drift_max": 0.3371431871556823,
            "drift_min": 0.18053707987077622,
            "drift_per_client": [
               0.18053707987077622,
               0.3371431871556823,
               0.247942227887633
            ]
         }
      },
      {
         "round": 7,
         "train_metrics": {
            "train_loss": 0.3430219197120422,
            "train_acc": 0.9266666571299235,
            "train_f1": 0.8633449423642616,
            "drift": 0.19558725374906458
         },
         "eval_metrics_client": {
            "loss": 0.3829812407493591,
            "accuracy": 0.9066666762034098,
            "f1": 0.8386024276260846
         },
         "eval_metrics_server": {
            "accuracy": 0.9399999976158142,
            "loss": 0.3695875108242035,
            "f1_score": 0.8883928571428572
         },
         "drift_metrics": {
            "drift_median": 0.16939098300799185,
            "drift_mean": 0.1955872537490646,
            "drift_max": 0.2855489954070065,
            "drift_min": 0.13182178283219542,
            "drift_per_client": [
               0.2855489954070065,
               0.16939098300799185,
               0.13182178283219542
            ]
         }
      },
      {
         "round": 8,
         "train_metrics": {
            "train_loss": 0.35123592920792407,
            "train_acc": 0.9299999872843424,
            "train_f1": 0.8459979696938753,
            "drift": 0.1725768614470441
         },
         "eval_metrics_client": {
            "loss": 0.37914813558260596,
            "accuracy": 0.8999999960263569,
            "f1": 0.8058076830434485
         },
         "eval_metrics_server": {
            "accuracy": 0.9300000071525574,