{
   "info": {
      "strategy": "FedAvg",
      "seed": 2,
      "init_seed": 2,
      "sampling_seed": 2,
      "data_seed": 2,
      "fraction_train": 0.75,
      "fraction_evaluate": 0.75,
      "local_epochs": 2,
      "num_rounds": 10,
      "num_clients": 5,
      "eta_l": 0.3,
      "iid": true,
      "alpha": null,
      "training_mode": "noiseless",
      "nshots": null,
      "model_type": "quantum"
   },
   "rounds": [
      {
         "round": 0,
         "train_metrics": {},
         "eval_metrics_client": {},
         "eval_metrics_server": {
            "accuracy": 0.6800000071525574,
            "loss": 0.6009007096290588,
            "f1_score": 0.6259934548854604
         }
      },
      {
         "round": 1,
         "train_metrics": {
            "train_loss": 0.5391319462886223,
            "train_acc": 0.7933333317438761,
            "train_f1": 0.7247050042748967,
            "drift": 0.8954013611437516
         },
         "eval_metrics_client": {
            "loss": 0.49538797140121454,
            "accuracy": 0.7733333309491475,
            "f1": 0.7187917397844197
         },
         "eval_metrics_server": {
            "accuracy": 0.7900000214576721,
            "loss": 0.5139647126197815,
            "f1_score": 0.7336377473363775
         },
         "drift_metrics": {
            "drift_median": 0.8674636729944357,
            "drift_mean": 0.8954013611437516,
            "drift_max": 0.967052249666535,
            "drift_min": 0.8516881607702842,
            "drift_per_client": [
               0.8516881607702842,
               0.967052249666535,
               0.8674636729944357
            ]
         }
      },
      {
         "round": 2,
         "train_metrics": {
            "train_loss": 0.43943422115766084,
            "train_acc": 0.9033333460489908,
            "train_f1": 0.8540954856309837,
            "drift": 0.9157886097131948
         },
         "eval_metrics_client": {
            "loss": 0.402071863412857,
            "accuracy": 0.9183333317438761,
            "f1": 0.8811209312774501
         },
         "eval_metrics_server": {
            "accuracy": 0.8849999904632568,
            "loss": 0.4212738871574402,
            "f1_score": 0.8364095451474092
         },
         "drift_metrics": {
            "drift_median": 0.8541163810248014,
            "drift_mean": 0.9157886097131948,
            "drift_max": 1.0590468758757376,
            "drift_min": 0.8342025722390455,
            "drift_per_client": [
               1.0590468758757376,
               0.8541163810248014,
               0.8342025722390455
            ]
         }
      },
      {
         "round": 3,
         "train_metrics": {
            "train_loss": 0.34676001469294226,
            "train_acc": 0.9299999872843424,
            "train_f1": 0.9015993527317316,
            "drift": 0.7933530144490415
         },
         "eval_metrics_client": {
            "loss": 0.34477001428604126,
            "accuracy": 0.9399999976158142,
            "f1": 0.9159423524670178
         },
         "eval_metrics_server": {
            "accuracy": 0.9300000071525574,
            "loss": 0.3544478714466095,
            "f1_score": 0.8926215677251113
         },
         "drift_metrics": {
            "drift_median": 0.8123059781957856,
            "drift_mean": 0.7933530144490416,
            "drift_max": 0.8607151168778925,
            "drift_min": 0.7070379482734465,
            "drift_per_client": [
               0.7070379482734465,
               0.8607151168778925,
               0.8123059781957856
            ]
         }
      },
      {
         "round": 4,
         "train_metrics": {
            "train_loss": 0.3207381222492609,
            "train_acc": 0.9299999872843424,
            "train_f1": 0.9095350404312668,
            "drift": 0.4156205293088681
         },
         "eval_metrics_client": {
            "loss": 0.3220438559850057,
            "accuracy": 0.9366666674613953,
            "f1": 0.9140688387086572
         },
         "eval_metrics_server": {
            "accuracy": 0.9300000071525574,
            "loss": 0.3282107412815094,
            "f1_score": 0.8926215677251113
         },
         "drift_metrics": {
            "drift_median": 0.406366806320167,
            "drift_mean": 0.4156205293088681,
            "drift_max": 0.45388977891946625,
            "drift_min": 0.3866050026869712,
            "drift_per_client": [
               0.3866050026869712,
               0.45388977891946625,
               0.406366806320167
            ]
         }
      },
      {
         "round": 5,
         "train_metrics": {
            "train_loss": 0.3231984353982485,
            "train_acc": 0.9200000166893005,
            "train_f1": 0.8894539483473185,
            "drift": 0.32457003885872604
         },
         "eval_metrics_client": {
            "loss": 0.31358250975608826,
            "accuracy": 0.9416666626930237,
            "f1": 0.9146987538509344
         },
         "eval_metrics_server": {
            "accuracy": 0.9449999928474426,
            "loss": 0.31487688422203064,
            "f1_score": 0.9163847820303295
         },
         "drift_metrics": {
            "drift_median": 0.323353088459439,
            "drift_mean": 0.32457003885872604,
            "drift_max": 0.38195458189473314,
            "drift_min": 0.26840244622200593,
            "drift_per_client": [
               0.323353088459439,
               0.26840244622200593,
               0.38195458189473314
            ]
         }
      },
      {
         "round": 6,
         "train_metrics": {
            "train_loss": 0.3092655123044283,
            "train_acc": 0.9266666769981384,
            "train_f1": 0.8879567867025598,
            "drift": 0.2750718459106363
         },
         "eval_metrics_client": {
            "loss": 0.31386491656303406,
            "accuracy": 0.9383333325386047,
            "f1": 0.906381935262101
         },
         "eval_metrics_server": {
            "accuracy": 0.9549999833106995,
            "loss": 0.3096997141838074,
            "f1_score": 0.9315875489339059
         },
         "drift_metrics": {
            "drift_median": 0.2773394493357713,
            "drift_mean": 0.2750718459106363,
            "drift_max": 0.3188086165069985,
            "drift_min": 0.22906747188913928,
            "drift_per_client": [
               0.3188086165069985,
               0.2773394493357713,
               0.22906747188913928
            ]
         }
      },
      {
         "round": 7,
         "train_metrics": {
            "train_loss": 0.2953480799228717,
            "train_acc": 0.9399999976158142,
            "train_f1": 0.9008921606980276,
            "drift": 0.20683741469376452
         },
         "eval_metrics_client": {
            "loss": 0.30882621804873145,
            "accuracy": 0.9449999928474426,
            "f1": 0.9151857535422486
         },
         "eval_metrics_server": {
            "accuracy": 0.949999988079071,
            "loss": 0.3076119124889374,
            "f1_score": 0.921875
         },
         "drift_metrics": {
            "drift_median": 0.2120529182590619,
            "drift_mean": 0.20683741469376452,
            "drift_max": 0.23706646488654287,
            "drift_min": 0.17139286093568884,
            "drift_per_client": [
               0.23706646488654287,
               0.17139286093568884,
               0.2120529182590619
            ]
         }
      },
      {
         "round": 8,
         "train_metrics": {
            "train_loss": 0.29609451232812345,
            "train_acc": 0.9399999976158142,
            "train_f1": 0.9103230582186226,
            "drift": 0.1881579158801524
         },
         "eval_metrics_client": {
            "loss": 0.30041595300038654,
            "accuracy": 0.9516666531562805,
            "f1": 0.929187922025345
         },
         "eval_metrics_server": {
            "accuracy": 0.9399999976158142,