{
   "info": {
      "strategy": "FedAvg",
      "seed": 4,
      "init_seed": 2,
      "sampling_seed": 4,
      "data_seed": 2,
      "fraction_train": 0.75,
      "fraction_evaluate": 0.75,
      "local_epochs": 2,
      "num_rounds": 10,
      "num_clients": 5,
      "eta_l": 0.3,
      "iid": true,
      "alpha": null,
      "training_mode": "noiseless",
      "nshots": null,
      "model_type": "quantum"
   },
   "rounds": [
      {
         "round": 0,
         "train_metrics": {},
         "eval_metrics_client": {},
         "eval_metrics_server": {
            "accuracy": 0.6800000071525574,
            "loss": 0.6009007096290588,
            "f1_score": 0.6259934548854604
         }
      },
      {
         "round": 1,
         "train_metrics": {
            "train_loss": 0.523068667222292,
            "train_acc": 0.7700000007947285,
            "train_f1": 0.7215999937158273,
            "drift": 0.8227726145048799
         },
         "eval_metrics_client": {
            "loss": 0.49964202443758643,
            "accuracy": 0.7700000206629435,
            "f1": 0.7215621062736052
         },
         "eval_metrics_server": {
            "accuracy": 0.7549999952316284,
            "loss": 0.528618335723877,
            "f1_score": 0.6945041927740889
         },
         "drift_metrics": {
            "drift_median": 0.8556418445006225,
            "drift_mean": 0.8227726145048799,
            "drift_max": 0.919327723329905,
            "drift_min": 0.6933482756841122,
            "drift_per_client": [
               0.6933482756841122,
               0.8556418445006225,
               0.919327723329905
            ]
         }
      },
      {
         "round": 2,
         "train_metrics": {
            "train_loss": 0.4538889275147364,
            "train_acc": 0.8633333245913186,
            "train_f1": 0.8352371166495413,
            "drift": 0.8520070360506213
         },
         "eval_metrics_client": {
            "loss": 0.4400153855482737,
            "accuracy": 0.871666669845581,
            "f1": 0.8374667083400457
         },
         "eval_metrics_server": {
            "accuracy": 0.8450000286102295,
            "loss": 0.4438953399658203,
            "f1_score": 0.7919393268230477
         },
         "drift_metrics": {
            "drift_median": 0.9084219670562442,
            "drift_mean": 0.8520070360506214,
            "drift_max": 1.0233672112113161,
            "drift_min": 0.6242319298843039,
            "drift_per_client": [
               1.0233672112113161,
               0.6242319298843039,
               0.9084219670562442
            ]
         }
      },
      {
         "round": 3,
         "train_metrics": {
            "train_loss": 0.37629855939975154,
            "train_acc": 0.9033333460489908,
            "train_f1": 0.8721216122588429,
            "drift": 0.7531984467100957
         },
         "eval_metrics_client": {
            "loss": 0.3688442806402842,
            "accuracy": 0.9133333365122477,
            "f1": 0.8785832515440161
         },
         "eval_metrics_server": {
            "accuracy": 0.9350000023841858,
            "loss": 0.36995089054107666,
            "f1_score": 0.8993769108711638
         },
         "drift_metrics": {
            "drift_median": 0.7557271920794815,
            "drift_mean": 0.7531984467100958,
            "drift_max": 0.7903423337450428,
            "drift_min": 0.7135258143057631,
            "drift_per_client": [
               0.7135258143057631,
               0.7557271920794815,
               0.7903423337450428
            ]
         }
      },
      {
         "round": 4,
         "train_metrics": {
            "train_loss": 0.331738218665123,
            "train_acc": 0.9333333373069763,
            "train_f1": 0.8974865789495419,
            "drift": 0.5671719736239986
         },
         "eval_metrics_client": {
            "loss": 0.3331411083539327,
            "accuracy": 0.9350000023841858,
            "f1": 0.9030650519188163
         },
         "eval_metrics_server": {
            "accuracy": 0.9449999928474426,
            "loss": 0.329776793718338,
            "f1_score": 0.9163847820303295
         },
         "drift_metrics": {
            "drift_median": 0.5381983016250868,
            "drift_mean": 0.5671719736239985,
            "drift_max": 0.6830864444089871,
            "drift_min": 0.480231174837922,
            "drift_per_client": [
               0.480231174837922,
               0.6830864444089871,
               0.5381983016250868
            ]
         }
      },
      {
         "round": 5,
         "train_metrics": {
            "train_loss": 0.299812451004982,
            "train_acc": 0.943333347638448,
            "train_f1": 0.9050314400261378,
            "drift": 0.3375665852275635
         },
         "eval_metrics_client": {
            "loss": 0.3158227503299713,
            "accuracy": 0.949999988079071,
            "f1": 0.9238502497871826
         },
         "eval_metrics_server": {
            "accuracy": 0.949999988079071,
            "loss": 0.3149223029613495,
            "f1_score": 0.921875
         },
         "drift_metrics": {
            "drift_median": 0.3243426629667375,
            "drift_mean": 0.33756658522756355,
            "drift_max": 0.4296356821628681,
            "drift_min": 0.258721410553085,
            "drift_per_client": [
               0.3243426629667375,
               0.4296356821628681,
               0.258721410553085
            ]
         }
      },
      {
         "round": 6,
         "train_metrics": {
            "train_loss": 0.2920784667516366,
            "train_acc": 0.946666677792867,
            "train_f1": 0.9229169411446979,
            "drift": 0.26183825608338684
         },
         "eval_metrics_client": {
            "loss": 0.303249845902125,
            "accuracy": 0.9449999928474426,
            "f1": 0.9204326392961284
         },
         "eval_metrics_server": {
            "accuracy": 0.9449999928474426,
            "loss": 0.3113254904747009,
            "f1_score": 0.9148573861217539
         },
         "drift_metrics": {
            "drift_median": 0.28133052391456576,
            "drift_mean": 0.2618382560833869,
            "drift_max": 0.3349690478413517,
            "drift_min": 0.1692151964942432,
            "drift_per_client": [
               0.3349690478413517,
               0.28133052391456576,
               0.1692151964942432
            ]
         }
      },
      {
         "round": 7,
         "train_metrics": {
            "train_loss": 0.30237265198658675,
            "train_acc": 0.9333333571751912,
            "train_f1": 0.913361835781441,
            "drift": 0.21332962032339228
         },
         "eval_metrics_client": {
            "loss": 0.3033723632494608,
            "accuracy": 0.9383333325386047,
            "f1": 0.9147425288663917
         },
         "eval_metrics_server": {
            "accuracy": 0.9399999976158142,
            "loss": 0.31154873967170715,
            "f1_score": 0.9111242778847578
         },
         "drift_metrics": {
            "drift_median": 0.2124616719860719,
            "drift_mean": 0.21332962032339228,
            "drift_max": 0.2921370303257194,
            "drift_min": 0.13539015865838552,
            "drift_per_client": [
               0.2921370303257194,
               0.13539015865838552,
               0.2124616719860719
            ]
         }
      },
      {
         "round": 8,
         "train_metrics": {
            "train_loss": 0.3166531121883637,
            "train_acc": 0.9200000166893005,
            "train_f1": 0.8905989429198551,
            "drift": 0.24018038451209522
         },
         "eval_metrics_client": {
            "loss": 0.3078729609648386,
            "accuracy": 0.9366666674613953,
            "f1": 0.906704031216393
         },
         "eval_metrics_server": {
            "accuracy": 0.949999988079071,
            "loss": 0.3087180256843567,