{
   "info": {
      "strategy": "FedAvg",
      "seed": 1,
      "init_seed": 1,
      "sampling_seed": 1,
      "data_seed": 2,
      "fraction_train": 0.75,
      "fraction_evaluate": 0.75,
      "local_epochs": 2,
      "num_rounds": 10,
      "num_clients": 5,
      "eta_l": 0.3,
      "iid": true,
      "alpha": null,
      "training_mode": "noiseless",
      "nshots": null,
      "model_type": "quantum"
   },
   "rounds": [
      {
         "round": 0,
         "train_metrics": {},
         "eval_metrics_client": {},
         "eval_metrics_server": {
            "accuracy": 0.6150000095367432,
            "loss": 0.6220965385437012,
            "f1_score": 0.548002700243609
         }
      },
      {
         "round": 1,
         "train_metrics": {
            "train_loss": 0.5324338063215598,
            "train_acc": 0.8399999936421711,
            "train_f1": 0.7883846294490414,
            "drift": 0.9692200775706546
         },
         "eval_metrics_client": {
            "loss": 0.4958621561527252,
            "accuracy": 0.8083333373069763,
            "f1": 0.7671887496163361
         },
         "eval_metrics_server": {
            "accuracy": 0.8399999737739563,
            "loss": 0.5095088481903076,
            "f1_score": 0.7837545614272199
         },
         "drift_metrics": {
            "drift_median": 0.9887523420634878,
            "drift_mean": 0.9692200775706548,
            "drift_max": 0.9992541824762193,
            "drift_min": 0.9196537081722569,
            "drift_per_client": [
               0.9887523420634878,
               0.9992541824762193,
               0.9196537081722569
            ]
         }
      },
      {
         "round": 2,
         "train_metrics": {
            "train_loss": 0.4299440246361952,
            "train_acc": 0.8533333341280619,
            "train_f1": 0.8076255668830808,
            "drift": 0.6958762572921522
         },
         "eval_metrics_client": {
            "loss": 0.43337618311246234,
            "accuracy": 0.8416666785875955,
            "f1": 0.7998682976530075
         },
         "eval_metrics_server": {
            "accuracy": 0.8600000143051147,
            "loss": 0.45113807916641235,
            "f1_score": 0.8081140350877194
         },
         "drift_metrics": {
            "drift_median": 0.720760994010438,
            "drift_mean": 0.6958762572921523,
            "drift_max": 0.8100367734890173,
            "drift_min": 0.5568310043770016,
            "drift_per_client": [
               0.8100367734890173,
               0.720760994010438,
               0.5568310043770016
            ]
         }
      },
      {
         "round": 3,
         "train_metrics": {
            "train_loss": 0.43373574201877296,
            "train_acc": 0.840000013510386,
            "train_f1": 0.797863370327436,
            "drift": 0.42473325307014526
         },
         "eval_metrics_client": {
            "loss": 0.41850153605143225,
            "accuracy": 0.8616666595141093,
            "f1": 0.8110866729764357
         },
         "eval_metrics_server": {
            "accuracy": 0.8600000143051147,
            "loss": 0.4336349368095398,
            "f1_score": 0.8081140350877194
         },
         "drift_metrics": {
            "drift_median": 0.45692691187278267,
            "drift_mean": 0.4247332530701453,
            "drift_max": 0.4996469120561365,
            "drift_min": 0.3176259352815167,
            "drift_per_client": [
               0.45692691187278267,
               0.3176259352815167,
               0.4996469120561365
            ]
         }
      },
      {
         "round": 4,
         "train_metrics": {
            "train_loss": 0.43165796613081897,
            "train_acc": 0.8566666841506957,
            "train_f1": 0.8155185134538567,
            "drift": 0.38829926482730476
         },
         "eval_metrics_client": {
            "loss": 0.4162715176741282,
            "accuracy": 0.865000009536743,
            "f1": 0.8141647697757479
         },
         "eval_metrics_server": {
            "accuracy": 0.8700000047683716,
            "loss": 0.4203607141971588,
            "f1_score": 0.8164878599661208
         },
         "drift_metrics": {
            "drift_median": 0.3824337333126827,
            "drift_mean": 0.38829926482730476,
            "drift_max": 0.5056127778806353,
            "drift_min": 0.27685128328859643,
            "drift_per_client": [
               0.3824337333126827,
               0.5056127778806353,
               0.27685128328859643
            ]
         }
      },
      {
         "round": 5,
         "train_metrics": {
            "train_loss": 0.4015182799253708,
            "train_acc": 0.9133333166440327,
            "train_f1": 0.8668034520080683,
            "drift": 0.48058794423781276
         },
         "eval_metrics_client": {
            "loss": 0.4063397248586018,
            "accuracy": 0.8933333158493041,
            "f1": 0.8362537699336563
         },
         "eval_metrics_server": {
            "accuracy": 0.9200000166893005,
            "loss": 0.3981499969959259,
            "f1_score": 0.872591176939003
         },
         "drift_metrics": {
            "drift_median": 0.43400366905245774,
            "drift_mean": 0.48058794423781287,
            "drift_max": 0.5819270023346403,
            "drift_min": 0.42583316132634036,
            "drift_per_client": [
               0.43400366905245774,
               0.42583316132634036,
               0.5819270023346403
            ]
         }
      },
      {
         "round": 6,
         "train_metrics": {
            "train_loss": 0.3610104295687797,
            "train_acc": 0.9500000079472859,
            "train_f1": 0.9150106567182108,
            "drift": 0.40745103866400856
         },
         "eval_metrics_client": {
            "loss": 0.3939595321814219,
            "accuracy": 0.9266666769981384,
            "f1": 0.8824815476224224
         },
         "eval_metrics_server": {
            "accuracy": 0.949999988079071,
            "loss": 0.38073790073394775,
            "f1_score": 0.9134199134199135
         },
         "drift_metrics": {
            "drift_median": 0.38632251117876204,
            "drift_mean": 0.4074510386640086,
            "drift_max": 0.45628178222395377,
            "drift_min": 0.37974882258931,
            "drift_per_client": [
               0.38632251117876204,
               0.37974882258931,
               0.45628178222395377
            ]
         }
      },
      {
         "round": 7,
         "train_metrics": {
            "train_loss": 0.35729349232636964,
            "train_acc": 0.9199999968210855,
            "train_f1": 0.8819689763234966,
            "drift": 0.3116130616437899
         },
         "eval_metrics_client": {
            "loss": 0.37724535663922626,
            "accuracy": 0.9183333317438761,
            "f1": 0.8659299667567463
         },
         "eval_metrics_server": {
            "accuracy": 0.9350000023841858,
            "loss": 0.3753212094306946,
            "f1_score": 0.8834655551073461
         },
         "drift_metrics": {
            "drift_median": 0.2697829282828049,
            "drift_mean": 0.31161306164378993,
            "drift_max": 0.4003706120743206,
            "drift_min": 0.26468564457424426,
            "drift_per_client": [
               0.2697829282828049,
               0.26468564457424426,
               0.4003706120743206
            ]
         }
      },
      {
         "round": 8,
         "train_metrics": {
            "train_loss": 0.37232978030657155,
            "train_acc": 0.9066666762034097,
            "train_f1": 0.841426174966122,
            "drift": 0.2774791777772653
         },
         "eval_metrics_client": {
            "loss": 0.3706852595011393,
            "accuracy": 0.9183333516120911,
            "f1": 0.8572446941689014
         },
         "eval_metrics_server": {
            "accuracy": 0.9300000071525574,