{
   "info": {
      "strategy": "FedAvg",
      "seed": 5,
      "init_seed": 2,
      "sampling_seed": 5,
      "data_seed": 2,
      "fraction_train": 0.75,
      "fraction_evaluate": 0.75,
      "local_epochs": 2,
      "num_rounds": 10,
      "num_clients": 5,
      "eta_l": 0.3,
      "iid": true,
      "alpha": null,
      "training_mode": "noiseless",
      "nshots": null,
      "model_type": "quantum"
   },
   "rounds": [
      {
         "round": 0,
         "train_metrics": {},
         "eval_metrics_client": {},
         "eval_metrics_server": {
            "accuracy": 0.6800000071525574,
            "loss": 0.6009007096290588,
            "f1_score": 0.6259934548854604
         }
      },
      {
         "round": 1,
         "train_metrics": {
            "train_loss": 0.5243913852251493,
            "train_acc": 0.7800000111262002,
            "train_f1": 0.718228642129785,
            "drift": 0.8282921333566939
         },
         "eval_metrics_client": {
            "loss": 0.49621304869651794,
            "accuracy": 0.7766666809717813,
            "f1": 0.7203427677452732
         },
         "eval_metrics_server": {
            "accuracy": 0.7900000214576721,
            "loss": 0.5228386521339417,
            "f1_score": 0.7336377473363775
         },
         "drift_metrics": {
            "drift_median": 0.8461617826324304,
            "drift_mean": 0.828292133356694,
            "drift_max": 0.9334460538917185,
            "drift_min": 0.7052685635459333,
            "drift_per_client": [
               0.7052685635459333,
               0.8461617826324304,
               0.9334460538917185
            ]
         }
      },
      {
         "round": 2,
         "train_metrics": {
            "train_loss": 0.4702578217555315,
            "train_acc": 0.8666666746139525,
            "train_f1": 0.8148843468357965,
            "drift": 0.7912514102729512
         },
         "eval_metrics_client": {
            "loss": 0.4406757950782776,
            "accuracy": 0.8616666595141091,
            "f1": 0.8111613501218589
         },
         "eval_metrics_server": {
            "accuracy": 0.8600000143051147,
            "loss": 0.45110851526260376,
            "f1_score": 0.8107852412488175
         },
         "drift_metrics": {
            "drift_median": 0.7975949522035441,
            "drift_mean": 0.7912514102729512,
            "drift_max": 0.8728236476902027,
            "drift_min": 0.703335630925107,
            "drift_per_client": [
               0.8728236476902027,
               0.7975949522035441,
               0.703335630925107
            ]
         }
      },
      {
         "round": 3,
         "train_metrics": {
            "train_loss": 0.36359644356446386,
            "train_acc": 0.9266666571299235,
            "train_f1": 0.895574112337258,
            "drift": 0.8849598201817367
         },
         "eval_metrics_client": {
            "loss": 0.36187007029851276,
            "accuracy": 0.9199999968210856,
            "f1": 0.8886274835021176
         },
         "eval_metrics_server": {
            "accuracy": 0.9300000071525574,
            "loss": 0.3652224838733673,
            "f1_score": 0.8963116575322174
         },
         "drift_metrics": {
            "drift_median": 0.8789698559488625,
            "drift_mean": 0.8849598201817367,
            "drift_max": 0.9564012350244637,
            "drift_min": 0.8195083695718842,
            "drift_per_client": [
               0.9564012350244637,
               0.8789698559488625,
               0.8195083695718842
            ]
         }
      },
      {
         "round": 4,
         "train_metrics": {
            "train_loss": 0.3201949382439638,
            "train_acc": 0.9233333468437195,
            "train_f1": 0.9042942366484186,
            "drift": 0.4747840151138645
         },
         "eval_metrics_client": {
            "loss": 0.3268874088923136,
            "accuracy": 0.9283333420753479,
            "f1": 0.9032880649182281
         },
         "eval_metrics_server": {
            "accuracy": 0.9399999976158142,
            "loss": 0.33399415016174316,
            "f1_score": 0.9111242778847578
         },
         "drift_metrics": {
            "drift_median": 0.47736762556873735,
            "drift_mean": 0.4747840151138645,
            "drift_max": 0.489392308362185,
            "drift_min": 0.45759211141067113,
            "drift_per_client": [
               0.489392308362185,
               0.47736762556873735,
               0.45759211141067113
            ]
         }
      },
      {
         "round": 5,
         "train_metrics": {
            "train_loss": 0.31186600984671176,
            "train_acc": 0.9300000071525573,
            "train_f1": 0.9029023771388158,
            "drift": 0.3088814119316816
         },
         "eval_metrics_client": {
            "loss": 0.3105522692203522,
            "accuracy": 0.9366666674613953,
            "f1": 0.9085525074767347
         },
         "eval_metrics_server": {
            "accuracy": 0.9300000071525574,
            "loss": 0.3188837170600891,
            "f1_score": 0.8963116575322174
         },
         "drift_metrics": {
            "drift_median": 0.3062571240191135,
            "drift_mean": 0.3088814119316816,
            "drift_max": 0.35666475645064544,
            "drift_min": 0.2637223553252859,
            "drift_per_client": [
               0.35666475645064544,
               0.2637223553252859,
               0.3062571240191135
            ]
         }
      },
      {
         "round": 6,
         "train_metrics": {
            "train_loss": 0.31123762921645093,
            "train_acc": 0.9233333269755045,
            "train_f1": 0.8890052292432348,
            "drift": 0.28854476593306194
         },
         "eval_metrics_client": {
            "loss": 0.30706704656283057,
            "accuracy": 0.9433333277702332,
            "f1": 0.9137525156898716
         },
         "eval_metrics_server": {
            "accuracy": 0.9399999976158142,
            "loss": 0.31093424558639526,
            "f1_score": 0.907961343764381
         },
         "drift_metrics": {
            "drift_median": 0.2754193840871456,
            "drift_mean": 0.288544765933062,
            "drift_max": 0.3463126693217656,
            "drift_min": 0.24390224439027477,
            "drift_per_client": [
               0.3463126693217656,
               0.24390224439027477,
               0.2754193840871456
            ]
         }
      },
      {
         "round": 7,
         "train_metrics": {
            "train_loss": 0.3085952932253862,
            "train_acc": 0.9333333373069763,
            "train_f1": 0.8984255443772093,
            "drift": 0.24948645985045614
         },
         "eval_metrics_client": {
            "loss": 0.3123871485392252,
            "accuracy": 0.9383333325386047,
            "f1": 0.906381935262101
         },
         "eval_metrics_server": {
            "accuracy": 0.9549999833106995,
            "loss": 0.3080078363418579,
            "f1_score": 0.9315875489339059
         },
         "drift_metrics": {
            "drift_median": 0.23820572947259275,
            "drift_mean": 0.24948645985045614,
            "drift_max": 0.2772995177794291,
            "drift_min": 0.23295413229934658,
            "drift_per_client": [
               0.2772995177794291,
               0.23820572947259275,
               0.23295413229934658
            ]
         }
      },
      {
         "round": 8,
         "train_metrics": {
            "train_loss": 0.29321913917859393,
            "train_acc": 0.9500000079472859,
            "train_f1": 0.9245893236312274,
            "drift": 0.19580609861579074
         },
         "eval_metrics_client": {
            "loss": 0.3065452774365743,
            "accuracy": 0.9399999976158142,
            "f1": 0.9143703774929781
         },
         "eval_metrics_server": {
            "accuracy": 0.949999988079071,