{
    "0": {
        "loss_median": 0.6009007096290588,
        "loss_mad": 0.0,
        "accuracy_median": 0.6800000071525574,
        "accuracy_mad": 0.0,
        "f1_median": 0.6259934548854604,
        "f1_mad": 0.0
    },
    "1": {
        "loss_median": 0.5104252099990845,
        "loss_mad": 0.003459453582763672,
        "accuracy_median": 0.800000011920929,
        "accuracy_mad": 0.009999990463256836,
        "f1_median": 0.7432935438326274,
        "f1_mad": 0.009824959285875678
    },
    "2": {
        "loss_median": 0.4192744195461273,
        "loss_mad": 0.00645795464515686,
        "accuracy_median": 0.8949999809265137,
        "accuracy_mad": 0.004999995231628418,
        "f1_median": 0.8482604140322989,
        "f1_mad": 0.006051940280055401
    },
    "3": {
        "loss_median": 0.35569778084754944,
        "loss_mad": 0.0018999576568603516,
        "accuracy_median": 0.9350000023841858,
        "accuracy_mad": 0.0,
        "f1_median": 0.8993769108711638,
        "f1_mad": 0.0
    },
    "4": {
        "loss_median": 0.32881587743759155,
        "loss_mad": 0.0022084414958953857,
        "accuracy_median": 0.9300000071525574,
        "accuracy_mad": 0.004999995231628418,
        "f1_median": 0.8926215677251113,
        "f1_mad": 0.006642319501934724
    },
    "5": {
        "loss_median": 0.31520628929138184,
        "loss_mad": 0.0011254847049713135,
        "accuracy_median": 0.9449999928474426,
        "accuracy_mad": 0.004999995231628418,
        "f1_median": 0.9163847820303295,
        "f1_mad": 0.006800695231052867
    },
    "6": {
        "loss_median": 0.31019556522369385,
        "loss_mad": 0.0009104311466217041,
        "accuracy_median": 0.9549999833106995,
        "accuracy_mad": 0.004999995231628418,
        "f1_median": 0.9315875489339059,
        "f1_mad": 0.00693414326784203
    },
    "7": {
        "loss_median": 0.30797770619392395,
        "loss_mad": 0.0004930496215820312,
        "accuracy_median": 0.949999988079071,
        "accuracy_mad": 0.0,
        "f1_median": 0.921875,
        "f1_mad": 0.0
    },
    "8": {
        "loss_median": 0.3097667992115021,
        "loss_mad": 0.0004127621650695801,
        "accuracy_median": 0.9399999976158142,
        "accuracy_mad": 0.0,
        "f1_median": 0.907961343764381,
        "f1_mad": 0.0
    },
    "9": {
        "loss_median": 0.30870574712753296,
        "loss_mad": 0.0001710355281829834,
        "accuracy_median": 0.9399999976158142,
        "accuracy_mad": 0.0,
        "f1_median": 0.9095840867992766,
        "f1_mad": 0.001622743034895624
    },
    "10": {
        "loss_median": 0.30613112449645996,
        "loss_mad": 0.00024753808975219727,
        "accuracy_median": 0.949999988079071,
        "accuracy_mad": 0.0,
        "f1_median": 0.9246534056660639,
        "f1_mad": 0.0
    }
}