{
   "info": {
      "strategy": "FedAvg",
      "seed": 6,
      "sampling_seed": 6,
      "fraction_train": 0.75,
      "fraction_evaluate": 0.75,
      "local_epochs": 2,
      "num_rounds": 10,
      "num_clients": 15,
      "eta_l": 0.3,
      "iid": true,
      "alpha": null,
      "training_mode": "noiseless",
      "nshots": 1000,
      "model_type": "quantum"
   },
   "rounds": [
      {
         "round": 0,
         "train_metrics": {},
         "eval_metrics_client": {},
         "eval_metrics_server": {
            "accuracy": 0.6349999904632568,
            "loss": 0.6415873169898987,
            "f1_score": 0.6027318984517428
         }
      },
      {
         "round": 1,
         "train_metrics": {
            "train_loss": 0.45768043961558313,
            "train_acc": 0.8963636376641014,
            "train_f1": 0.86341009974107,
            "drift": 1.0885849370140184
         },
         "eval_metrics_client": {
            "loss": 0.449940177527341,
            "accuracy": 0.8663636445999147,
            "f1": 0.8242581171360617
         },
         "eval_metrics_server": {
            "accuracy": 0.8550000190734863,
            "loss": 0.4567383825778961,
            "f1_score": 0.8053625960602705
         },
         "drift_metrics": {
            "drift_median": 1.0741035473520957,
            "drift_mean": 1.0885849370140184,
            "drift_max": 1.267091188546701,
            "drift_min": 0.9956503660319543,
            "drift_per_client": [
               1.1514887545090324,
               1.0373953737349946,
               1.0741035473520957,
               1.074451386737375,
               1.05334085432501,
               1.1245860586898053,
               1.1104870844402916,
               1.044872790517195,
               0.9956503660319543,
               1.267091188546701,
               1.0409669022697472
            ]
         }
      },
      {
         "round": 2,
         "train_metrics": {
            "train_loss": 0.3913005840528262,
            "train_acc": 0.919090899554166,
            "train_f1": 0.8865388694701376,
            "drift": 0.7076549941739282
         },
         "eval_metrics_client": {
            "loss": 0.3888379633426667,
            "accuracy": 0.8977272618900646,
            "f1": 0.8588749726534689
         },
         "eval_metrics_server": {
            "accuracy": 0.9100000262260437,
            "loss": 0.3947862684726715,
            "f1_score": 0.8688811188811189
         },
         "drift_metrics": {
            "drift_median": 0.720004875622367,
            "drift_mean": 0.707654994173928,
            "drift_max": 0.8782978007133684,
            "drift_min": 0.5503879258522445,
            "drift_per_client": [
               0.720004875622367,
               0.644918831544093,
               0.719281013507029,
               0.7844263567290115,
               0.7803538436311271,
               0.5503879258522445,
               0.8782978007133684,
               0.5998955246692781,
               0.7662805405487575,
               0.7544197831742364,
               0.5859384399216953
            ]
         }
      },
      {
         "round": 3,
         "train_metrics": {
            "train_loss": 0.3381846902462152,
            "train_acc": 0.9354545528238469,
            "train_f1": 0.9087575387281114,
            "drift": 0.6528249719062728
         },
         "eval_metrics_client": {
            "loss": 0.33602096004919574,
            "accuracy": 0.9172727357257496,
            "f1": 0.8811367047896127
         },
         "eval_metrics_server": {
            "accuracy": 0.9150000214576721,
            "loss": 0.3427734076976776,
            "f1_score": 0.8751423010539459
         },
         "drift_metrics": {
            "drift_median": 0.6594806776778787,
            "drift_mean": 0.6528249719062725,
            "drift_max": 0.7065254152459927,
            "drift_min": 0.5738332560365305,
            "drift_per_client": [
               0.6779302878167438,
               0.5988051751482348,
               0.6908577562082592,
               0.7065152340252968,
               0.6247247239713266,
               0.5738332560365305,
               0.6594806776778787,
               0.6269904297303563,
               0.7065254152459927,
               0.7060076117842737,
               0.6094041233241063
            ]
         }
      },
      {
         "round": 4,
         "train_metrics": {
            "train_loss": 0.31170687329519053,
            "train_acc": 0.9400000030344181,
            "train_f1": 0.9147209622041476,
            "drift": 0.4428210378282159
         },
         "eval_metrics_client": {
            "loss": 0.31106962940909644,
            "accuracy": 0.9259091019630431,
            "f1": 0.8916948447354891
         },
         "eval_metrics_server": {
            "accuracy": 0.9150000214576721,
            "loss": 0.31944891810417175,
            "f1_score": 0.8751423010539459
         },
         "drift_metrics": {
            "drift_median": 0.4567328617853692,
            "drift_mean": 0.4428210378282159,
            "drift_max": 0.5538459493698439,
            "drift_min": 0.2987201251360204,
            "drift_per_client": [
               0.5178089583179365,
               0.3926688916131516,
               0.45930178728142096,
               0.4350529719481535,
               0.47574103843136856,
               0.5538459493698439,
               0.4567328617853692,
               0.4261207694740822,
               0.2987201251360204,
               0.4697649201633309,
               0.3852731425896973
            ]
         }
      },
      {
         "round": 5,
         "train_metrics": {
            "train_loss": 0.30826557912192976,
            "train_acc": 0.9409090930765324,
            "train_f1": 0.9160446909349096,
            "drift": 0.2980767077321205
         },
         "eval_metrics_client": {
            "loss": 0.3053037172014063,
            "accuracy": 0.9313636367971246,
            "f1": 0.8995744307764051
         },
         "eval_metrics_server": {
            "accuracy": 0.9399999976158142,
            "loss": 0.3113873302936554,
            "f1_score": 0.907961343764381
         },
         "drift_metrics": {
            "drift_median": 0.2812577515251804,
            "drift_mean": 0.2980767077321205,
            "drift_max": 0.4534749447512123,
            "drift_min": 0.12631581392373428,
            "drift_per_client": [
               0.12631581392373428,
               0.2578792558299118,
               0.4534749447512123,
               0.33681420331702494,
               0.2812577515251804,
               0.27069932429914556,
               0.3709822858836418,
               0.32248250371445575,
               0.26919354355389064,
               0.3773319539537452,
               0.21241220430138275
            ]
         }
      },
      {
         "round": 6,
         "train_metrics": {
            "train_loss": 0.3086226292840251,
            "train_acc": 0.9372727329080754,
            "train_f1": 0.9109254045513824,
            "drift": 0.22311815180326514
         },
         "eval_metrics_client": {
            "loss": 0.30302454937588086,
            "accuracy": 0.9368181824684142,
            "f1": 0.906397966379369
         },
         "eval_metrics_server": {
            "accuracy": 0.9399999976158142,
            "loss": 0.3082727789878845,
            "f1_score": 0.907961343764381
         },
         "drift_metrics": {
            "drift_median": 0.2325454833197587,
            "drift_mean": 0.2231181518032651,
            "drift_max": 0.37232298889039556,
            "drift_min": 0.10086685059731583,