{
   "info": {
      "strategy": "FedAvg",
      "seed": 3,
      "sampling_seed": 3,
      "fraction_train": 0.75,
      "fraction_evaluate": 0.75,
      "local_epochs": 2,
      "num_rounds": 10,
      "num_clients": 15,
      "eta_l": 0.3,
      "iid": true,
      "alpha": null,
      "training_mode": "noiseless",
      "nshots": 1000,
      "model_type": "quantum"
   },
   "rounds": [
      {
         "round": 0,
         "train_metrics": {},
         "eval_metrics_client": {},
         "eval_metrics_server": {
            "accuracy": 0.47999998927116394,
            "loss": 0.7357013821601868,
            "f1_score": 0.4164515767029514
         }
      },
      {
         "round": 1,
         "train_metrics": {
            "train_loss": 0.45284445281628966,
            "train_acc": 0.8890909119085832,
            "train_f1": 0.8340998670283968,
            "drift": 1.5793444353449955
         },
         "eval_metrics_client": {
            "loss": 0.40212905677882105,
            "accuracy": 0.8945454521612689,
            "f1": 0.8272677448420512
         },
         "eval_metrics_server": {
            "accuracy": 0.8999999761581421,
            "loss": 0.40575313568115234,
            "f1_score": 0.834190018239098
         },
         "drift_metrics": {
            "drift_median": 1.5728753536450586,
            "drift_mean": 1.5793444353449955,
            "drift_max": 1.7277942743324903,
            "drift_min": 1.3923528046815838,
            "drift_per_client": [
               1.6092186077262451,
               1.7277942743324903,
               1.5706159914405977,
               1.689541241994251,
               1.4934709089050644,
               1.6617538454512544,
               1.5493141178721082,
               1.4031210510181176,
               1.5728753536450586,
               1.7027305917281776,
               1.3923528046815838
            ]
         }
      },
      {
         "round": 2,
         "train_metrics": {
            "train_loss": 0.38106215125197296,
            "train_acc": 0.9072727344252848,
            "train_f1": 0.8377063294909655,
            "drift": 0.48027633090045263
         },
         "eval_metrics_client": {
            "loss": 0.37414558638225903,
            "accuracy": 0.9140909097411416,
            "f1": 0.8413677229401764
         },
         "eval_metrics_server": {
            "accuracy": 0.9350000023841858,
            "loss": 0.37452375888824463,
            "f1_score": 0.8805970149253732
         },
         "drift_metrics": {
            "drift_median": 0.5138670796939112,
            "drift_mean": 0.4802763309004526,
            "drift_max": 0.5592292323190878,
            "drift_min": 0.38146779781890683,
            "drift_per_client": [
               0.5138670796939112,
               0.5430005406078838,
               0.5401627694876993,
               0.42101771835667273,
               0.470412140329532,
               0.5419615892359765,
               0.5352392498768788,
               0.38146779781890683,
               0.39102499286666337,
               0.5592292323190878,
               0.3856565293117666
            ]
         }
      },
      {
         "round": 3,
         "train_metrics": {
            "train_loss": 0.3773494976592231,
            "train_acc": 0.8963636430827053,
            "train_f1": 0.8227194049945725,
            "drift": 0.2411257322529183
         },
         "eval_metrics_client": {
            "loss": 0.3696256821805781,
            "accuracy": 0.9090909090909092,
            "f1": 0.8287891444659621
         },
         "eval_metrics_server": {
            "accuracy": 0.925000011920929,
            "loss": 0.37164896726608276,
            "f1_score": 0.8622273249138921
         },
         "drift_metrics": {
            "drift_median": 0.2283520446242787,
            "drift_mean": 0.2411257322529183,
            "drift_max": 0.31407681785782193,
            "drift_min": 0.17191121649376206,
            "drift_per_client": [
               0.24540575399701609,
               0.31407681785782193,
               0.17191121649376206,
               0.31132857801330377,
               0.21688565103049884,
               0.2660196447856467,
               0.22331553523437145,
               0.2787119796940285,
               0.2208066798619679,
               0.2283520446242787,
               0.17556915318940575
            ]
         }
      },
      {
         "round": 4,
         "train_metrics": {
            "train_loss": 0.37574046464649946,
            "train_acc": 0.8900000019506976,
            "train_f1": 0.8102731363200357,
            "drift": 0.2113706979608743
         },
         "eval_metrics_client": {
            "loss": 0.36978609453548084,
            "accuracy": 0.9004545482722197,
            "f1": 0.8127182969155434
         },
         "eval_metrics_server": {
            "accuracy": 0.9300000071525574,
            "loss": 0.3706503212451935,
            "f1_score": 0.8697916666666667
         },
         "drift_metrics": {
            "drift_median": 0.21426056382107203,
            "drift_mean": 0.21137069796087432,
            "drift_max": 0.2800864486143714,
            "drift_min": 0.13184758412587777,
            "drift_per_client": [
               0.21300744875505737,
               0.17198236013402698,
               0.2668826082647379,
               0.15866015819633428,
               0.2800864486143714,
               0.2726924795006443,
               0.13184758412587777,
               0.21426056382107203,
               0.2476270892274288,
               0.2154854365420588,
               0.15254550038800796
            ]
         }
      },
      {
         "round": 5,
         "train_metrics": {
            "train_loss": 0.3734035232475588,
            "train_acc": 0.8918181874535301,
            "train_f1": 0.8055808309501102,
            "drift": 0.20054695541301815
         },
         "eval_metrics_client": {
            "loss": 0.36943729357285937,
            "accuracy": 0.9036363634196195,
            "f1": 0.8183342777911451
         },
         "eval_metrics_server": {
            "accuracy": 0.9300000071525574,
            "loss": 0.36977723240852356,
            "f1_score": 0.8697916666666667
         },
         "drift_metrics": {
            "drift_median": 0.20906258885274911,
            "drift_mean": 0.20054695541301817,
            "drift_max": 0.2600976809391324,
            "drift_min": 0.11077528025906846,
            "drift_per_client": [
               0.24918018747449286,
               0.2441082717516886,
               0.12953988107529243,
               0.20906258885274911,
               0.19599075202669636,
               0.21186055961173766,
               0.11077528025906846,
               0.2600976809391324,
               0.23875932258966756,
               0.14872266408174425,
               0.20791932088093018
            ]
         }
      },
      {
         "round": 6,
         "train_metrics": {
            "train_loss": 0.37191333626950535,
            "train_acc": 0.8954545476219871,
            "train_f1": 0.8184439029453086,
            "drift": 0.18717389752060343
         },
         "eval_metrics_client": {
            "loss": 0.36815989830277185,
            "accuracy": 0.9031818183985623,
            "f1": 0.8199529481098667
         },
         "eval_metrics_server": {
            "accuracy": 0.9300000071525574,
            "loss": 0.369690477848053,
            "f1_score": 0.8697916666666667
         },
         "drift_metrics": {
            "drift_median": 0.20354129974901342,
            "drift_mean": 0.1871738975206034,
            "drift_max": 0.23739692092110495,
            "drift_min": 0.09547019416142191,