{
   "info": {
      "strategy": "FedAvg",
      "seed": 5,
      "sampling_seed": 5,
      "fraction_train": 0.75,
      "fraction_evaluate": 0.75,
      "local_epochs": 2,
      "num_rounds": 10,
      "num_clients": 15,
      "eta_l": 0.3,
      "iid": true,
      "alpha": null,
      "training_mode": "noiseless",
      "nshots": 1000,
      "model_type": "quantum"
   },
   "rounds": [
      {
         "round": 0,
         "train_metrics": {},
         "eval_metrics_client": {},
         "eval_metrics_server": {
            "accuracy": 0.6399999856948853,
            "loss": 0.630768895149231,
            "f1_score": 0.6017258546299369
         }
      },
      {
         "round": 1,
         "train_metrics": {
            "train_loss": 0.46496447128849433,
            "train_acc": 0.9154545502229171,
            "train_f1": 0.8702624749270561,
            "drift": 1.1338138224731384
         },
         "eval_metrics_client": {
            "loss": 0.4430824409831654,
            "accuracy": 0.9077272794463419,
            "f1": 0.8389779613919021
         },
         "eval_metrics_server": {
            "accuracy": 0.925000011920929,
            "loss": 0.4533258378505707,
            "f1_score": 0.8686457375541836
         },
         "drift_metrics": {
            "drift_median": 1.0938941456437303,
            "drift_mean": 1.1338138224731387,
            "drift_max": 1.3346303290517336,
            "drift_min": 0.9747550753101742,
            "drift_per_client": [
               1.0938941456437303,
               1.207123466277375,
               1.3346303290517336,
               1.3138406905949633,
               0.9747550753101742,
               1.0284835634493203,
               1.0443366466588702,
               1.1767512392672523,
               1.089466584120045,
               1.126235097474047,
               1.082435209357011
            ]
         }
      },
      {
         "round": 2,
         "train_metrics": {
            "train_loss": 0.3971390167733173,
            "train_acc": 0.8809090906923469,
            "train_f1": 0.799159232800527,
            "drift": 0.6393020323393718
         },
         "eval_metrics_client": {
            "loss": 0.39029705795374786,
            "accuracy": 0.8818181807344612,
            "f1": 0.7561568495396837
         },
         "eval_metrics_server": {
            "accuracy": 0.8899999856948853,
            "loss": 0.3965851962566376,
            "f1_score": 0.7781810848961483
         },
         "drift_metrics": {
            "drift_median": 0.6397074662931455,
            "drift_mean": 0.6393020323393719,
            "drift_max": 0.7281160785614538,
            "drift_min": 0.5558833938523761,
            "drift_per_client": [
               0.5840736980448001,
               0.6432594451821619,
               0.5854369542003023,
               0.5558833938523761,
               0.7064421105045745,
               0.6945134091956592,
               0.5877721529054513,
               0.6877663239713663,
               0.7281160785614538,
               0.6397074662931455,
               0.619351323021799
            ]
         }
      },
      {
         "round": 3,
         "train_metrics": {
            "train_loss": 0.379653582414547,
            "train_acc": 0.8663636391813105,
            "train_f1": 0.7631824384071026,
            "drift": 0.35497122454076735
         },
         "eval_metrics_client": {
            "loss": 0.3785044957290996,
            "accuracy": 0.8768181800842286,
            "f1": 0.7417863677377954
         },
         "eval_metrics_server": {
            "accuracy": 0.8849999904632568,
            "loss": 0.38334107398986816,
            "f1_score": 0.7575757575757576
         },
         "drift_metrics": {
            "drift_median": 0.32980730606664604,
            "drift_mean": 0.35497122454076735,
            "drift_max": 0.4318273052486331,
            "drift_min": 0.2890251901863773,
            "drift_per_client": [
               0.32980730606664604,
               0.31854374285779113,
               0.4223211707798638,
               0.41081684581728467,
               0.30375995494295327,
               0.2890251901863773,
               0.4031998851136895,
               0.34917514717782827,
               0.32776394232656964,
               0.3184429794308043,
               0.4318273052486331
            ]
         }
      },
      {
         "round": 4,
         "train_metrics": {
            "train_loss": 0.3743244328282096,
            "train_acc": 0.8636363690549678,
            "train_f1": 0.7598760736920458,
            "drift": 0.26208309524423473
         },
         "eval_metrics_client": {
            "loss": 0.3763437840071592,
            "accuracy": 0.8754545450210572,
            "f1": 0.7445858445154745
         },
         "eval_metrics_server": {
            "accuracy": 0.8899999856948853,
            "loss": 0.3783736526966095,
            "f1_score": 0.771594684385382
         },
         "drift_metrics": {
            "drift_median": 0.2483032128833382,
            "drift_mean": 0.26208309524423473,
            "drift_max": 0.3460785409009012,
            "drift_min": 0.20651672088183923,
            "drift_per_client": [
               0.32094429228778537,
               0.22466595652471844,
               0.21157317796976338,
               0.23504499817381447,
               0.2713859697777715,
               0.30517143376368366,
               0.20651672088183923,
               0.2483032128833382,
               0.24394805044055573,
               0.269281694082411,
               0.3460785409009012
            ]
         }
      },
      {
         "round": 5,
         "train_metrics": {
            "train_loss": 0.36978273052018845,
            "train_acc": 0.8754545504396614,
            "train_f1": 0.7885943592414644,
            "drift": 0.23885347957717967
         },
         "eval_metrics_client": {
            "loss": 0.3730476606975902,
            "accuracy": 0.8795454502105714,
            "f1": 0.7600448073371394
         },
         "eval_metrics_server": {
            "accuracy": 0.9100000262260437,
            "loss": 0.37617626786231995,
            "f1_score": 0.8235294117647058
         },
         "drift_metrics": {
            "drift_median": 0.24023736870924484,
            "drift_mean": 0.2388534795771797,
            "drift_max": 0.317256731333399,
            "drift_min": 0.17331667180936633,
            "drift_per_client": [
               0.17331667180936633,
               0.2304770170233772,
               0.2612763691254703,
               0.287170441194264,
               0.24023736870924484,
               0.20844218589972272,
               0.20624863304797533,
               0.27727827438805275,
               0.2514556118478665,
               0.17422897097023765,
               0.317256731333399
            ]
         }
      },
      {
         "round": 6,
         "train_metrics": {
            "train_loss": 0.3679843573095082,
            "train_acc": 0.884545456279408,
            "train_f1": 0.8036329815772331,
            "drift": 0.21947952995644737
         },
         "eval_metrics_client": {
            "loss": 0.36983851682056085,
            "accuracy": 0.8872727209871466,
            "f1": 0.782874185451685
         },
         "eval_metrics_server": {
            "accuracy": 0.9150000214576721,
            "loss": 0.3742973804473877,
            "f1_score": 0.8355819913922337
         },
         "drift_metrics": {
            "drift_median": 0.22593084633847943,
            "drift_mean": 0.21947952995644734,
            "drift_max": 0.2671728115332375,
            "drift_min": 0.1407531211307224,