{
   "info": {
      "strategy": "FedAvg",
      "seed": 7,
      "init_seed": 7,
      "sampling_seed": 7,
      "data_seed": 2,
      "fraction_train": 0.75,
      "fraction_evaluate": 0.75,
      "local_epochs": 2,
      "num_rounds": 10,
      "num_clients": 5,
      "eta_l": 0.3,
      "iid": true,
      "alpha": null,
      "training_mode": "mitigated",
      "nshots": 1000,
      "model_type": "quantum",
      "base_pauli": 0.003,
      "base_readout": 0.003,
      "noise_scale": 0.002
   },
   "rounds": [
      {
         "round": 0,
         "train_metrics": {},
         "eval_metrics_client": {},
         "eval_metrics_server": {
            "accuracy": 0.4950000047683716,
            "loss": 0.7266889214515686,
            "f1_score": 0.46807109940750496
         }
      },
      {
         "round": 1,
         "train_metrics": {
            "train_loss": 0.4441648599429008,
            "train_acc": 0.896666685740153,
            "train_f1": 0.8617213638597945,
            "drift": 1.6412750472849966
         },
         "eval_metrics_client": {
            "loss": 0.3958075443903605,
            "accuracy": 0.896666665871938,
            "f1": 0.8631176451028328
         },
         "eval_metrics_server": {
            "accuracy": 0.9150000214576721,
            "loss": 0.4053562581539154,
            "f1_score": 0.8751423010539459
         },
         "drift_metrics": {
            "drift_median": 1.6528755407732303,
            "drift_mean": 1.6412750472849966,
            "drift_max": 1.7051373473695022,
            "drift_min": 1.5658122537122579,
            "drift_per_client": [
               1.6528755407732303,
               1.7051373473695022,
               1.5658122537122579
            ]
         }
      },
      {
         "round": 2,
         "train_metrics": {
            "train_loss": 0.3431053868471048,
            "train_acc": 0.9233333468437195,
            "train_f1": 0.8879801316511962,
            "drift": 0.720179201708984
         },
         "eval_metrics_client": {
            "loss": 0.33966851234436035,
            "accuracy": 0.9350000023841858,
            "f1": 0.9034409342401546
         },
         "eval_metrics_server": {
            "accuracy": 0.9449999928474426,
            "loss": 0.33783218264579773,
            "f1_score": 0.9132457904491502
         },
         "drift_metrics": {
            "drift_median": 0.707536482769987,
            "drift_mean": 0.7201792017089841,
            "drift_max": 0.8436862771187681,
            "drift_min": 0.609314845238197,
            "drift_per_client": [
               0.8436862771187681,
               0.707536482769987,
               0.609314845238197
            ]
         }
      },
      {
         "round": 3,
         "train_metrics": {
            "train_loss": 0.31513696374037325,
            "train_acc": 0.9366666674613953,
            "train_f1": 0.9017451807736612,
            "drift": 0.42577214163766086
         },
         "eval_metrics_client": {
            "loss": 0.3243221541245778,
            "accuracy": 0.9350000023841858,
            "f1": 0.9023892175853647
         },
         "eval_metrics_server": {
            "accuracy": 0.949999988079071,
            "loss": 0.31785839796066284,
            "f1_score": 0.9233011198036509
         },
         "drift_metrics": {
            "drift_median": 0.40413092525719363,
            "drift_mean": 0.4257721416376609,
            "drift_max": 0.47848742573363273,
            "drift_min": 0.3946980739221564,
            "drift_per_client": [
               0.3946980739221564,
               0.47848742573363273,
               0.40413092525719363
            ]
         }
      },
      {
         "round": 4,
         "train_metrics": {
            "train_loss": 0.3007418108292115,
            "train_acc": 0.9366666873296101,
            "train_f1": 0.9059060225733229,
            "drift": 0.2123266410400544
         },
         "eval_metrics_client": {
            "loss": 0.31128771106402076,
            "accuracy": 0.9366666674613953,
            "f1": 0.9068103491897495
         },
         "eval_metrics_server": {
            "accuracy": 0.949999988079071,
            "loss": 0.31337741017341614,
            "f1_score": 0.9246534056660639
         },
         "drift_metrics": {
            "drift_median": 0.22633714206010208,
            "drift_mean": 0.2123266410400544,
            "drift_max": 0.22730728911081302,
            "drift_min": 0.18333549194924809,
            "drift_per_client": [
               0.22730728911081302,
               0.22633714206010208,
               0.18333549194924809
            ]
         }
      },
      {
         "round": 5,
         "train_metrics": {
            "train_loss": 0.2993226423859596,
            "train_acc": 0.9233333269755045,
            "train_f1": 0.8990488233909286,
            "drift": 0.18581567126472454
         },
         "eval_metrics_client": {
            "loss": 0.3089577853679657,
            "accuracy": 0.9483333428700764,
            "f1": 0.9277407887620435
         },
         "eval_metrics_server": {
            "accuracy": 0.949999988079071,
            "loss": 0.3118152916431427,
            "f1_score": 0.9246534056660639
         },
         "drift_metrics": {
            "drift_median": 0.1568780168332433,
            "drift_mean": 0.18581567126472454,
            "drift_max": 0.274287542334054,
            "drift_min": 0.12628145462687632,
            "drift_per_client": [
               0.1568780168332433,
               0.12628145462687632,
               0.274287542334054
            ]
         }
      },
      {
         "round": 6,
         "train_metrics": {
            "train_loss": 0.29352421447252613,
            "train_acc": 0.9400000174840291,
            "train_f1": 0.9133932584007931,
            "drift": 0.18774122638142274
         },
         "eval_metrics_client": {
            "loss": 0.3001991013685862,
            "accuracy": 0.9433333277702332,
            "f1": 0.9182102235647072
         },
         "eval_metrics_server": {
            "accuracy": 0.9449999928474426,
            "loss": 0.30920740962028503,
            "f1_score": 0.9178338001867414
         },
         "drift_metrics": {
            "drift_median": 0.19620450726776684,
            "drift_mean": 0.18774122638142277,
            "drift_max": 0.2670897296759986,
            "drift_min": 0.09992944220050283,
            "drift_per_client": [
               0.2670897296759986,
               0.19620450726776684,
               0.09992944220050283
            ]
         }
      },
      {
         "round": 7,
         "train_metrics": {
            "train_loss": 0.3058549486673795,
            "train_acc": 0.9266666571299235,
            "train_f1": 0.891776601107439,
            "drift": 0.19872271662336002
         },
         "eval_metrics_client": {
            "loss": 0.30811754862467444,
            "accuracy": 0.9433333277702332,
            "f1": 0.9135313822339969
         },
         "eval_metrics_server": {
            "accuracy": 0.9549999833106995,
            "loss": 0.3071104884147644,
            "f1_score": 0.9303378613723441
         },
         "drift_metrics": {
            "drift_median": 0.2043163576894349,
            "drift_mean": 0.19872271662336005,
            "drift_max": 0.23589968115537174,
            "drift_min": 0.15595211102527348,
            "drift_per_client": [
               0.2043163576894349,
               0.23589968115537174,
               0.15595211102527348
            ]
         }
      },
      {
         "round": 8,
         "train_metrics": {
            "train_loss": 0.3080859868190227,
            "train_acc": 0.9233333269755045,
            "train_f1": 0.8841231221898587,
            "drift": 0.18291542008247466
         },
         "eval_metrics_client": {
            "loss": 0.31336800257364905,
            "accuracy": 0.9399999976158142,