{
   "info": {
      "strategy": "FedAvg",
      "seed": 6,
      "init_seed": 6,
      "sampling_seed": 6,
      "data_seed": 2,
      "fraction_train": 0.75,
      "fraction_evaluate": 0.75,
      "local_epochs": 2,
      "num_rounds": 10,
      "num_clients": 5,
      "eta_l": 0.3,
      "iid": true,
      "alpha": null,
      "training_mode": "mitigated",
      "nshots": 1000,
      "model_type": "quantum",
      "base_pauli": 0.003,
      "base_readout": 0.003,
      "noise_scale": 0.002
   },
   "rounds": [
      {
         "round": 0,
         "train_metrics": {},
         "eval_metrics_client": {},
         "eval_metrics_server": {
            "accuracy": 0.6349999904632568,
            "loss": 0.6415873169898987,
            "f1_score": 0.6027318984517428
         }
      },
      {
         "round": 1,
         "train_metrics": {
            "train_loss": 0.46806978644468844,
            "train_acc": 0.8599999745686848,
            "train_f1": 0.810295210672139,
            "drift": 1.1253101723410643
         },
         "eval_metrics_client": {
            "loss": 0.4507893125216166,
            "accuracy": 0.8633333444595336,
            "f1": 0.8151970260284692
         },
         "eval_metrics_server": {
            "accuracy": 0.8700000047683716,
            "loss": 0.4509422183036804,
            "f1_score": 0.8218201754385965
         },
         "drift_metrics": {
            "drift_median": 1.147235442484257,
            "drift_mean": 1.1253101723410646,
            "drift_max": 1.1648065269728365,
            "drift_min": 1.0638885475660997,
            "drift_per_client": [
               1.0638885475660997,
               1.147235442484257,
               1.1648065269728365
            ]
         }
      },
      {
         "round": 2,
         "train_metrics": {
            "train_loss": 0.38887479824897564,
            "train_acc": 0.8866666555404662,
            "train_f1": 0.8547469208438394,
            "drift": 0.6603108797681839
         },
         "eval_metrics_client": {
            "loss": 0.4031284650166829,
            "accuracy": 0.8883333404858906,
            "f1": 0.8503395278561476
         },
         "eval_metrics_server": {
            "accuracy": 0.9049999713897705,
            "loss": 0.39739906787872314,
            "f1_score": 0.8669048369584252
         },
         "drift_metrics": {
            "drift_median": 0.6940437093588221,
            "drift_mean": 0.660310879768184,
            "drift_max": 0.7021954880995519,
            "drift_min": 0.5846934418461779,
            "drift_per_client": [
               0.5846934418461779,
               0.6940437093588221,
               0.7021954880995519
            ]
         }
      },
      {
         "round": 3,
         "train_metrics": {
            "train_loss": 0.3300001800824434,
            "train_acc": 0.9066666762034098,
            "train_f1": 0.8754282249228403,
            "drift": 0.6038547182402072
         },
         "eval_metrics_client": {
            "loss": 0.33708032965660095,
            "accuracy": 0.9149999817212422,
            "f1": 0.8814866467089847
         },
         "eval_metrics_server": {
            "accuracy": 0.9300000071525574,
            "loss": 0.3531879186630249,
            "f1_score": 0.8980186480186481
         },
         "drift_metrics": {
            "drift_median": 0.5932891902828117,
            "drift_mean": 0.6038547182402072,
            "drift_max": 0.6609288614832779,
            "drift_min": 0.5573461029545321,
            "drift_per_client": [
               0.6609288614832779,
               0.5932891902828117,
               0.5573461029545321
            ]
         }
      },
      {
         "round": 4,
         "train_metrics": {
            "train_loss": 0.2994273346968186,
            "train_acc": 0.9166666666666666,
            "train_f1": 0.8842656991988462,
            "drift": 0.4541171258122705
         },
         "eval_metrics_client": {
            "loss": 0.30886033177375793,
            "accuracy": 0.9366666674613953,
            "f1": 0.9116905532439512
         },
         "eval_metrics_server": {
            "accuracy": 0.925000011920929,
            "loss": 0.3277274966239929,
            "f1_score": 0.8879551820728291
         },
         "drift_metrics": {
            "drift_median": 0.4123116490866742,
            "drift_mean": 0.45411712581227054,
            "drift_max": 0.5585154879864983,
            "drift_min": 0.3915242403636391,
            "drift_per_client": [
               0.5585154879864983,
               0.3915242403636391,
               0.4123116490866742
            ]
         }
      },
      {
         "round": 5,
         "train_metrics": {
            "train_loss": 0.29398664335409797,
            "train_acc": 0.9366666674613953,
            "train_f1": 0.9057956243041463,
            "drift": 0.3322671844454356
         },
         "eval_metrics_client": {
            "loss": 0.30265413721402484,
            "accuracy": 0.9366666674613953,
            "f1": 0.9113997896330046
         },
         "eval_metrics_server": {
            "accuracy": 0.949999988079071,
            "loss": 0.31665095686912537,
            "f1_score": 0.9246534056660639
         },
         "drift_metrics": {
            "drift_median": 0.3700691484644919,
            "drift_mean": 0.3322671844454357,
            "drift_max": 0.3867435525767671,
            "drift_min": 0.23998885229504793,
            "drift_per_client": [
               0.3700691484644919,
               0.3867435525767671,
               0.23998885229504793
            ]
         }
      },
      {
         "round": 6,
         "train_metrics": {
            "train_loss": 0.30526759532781744,
            "train_acc": 0.9333333373069763,
            "train_f1": 0.8974865789495419,
            "drift": 0.273590711033971
         },
         "eval_metrics_client": {
            "loss": 0.3165245751539866,
            "accuracy": 0.9383333325386047,
            "f1": 0.9085348111031697
         },
         "eval_metrics_server": {
            "accuracy": 0.9449999928474426,
            "loss": 0.31277206540107727,
            "f1_score": 0.9178338001867414
         },
         "drift_metrics": {
            "drift_median": 0.27724600830292256,
            "drift_mean": 0.273590711033971,
            "drift_max": 0.2826316335019882,
            "drift_min": 0.26089449129700215,
            "drift_per_client": [
               0.27724600830292256,
               0.2826316335019882,
               0.26089449129700215
            ]
         }
      },
      {
         "round": 7,
         "train_metrics": {
            "train_loss": 0.305050919835384,
            "train_acc": 0.9199999968210856,
            "train_f1": 0.8920793850182733,
            "drift": 0.24005369888463285
         },
         "eval_metrics_client": {
            "loss": 0.3146344224611918,
            "accuracy": 0.9416666825612385,
            "f1": 0.9138433118422057
         },
         "eval_metrics_server": {
            "accuracy": 0.9449999928474426,
            "loss": 0.31153053045272827,
            "f1_score": 0.9178338001867414
         },
         "drift_metrics": {
            "drift_median": 0.21384985914129756,
            "drift_mean": 0.2400536988846329,
            "drift_max": 0.31281959610459187,
            "drift_min": 0.19349164140800917,
            "drift_per_client": [
               0.31281959610459187,
               0.19349164140800917,
               0.21384985914129756
            ]
         }
      },
      {
         "round": 8,
         "train_metrics": {
            "train_loss": 0.2927054932866341,
            "train_acc": 0.9333333373069762,
            "train_f1": 0.9087654570306,
            "drift": 0.21207697628009758
         },
         "eval_metrics_client": {
            "loss": 0.31331251064936316,
            "accuracy": 0.946666677792867,
            "f1": 0.9217317491646994
         },