{
   "info": {
      "strategy": "FedAvg",
      "seed": 2,
      "init_seed": 2,
      "sampling_seed": 2,
      "data_seed": 2,
      "fraction_train": 0.75,
      "fraction_evaluate": 0.75,
      "local_epochs": 2,
      "num_rounds": 10,
      "num_clients": 5,
      "eta_l": 0.3,
      "iid": true,
      "alpha": null,
      "training_mode": "mitigated",
      "nshots": 1000,
      "model_type": "quantum",
      "base_pauli": 0.003,
      "base_readout": 0.003,
      "noise_scale": 0.002
   },
   "rounds": [
      {
         "round": 0,
         "train_metrics": {},
         "eval_metrics_client": {},
         "eval_metrics_server": {
            "accuracy": 0.6800000071525574,
            "loss": 0.6009007096290588,
            "f1_score": 0.6259934548854604
         }
      },
      {
         "round": 1,
         "train_metrics": {
            "train_loss": 0.5390083445952489,
            "train_acc": 0.8100000023841858,
            "train_f1": 0.747766999637292,
            "drift": 0.9047308658467367
         },
         "eval_metrics_client": {
            "loss": 0.4999499122301737,
            "accuracy": 0.7666666706403096,
            "f1": 0.713876489822391
         },
         "eval_metrics_server": {
            "accuracy": 0.7950000166893005,
            "loss": 0.5137031078338623,
            "f1_score": 0.7384453446461038
         },
         "drift_metrics": {
            "drift_median": 0.8724010591139518,
            "drift_mean": 0.9047308658467367,
            "drift_max": 0.9788205464073414,
            "drift_min": 0.8629709920189169,
            "drift_per_client": [
               0.8629709920189169,
               0.8724010591139518,
               0.9788205464073414
            ]
         }
      },
      {
         "round": 2,
         "train_metrics": {
            "train_loss": 0.4384972747319783,
            "train_acc": 0.896666685740153,
            "train_f1": 0.8456835073511171,
            "drift": 0.9170962307191988
         },
         "eval_metrics_client": {
            "loss": 0.39957557121912635,
            "accuracy": 0.9083333214124043,
            "f1": 0.8684414088585743
         },
         "eval_metrics_server": {
            "accuracy": 0.8849999904632568,
            "loss": 0.4232769012451172,
            "f1_score": 0.8364095451474092
         },
         "drift_metrics": {
            "drift_median": 0.8453816278627081,
            "drift_mean": 0.9170962307191988,
            "drift_max": 1.0910819154831966,
            "drift_min": 0.8148251488116917,
            "drift_per_client": [
               0.8148251488116917,
               1.0910819154831966,
               0.8453816278627081
            ]
         }
      },
      {
         "round": 3,
         "train_metrics": {
            "train_loss": 0.3443513680727054,
            "train_acc": 0.9266666769981384,
            "train_f1": 0.8961803495831172,
            "drift": 0.8210904684101125
         },
         "eval_metrics_client": {
            "loss": 0.33594034115473426,
            "accuracy": 0.9266666769981384,
            "f1": 0.8984295164522221
         },
         "eval_metrics_server": {
            "accuracy": 0.9300000071525574,
            "loss": 0.35295218229293823,
            "f1_score": 0.8926215677251113
         },
         "drift_metrics": {
            "drift_median": 0.8648184162826565,
            "drift_mean": 0.8210904684101124,
            "drift_max": 0.8765932093114492,
            "drift_min": 0.7218597796362316,
            "drift_per_client": [
               0.8765932093114492,
               0.8648184162826565,
               0.7218597796362316
            ]
         }
      },
      {
         "round": 4,
         "train_metrics": {
            "train_loss": 0.3132893714385155,
            "train_acc": 0.9333333373069763,
            "train_f1": 0.9131555534279068,
            "drift": 0.42075348999571155
         },
         "eval_metrics_client": {
            "loss": 0.3189135789871216,
            "accuracy": 0.9350000023841858,
            "f1": 0.9119870171441415
         },
         "eval_metrics_server": {
            "accuracy": 0.9300000071525574,
            "loss": 0.32754337787628174,
            "f1_score": 0.8926215677251113
         },
         "drift_metrics": {
            "drift_median": 0.41937932136461464,
            "drift_mean": 0.42075348999571155,
            "drift_max": 0.4425609564047592,
            "drift_min": 0.40032019221776094,
            "drift_per_client": [
               0.4425609564047592,
               0.40032019221776094,
               0.41937932136461464
            ]
         }
      },
      {
         "round": 5,
         "train_metrics": {
            "train_loss": 0.31944884283420366,
            "train_acc": 0.9133333365122477,
            "train_f1": 0.8823492536942829,
            "drift": 0.3231743108759263
         },
         "eval_metrics_client": {
            "loss": 0.3202820320924123,
            "accuracy": 0.9333333373069763,
            "f1": 0.9043483496756408
         },
         "eval_metrics_server": {
            "accuracy": 0.9449999928474426,
            "loss": 0.3148055970668793,
            "f1_score": 0.9163847820303295
         },
         "drift_metrics": {
            "drift_median": 0.32383864117398353,
            "drift_mean": 0.32317431087592624,
            "drift_max": 0.3732784482176992,
            "drift_min": 0.2724058432360961,
            "drift_per_client": [
               0.32383864117398353,
               0.3732784482176992,
               0.2724058432360961
            ]
         }
      },
      {
         "round": 6,
         "train_metrics": {
            "train_loss": 0.3078712522983551,
            "train_acc": 0.9366666674613953,
            "train_f1": 0.9025018888429004,
            "drift": 0.26761184219486545
         },
         "eval_metrics_client": {
            "loss": 0.316950519879659,
            "accuracy": 0.9399999976158142,
            "f1": 0.9101948149082737
         },
         "eval_metrics_server": {
            "accuracy": 0.949999988079071,
            "loss": 0.31000635027885437,
            "f1_score": 0.9246534056660639
         },
         "drift_metrics": {
            "drift_median": 0.27303414636353457,
            "drift_mean": 0.2676118421948655,
            "drift_max": 0.3064578158257974,
            "drift_min": 0.22334356439526457,
            "drift_per_client": [
               0.22334356439526457,
               0.3064578158257974,
               0.27303414636353457
            ]
         }
      },
      {
         "round": 7,
         "train_metrics": {
            "train_loss": 0.29412248138433844,
            "train_acc": 0.9433333277702332,
            "train_f1": 0.9068846819969776,
            "drift": 0.21103905182205115
         },
         "eval_metrics_client": {
            "loss": 0.30936189492543537,
            "accuracy": 0.9433333277702332,
            "f1": 0.9139882516901412
         },
         "eval_metrics_server": {
            "accuracy": 0.949999988079071,
            "loss": 0.3077559471130371,
            "f1_score": 0.921875
         },
         "drift_metrics": {
            "drift_median": 0.21148978004593752,
            "drift_mean": 0.21103905182205118,
            "drift_max": 0.2352463774217716,
            "drift_min": 0.1863809979984444,
            "drift_per_client": [
               0.2352463774217716,
               0.21148978004593752,
               0.1863809979984444
            ]
         }
      },
      {
         "round": 8,
         "train_metrics": {
            "train_loss": 0.29230063886214525,
            "train_acc": 0.9466666579246521,
            "train_f1": 0.9207720904396008,
            "drift": 0.18714836671064178
         },
         "eval_metrics_client": {
            "loss": 0.3220668236414591,
            "accuracy": 0.946666677792867,
            "f1": 0.9233295905262653
         },