{
   "info": {
      "strategy": "FedAvg",
      "seed": 2,
      "init_seed": 2,
      "sampling_seed": 2,
      "data_seed": 2,
      "fraction_train": 0.75,
      "fraction_evaluate": 0.75,
      "local_epochs": 2,
      "num_rounds": 10,
      "num_clients": 5,
      "eta_l": 0.3,
      "iid": true,
      "alpha": null,
      "training_mode": "noisy",
      "nshots": 1000,
      "model_type": "quantum",
      "base_pauli": 0.018,
      "base_readout": 0.018,
      "noise_scale": 0.002
   },
   "rounds": [
      {
         "round": 0,
         "train_metrics": {},
         "eval_metrics_client": {},
         "eval_metrics_server": {
            "accuracy": 0.6800000071525574,
            "loss": 0.6009007096290588,
            "f1_score": 0.6259934548854604
         }
      },
      {
         "round": 1,
         "train_metrics": {
            "train_loss": 0.654017903865912,
            "train_acc": 0.6599999864896138,
            "train_f1": 0.6000367537043505,
            "drift": 0.3384795318888594
         },
         "eval_metrics_client": {
            "loss": 0.6378588279088337,
            "accuracy": 0.6866666674613953,
            "f1": 0.6349996884415143
         },
         "eval_metrics_server": {
            "accuracy": 0.7250000238418579,
            "loss": 0.5662327408790588,
            "f1_score": 0.6677841200809398
         },
         "drift_metrics": {
            "drift_median": 0.34845440419175433,
            "drift_mean": 0.3384795318888594,
            "drift_max": 0.3697213712173172,
            "drift_min": 0.2972628202575066,
            "drift_per_client": [
               0.2972628202575066,
               0.3697213712173172,
               0.34845440419175433
            ]
         }
      },
      {
         "round": 2,
         "train_metrics": {
            "train_loss": 0.6441284127724476,
            "train_acc": 0.6900000174840291,
            "train_f1": 0.6259443361869237,
            "drift": 0.3027595225786873
         },
         "eval_metrics_client": {
            "loss": 0.6242247819900513,
            "accuracy": 0.7416666746139526,
            "f1": 0.6823075137510459
         },
         "eval_metrics_server": {
            "accuracy": 0.7350000143051147,
            "loss": 0.5399653911590576,
            "f1_score": 0.6731522308901976
         },
         "drift_metrics": {
            "drift_median": 0.32254918228758667,
            "drift_mean": 0.3027595225786874,
            "drift_max": 0.3310646759765448,
            "drift_min": 0.2546647094719306,
            "drift_per_client": [
               0.32254918228758667,
               0.2546647094719306,
               0.3310646759765448
            ]
         }
      },
      {
         "round": 3,
         "train_metrics": {
            "train_loss": 0.6300035715103149,
            "train_acc": 0.7400000095367432,
            "train_f1": 0.6931114172905217,
            "drift": 0.267111240887485
         },
         "eval_metrics_client": {
            "loss": 0.620250940322876,
            "accuracy": 0.7649999856948853,
            "f1": 0.705711100431015
         },
         "eval_metrics_server": {
            "accuracy": 0.7749999761581421,
            "loss": 0.518772542476654,
            "f1_score": 0.7129278172945042
         },
         "drift_metrics": {
            "drift_median": 0.24515224231210567,
            "drift_mean": 0.267111240887485,
            "drift_max": 0.31179379774402927,
            "drift_min": 0.24438768260632013,
            "drift_per_client": [
               0.24438768260632013,
               0.31179379774402927,
               0.24515224231210567
            ]
         }
      },
      {
         "round": 4,
         "train_metrics": {
            "train_loss": 0.6240908075601627,
            "train_acc": 0.7733333110809326,
            "train_f1": 0.7403551390471268,
            "drift": 0.2549903992244475
         },
         "eval_metrics_client": {
            "loss": 0.6195099751154581,
            "accuracy": 0.8016666571299234,
            "f1": 0.7555305445904894
         },
         "eval_metrics_server": {
            "accuracy": 0.8100000023841858,
            "loss": 0.497284859418869,
            "f1_score": 0.756128866640996
         },
         "drift_metrics": {
            "drift_median": 0.24895997784311702,
            "drift_mean": 0.25499039922444755,
            "drift_max": 0.28929114797907357,
            "drift_min": 0.226720071851152,
            "drift_per_client": [
               0.28929114797907357,
               0.226720071851152,
               0.24895997784311702
            ]
         }
      },
      {
         "round": 5,
         "train_metrics": {
            "train_loss": 0.6152178033804282,
            "train_acc": 0.8100000023841858,
            "train_f1": 0.7698366447877768,
            "drift": 0.2895933108158773
         },
         "eval_metrics_client": {
            "loss": 0.6084931890169779,
            "accuracy": 0.8216666579246521,
            "f1": 0.7701403983270705
         },
         "eval_metrics_server": {
            "accuracy": 0.8450000286102295,
            "loss": 0.4719228446483612,
            "f1_score": 0.7919393268230477
         },
         "drift_metrics": {
            "drift_median": 0.3135265883933363,
            "drift_mean": 0.2895933108158773,
            "drift_max": 0.31526572957253834,
            "drift_min": 0.23998761448175732,
            "drift_per_client": [
               0.31526572957253834,
               0.3135265883933363,
               0.23998761448175732
            ]
         }
      },
      {
         "round": 6,
         "train_metrics": {
            "train_loss": 0.604133101610037,
            "train_acc": 0.8266666531562805,
            "train_f1": 0.7701188103424474,
            "drift": 0.3268212754327941
         },
         "eval_metrics_client": {
            "loss": 0.5923667748769124,
            "accuracy": 0.8633333245913187,
            "f1": 0.8137763034478764
         },
         "eval_metrics_server": {
            "accuracy": 0.8600000143051147,
            "loss": 0.4411502480506897,
            "f1_score": 0.8107852412488175
         },
         "drift_metrics": {
            "drift_median": 0.3303507941439881,
            "drift_mean": 0.3268212754327941,
            "drift_max": 0.3367546510929704,
            "drift_min": 0.31335838106142383,
            "drift_per_client": [
               0.31335838106142383,
               0.3367546510929704,
               0.3303507941439881
            ]
         }
      },
      {
         "round": 7,
         "train_metrics": {
            "train_loss": 0.5953038182014073,
            "train_acc": 0.8633333444595336,
            "train_f1": 0.8031247688462213,
            "drift": 0.32951683310094315
         },
         "eval_metrics_client": {
            "loss": 0.5823027690251668,
            "accuracy": 0.893333335717519,
            "f1": 0.8501394549262928
         },
         "eval_metrics_server": {
            "accuracy": 0.875,
            "loss": 0.40866658091545105,
            "f1_score": 0.8298798952060155
         },
         "drift_metrics": {
            "drift_median": 0.33015652572961096,
            "drift_mean": 0.32951683310094315,
            "drift_max": 0.3580066544128393,
            "drift_min": 0.3003873191603792,
            "drift_per_client": [
               0.3003873191603792,
               0.3580066544128393,
               0.33015652572961096
            ]
         }
      },
      {
         "round": 8,
         "train_metrics": {
            "train_loss": 0.5805299740571241,
            "train_acc": 0.893333335717519,
            "train_f1": 0.854787519481564,
            "drift": 0.31890656198085054
         },
         "eval_metrics_client": {
            "loss": 0.5748834411303202,
            "accuracy": 0.899999976158142,
            "f1": 0.8661837025142216
         },