{
   "info": {
      "strategy": "FedAvg",
      "seed": 4,
      "init_seed": 4,
      "sampling_seed": 4,
      "data_seed": 2,
      "fraction_train": 0.75,
      "fraction_evaluate": 0.75,
      "local_epochs": 2,
      "num_rounds": 10,
      "num_clients": 5,
      "eta_l": 0.3,
      "iid": true,
      "alpha": null,
      "training_mode": "noisy",
      "nshots": 1000,
      "model_type": "quantum",
      "base_pauli": 0.018,
      "base_readout": 0.018,
      "noise_scale": 0.002
   },
   "rounds": [
      {
         "round": 0,
         "train_metrics": {},
         "eval_metrics_client": {},
         "eval_metrics_server": {
            "accuracy": 0.6700000166893005,
            "loss": 0.6031970381736755,
            "f1_score": 0.6268656716417911
         }
      },
      {
         "round": 1,
         "train_metrics": {
            "train_loss": 0.6475526522367429,
            "train_acc": 0.7833333412806192,
            "train_f1": 0.7343124544363966,
            "drift": 0.44537934685845837
         },
         "eval_metrics_client": {
            "loss": 0.6411495606104533,
            "accuracy": 0.771666665871938,
            "f1": 0.7283085601898086
         },
         "eval_metrics_server": {
            "accuracy": 0.75,
            "loss": 0.5356786251068115,
            "f1_score": 0.707807386629266
         },
         "drift_metrics": {
            "drift_median": 0.42397826447944215,
            "drift_mean": 0.44537934685845837,
            "drift_max": 0.49043656533821284,
            "drift_min": 0.4217232107577202,
            "drift_per_client": [
               0.49043656533821284,
               0.42397826447944215,
               0.4217232107577202
            ]
         }
      },
      {
         "round": 2,
         "train_metrics": {
            "train_loss": 0.6224318452370472,
            "train_acc": 0.8100000023841858,
            "train_f1": 0.77263559695589,
            "drift": 0.39994434085342645
         },
         "eval_metrics_client": {
            "loss": 0.6246902743975321,
            "accuracy": 0.8133333325386047,
            "f1": 0.7734345158460819
         },
         "eval_metrics_server": {
            "accuracy": 0.8349999785423279,
            "loss": 0.4815140664577484,
            "f1_score": 0.789480399349303
         },
         "drift_metrics": {
            "drift_median": 0.4003824613525702,
            "drift_mean": 0.3999443408534265,
            "drift_max": 0.402679684752971,
            "drift_min": 0.3967708764547383,
            "drift_per_client": [
               0.3967708764547383,
               0.402679684752971,
               0.4003824613525702
            ]
         }
      },
      {
         "round": 3,
         "train_metrics": {
            "train_loss": 0.606297587737059,
            "train_acc": 0.8533333341280619,
            "train_f1": 0.8175058746324876,
            "drift": 0.34894709999224927
         },
         "eval_metrics_client": {
            "loss": 0.6062329610188801,
            "accuracy": 0.8600000143051146,
            "f1": 0.8154232812020064
         },
         "eval_metrics_server": {
            "accuracy": 0.8700000047683716,
            "loss": 0.44200825691223145,
            "f1_score": 0.8266666666666667
         },
         "drift_metrics": {
            "drift_median": 0.3384017351368397,
            "drift_mean": 0.3489470999922493,
            "drift_max": 0.3811637037062015,
            "drift_min": 0.32727586113370666,
            "drift_per_client": [
               0.32727586113370666,
               0.3811637037062015,
               0.3384017351368397
            ]
         }
      },
      {
         "round": 4,
         "train_metrics": {
            "train_loss": 0.5901511617195911,
            "train_acc": 0.8733333349227904,
            "train_f1": 0.8263139892376273,
            "drift": 0.33637589880215263
         },
         "eval_metrics_client": {
            "loss": 0.588065226872762,
            "accuracy": 0.8866666555404662,
            "f1": 0.846168608816068
         },
         "eval_metrics_server": {
            "accuracy": 0.9049999713897705,
            "loss": 0.40754398703575134,
            "f1_score": 0.8669048369584252
         },
         "drift_metrics": {
            "drift_median": 0.30851972037318315,
            "drift_mean": 0.33637589880215263,
            "drift_max": 0.41025863170835475,
            "drift_min": 0.29034934432492016,
            "drift_per_client": [
               0.41025863170835475,
               0.30851972037318315,
               0.29034934432492016
            ]
         }
      },
      {
         "round": 5,
         "train_metrics": {
            "train_loss": 0.5809262410188333,
            "train_acc": 0.896666665871938,
            "train_f1": 0.8477662673358176,
            "drift": 0.3187980459078525
         },
         "eval_metrics_client": {
            "loss": 0.5778869191805521,
            "accuracy": 0.8916666507720946,
            "f1": 0.8521479100462285
         },
         "eval_metrics_server": {
            "accuracy": 0.9150000214576721,
            "loss": 0.3789159059524536,
            "f1_score": 0.8790853159785199
         },
         "drift_metrics": {
            "drift_median": 0.3068929901596444,
            "drift_mean": 0.31879804590785255,
            "drift_max": 0.3779960025040731,
            "drift_min": 0.2715051450598401,
            "drift_per_client": [
               0.3068929901596444,
               0.2715051450598401,
               0.3779960025040731
            ]
         }
      },
      {
         "round": 6,
         "train_metrics": {
            "train_loss": 0.5678514807652204,
            "train_acc": 0.9033333261807759,
            "train_f1": 0.8685079766673693,
            "drift": 0.2857521341942147
         },
         "eval_metrics_client": {
            "loss": 0.570743719736735,
            "accuracy": 0.8916666507720946,
            "f1": 0.8572981489072404
         },
         "eval_metrics_server": {
            "accuracy": 0.9200000166893005,
            "loss": 0.35812434554100037,
            "f1_score": 0.8853046594982079
         },
         "drift_metrics": {
            "drift_median": 0.272077474426,
            "drift_mean": 0.2857521341942147,
            "drift_max": 0.3345837886540111,
            "drift_min": 0.250595139502633,
            "drift_per_client": [
               0.3345837886540111,
               0.272077474426,
               0.250595139502633
            ]
         }
      },
      {
         "round": 7,
         "train_metrics": {
            "train_loss": 0.5662164015647692,
            "train_acc": 0.9066666762034098,
            "train_f1": 0.8829737863879821,
            "drift": 0.19460074839979832
         },
         "eval_metrics_client": {
            "loss": 0.5698350071907043,
            "accuracy": 0.8899999856948851,
            "f1": 0.8592554401359679
         },
         "eval_metrics_server": {
            "accuracy": 0.9200000166893005,
            "loss": 0.34705230593681335,
            "f1_score": 0.8853046594982079
         },
         "drift_metrics": {
            "drift_median": 0.18829300909184113,
            "drift_mean": 0.19460074839979835,
            "drift_max": 0.210466646997278,
            "drift_min": 0.1850425891102759,
            "drift_per_client": [
               0.1850425891102759,
               0.18829300909184113,
               0.210466646997278
            ]
         }
      },
      {
         "round": 8,
         "train_metrics": {
            "train_loss": 0.5661615438950367,
            "train_acc": 0.8900000055631001,
            "train_f1": 0.8595426177955233,
            "drift": 0.17157813908774638
         },
         "eval_metrics_client": {
            "loss": 0.5630856156349182,
            "accuracy": 0.8933333158493041,
            "f1": 0.8558023993720175
         },