{
    "1": {
        "loss_median": 0.5163048307100931,
        "loss_mad": 0.011771023273468018,
        "accuracy_median": 0.8516666690508524,
        "accuracy_mad": 0.02333333094914747,
        "f1_median": 0.798113739928856,
        "f1_mad": 0.012004651745702644
    },
    "2": {
        "loss_median": 0.47815527518590284,
        "loss_mad": 0.018925319115320804,
        "accuracy_median": 0.8833333253860473,
        "accuracy_mad": 0.021666646003723145,
        "f1_median": 0.8426506883942021,
        "f1_mad": 0.029913670011450177
    },
    "3": {
        "loss_median": 0.4529925882816314,
        "loss_mad": 0.008145133654276548,
        "accuracy_median": 0.9083333412806193,
        "accuracy_mad": 0.010000010331471798,
        "f1_median": 0.8638012644201057,
        "f1_mad": 0.01679459411074513
    },
    "4": {
        "loss_median": 0.4378372132778168,
        "loss_mad": 0.022896647453308105,
        "accuracy_median": 0.9183333317438761,
        "accuracy_mad": 0.015000005563100216,
        "f1_median": 0.8745241710095968,
        "f1_mad": 0.02740469996992978
    },
    "5": {
        "loss_median": 0.41297324498494464,
        "loss_mad": 0.01015040278434759,
        "accuracy_median": 0.9233333468437195,
        "accuracy_mad": 0.006666660308837891,
        "f1_median": 0.8872517393220519,
        "f1_mad": 0.025343338932621973
    },
    "6": {
        "loss_median": 0.3998637000719706,
        "loss_mad": 0.0078059236208598,
        "accuracy_median": 0.9316666722297668,
        "accuracy_mad": 0.008333325386047363,
        "f1_median": 0.8997756693982428,
        "f1_mad": 0.01528754076966976
    },
    "7": {
        "loss_median": 0.40359875559806824,
        "loss_mad": 0.011676162481307983,
        "accuracy_median": 0.9366666674613953,
        "accuracy_mad": 0.004999995231628418,
        "f1_median": 0.9067074757710443,
        "f1_mad": 0.0066240335841781794
    },
    "8": {
        "loss_median": 0.40705037117004395,
        "loss_mad": 0.010376592477162716,
        "accuracy_median": 0.9316666722297668,
        "accuracy_mad": 0.008333325386047363,
        "f1_median": 0.9020457390028485,
        "f1_mad": 0.007366146754233083
    },
    "9": {
        "loss_median": 0.4062577188014984,
        "loss_mad": 0.012737860282262203,
        "accuracy_median": 0.9333333373069763,
        "accuracy_mad": 0.0033333301544189453,
        "f1_median": 0.9036814185982966,
        "f1_mad": 0.016503048726062675
    },
    "10": {
        "loss_median": 0.4018497765064239,
        "loss_mad": 0.011135011911392156,
        "accuracy_median": 0.9333333373069763,
        "accuracy_mad": 0.013333320617675781,
        "f1_median": 0.9091905466889805,
        "f1_mad": 0.010008676650863801
    }
}