{
   "info": {
      "strategy": "FedAvg",
      "seed": 4,
      "init_seed": 4,
      "sampling_seed": 4,
      "data_seed": 2,
      "fraction_train": 0.75,
      "fraction_evaluate": 0.75,
      "local_epochs": 2,
      "num_rounds": 10,
      "num_clients": 5,
      "eta_l": 0.3,
      "iid": true,
      "alpha": null,
      "training_mode": "mitigated",
      "nshots": 1000,
      "model_type": "quantum",
      "base_pauli": 0.005,
      "base_readout": 0.005,
      "noise_scale": 0.002
   },
   "rounds": [
      {
         "round": 0,
         "train_metrics": {},
         "eval_metrics_client": {},
         "eval_metrics_server": {
            "accuracy": 0.6700000166893005,
            "loss": 0.6031970381736755,
            "f1_score": 0.6268656716417911
         }
      },
      {
         "round": 1,
         "train_metrics": {
            "train_loss": 0.4506397384863633,
            "train_acc": 0.8766666650772094,
            "train_f1": 0.8347053463745742,
            "drift": 1.2755083212981484
         },
         "eval_metrics_client": {
            "loss": 0.42564278841018677,
            "accuracy": 0.8950000007947285,
            "f1": 0.8611389876527649
         },
         "eval_metrics_server": {
            "accuracy": 0.8949999809265137,
            "loss": 0.427590936422348,
            "f1_score": 0.8506348020911128
         },
         "drift_metrics": {
            "drift_median": 1.2527421900310265,
            "drift_mean": 1.2755083212981486,
            "drift_max": 1.3674948078088025,
            "drift_min": 1.2062879660546166,
            "drift_per_client": [
               1.2062879660546166,
               1.2527421900310265,
               1.3674948078088025
            ]
         }
      },
      {
         "round": 2,
         "train_metrics": {
            "train_loss": 0.35512732618894327,
            "train_acc": 0.9033333460489908,
            "train_f1": 0.8772095868428711,
            "drift": 0.7145904871529686
         },
         "eval_metrics_client": {
            "loss": 0.3635843594868977,
            "accuracy": 0.9099999864896138,
            "f1": 0.8822773763757342
         },
         "eval_metrics_server": {
            "accuracy": 0.9150000214576721,
            "loss": 0.37054383754730225,
            "f1_score": 0.8751423010539459
         },
         "drift_metrics": {
            "drift_median": 0.7451717535726512,
            "drift_mean": 0.7145904871529686,
            "drift_max": 0.7895860268926742,
            "drift_min": 0.6090136809935807,
            "drift_per_client": [
               0.7895860268926742,
               0.7451717535726512,
               0.6090136809935807
            ]
         }
      },
      {
         "round": 3,
         "train_metrics": {
            "train_loss": 0.3492293728467746,
            "train_acc": 0.893333335717519,
            "train_f1": 0.8609163957583497,
            "drift": 0.5168608173343546
         },
         "eval_metrics_client": {
            "loss": 0.3447348872820536,
            "accuracy": 0.9183333317438761,
            "f1": 0.8854872783805472
         },
         "eval_metrics_server": {
            "accuracy": 0.9350000023841858,
            "loss": 0.3364633321762085,
            "f1_score": 0.9045205831588998
         },
         "drift_metrics": {
            "drift_median": 0.5120905479054302,
            "drift_mean": 0.5168608173343546,
            "drift_max": 0.5497950662509228,
            "drift_min": 0.4886968378467109,
            "drift_per_client": [
               0.5120905479054302,
               0.4886968378467109,
               0.5497950662509228
            ]
         }
      },
      {
         "round": 4,
         "train_metrics": {
            "train_loss": 0.32612713063374543,
            "train_acc": 0.9166666865348816,
            "train_f1": 0.8731150553825711,
            "drift": 0.3871882471884909
         },
         "eval_metrics_client": {
            "loss": 0.32412900527318317,
            "accuracy": 0.9316666722297668,
            "f1": 0.89963357282654
         },
         "eval_metrics_server": {
            "accuracy": 0.949999988079071,
            "loss": 0.31884288787841797,
            "f1_score": 0.9246534056660639
         },
         "drift_metrics": {
            "drift_median": 0.35743652365572975,
            "drift_mean": 0.38718824718849093,
            "drift_max": 0.46784146500467244,
            "drift_min": 0.33628675290507054,
            "drift_per_client": [
               0.46784146500467244,
               0.33628675290507054,
               0.35743652365572975
            ]
         }
      },
      {
         "round": 5,
         "train_metrics": {
            "train_loss": 0.30253821802444947,
            "train_acc": 0.9333333373069763,
            "train_f1": 0.8924833707780045,
            "drift": 0.2599631680364006
         },
         "eval_metrics_client": {
            "loss": 0.30384790897369385,
            "accuracy": 0.9416666626930237,
            "f1": 0.91229034180372
         },
         "eval_metrics_server": {
            "accuracy": 0.9549999833106995,
            "loss": 0.31100332736968994,
            "f1_score": 0.9303378613723441
         },
         "drift_metrics": {
            "drift_median": 0.2426204400945206,
            "drift_mean": 0.2599631680364007,
            "drift_max": 0.31907404970275677,
            "drift_min": 0.21819501431192465,
            "drift_per_client": [
               0.31907404970275677,
               0.2426204400945206,
               0.21819501431192465
            ]
         }
      },
      {
         "round": 6,
         "train_metrics": {
            "train_loss": 0.290661402619802,
            "train_acc": 0.9166666865348816,
            "train_f1": 0.8815968838436321,
            "drift": 0.23620831305362358
         },
         "eval_metrics_client": {
            "loss": 0.31118867794672644,
            "accuracy": 0.9483333428700764,
            "f1": 0.924574431512259
         },
         "eval_metrics_server": {
            "accuracy": 0.9350000023841858,
            "loss": 0.30952879786491394,
            "f1_score": 0.9011820151267531
         },
         "drift_metrics": {
            "drift_median": 0.23974750352680774,
            "drift_mean": 0.23620831305362358,
            "drift_max": 0.30664288124790917,
            "drift_min": 0.16223455438615386,
            "drift_per_client": [
               0.16223455438615386,
               0.23974750352680774,
               0.30664288124790917
            ]
         }
      },
      {
         "round": 7,
         "train_metrics": {
            "train_loss": 0.302196619220269,
            "train_acc": 0.9433333277702332,
            "train_f1": 0.9224816315982851,
            "drift": 0.2093335654695906
         },
         "eval_metrics_client": {
            "loss": 0.3055044809977213,
            "accuracy": 0.9300000071525574,
            "f1": 0.904910109526345
         },
         "eval_metrics_server": {
            "accuracy": 0.9399999976158142,
            "loss": 0.31134676933288574,
            "f1_score": 0.9111242778847578
         },
         "drift_metrics": {
            "drift_median": 0.19376164216132866,
            "drift_mean": 0.2093335654695906,
            "drift_max": 0.2847576894650462,
            "drift_min": 0.1494813647823969,
            "drift_per_client": [
               0.2847576894650462,
               0.1494813647823969,
               0.19376164216132866
            ]
         }
      },
      {
         "round": 8,
         "train_metrics": {
            "train_loss": 0.32003123332292605,
            "train_acc": 0.9000000158945719,
            "train_f1": 0.8681912936864252,
            "drift": 0.23372218726709793
         },
         "eval_metrics_client": {
            "loss": 0.31528184811274207,
            "accuracy": 0.9300000071525574,