{
   "info": {
      "strategy": "FedAvg",
      "seed": 1,
      "init_seed": 1,
      "sampling_seed": 1,
      "data_seed": 2,
      "fraction_train": 0.75,
      "fraction_evaluate": 0.75,
      "local_epochs": 2,
      "num_rounds": 10,
      "num_clients": 5,
      "eta_l": 0.3,
      "iid": true,
      "alpha": null,
      "training_mode": "mitigated",
      "nshots": 1000,
      "model_type": "quantum",
      "base_pauli": 0.005,
      "base_readout": 0.005,
      "noise_scale": 0.002
   },
   "rounds": [
      {
         "round": 0,
         "train_metrics": {},
         "eval_metrics_client": {},
         "eval_metrics_server": {
            "accuracy": 0.6150000095367432,
            "loss": 0.6220965385437012,
            "f1_score": 0.548002700243609
         }
      },
      {
         "round": 1,
         "train_metrics": {
            "train_loss": 0.5160877689337119,
            "train_acc": 0.8433333237965901,
            "train_f1": 0.7930097274747887,
            "drift": 0.9932007629928888
         },
         "eval_metrics_client": {
            "loss": 0.4789674679438273,
            "accuracy": 0.8183333277702332,
            "f1": 0.7807999821253294
         },
         "eval_metrics_server": {
            "accuracy": 0.8500000238418579,
            "loss": 0.5062255859375,
            "f1_score": 0.7972699013380187
         },
         "drift_metrics": {
            "drift_median": 0.9958787194288161,
            "drift_mean": 0.9932007629928888,
            "drift_max": 1.0248488922830994,
            "drift_min": 0.9588746772667511,
            "drift_per_client": [
               0.9588746772667511,
               1.0248488922830994,
               0.9958787194288161
            ]
         }
      },
      {
         "round": 2,
         "train_metrics": {
            "train_loss": 0.40798893418067544,
            "train_acc": 0.8533333341280619,
            "train_f1": 0.8069296490875499,
            "drift": 0.696576849837814
         },
         "eval_metrics_client": {
            "loss": 0.4262689153353373,
            "accuracy": 0.8416666587193806,
            "f1": 0.8007737805515368
         },
         "eval_metrics_server": {
            "accuracy": 0.8550000190734863,
            "loss": 0.4475620687007904,
            "f1_score": 0.8026606784389778
         },
         "drift_metrics": {
            "drift_median": 0.744860430131302,
            "drift_mean": 0.6965768498378141,
            "drift_max": 0.8005857119764217,
            "drift_min": 0.5442844074057183,
            "drift_per_client": [
               0.5442844074057183,
               0.744860430131302,
               0.8005857119764217
            ]
         }
      },
      {
         "round": 3,
         "train_metrics": {
            "train_loss": 0.4081893192651944,
            "train_acc": 0.8433333237965901,
            "train_f1": 0.8020495175978143,
            "drift": 0.43645806444135504
         },
         "eval_metrics_client": {
            "loss": 0.4142602185408274,
            "accuracy": 0.8516666690508524,
            "f1": 0.8005513734371313
         },
         "eval_metrics_server": {
            "accuracy": 0.8650000095367432,
            "loss": 0.4289110600948334,
            "f1_score": 0.813632441760138
         },
         "drift_metrics": {
            "drift_median": 0.4602393766410499,
            "drift_mean": 0.4364580644413551,
            "drift_max": 0.5562355000112919,
            "drift_min": 0.2928993166717235,
            "drift_per_client": [
               0.2928993166717235,
               0.5562355000112919,
               0.4602393766410499
            ]
         }
      },
      {
         "round": 4,
         "train_metrics": {
            "train_loss": 0.416258196800183,
            "train_acc": 0.849999984105428,
            "train_f1": 0.8085363453557524,
            "drift": 0.4365298133941653
         },
         "eval_metrics_client": {
            "loss": 0.4164024988810221,
            "accuracy": 0.8633333444595336,
            "f1": 0.8129767012793739
         },
         "eval_metrics_server": {
            "accuracy": 0.8799999952316284,
            "loss": 0.41104820370674133,
            "f1_score": 0.8251748251748252
         },
         "drift_metrics": {
            "drift_median": 0.4287586531330329,
            "drift_mean": 0.43652981339416536,
            "drift_max": 0.6021174220627512,
            "drift_min": 0.27871336498671195,
            "drift_per_client": [
               0.27871336498671195,
               0.4287586531330329,
               0.6021174220627512
            ]
         }
      },
      {
         "round": 5,
         "train_metrics": {
            "train_loss": 0.3815500640716308,
            "train_acc": 0.9233333269755045,
            "train_f1": 0.8779268906055311,
            "drift": 0.4957988940321332
         },
         "eval_metrics_client": {
            "loss": 0.3947580357392628,
            "accuracy": 0.92166668176651,
            "f1": 0.8759683045371329
         },
         "eval_metrics_server": {
            "accuracy": 0.9449999928474426,
            "loss": 0.38797006011009216,
            "f1_score": 0.9058178860396421
         },
         "drift_metrics": {
            "drift_median": 0.45211775444922947,
            "drift_mean": 0.4957988940321332,
            "drift_max": 0.5918247978092588,
            "drift_min": 0.44345412983791127,
            "drift_per_client": [
               0.44345412983791127,
               0.5918247978092588,
               0.45211775444922947
            ]
         }
      },
      {
         "round": 6,
         "train_metrics": {
            "train_loss": 0.3444564930903606,
            "train_acc": 0.9666666785875956,
            "train_f1": 0.9449243866715787,
            "drift": 0.35437535093759254
         },
         "eval_metrics_client": {
            "loss": 0.37951005498568213,
            "accuracy": 0.9233333468437195,
            "f1": 0.8775945063346929
         },
         "eval_metrics_server": {
            "accuracy": 0.9449999928474426,
            "loss": 0.3766323924064636,
            "f1_score": 0.9013939312446775
         },
         "drift_metrics": {
            "drift_median": 0.35036604231381385,
            "drift_mean": 0.3543753509375926,
            "drift_max": 0.3902694556780271,
            "drift_min": 0.3224905548209367,
            "drift_per_client": [
               0.3224905548209367,
               0.3902694556780271,
               0.35036604231381385
            ]
         }
      },
      {
         "round": 7,
         "train_metrics": {
            "train_loss": 0.3447168305134162,
            "train_acc": 0.9400000174840291,
            "train_f1": 0.9103456563853445,
            "drift": 0.27819370473701516
         },
         "eval_metrics_client": {
            "loss": 0.37195573250452674,
            "accuracy": 0.921666661898295,
            "f1": 0.875666234323278
         },
         "eval_metrics_server": {
            "accuracy": 0.9399999976158142,
            "loss": 0.3732222318649292,
            "f1_score": 0.8911268372346217
         },
         "drift_metrics": {
            "drift_median": 0.24347117269474444,
            "drift_mean": 0.27819370473701516,
            "drift_max": 0.3789505145667564,
            "drift_min": 0.2121594269495447,
            "drift_per_client": [
               0.3789505145667564,
               0.24347117269474444,
               0.2121594269495447
            ]
         }
      },
      {
         "round": 8,
         "train_metrics": {
            "train_loss": 0.35697675897524905,
            "train_acc": 0.9166666666666665,
            "train_f1": 0.8750193887631813,
            "drift": 0.2677395461913453
         },
         "eval_metrics_client": {
            "loss": 0.36732790867487586,
            "accuracy": 0.9283333222071329,
            "f1": 0.8807674567234507
         },