{
    "1": {
        "loss_median": 0.596985896428426,
        "loss_mad": 0.006617983182271248,
        "accuracy_median": 0.6800000071525574,
        "accuracy_mad": 0.05999998251597083,
        "f1_median": 0.6291331257097827,
        "f1_mad": 0.06428454954373941
    },
    "2": {
        "loss_median": 0.564261237780253,
        "loss_mad": 0.011954128742218018,
        "accuracy_median": 0.7599999904632568,
        "accuracy_mad": 0.028333326180775997,
        "f1_median": 0.7034267310546212,
        "f1_mad": 0.02279246385820277
    },
    "3": {
        "loss_median": 0.5346983075141907,
        "loss_mad": 0.009060939153035519,
        "accuracy_median": 0.8083333373069763,
        "accuracy_mad": 0.03166665633519483,
        "f1_median": 0.7540703218223298,
        "f1_mad": 0.0400858355833259
    },
    "4": {
        "loss_median": 0.5123799244562784,
        "loss_mad": 0.010292212168375614,
        "accuracy_median": 0.8549999992052713,
        "accuracy_mad": 0.02333333094914747,
        "f1_median": 0.7798718327012476,
        "f1_mad": 0.01980262766707519
    },
    "5": {
        "loss_median": 0.4896638095378876,
        "loss_mad": 0.008425702651341682,
        "accuracy_median": 0.8716666698455809,
        "accuracy_mad": 0.010000010331471687,
        "f1_median": 0.8211258083027505,
        "f1_mad": 0.01172999745996195
    },
    "6": {
        "loss_median": 0.47550501426060987,
        "loss_mad": 0.0130881667137146,
        "accuracy_median": 0.8799999952316283,
        "accuracy_mad": 0.010000010331471687,
        "f1_median": 0.8357208317400598,
        "f1_mad": 0.016396218753966463
    },
    "7": {
        "loss_median": 0.4655522505442301,
        "loss_mad": 0.01695948839187622,
        "accuracy_median": 0.896666665871938,
        "accuracy_mad": 0.015000005563100216,
        "f1_median": 0.8588005602637226,
        "f1_mad": 0.01260522623473781
    },
    "8": {
        "loss_median": 0.46393754084904987,
        "loss_mad": 0.02592920263608295,
        "accuracy_median": 0.9083333412806193,
        "accuracy_mad": 0.013333340485890743,
        "f1_median": 0.8687361813104387,
        "f1_mad": 0.02774490447601241
    },
    "9": {
        "loss_median": 0.45002317428588867,
        "loss_mad": 0.027770171562830626,
        "accuracy_median": 0.9150000015894572,
        "accuracy_mad": 0.026666661103566525,
        "f1_median": 0.8735599552137214,
        "f1_mad": 0.04341850859816265
    },
    "10": {
        "loss_median": 0.44724807143211365,
        "loss_mad": 0.022611041863759396,
        "accuracy_median": 0.9233333468437195,
        "accuracy_mad": 0.006666660308837891,
        "f1_median": 0.8814964104634821,
        "f1_mad": 0.023604285941561942
    }
}