{
   "info": {
      "strategy": "FedAvg",
      "seed": 7,
      "init_seed": 2,
      "sampling_seed": 2,
      "data_seed": 7,
      "fraction_train": 0.75,
      "fraction_evaluate": 0.75,
      "local_epochs": 2,
      "num_rounds": 10,
      "num_clients": 5,
      "eta_l": 0.3,
      "iid": true,
      "alpha": null,
      "training_mode": "noiseless",
      "nshots": null,
      "model_type": "quantum"
   },
   "rounds": [
      {
         "round": 0,
         "train_metrics": {},
         "eval_metrics_client": {},
         "eval_metrics_server": {
            "accuracy": 0.6800000071525574,
            "loss": 0.6009007096290588,
            "f1_score": 0.6259934548854604
         }
      },
      {
         "round": 1,
         "train_metrics": {
            "train_loss": 0.5223456009840354,
            "train_acc": 0.7766666809717813,
            "train_f1": 0.719045202098255,
            "drift": 0.8672125513616895
         },
         "eval_metrics_client": {
            "loss": 0.4990415871143341,
            "accuracy": 0.7816666762034097,
            "f1": 0.7269069406864682
         },
         "eval_metrics_server": {
            "accuracy": 0.7950000166893005,
            "loss": 0.516791820526123,
            "f1_score": 0.7414798701093981
         },
         "drift_metrics": {
            "drift_median": 0.8283340024038064,
            "drift_mean": 0.8672125513616896,
            "drift_max": 0.9503003414525016,
            "drift_min": 0.8230033102287609,
            "drift_per_client": [
               0.8230033102287609,
               0.8283340024038064,
               0.9503003414525016
            ]
         }
      },
      {
         "round": 2,
         "train_metrics": {
            "train_loss": 0.4671011888063871,
            "train_acc": 0.8533333142598469,
            "train_f1": 0.8183257576132111,
            "drift": 0.707760677920986
         },
         "eval_metrics_client": {
            "loss": 0.42966828743616736,
            "accuracy": 0.8799999952316284,
            "f1": 0.8366903804090196
         },
         "eval_metrics_server": {
            "accuracy": 0.8450000286102295,
            "loss": 0.45498427748680115,
            "f1_score": 0.7946951885824034
         },
         "drift_metrics": {
            "drift_median": 0.7762429026226462,
            "drift_mean": 0.707760677920986,
            "drift_max": 0.7777510543020315,
            "drift_min": 0.5692880768382803,
            "drift_per_client": [
               0.5692880768382803,
               0.7777510543020315,
               0.7762429026226462
            ]
         }
      },
      {
         "round": 3,
         "train_metrics": {
            "train_loss": 0.3823398993565486,
            "train_acc": 0.9399999976158142,
            "train_f1": 0.9194852845529602,
            "drift": 0.74827964710832
         },
         "eval_metrics_client": {
            "loss": 0.37000737587610877,
            "accuracy": 0.9049999912579854,
            "f1": 0.8712894700006246
         },
         "eval_metrics_server": {
            "accuracy": 0.8949999809265137,
            "loss": 0.38393568992614746,
            "f1_score": 0.8506348020911128
         },
         "drift_metrics": {
            "drift_median": 0.7601030943659747,
            "drift_mean": 0.74827964710832,
            "drift_max": 0.7751511109347217,
            "drift_min": 0.7095847360242635,
            "drift_per_client": [
               0.7095847360242635,
               0.7751511109347217,
               0.7601030943659747
            ]
         }
      },
      {
         "round": 4,
         "train_metrics": {
            "train_loss": 0.3264172623554865,
            "train_acc": 0.9266666769981384,
            "train_f1": 0.8946435508935509,
            "drift": 0.5907006167500847
         },
         "eval_metrics_client": {
            "loss": 0.33068598310152686,
            "accuracy": 0.9133333365122477,
            "f1": 0.8858119972796856
         },
         "eval_metrics_server": {
            "accuracy": 0.925000011920929,
            "loss": 0.33943450450897217,
            "f1_score": 0.8916145814516421
         },
         "drift_metrics": {
            "drift_median": 0.5779508009101233,
            "drift_mean": 0.5907006167500847,
            "drift_max": 0.7121876486557746,
            "drift_min": 0.48196340068435617,
            "drift_per_client": [
               0.5779508009101233,
               0.7121876486557746,
               0.48196340068435617
            ]
         }
      },
      {
         "round": 5,
         "train_metrics": {
            "train_loss": 0.3133340963186362,
            "train_acc": 0.9366666674613953,
            "train_f1": 0.9000527175930401,
            "drift": 0.4350708616211168
         },
         "eval_metrics_client": {
            "loss": 0.31383692224820453,
            "accuracy": 0.9333333373069763,
            "f1": 0.9030720205615137
         },
         "eval_metrics_server": {
            "accuracy": 0.9399999976158142,
            "loss": 0.3156852722167969,
            "f1_score": 0.9095840867992766
         },
         "drift_metrics": {
            "drift_median": 0.49524362236256725,
            "drift_mean": 0.4350708616211168,
            "drift_max": 0.5223337019419398,
            "drift_min": 0.2876352605588434,
            "drift_per_client": [
               0.49524362236256725,
               0.2876352605588434,
               0.5223337019419398
            ]
         }
      },
      {
         "round": 6,
         "train_metrics": {
            "train_loss": 0.29815136201870746,
            "train_acc": 0.9533333381017048,
            "train_f1": 0.9235629804038092,
            "drift": 0.32409708070679727
         },
         "eval_metrics_client": {
            "loss": 0.31279537081718445,
            "accuracy": 0.9366666674613953,
            "f1": 0.9051454254639428
         },
         "eval_metrics_server": {
            "accuracy": 0.949999988079071,
            "loss": 0.3100486099720001,
            "f1_score": 0.9246534056660639
         },
         "drift_metrics": {
            "drift_median": 0.3258659051778456,
            "drift_mean": 0.32409708070679727,
            "drift_max": 0.3466070030468166,
            "drift_min": 0.2998183338957297,
            "drift_per_client": [
               0.3466070030468166,
               0.3258659051778456,
               0.2998183338957297
            ]
         }
      },
      {
         "round": 7,
         "train_metrics": {
            "train_loss": 0.3127954116998575,
            "train_acc": 0.9533333381017048,
            "train_f1": 0.9394211395580214,
            "drift": 0.28347472635816257
         },
         "eval_metrics_client": {
            "loss": 0.3056884706020355,
            "accuracy": 0.9383333325386047,
            "f1": 0.908654781712675
         },
         "eval_metrics_server": {
            "accuracy": 0.9399999976158142,
            "loss": 0.3089512586593628,
            "f1_score": 0.9111242778847578
         },
         "drift_metrics": {
            "drift_median": 0.27867428707784536,
            "drift_mean": 0.28347472635816257,
            "drift_max": 0.3383066270570604,
            "drift_min": 0.23344326493958198,
            "drift_per_client": [
               0.23344326493958198,
               0.27867428707784536,
               0.3383066270570604
            ]
         }
      },
      {
         "round": 8,
         "train_metrics": {
            "train_loss": 0.30975806636688036,
            "train_acc": 0.9400000174840291,
            "train_f1": 0.919996120133002,
            "drift": 0.19733632521119102
         },
         "eval_metrics_client": {
            "loss": 0.2969567080338796,
            "accuracy": 0.9449999928474426,
            "f1": 0.922608408167005
         },
         "eval_metrics_server": {
            "accuracy": 0.9399999976158142,