{
   "info": {
      "strategy": "FedAvg",
      "seed": 5,
      "init_seed": 2,
      "sampling_seed": 2,
      "data_seed": 5,
      "fraction_train": 0.75,
      "fraction_evaluate": 0.75,
      "local_epochs": 2,
      "num_rounds": 10,
      "num_clients": 5,
      "eta_l": 0.3,
      "iid": true,
      "alpha": null,
      "training_mode": "noiseless",
      "nshots": null,
      "model_type": "quantum"
   },
   "rounds": [
      {
         "round": 0,
         "train_metrics": {},
         "eval_metrics_client": {},
         "eval_metrics_server": {
            "accuracy": 0.6800000071525574,
            "loss": 0.6009007096290588,
            "f1_score": 0.6259934548854604
         }
      },
      {
         "round": 1,
         "train_metrics": {
            "train_loss": 0.5077082163248307,
            "train_acc": 0.7799999912579854,
            "train_f1": 0.7473716357347248,
            "drift": 0.7705289087780012
         },
         "eval_metrics_client": {
            "loss": 0.5102414687474568,
            "accuracy": 0.7549999952316284,
            "f1": 0.7057691481847708
         },
         "eval_metrics_server": {
            "accuracy": 0.7850000262260437,
            "loss": 0.5312206149101257,
            "f1_score": 0.7256865809703039
         },
         "drift_metrics": {
            "drift_median": 0.7735761578947906,
            "drift_mean": 0.7705289087780011,
            "drift_max": 0.8406034839012655,
            "drift_min": 0.6974070845379473,
            "drift_per_client": [
               0.7735761578947906,
               0.8406034839012655,
               0.6974070845379473
            ]
         }
      },
      {
         "round": 2,
         "train_metrics": {
            "train_loss": 0.46584473130030507,
            "train_acc": 0.8666666746139525,
            "train_f1": 0.8500137532985242,
            "drift": 0.6580964014604456
         },
         "eval_metrics_client": {
            "loss": 0.43885847926139826,
            "accuracy": 0.8599999944368998,
            "f1": 0.8163789471959043
         },
         "eval_metrics_server": {
            "accuracy": 0.8299999833106995,
            "loss": 0.469905823469162,
            "f1_score": 0.7791060291060291
         },
         "drift_metrics": {
            "drift_median": 0.6789048005346827,
            "drift_mean": 0.6580964014604457,
            "drift_max": 0.7407520565507374,
            "drift_min": 0.5546323472959167,
            "drift_per_client": [
               0.6789048005346827,
               0.5546323472959167,
               0.7407520565507374
            ]
         }
      },
      {
         "round": 3,
         "train_metrics": {
            "train_loss": 0.39483687434441,
            "train_acc": 0.9333333373069763,
            "train_f1": 0.9147894887118982,
            "drift": 0.8113300954907641
         },
         "eval_metrics_client": {
            "loss": 0.3718342681725819,
            "accuracy": 0.9133333365122477,
            "f1": 0.8824546722786584
         },
         "eval_metrics_server": {
            "accuracy": 0.9200000166893005,
            "loss": 0.3846563398838043,
            "f1_score": 0.8814990371796771
         },
         "drift_metrics": {
            "drift_median": 0.8174384354598777,
            "drift_mean": 0.8113300954907641,
            "drift_max": 0.9030534929311035,
            "drift_min": 0.7134983580813111,
            "drift_per_client": [
               0.9030534929311035,
               0.7134983580813111,
               0.8174384354598777
            ]
         }
      },
      {
         "round": 4,
         "train_metrics": {
            "train_loss": 0.3196633255634552,
            "train_acc": 0.9466666579246521,
            "train_f1": 0.9275407563451041,
            "drift": 0.6404207686781496
         },
         "eval_metrics_client": {
            "loss": 0.32866241534550983,
            "accuracy": 0.9333333373069763,
            "f1": 0.9097629177538709
         },
         "eval_metrics_server": {
            "accuracy": 0.9200000166893005,
            "loss": 0.3319421410560608,
            "f1_score": 0.8814990371796771
         },
         "drift_metrics": {
            "drift_median": 0.6508057684665276,
            "drift_mean": 0.6404207686781496,
            "drift_max": 0.6887282449770806,
            "drift_min": 0.5817282925908404,
            "drift_per_client": [
               0.5817282925908404,
               0.6887282449770806,
               0.6508057684665276
            ]
         }
      },
      {
         "round": 5,
         "train_metrics": {
            "train_loss": 0.29509006880032707,
            "train_acc": 0.9366666674613953,
            "train_f1": 0.9166228364251675,
            "drift": 0.34970962492573565
         },
         "eval_metrics_client": {
            "loss": 0.3159081439177195,
            "accuracy": 0.9199999968210856,
            "f1": 0.8864105309094499
         },
         "eval_metrics_server": {
            "accuracy": 0.925000011920929,
            "loss": 0.3187362849712372,
            "f1_score": 0.8879551820728291
         },
         "drift_metrics": {
            "drift_median": 0.3247583625713291,
            "drift_mean": 0.34970962492573565,
            "drift_max": 0.400780274600536,
            "drift_min": 0.3235902376053419,
            "drift_per_client": [
               0.3247583625713291,
               0.400780274600536,
               0.3235902376053419
            ]
         }
      },
      {
         "round": 6,
         "train_metrics": {
            "train_loss": 0.28825279650015706,
            "train_acc": 0.9500000079472859,
            "train_f1": 0.9370119379644952,
            "drift": 0.24383266031085687
         },
         "eval_metrics_client": {
            "loss": 0.31559252738952637,
            "accuracy": 0.9066666563351948,
            "f1": 0.8699571199953187
         },
         "eval_metrics_server": {
            "accuracy": 0.9100000262260437,
            "loss": 0.3149743974208832,
            "f1_score": 0.8709677419354839
         },
         "drift_metrics": {
            "drift_median": 0.25472478952894007,
            "drift_mean": 0.2438326603108569,
            "drift_max": 0.3034571783172262,
            "drift_min": 0.17331601308640446,
            "drift_per_client": [
               0.17331601308640446,
               0.3034571783172262,
               0.25472478952894007
            ]
         }
      },
      {
         "round": 7,
         "train_metrics": {
            "train_loss": 0.2911187104689769,
            "train_acc": 0.943333347638448,
            "train_f1": 0.9322804561532172,
            "drift": 0.1881609352248043
         },
         "eval_metrics_client": {
            "loss": 0.30769898494084674,
            "accuracy": 0.9066666563351948,
            "f1": 0.8696177306479393
         },
         "eval_metrics_server": {
            "accuracy": 0.9100000262260437,
            "loss": 0.3129652738571167,
            "f1_score": 0.8709677419354839
         },
         "drift_metrics": {
            "drift_median": 0.19483341937532464,
            "drift_mean": 0.1881609352248043,
            "drift_max": 0.21450074779096334,
            "drift_min": 0.1551486385081249,
            "drift_per_client": [
               0.19483341937532464,
               0.21450074779096334,
               0.1551486385081249
            ]
         }
      },
      {
         "round": 8,
         "train_metrics": {
            "train_loss": 0.2958818135353235,
            "train_acc": 0.946666677792867,
            "train_f1": 0.9304697436885622,
            "drift": 0.17886597070823929
         },
         "eval_metrics_client": {
            "loss": 0.2980017364025116,
            "accuracy": 0.9316666722297668,
            "f1": 0.9047958017312174
         },
         "eval_metrics_server": {
            "accuracy": 0.9200000166893005,