{
   "info": {
      "strategy": "FedAvg",
      "seed": 3,
      "init_seed": 2,
      "sampling_seed": 2,
      "data_seed": 3,
      "fraction_train": 0.75,
      "fraction_evaluate": 0.75,
      "local_epochs": 2,
      "num_rounds": 10,
      "num_clients": 5,
      "eta_l": 0.3,
      "iid": true,
      "alpha": null,
      "training_mode": "noiseless",
      "nshots": null,
      "model_type": "quantum"
   },
   "rounds": [
      {
         "round": 0,
         "train_metrics": {},
         "eval_metrics_client": {},
         "eval_metrics_server": {
            "accuracy": 0.6800000071525574,
            "loss": 0.6009007096290588,
            "f1_score": 0.6259934548854604
         }
      },
      {
         "round": 1,
         "train_metrics": {
            "train_loss": 0.5190707712601392,
            "train_acc": 0.8133333325386047,
            "train_f1": 0.7740513630239019,
            "drift": 0.8389266072384608
         },
         "eval_metrics_client": {
            "loss": 0.5007166763146718,
            "accuracy": 0.7750000158945718,
            "f1": 0.7258221152952675
         },
         "eval_metrics_server": {
            "accuracy": 0.7850000262260437,
            "loss": 0.521861732006073,
            "f1_score": 0.7319118426384863
         },
         "drift_metrics": {
            "drift_median": 0.816603533167414,
            "drift_mean": 0.8389266072384608,
            "drift_max": 0.9370675587640912,
            "drift_min": 0.7631087297838773,
            "drift_per_client": [
               0.7631087297838773,
               0.9370675587640912,
               0.816603533167414
            ]
         }
      },
      {
         "round": 2,
         "train_metrics": {
            "train_loss": 0.48160770688301474,
            "train_acc": 0.8233333230018616,
            "train_f1": 0.7792201385220272,
            "drift": 0.6469472927921472
         },
         "eval_metrics_client": {
            "loss": 0.43936312198638916,
            "accuracy": 0.8783333500226338,
            "f1": 0.8344867197453126
         },
         "eval_metrics_server": {
            "accuracy": 0.8349999785423279,
            "loss": 0.4685893654823303,
            "f1_score": 0.7842502696871629
         },
         "drift_metrics": {
            "drift_median": 0.5952499599580364,
            "drift_mean": 0.6469472927921474,
            "drift_max": 0.8119708544851169,
            "drift_min": 0.5336210639332887,
            "drift_per_client": [
               0.8119708544851169,
               0.5336210639332887,
               0.5952499599580364
            ]
         }
      },
      {
         "round": 3,
         "train_metrics": {
            "train_loss": 0.4106070987689189,
            "train_acc": 0.8999999960263569,
            "train_f1": 0.8449486176839605,
            "drift": 0.7220860758376815
         },
         "eval_metrics_client": {
            "loss": 0.3799090286095937,
            "accuracy": 0.9083333214124043,
            "f1": 0.8746521510855728
         },
         "eval_metrics_server": {
            "accuracy": 0.8899999856948853,
            "loss": 0.3954717516899109,
            "f1_score": 0.8422939068100359
         },
         "drift_metrics": {
            "drift_median": 0.7603161780885096,
            "drift_mean": 0.7220860758376816,
            "drift_max": 0.8024156297903874,
            "drift_min": 0.6035264196341478,
            "drift_per_client": [
               0.8024156297903874,
               0.7603161780885096,
               0.6035264196341478
            ]
         }
      },
      {
         "round": 4,
         "train_metrics": {
            "train_loss": 0.33995951559299076,
            "train_acc": 0.9199999968210856,
            "train_f1": 0.8866575932992075,
            "drift": 0.6666123664219267
         },
         "eval_metrics_client": {
            "loss": 0.3326967159907023,
            "accuracy": 0.92166668176651,
            "f1": 0.8956413115802933
         },
         "eval_metrics_server": {
            "accuracy": 0.9350000023841858,
            "loss": 0.3390168249607086,
            "f1_score": 0.9011820151267531
         },
         "drift_metrics": {
            "drift_median": 0.6571032918648102,
            "drift_mean": 0.6666123664219267,
            "drift_max": 0.7487371224092312,
            "drift_min": 0.5939966849917387,
            "drift_per_client": [
               0.6571032918648102,
               0.7487371224092312,
               0.5939966849917387
            ]
         }
      },
      {
         "round": 5,
         "train_metrics": {
            "train_loss": 0.3046978501937328,
            "train_acc": 0.9333333373069763,
            "train_f1": 0.9058879276699368,
            "drift": 0.4203082883694127
         },
         "eval_metrics_client": {
            "loss": 0.3145706554253896,
            "accuracy": 0.9300000071525574,
            "f1": 0.8999169519077573
         },
         "eval_metrics_server": {
            "accuracy": 0.9300000071525574,
            "loss": 0.31911370158195496,
            "f1_score": 0.8945147679324894
         },
         "drift_metrics": {
            "drift_median": 0.3932312625816974,
            "drift_mean": 0.4203082883694127,
            "drift_max": 0.5280281100239227,
            "drift_min": 0.339665492502618,
            "drift_per_client": [
               0.339665492502618,
               0.3932312625816974,
               0.5280281100239227
            ]
         }
      },
      {
         "round": 6,
         "train_metrics": {
            "train_loss": 0.31216272902794373,
            "train_acc": 0.9300000071525574,
            "train_f1": 0.9053752968186997,
            "drift": 0.25541411417008053
         },
         "eval_metrics_client": {
            "loss": 0.3118761678536733,
            "accuracy": 0.9266666769981384,
            "f1": 0.8942244143326981
         },
         "eval_metrics_server": {
            "accuracy": 0.9350000023841858,
            "loss": 0.31293222308158875,
            "f1_score": 0.9028944911297853
         },
         "drift_metrics": {
            "drift_median": 0.24868542461065213,
            "drift_mean": 0.25541411417008053,
            "drift_max": 0.33407495382850344,
            "drift_min": 0.18348196407108602,
            "drift_per_client": [
               0.18348196407108602,
               0.33407495382850344,
               0.24868542461065213
            ]
         }
      },
      {
         "round": 7,
         "train_metrics": {
            "train_loss": 0.31424787564155376,
            "train_acc": 0.9266666571299235,
            "train_f1": 0.8997951260587065,
            "drift": 0.22670900161096008
         },
         "eval_metrics_client": {
            "loss": 0.3046923776467641,
            "accuracy": 0.9416666626930237,
            "f1": 0.9138260390618524
         },
         "eval_metrics_server": {
            "accuracy": 0.9399999976158142,
            "loss": 0.3103744387626648,
            "f1_score": 0.9111242778847578
         },
         "drift_metrics": {
            "drift_median": 0.24484517197935188,
            "drift_mean": 0.22670900161096016,
            "drift_max": 0.2464858701590305,
            "drift_min": 0.188795962694498,
            "drift_per_client": [
               0.2464858701590305,
               0.24484517197935188,
               0.188795962694498
            ]
         }
      },
      {
         "round": 8,
         "train_metrics": {
            "train_loss": 0.31050052245457965,
            "train_acc": 0.9366666674613953,
            "train_f1": 0.8945387646196271,
            "drift": 0.16381784509987282
         },
         "eval_metrics_client": {
            "loss": 0.2966960867245992,
            "accuracy": 0.949999988079071,
            "f1": 0.9288566001658157
         },
         "eval_metrics_server": {
            "accuracy": 0.9300000071525574,