{
   "info": {
      "strategy": "FedAvg",
      "seed": 4,
      "init_seed": 2,
      "sampling_seed": 2,
      "data_seed": 4,
      "fraction_train": 0.75,
      "fraction_evaluate": 0.75,
      "local_epochs": 2,
      "num_rounds": 10,
      "num_clients": 5,
      "eta_l": 0.3,
      "iid": true,
      "alpha": null,
      "training_mode": "noiseless",
      "nshots": null,
      "model_type": "quantum"
   },
   "rounds": [
      {
         "round": 0,
         "train_metrics": {},
         "eval_metrics_client": {},
         "eval_metrics_server": {
            "accuracy": 0.6800000071525574,
            "loss": 0.6009007096290588,
            "f1_score": 0.6259934548854604
         }
      },
      {
         "round": 1,
         "train_metrics": {
            "train_loss": 0.5206896387613735,
            "train_acc": 0.7633333206176758,
            "train_f1": 0.7181616034624485,
            "drift": 0.7842844851590728
         },
         "eval_metrics_client": {
            "loss": 0.5088105102380116,
            "accuracy": 0.7450000047683715,
            "f1": 0.6902943130006001
         },
         "eval_metrics_server": {
            "accuracy": 0.7350000143051147,
            "loss": 0.5306909084320068,
            "f1_score": 0.6765827612509534
         },
         "drift_metrics": {
            "drift_median": 0.7722981055104811,
            "drift_mean": 0.7842844851590728,
            "drift_max": 0.8887947414504554,
            "drift_min": 0.6917606085162818,
            "drift_per_client": [
               0.7722981055104811,
               0.8887947414504554,
               0.6917606085162818
            ]
         }
      },
      {
         "round": 2,
         "train_metrics": {
            "train_loss": 0.4653555521598228,
            "train_acc": 0.8266666730244954,
            "train_f1": 0.7725997923782733,
            "drift": 0.5330814759850764
         },
         "eval_metrics_client": {
            "loss": 0.4685319662094116,
            "accuracy": 0.7966666618982949,
            "f1": 0.7258149828269558
         },
         "eval_metrics_server": {
            "accuracy": 0.800000011920929,
            "loss": 0.5005010366439819,
            "f1_score": 0.7218745654290085
         },
         "drift_metrics": {
            "drift_median": 0.5346226362754853,
            "drift_mean": 0.5330814759850764,
            "drift_max": 0.6053484036336477,
            "drift_min": 0.4592733880460962,
            "drift_per_client": [
               0.6053484036336477,
               0.5346226362754853,
               0.4592733880460962
            ]
         }
      },
      {
         "round": 3,
         "train_metrics": {
            "train_loss": 0.45627918075292534,
            "train_acc": 0.8566666841506957,
            "train_f1": 0.7920731774170555,
            "drift": 0.4302252052980252
         },
         "eval_metrics_client": {
            "loss": 0.4465012749036153,
            "accuracy": 0.868333339691162,
            "f1": 0.7987538403475944
         },
         "eval_metrics_server": {
            "accuracy": 0.8650000095367432,
            "loss": 0.4736570715904236,
            "f1_score": 0.7870578492842777
         },
         "drift_metrics": {
            "drift_median": 0.39226157044342286,
            "drift_mean": 0.43022520529802527,
            "drift_max": 0.519481420212511,
            "drift_min": 0.3789326252381419,
            "drift_per_client": [
               0.3789326252381419,
               0.519481420212511,
               0.39226157044342286
            ]
         }
      },
      {
         "round": 4,
         "train_metrics": {
            "train_loss": 0.4362294956659659,
            "train_acc": 0.8866666754086812,
            "train_f1": 0.8153934412960211,
            "drift": 0.5492813064469665
         },
         "eval_metrics_client": {
            "loss": 0.4177143176396687,
            "accuracy": 0.8666666746139525,
            "f1": 0.7756454779619656
         },
         "eval_metrics_server": {
            "accuracy": 0.9049999713897705,
            "loss": 0.43447181582450867,
            "f1_score": 0.829680426695352
         },
         "drift_metrics": {
            "drift_median": 0.5458733460416251,
            "drift_mean": 0.5492813064469665,
            "drift_max": 0.6907869061684856,
            "drift_min": 0.4111836671307889,
            "drift_per_client": [
               0.6907869061684856,
               0.5458733460416251,
               0.4111836671307889
            ]
         }
      },
      {
         "round": 5,
         "train_metrics": {
            "train_loss": 0.40320769066994,
            "train_acc": 0.8600000143051146,
            "train_f1": 0.7530045947615926,
            "drift": 0.5339321737449096
         },
         "eval_metrics_client": {
            "loss": 0.3888370593388875,
            "accuracy": 0.8566666642824807,
            "f1": 0.7333568197602112
         },
         "eval_metrics_server": {
            "accuracy": 0.8799999952316284,
            "loss": 0.4011281132698059,
            "f1_score": 0.7709486543233441
         },
         "drift_metrics": {
            "drift_median": 0.5401677158081446,
            "drift_mean": 0.5339321737449096,
            "drift_max": 0.6484845106252946,
            "drift_min": 0.4131442948012898,
            "drift_per_client": [
               0.5401677158081446,
               0.6484845106252946,
               0.4131442948012898
            ]
         }
      },
      {
         "round": 6,
         "train_metrics": {
            "train_loss": 0.38377740749946004,
            "train_acc": 0.8666666746139525,
            "train_f1": 0.7736143399272277,
            "drift": 0.3431752857272607
         },
         "eval_metrics_client": {
            "loss": 0.38319976131121314,
            "accuracy": 0.8666666547457376,
            "f1": 0.7485442118450306
         },
         "eval_metrics_server": {
            "accuracy": 0.8799999952316284,
            "loss": 0.3872150182723999,
            "f1_score": 0.7647058823529411
         },
         "drift_metrics": {
            "drift_median": 0.3029056311394206,
            "drift_mean": 0.34317528572726075,
            "drift_max": 0.48433830634735964,
            "drift_min": 0.24228191969500198,
            "drift_per_client": [
               0.3029056311394206,
               0.24228191969500198,
               0.48433830634735964
            ]
         }
      },
      {
         "round": 7,
         "train_metrics": {
            "train_loss": 0.3807293195755054,
            "train_acc": 0.8799999952316283,
            "train_f1": 0.7870670995670994,
            "drift": 0.22060813969543913
         },
         "eval_metrics_client": {
            "loss": 0.380741685628891,
            "accuracy": 0.868333339691162,
            "f1": 0.7476975232395204
         },
         "eval_metrics_server": {
            "accuracy": 0.8799999952316284,
            "loss": 0.3861868977546692,
            "f1_score": 0.7647058823529411
         },
         "drift_metrics": {
            "drift_median": 0.23203382534552885,
            "drift_mean": 0.22060813969543913,
            "drift_max": 0.2427765906035715,
            "drift_min": 0.187014003137217,
            "drift_per_client": [
               0.2427765906035715,
               0.23203382534552885,
               0.187014003137217
            ]
         }
      },
      {
         "round": 8,
         "train_metrics": {
            "train_loss": 0.38420036205878627,
            "train_acc": 0.8633333245913186,
            "train_f1": 0.749517039382383,
            "drift": 0.2135659697968772
         },
         "eval_metrics_client": {
            "loss": 0.3739745318889618,
            "accuracy": 0.8700000047683715,
            "f1": 0.7557932263814616
         },
         "eval_metrics_server": {
            "accuracy": 0.8899999856948853,