{
   "info": {
      "strategy": "FedProx",
      "seed": 5,
      "sampling_seed": 5,
      "local_epochs": 2,
      "mu": 0.03,
      "eta_l": 0.3,
      "num_rounds": 10,
      "num_clients": 5,
      "iid": false,
      "alpha": 1.8,
      "training_mode": "noiseless",
      "nshots": 1000,
      "model_type": "quantum"
   },
   "rounds": [
      {
         "round": 0,
         "train_metrics": {},
         "eval_metrics_client": {},
         "eval_metrics_server": {
            "accuracy": 0.6399999856948853,
            "loss": 0.630768895149231,
            "f1_score": 0.6017258546299369
         }
      },
      {
         "round": 1,
         "train_metrics": {
            "train_loss": 0.45396992363759026,
            "train_acc": 0.9027777881258063,
            "train_f1": 0.7358330170474703,
            "drift": 1.1941728630142503
         },
         "eval_metrics_client": {
            "loss": 0.4257049759229024,
            "accuracy": 0.8783333301544188,
            "f1": 0.7525020712812424
         },
         "eval_metrics_server": {
            "accuracy": 0.8999999761581421,
            "loss": 0.43799498677253723,
            "f1_score": 0.7983464408146803
         },
         "drift_metrics": {
            "drift_median": 1.1987706227212174,
            "drift_mean": 1.0988789702058013,
            "drift_max": 1.3763147441156642,
            "drift_min": 0.7215515437805223,
            "drift_per_client": [
               0.7215515437805223,
               1.1987706227212174,
               1.3763147441156642
            ]
         }
      },
      {
         "round": 2,
         "train_metrics": {
            "train_loss": 0.4115943399534394,
            "train_acc": 0.8652482248367148,
            "train_f1": 0.7350374317874084,
            "drift": 0.5937272072777714
         },
         "eval_metrics_client": {
            "loss": 0.3898165623346964,
            "accuracy": 0.8583333293596902,
            "f1": 0.6869987626658216
         },
         "eval_metrics_server": {
            "accuracy": 0.875,
            "loss": 0.3862423002719879,
            "f1_score": 0.7190853418731389
         },
         "drift_metrics": {
            "drift_median": 0.5980408706300326,
            "drift_mean": 0.5481161532470398,
            "drift_max": 0.6864826732426402,
            "drift_min": 0.35982491586844656,
            "drift_per_client": [
               0.35982491586844656,
               0.5980408706300326,
               0.6864826732426402
            ]
         }
      },
      {
         "round": 3,
         "train_metrics": {
            "train_loss": 0.37990287709924886,
            "train_acc": 0.9006410290797551,
            "train_f1": 0.8126529879874361,
            "drift": 0.40184860557334745
         },
         "eval_metrics_client": {
            "loss": 0.38475497563680006,
            "accuracy": 0.8883333206176757,
            "f1": 0.8022457595540196
         },
         "eval_metrics_server": {
            "accuracy": 0.8999999761581421,
            "loss": 0.3745309114456177,
            "f1_score": 0.792358803986711
         },
         "drift_metrics": {
            "drift_median": 0.3247447515759686,
            "drift_mean": 0.3857512893000883,
            "drift_max": 0.5231737560568759,
            "drift_min": 0.30933536026742026,
            "drift_per_client": [
               0.3247447515759686,
               0.30933536026742026,
               0.5231737560568759
            ]
         }
      },
      {
         "round": 4,
         "train_metrics": {
            "train_loss": 0.37046378462024343,
            "train_acc": 0.9279538673007867,
            "train_f1": 0.8359196732942304,
            "drift": 0.3894302489326076
         },
         "eval_metrics_client": {
            "loss": 0.3729923864205678,
            "accuracy": 0.9333333373069763,
            "f1": 0.895580385479229
         },
         "eval_metrics_server": {
            "accuracy": 0.9350000023841858,
            "loss": 0.36501872539520264,
            "f1_score": 0.8805970149253732
         },
         "drift_metrics": {
            "drift_median": 0.35840832320711474,
            "drift_mean": 0.3776490918518218,
            "drift_max": 0.4882704282987223,
            "drift_min": 0.2862685240496285,
            "drift_per_client": [
               0.2862685240496285,
               0.4882704282987223,
               0.35840832320711474
            ]
         }
      },
      {
         "round": 5,
         "train_metrics": {
            "train_loss": 0.3388810842924803,
            "train_acc": 0.9520295099578661,
            "train_f1": 0.9016779955600156,
            "drift": 0.3245079329267593
         },
         "eval_metrics_client": {
            "loss": 0.35427121321360266,
            "accuracy": 0.9399999976158142,
            "f1": 0.9022165375139675
         },
         "eval_metrics_server": {
            "accuracy": 0.9449999928474426,
            "loss": 0.3547254800796509,
            "f1_score": 0.9013939312446775
         },
         "drift_metrics": {
            "drift_median": 0.33441236566866117,
            "drift_mean": 0.2982757299034848,
            "drift_max": 0.37174924144436416,
            "drift_min": 0.1886655825974289,
            "drift_per_client": [
               0.1886655825974289,
               0.33441236566866117,
               0.37174924144436416
            ]
         }
      },
      {
         "round": 6,
         "train_metrics": {
            "train_loss": 0.32087678212381376,
            "train_acc": 0.9687500223517418,
            "train_f1": 0.9285389016598173,
            "drift": 0.2893171196856475
         },
         "eval_metrics_client": {
            "loss": 0.3392477333545685,
            "accuracy": 0.9599999785423279,
            "f1": 0.9341246202333948
         },
         "eval_metrics_server": {
            "accuracy": 0.949999988079071,
            "loss": 0.3461015820503235,
            "f1_score": 0.9153116531165312
         },
         "drift_metrics": {
            "drift_median": 0.2982614508370357,
            "drift_mean": 0.2706657073170498,
            "drift_max": 0.32035603435018156,
            "drift_min": 0.19337963676393208,
            "drift_per_client": [
               0.19337963676393208,
               0.2982614508370357,
               0.32035603435018156
            ]
         }
      },
      {
         "round": 7,
         "train_metrics": {
            "train_loss": 0.33791401797222864,
            "train_acc": 0.9503546287404729,
            "train_f1": 0.9347482141395562,
            "drift": 0.39600145607081294
         },
         "eval_metrics_client": {
            "loss": 0.3298128843307495,
            "accuracy": 0.9316666722297668,
            "f1": 0.8991898316099982
         },
         "eval_metrics_server": {
            "accuracy": 0.925000011920929,
            "loss": 0.33418285846710205,
            "f1_score": 0.8879551820728291
         },
         "drift_metrics": {
            "drift_median": 0.2542966034682408,
            "drift_mean": 0.34782219118142726,
            "drift_max": 0.5844308138304606,
            "drift_min": 0.20473915624558045,
            "drift_per_client": [
               0.20473915624558045,
               0.2542966034682408,
               0.5844308138304606
            ]
         }
      },
      {
         "round": 8,
         "train_metrics": {
            "train_loss": 0.3151645513695206,
            "train_acc": 0.9166666685770719,
            "train_f1": 0.8883430085178008,
            "drift": 0.331701995872562
         },
         "eval_metrics_client": {
            "loss": 0.3176402946313222,
            "accuracy": 0.9183333516120911,
            "f1": 0.8915228101640323
         },
         "eval_metrics_server": {
            "accuracy": 0.9350000023841858,
            "loss": 0.3276316523551941,
            "f1_score": 0.9045205831588998
         },