{
   "info": {
      "strategy": "FedProx",
      "seed": 3,
      "sampling_seed": 3,
      "local_epochs": 2,
      "mu": 0.03,
      "eta_l": 0.3,
      "num_rounds": 10,
      "num_clients": 5,
      "iid": false,
      "alpha": 1.8,
      "training_mode": "noiseless",
      "nshots": 1000,
      "model_type": "quantum"
   },
   "rounds": [
      {
         "round": 0,
         "train_metrics": {},
         "eval_metrics_client": {},
         "eval_metrics_server": {
            "accuracy": 0.47999998927116394,
            "loss": 0.7357013821601868,
            "f1_score": 0.4164515767029514
         }
      },
      {
         "round": 1,
         "train_metrics": {
            "train_loss": 0.45111976388672437,
            "train_acc": 0.903846148114938,
            "train_f1": 0.8128749518455402,
            "drift": 1.6217802743360252
         },
         "eval_metrics_client": {
            "loss": 0.4052845736344655,
            "accuracy": 0.896666665871938,
            "f1": 0.8382320283657086
         },
         "eval_metrics_server": {
            "accuracy": 0.9200000166893005,
            "loss": 0.4004162847995758,
            "f1_score": 0.8582565556343018
         },
         "drift_metrics": {
            "drift_median": 1.621797928030363,
            "drift_mean": 1.6126756492239245,
            "drift_max": 1.6998052908072967,
            "drift_min": 1.5164237288341131,
            "drift_per_client": [
               1.5164237288341131,
               1.621797928030363,
               1.6998052908072967
            ]
         }
      },
      {
         "round": 2,
         "train_metrics": {
            "train_loss": 0.3673499916352284,
            "train_acc": 0.9455128224232258,
            "train_f1": 0.9270860591782215,
            "drift": 0.447974070399091
         },
         "eval_metrics_client": {
            "loss": 0.3952845633029937,
            "accuracy": 0.9116666714350382,
            "f1": 0.8561251103201074
         },
         "eval_metrics_server": {
            "accuracy": 0.9399999976158142,
            "loss": 0.37760430574417114,
            "f1_score": 0.8911268372346217
         },
         "drift_metrics": {
            "drift_median": 0.4599145698770555,
            "drift_mean": 0.4441741975567752,
            "drift_max": 0.49428270294461363,
            "drift_min": 0.37832531984865636,
            "drift_per_client": [
               0.4599145698770555,
               0.37832531984865636,
               0.49428270294461363
            ]
         }
      },
      {
         "round": 3,
         "train_metrics": {
            "train_loss": 0.34464656618103073,
            "train_acc": 0.9449152378207546,
            "train_f1": 0.8803246804579501,
            "drift": 0.227010163368904
         },
         "eval_metrics_client": {
            "loss": 0.382885734240214,
            "accuracy": 0.9133333166440327,
            "f1": 0.8407205704895753
         },
         "eval_metrics_server": {
            "accuracy": 0.9350000023841858,
            "loss": 0.3725382089614868,
            "f1_score": 0.8805970149253732
         },
         "drift_metrics": {
            "drift_median": 0.23335560604661515,
            "drift_mean": 0.2227103123241141,
            "drift_max": 0.23985818037787632,
            "drift_min": 0.19491715054785086,
            "drift_per_client": [
               0.19491715054785086,
               0.23985818037787632,
               0.23335560604661515
            ]
         }
      },
      {
         "round": 4,
         "train_metrics": {
            "train_loss": 0.3590486634749926,
            "train_acc": 0.9298892848166154,
            "train_f1": 0.8175758096779404,
            "drift": 0.251444255147945
         },
         "eval_metrics_client": {
            "loss": 0.3710058033466339,
            "accuracy": 0.9066666762034098,
            "f1": 0.8251361858941992
         },
         "eval_metrics_server": {
            "accuracy": 0.9300000071525574,
            "loss": 0.36982837319374084,
            "f1_score": 0.8697916666666667
         },
         "drift_metrics": {
            "drift_median": 0.17625512392096335,
            "drift_mean": 0.21575897674728597,
            "drift_max": 0.3481470990810453,
            "drift_min": 0.1228747072398493,
            "drift_per_client": [
               0.1228747072398493,
               0.17625512392096335,
               0.3481470990810453
            ]
         }
      },
      {
         "round": 5,
         "train_metrics": {
            "train_loss": 0.3789176590477773,
            "train_acc": 0.90220820565329,
            "train_f1": 0.8036088112177706,
            "drift": 0.2576124078309015
         },
         "eval_metrics_client": {
            "loss": 0.37420865893363947,
            "accuracy": 0.9116666714350382,
            "f1": 0.832188550684017
         },
         "eval_metrics_server": {
            "accuracy": 0.9350000023841858,
            "loss": 0.3696994483470917,
            "f1_score": 0.8805970149253732
         },
         "drift_metrics": {
            "drift_median": 0.251337327626989,
            "drift_mean": 0.2238384483351801,
            "drift_max": 0.33504156752222414,
            "drift_min": 0.0851364498563272,
            "drift_per_client": [
               0.0851364498563272,
               0.33504156752222414,
               0.251337327626989
            ]
         }
      },
      {
         "round": 6,
         "train_metrics": {
            "train_loss": 0.36168914864371626,
            "train_acc": 0.9203296601772308,
            "train_f1": 0.8261937693368747,
            "drift": 0.2517415057903928
         },
         "eval_metrics_client": {
            "loss": 0.37783243258794147,
            "accuracy": 0.9016666611035664,
            "f1": 0.8221785519356548
         },
         "eval_metrics_server": {
            "accuracy": 0.9350000023841858,
            "loss": 0.36944347620010376,
            "f1_score": 0.8775375629975036
         },
         "drift_metrics": {
            "drift_median": 0.27085257525723,
            "drift_mean": 0.2446654994881763,
            "drift_max": 0.3018764871464488,
            "drift_min": 0.16126743606085014,
            "drift_per_client": [
               0.16126743606085014,
               0.3018764871464488,
               0.27085257525723
            ]
         }
      },
      {
         "round": 7,
         "train_metrics": {
            "train_loss": 0.360505068260338,
            "train_acc": 0.9198717792064715,
            "train_f1": 0.8752096507367149,
            "drift": 0.2005768060135516
         },
         "eval_metrics_client": {
            "loss": 0.3862588703632354,
            "accuracy": 0.9049999912579854,
            "f1": 0.8354234271211832
         },
         "eval_metrics_server": {
            "accuracy": 0.9399999976158142,
            "loss": 0.37127745151519775,
            "f1_score": 0.8883928571428572
         },
         "drift_metrics": {
            "drift_median": 0.14369655026508157,
            "drift_mean": 0.1869865492854291,
            "drift_max": 0.29516242064456216,
            "drift_min": 0.12210067694664356,
            "drift_per_client": [
               0.12210067694664356,
               0.14369655026508157,
               0.29516242064456216
            ]
         }
      },
      {
         "round": 8,
         "train_metrics": {
            "train_loss": 0.3421004020280688,
            "train_acc": 0.9491525231781652,
            "train_f1": 0.8879699323816133,
            "drift": 0.15056177235216697
         },
         "eval_metrics_client": {
            "loss": 0.37844744324684143,
            "accuracy": 0.9066666563351948,
            "f1": 0.8237280411760859
         },
         "eval_metrics_server": {
            "accuracy": 0.9399999976158142,
            "loss": 0.36972132325172424,
            "f1_score": 0.8883928571428572
         },