{
   "info": {
      "strategy": "FedProx",
      "seed": 1,
      "sampling_seed": 1,
      "local_epochs": 2,
      "mu": 0.03,
      "eta_l": 0.3,
      "num_rounds": 10,
      "num_clients": 5,
      "iid": false,
      "alpha": 1.8,
      "training_mode": "noiseless",
      "nshots": 1000,
      "model_type": "quantum"
   },
   "rounds": [
      {
         "round": 0,
         "train_metrics": {},
         "eval_metrics_client": {},
         "eval_metrics_server": {
            "accuracy": 0.6150000095367432,
            "loss": 0.6220965385437012,
            "f1_score": 0.548002700243609
         }
      },
      {
         "round": 1,
         "train_metrics": {
            "train_loss": 0.5387304667098307,
            "train_acc": 0.7980769267066932,
            "train_f1": 0.7521437988182229,
            "drift": 0.8268007982971228
         },
         "eval_metrics_client": {
            "loss": 0.5196112593015034,
            "accuracy": 0.7583333452542622,
            "f1": 0.7209274230105469
         },
         "eval_metrics_server": {
            "accuracy": 0.75,
            "loss": 0.536058247089386,
            "f1_score": 0.6932891669733775
         },
         "drift_metrics": {
            "drift_median": 0.8328926473733604,
            "drift_mean": 0.8084240146675262,
            "drift_max": 0.9240237915465471,
            "drift_min": 0.6683556050826712,
            "drift_per_client": [
               0.6683556050826712,
               0.8328926473733604,
               0.9240237915465471
            ]
         }
      },
      {
         "round": 2,
         "train_metrics": {
            "train_loss": 0.4640082650521489,
            "train_acc": 0.8270440184095371,
            "train_f1": 0.7425037138140389,
            "drift": 0.7876099054254597
         },
         "eval_metrics_client": {
            "loss": 0.4425978660583496,
            "accuracy": 0.8350000182787576,
            "f1": 0.7896418037812699
         },
         "eval_metrics_server": {
            "accuracy": 0.8700000047683716,
            "loss": 0.4629106819629669,
            "f1_score": 0.8192184675288555
         },
         "drift_metrics": {
            "drift_median": 0.7537808374407367,
            "drift_mean": 0.7775433343849651,
            "drift_max": 0.8468727966720649,
            "drift_min": 0.7319763690420936,
            "drift_per_client": [
               0.7319763690420936,
               0.7537808374407367,
               0.8468727966720649
            ]
         }
      },
      {
         "round": 3,
         "train_metrics": {
            "train_loss": 0.43470564705840437,
            "train_acc": 0.8376383737444437,
            "train_f1": 0.762824482896419,
            "drift": 0.46569496047426184
         },
         "eval_metrics_client": {
            "loss": 0.4204684793949127,
            "accuracy": 0.8616666595141093,
            "f1": 0.8102134253086886
         },
         "eval_metrics_server": {
            "accuracy": 0.875,
            "loss": 0.43863627314567566,
            "f1_score": 0.8248747854716122
         },
         "drift_metrics": {
            "drift_median": 0.44704640050229333,
            "drift_mean": 0.44864538788423597,
            "drift_max": 0.5055771414617395,
            "drift_min": 0.393312621688675,
            "drift_per_client": [
               0.393312621688675,
               0.44704640050229333,
               0.5055771414617395
            ]
         }
      },
      {
         "round": 4,
         "train_metrics": {
            "train_loss": 0.4326387578039895,
            "train_acc": 0.8580441745673821,
            "train_f1": 0.7996703433208048,
            "drift": 0.48527187031243324
         },
         "eval_metrics_client": {
            "loss": 0.4158109128475189,
            "accuracy": 0.8700000047683715,
            "f1": 0.8203469059327403
         },
         "eval_metrics_server": {
            "accuracy": 0.8849999904632568,
            "loss": 0.4177727997303009,
            "f1_score": 0.8338090248925178
         },
         "drift_metrics": {
            "drift_median": 0.503516807002097,
            "drift_mean": 0.4584677942311372,
            "drift_max": 0.5203356862698919,
            "drift_min": 0.35155088942142254,
            "drift_per_client": [
               0.35155088942142254,
               0.503516807002097,
               0.5203356862698919
            ]
         }
      },
      {
         "round": 5,
         "train_metrics": {
            "train_loss": 0.40016099375018654,
            "train_acc": 0.9042553166125683,
            "train_f1": 0.8723108743582317,
            "drift": 0.4579110152988952
         },
         "eval_metrics_client": {
            "loss": 0.41037097573280334,
            "accuracy": 0.8983333309491475,
            "f1": 0.8511309482013851
         },
         "eval_metrics_server": {
            "accuracy": 0.9300000071525574,
            "loss": 0.4000907242298126,
            "f1_score": 0.890625
         },
         "drift_metrics": {
            "drift_median": 0.4787926440411407,
            "drift_mean": 0.4371724840883378,
            "drift_max": 0.49430298717268184,
            "drift_min": 0.33842182105119095,
            "drift_per_client": [
               0.33842182105119095,
               0.49430298717268184,
               0.4787926440411407
            ]
         }
      },
      {
         "round": 6,
         "train_metrics": {
            "train_loss": 0.37353442444145313,
            "train_acc": 0.9326923034894161,
            "train_f1": 0.9192433375742343,
            "drift": 0.40605385614953116
         },
         "eval_metrics_client": {
            "loss": 0.40195074677467346,
            "accuracy": 0.9300000071525574,
            "f1": 0.8962546327516754
         },
         "eval_metrics_server": {
            "accuracy": 0.949999988079071,
            "loss": 0.3882279098033905,
            "f1_score": 0.9203694855868769
         },
         "drift_metrics": {
            "drift_median": 0.41725907370643345,
            "drift_mean": 0.4026425221952968,
            "drift_max": 0.425699864795817,
            "drift_min": 0.36496862808363983,
            "drift_per_client": [
               0.36496862808363983,
               0.425699864795817,
               0.41725907370643345
            ]
         }
      },
      {
         "round": 7,
         "train_metrics": {
            "train_loss": 0.34989465055068836,
            "train_acc": 0.9559748453913994,
            "train_f1": 0.8810288493876068,
            "drift": 0.40307598898430674
         },
         "eval_metrics_client": {
            "loss": 0.3790957530339559,
            "accuracy": 0.9333333373069763,
            "f1": 0.88995544422878
         },
         "eval_metrics_server": {
            "accuracy": 0.9350000023841858,
            "loss": 0.37445738911628723,
            "f1_score": 0.8805970149253732
         },
         "drift_metrics": {
            "drift_median": 0.3667143024592175,
            "drift_mean": 0.38252175413606654,
            "drift_max": 0.5133866264485054,
            "drift_min": 0.2674643335004767,
            "drift_per_client": [
               0.2674643335004767,
               0.3667143024592175,
               0.5133866264485054
            ]
         }
      },
      {
         "round": 8,
         "train_metrics": {
            "train_loss": 0.3568728438720057,
            "train_acc": 0.9409594065148892,
            "train_f1": 0.8366186918726184,
            "drift": 0.2508323024709973
         },
         "eval_metrics_client": {
            "loss": 0.3713285426298777,
            "accuracy": 0.9183333317438761,
            "f1": 0.8531105298286832
         },
         "eval_metrics_server": {
            "accuracy": 0.9350000023841858,
            "loss": 0.3713208734989166,
            "f1_score": 0.8805970149253732
         },