{
    "1": {
        "loss_median": 0.5280260245005289,
        "loss_mad": 0.007604777812957764,
        "accuracy_median": 0.8266666730244954,
        "accuracy_mad": 0.02499999602635694,
        "f1_median": 0.7757629579663478,
        "f1_mad": 0.015549366996747027
    },
    "2": {
        "loss_median": 0.4882118602593739,
        "loss_mad": 0.010628332694371578,
        "accuracy_median": 0.865000009536743,
        "accuracy_mad": 0.011666655540466309,
        "f1_median": 0.7937380099860589,
        "f1_mad": 0.019457247392089982
    },
    "3": {
        "loss_median": 0.45685902237892145,
        "loss_mad": 0.011507858832677187,
        "accuracy_median": 0.8900000055631001,
        "accuracy_mad": 0.0183333158493042,
        "f1_median": 0.8325463029224893,
        "f1_mad": 0.040158161684812566
    },
    "4": {
        "loss_median": 0.4357813596725464,
        "loss_mad": 0.0275183419386546,
        "accuracy_median": 0.9083333412806193,
        "accuracy_mad": 0.01166667540868127,
        "f1_median": 0.8743452198068652,
        "f1_mad": 0.026423136106297318
    },
    "5": {
        "loss_median": 0.41393120090166724,
        "loss_mad": 0.010213245948155703,
        "accuracy_median": 0.9033333261807759,
        "accuracy_mad": 0.01833333571751916,
        "f1_median": 0.8745831779317401,
        "f1_mad": 0.024339835633505613
    },
    "6": {
        "loss_median": 0.4023347695668538,
        "loss_mad": 0.006576647361119625,
        "accuracy_median": 0.9016666611035664,
        "accuracy_mad": 0.020000020662943596,
        "f1_median": 0.8633679491303915,
        "f1_mad": 0.04643368992505936
    },
    "7": {
        "loss_median": 0.4065920809904734,
        "loss_mad": 0.015559852123260498,
        "accuracy_median": 0.9033333261807759,
        "accuracy_mad": 0.026666680971781487,
        "f1_median": 0.8647449041080912,
        "f1_mad": 0.03671786713783953
    },
    "8": {
        "loss_median": 0.4097467958927154,
        "loss_mad": 0.020978560050328554,
        "accuracy_median": 0.9199999968210856,
        "accuracy_mad": 0.01833333571751916,
        "f1_median": 0.885507070345072,
        "f1_mad": 0.021205390642678568
    },
    "9": {
        "loss_median": 0.4042299290498097,
        "loss_mad": 0.015712251265843635,
        "accuracy_median": 0.9299999872843424,
        "accuracy_mad": 0.006666680177052853,
        "f1_median": 0.8951944371990812,
        "f1_mad": 0.016917535665219363
    },
    "10": {
        "loss_median": 0.40094641844431556,
        "loss_mad": 0.0053476691246032715,
        "accuracy_median": 0.9116666714350382,
        "accuracy_mad": 0.015000005563100216,
        "f1_median": 0.8828434838155437,
        "f1_mad": 0.022177178205271098
    }
}