{
    "0": {
        "loss_median": 0.630768895149231,
        "loss_mad": 0.02757185697555542,
        "accuracy_median": 0.6349999904632568,
        "accuracy_mad": 0.0350000262260437,
        "f1_median": 0.6017258546299369,
        "f1_mad": 0.025139817011854193
    },
    "1": {
        "loss_median": 0.5690931677818298,
        "loss_mad": 0.014823198318481445,
        "accuracy_median": 0.7200000286102295,
        "accuracy_mad": 0.04999995231628418,
        "f1_median": 0.6570965429096917,
        "f1_mad": 0.051173370839674104
    },
    "2": {
        "loss_median": 0.5125502347946167,
        "loss_mad": 0.017642349004745483,
        "accuracy_median": 0.7900000214576721,
        "accuracy_mad": 0.039999961853027344,
        "f1_median": 0.72,
        "f1_mad": 0.026666666666666616
    },
    "3": {
        "loss_median": 0.4667293429374695,
        "loss_mad": 0.01354643702507019,
        "accuracy_median": 0.8550000190734863,
        "accuracy_mad": 0.034999966621398926,
        "f1_median": 0.8026606784389778,
        "f1_mad": 0.039633228371058093
    },
    "4": {
        "loss_median": 0.4316154420375824,
        "loss_mad": 0.014181286096572876,
        "accuracy_median": 0.8600000143051147,
        "accuracy_mad": 0.019999980926513672,
        "f1_median": 0.8,
        "f1_mad": 0.030604178430265305
    },
    "5": {
        "loss_median": 0.41118568181991577,
        "loss_mad": 0.02069607377052307,
        "accuracy_median": 0.8899999856948853,
        "accuracy_mad": 0.014999985694885254,
        "f1_median": 0.8388848026338832,
        "f1_mad": 0.02802003432454203
    },
    "6": {
        "loss_median": 0.4031967222690582,
        "loss_mad": 0.01902046799659729,
        "accuracy_median": 0.9100000262260437,
        "accuracy_mad": 0.004999995231628418,
        "f1_median": 0.8511318358947415,
        "f1_mad": 0.021884037121131517
    },
    "7": {
        "loss_median": 0.38628628849983215,
        "loss_mad": 0.026273995637893677,
        "accuracy_median": 0.9150000214576721,
        "accuracy_mad": 0.02499997615814209,
        "f1_median": 0.8751423010539459,
        "f1_mad": 0.03110769894605414
    },
    "8": {
        "loss_median": 0.37736910581588745,
        "loss_mad": 0.03344917297363281,
        "accuracy_median": 0.9300000071525574,
        "accuracy_mad": 0.019999980926513672,
        "f1_median": 0.8945147679324894,
        "f1_mad": 0.025854717654387516
    },
    "9": {
        "loss_median": 0.37443503737449646,
        "loss_mad": 0.03442418575286865,
        "accuracy_median": 0.9350000023841858,
        "accuracy_mad": 0.004999995231628418,
        "f1_median": 0.8954605765751277,
        "f1_mad": 0.012500767189253303
    },
    "10": {
        "loss_median": 0.3734554946422577,
        "loss_mad": 0.028252780437469482,
        "accuracy_median": 0.9300000071525574,
        "accuracy_mad": 0.014999985694885254,
        "f1_median": 0.8885172798216276,
        "f1_mad": 0.023026284972711197
    },
    "11": {
        "loss_median": 0.36754488945007324,
        "loss_mad": 0.012453347444534302,
        "accuracy_median": 0.9200000166893005,
        "accuracy_mad": 0.019999980926513672,
        "f1_median": 0.8793775883559165,
        "f1_mad": 0.02506579434833578
    },
    "12": {
        "loss_median": 0.36245086789131165,
        "loss_mad": 0.01291462779045105,
        "accuracy_median": 0.9300000071525574,
        "accuracy_mad": 0.004999995231628418,
        "f1_median": 0.8885172798216276,
        "f1_mad": 0.009729401033748863
    },
    "13": {
        "loss_median": 0.35356494784355164,
        "loss_mad": 0.012587010860443115,
        "accuracy_median": 0.9300000071525574,
        "accuracy_mad": 0.014999985694885254,
        "f1_median": 0.8859792482231765,
        "f1_mad": 0.02726654222597369
    },
    "14": {
        "loss_median": 0.3472172021865845,
        "loss_mad": 0.013153374195098877,
        "accuracy_median": 0.925000011920929,
        "accuracy_mad": 0.014999985694885254,
        "f1_median": 0.8715698445995119,
        "f1_mad": 0.03639149916486906
    },
    "15": {
        "loss_median": 0.34355372190475464,
        "loss_mad": 0.01421847939491272,
        "accuracy_median": 0.9200000166893005,
        "accuracy_mad": 0.02499997615814209,
        "f1_median": 0.8794454490657022,
        "f1_mad": 0.02881064697458946
    },
    "16": {
        "loss_median": 0.3456944525241852,
        "loss_mad": 0.022454023361206055,
        "accuracy_median": 0.925000011920929,
        "accuracy_mad": 0.014999985694885254,
        "f1_median": 0.8859792482231765,
        "f1_mad": 0.018541334935723297
    },
    "17": {
        "loss_median": 0.3355690836906433,
        "loss_mad": 0.01784101128578186,
        "accuracy_median": 0.925000011920929,
        "accuracy_mad": 0.014999985694885254,
        "f1_median": 0.8879551820728291,
        "f1_mad": 0.01656540108607074
    },
    "18": {
        "loss_median": 0.3334226608276367,
        "loss_mad": 0.01462361216545105,
        "accuracy_median": 0.9100000262260437,
        "accuracy_mad": 0.004999995231628418,
        "f1_median": 0.872953133822699,
        "f1_mad": 0.03241450873410934
    },
    "19": {
        "loss_median": 0.3325365483760834,
        "loss_mad": 0.01329377293586731,
        "accuracy_median": 0.9100000262260437,
        "accuracy_mad": 0.030000030994415283,
        "f1_median": 0.872953133822699,
        "f1_mad": 0.04488066636404242
    },
    "20": {
        "loss_median": 0.3323667049407959,
        "loss_mad": 0.011803299188613892,
        "accuracy_median": 0.9100000262260437,
        "accuracy_mad": 0.020000040531158447,
        "f1_median": 0.8688811188811189,
        "f1_mad": 0.04224315900363895
    },
    "21": {
        "loss_median": 0.3327091336250305,
        "loss_mad": 0.010666072368621826,
        "accuracy_median": 0.9200000166893005,
        "accuracy_mad": 0.019999980926513672,
        "f1_median": 0.8814990371796771,
        "f1_mad": 0.02302154597922268
    },
    "22": {
        "loss_median": 0.3328035771846771,
        "loss_mad": 0.009426921606063843,
        "accuracy_median": 0.925000011920929,
        "accuracy_mad": 0.014999985694885254,
        "f1_median": 0.8898314421064228,
        "f1_mad": 0.021292835778334962
    },
    "23": {
        "loss_median": 0.3286817669868469,
        "loss_mad": 0.00781521201133728,
        "accuracy_median": 0.9300000071525574,
        "accuracy_mad": 0.009999990463256836,
        "f1_median": 0.8980186480186481,
        "f1_mad": 0.013105629866109747
    },
    "24": {
        "loss_median": 0.32403889298439026,
        "loss_mad": 0.003436863422393799,
        "accuracy_median": 0.925000011920929,
        "accuracy_mad": 0.019999980926513672,
        "f1_median": 0.8916145814516421,
        "f1_mad": 0.02621921873509936
    },
    "25": {
        "loss_median": 0.3221813142299652,
        "loss_mad": 0.005275726318359375,
        "accuracy_median": 0.9200000166893005,
        "accuracy_mad": 0.019999980926513672,
        "f1_median": 0.8853046594982079,
        "f1_mad": 0.03506482608866901
    },
    "26": {
        "loss_median": 0.3196497857570648,
        "loss_mad": 0.005139827728271484,
        "accuracy_median": 0.925000011920929,
        "accuracy_mad": 0.02499997615814209,
        "f1_median": 0.8814990371796771,
        "f1_mad": 0.04180208262397378
    },
    "27": {
        "loss_median": 0.316455215215683,
        "loss_mad": 0.003512173891067505,
        "accuracy_median": 0.9449999928474426,
        "accuracy_mad": 0.014999985694885254,
        "f1_median": 0.9148573861217539,
        "f1_mad": 0.023783509721166718
    },
    "28": {
        "loss_median": 0.31555408239364624,
        "loss_mad": 0.0034140348434448242,
        "accuracy_median": 0.9549999833106995,
        "accuracy_mad": 0.004999995231628418,
        "f1_median": 0.9276265530135499,
        "f1_mad": 0.011014342829370749
    },