{
    "0": {
        "loss_median": 0.630768895149231,
        "loss_mad": 0.02757185697555542,
        "accuracy_median": 0.6349999904632568,
        "accuracy_mad": 0.0350000262260437,
        "f1_median": 0.6017258546299369,
        "f1_mad": 0.025139817011854193
    },
    "1": {
        "loss_median": 0.46249404549598694,
        "loss_mad": 0.036026060581207275,
        "accuracy_median": 0.8550000190734863,
        "accuracy_mad": 0.06000000238418579,
        "f1_median": 0.8053625960602705,
        "f1_mad": 0.06977970499367536
    },
    "2": {
        "loss_median": 0.40786778926849365,
        "loss_mad": 0.02722907066345215,
        "accuracy_median": 0.8999999761581421,
        "accuracy_mad": 0.01500004529953003,
        "f1_median": 0.84472049689441,
        "f1_mad": 0.028295376121463045
    },
    "3": {
        "loss_median": 0.3544478714466095,
        "loss_mad": 0.018655121326446533,
        "accuracy_median": 0.925000011920929,
        "accuracy_mad": 0.014999985694885254,
        "f1_median": 0.8709677419354839,
        "f1_mad": 0.02165382578962738
    },
    "4": {
        "loss_median": 0.3282107412815094,
        "loss_mad": 0.02030181884765625,
        "accuracy_median": 0.925000011920929,
        "accuracy_mad": 0.009999990463256836,
        "f1_median": 0.8916145814516421,
        "f1_mad": 0.011279909678143185
    },
    "5": {
        "loss_median": 0.31645479798316956,
        "loss_mad": 0.007802993059158325,
        "accuracy_median": 0.925000011920929,
        "accuracy_mad": 0.014999985694885254,
        "f1_median": 0.8814990371796771,
        "f1_mad": 0.03174675326947307
    },
    "6": {
        "loss_median": 0.31161463260650635,
        "loss_mad": 0.003498256206512451,
        "accuracy_median": 0.925000011920929,
        "accuracy_mad": 0.014999985694885254,
        "f1_median": 0.877163192311861,
        "f1_mad": 0.030798151452519962
    },
    "7": {
        "loss_median": 0.3095628321170807,
        "loss_mad": 0.002581089735031128,
        "accuracy_median": 0.9300000071525574,
        "accuracy_mad": 0.009999990463256836,
        "f1_median": 0.8911268372346217,
        "f1_mad": 0.026706962952119717
    },
    "8": {
        "loss_median": 0.30980148911476135,
        "loss_mad": 0.0035231709480285645,
        "accuracy_median": 0.9300000071525574,
        "accuracy_mad": 0.009999990463256836,
        "f1_median": 0.8945147679324894,
        "f1_mad": 0.024723101265822667
    },
    "9": {
        "loss_median": 0.30853214859962463,
        "loss_mad": 0.004061251878738403,
        "accuracy_median": 0.9399999976158142,
        "accuracy_mad": 0.004999995231628418,
        "f1_median": 0.907961343764381,
        "f1_mad": 0.009872456422360454
    },
    "10": {
        "loss_median": 0.30818283557891846,
        "loss_mad": 0.002282172441482544,
        "accuracy_median": 0.925000011920929,
        "accuracy_mad": 0.004999995231628418,
        "f1_median": 0.8879551820728291,
        "f1_mad": 0.02690220404892485
    },
    "11": {
        "loss_median": 0.3107090890407562,
        "loss_mad": 0.004926174879074097,
        "accuracy_median": 0.9300000071525574,
        "accuracy_mad": 0.009999990463256836,
        "f1_median": 0.8963116575322174,
        "f1_mad": 0.02651999086555068
    },
    "12": {
        "loss_median": 0.30854693055152893,
        "loss_mad": 0.003071516752243042,
        "accuracy_median": 0.925000011920929,
        "accuracy_mad": 0.004999995231628418,
        "f1_median": 0.8879551820728291,
        "f1_mad": 0.029878618113912347
    },
    "13": {
        "loss_median": 0.3093258738517761,
        "loss_mad": 0.0030355453491210938,
        "accuracy_median": 0.9300000071525574,
        "accuracy_mad": 0.009999990463256836,
        "f1_median": 0.8945147679324894,
        "f1_mad": 0.030138637733574503
    },
    "14": {
        "loss_median": 0.3080160319805145,
        "loss_mad": 0.0035345256328582764,
        "accuracy_median": 0.9350000023841858,
        "accuracy_mad": 0.004999995231628418,
        "f1_median": 0.9011820151267531,
        "f1_mad": 0.016651785059988322
    },
    "15": {
        "loss_median": 0.30814823508262634,
        "loss_mad": 0.002673536539077759,
        "accuracy_median": 0.9300000071525574,
        "accuracy_mad": 0.009999990463256836,
        "f1_median": 0.8879551820728291,
        "f1_mad": 0.026483320600967586
    },
    "16": {
        "loss_median": 0.3106503188610077,
        "loss_mad": 0.005034506320953369,
        "accuracy_median": 0.9300000071525574,
        "accuracy_mad": 0.009999990463256836,
        "f1_median": 0.8963116575322174,
        "f1_mad": 0.03527589140168852
    },
    "17": {
        "loss_median": 0.30847683548927307,
        "loss_mad": 0.0031196177005767822,
        "accuracy_median": 0.925000011920929,
        "accuracy_mad": 0.004999995231628418,
        "f1_median": 0.8879551820728291,
        "f1_mad": 0.033029895550269917
    },
    "18": {
        "loss_median": 0.3092919588088989,
        "loss_mad": 0.002992093563079834,
        "accuracy_median": 0.9300000071525574,
        "accuracy_mad": 0.009999990463256836,
        "f1_median": 0.8945147679324894,
        "f1_mad": 0.030138637733574503
    },
    "19": {
        "loss_median": 0.3080061674118042,
        "loss_mad": 0.003522157669067383,
        "accuracy_median": 0.9350000023841858,
        "accuracy_mad": 0.004999995231628418,
        "f1_median": 0.9011820151267531,
        "f1_mad": 0.016651785059988322
    },
    "20": {
        "loss_median": 0.30814608931541443,
        "loss_mad": 0.002712637186050415,
        "accuracy_median": 0.9300000071525574,
        "accuracy_mad": 0.009999990463256836,
        "f1_median": 0.8879551820728291,
        "f1_mad": 0.026483320600967586
    },
    "21": {
        "loss_median": 0.310640811920166,
        "loss_mad": 0.005039840936660767,
        "accuracy_median": 0.9300000071525574,
        "accuracy_mad": 0.009999990463256836,
        "f1_median": 0.8963116575322174,
        "f1_mad": 0.03527589140168852
    },
    "22": {
        "loss_median": 0.3084617853164673,
        "loss_mad": 0.003117114305496216,
        "accuracy_median": 0.925000011920929,
        "accuracy_mad": 0.004999995231628418,
        "f1_median": 0.8879551820728291,
        "f1_mad": 0.033029895550269917
    },
    "23": {
        "loss_median": 0.3092862069606781,
        "loss_mad": 0.0029858946800231934,
        "accuracy_median": 0.9300000071525574,
        "accuracy_mad": 0.009999990463256836,
        "f1_median": 0.8945147679324894,
        "f1_mad": 0.030138637733574503
    },
    "24": {
        "loss_median": 0.3080037236213684,
        "loss_mad": 0.0035200119018554688,
        "accuracy_median": 0.9350000023841858,
        "accuracy_mad": 0.009999990463256836,
        "f1_median": 0.9011820151267531,
        "f1_mad": 0.016651785059988322
    },
    "25": {
        "loss_median": 0.30814507603645325,
        "loss_mad": 0.002716928720474243,
        "accuracy_median": 0.9300000071525574,
        "accuracy_mad": 0.009999990463256836,
        "f1_median": 0.8879551820728291,
        "f1_mad": 0.026483320600967586
    },
    "26": {
        "loss_median": 0.3106391131877899,
        "loss_mad": 0.005040019750595093,
        "accuracy_median": 0.9300000071525574,
        "accuracy_mad": 0.009999990463256836,
        "f1_median": 0.8963116575322174,
        "f1_mad": 0.03527589140168852
    },
    "27": {
        "loss_median": 0.308458536863327,
        "loss_mad": 0.0031155049800872803,
        "accuracy_median": 0.925000011920929,
        "accuracy_mad": 0.004999995231628418,
        "f1_median": 0.8879551820728291,
        "f1_mad": 0.033029895550269917
    },
    "28": {
        "loss_median": 0.309285044670105,
        "loss_mad": 0.0029847919940948486,
        "accuracy_median": 0.9300000071525574,
        "accuracy_mad": 0.009999990463256836,
        "f1_median": 0.8945147679324894,