{
    "1": {
        "loss_median": 0.5020426611105601,
        "loss_mad": 0.01625076929728192,
        "accuracy_median": 0.7800000111262003,
        "accuracy_mad": 0.04166664679845178,
        "f1_median": 0.7210422424003158,
        "f1_mad": 0.02850073560764288
    },
    "2": {
        "loss_median": 0.4495660662651062,
        "loss_mad": 0.019990672667821174,
        "accuracy_median": 0.8416666587193806,
        "accuracy_mad": 0.031666676203409794,
        "f1_median": 0.775294477113884,
        "f1_mad": 0.019534265571833465
    },
    "3": {
        "loss_median": 0.41327504316965735,
        "loss_mad": 0.011726180712382017,
        "accuracy_median": 0.8700000047683715,
        "accuracy_mad": 0.006666680177052742,
        "f1_median": 0.825151255127561,
        "f1_mad": 0.041900391299352524
    },
    "4": {
        "loss_median": 0.3835510313510894,
        "loss_mad": 0.00900136431058246,
        "accuracy_median": 0.8999999960263569,
        "accuracy_mad": 0.01166667540868127,
        "f1_median": 0.8641284892531154,
        "f1_mad": 0.011324560212951584
    },
    "5": {
        "loss_median": 0.36331700285275775,
        "loss_mad": 0.009790708621342958,
        "accuracy_median": 0.9066666762034098,
        "accuracy_mad": 0.009999990463256836,
        "f1_median": 0.8707396543554861,
        "f1_mad": 0.011392883804447251
    },
    "6": {
        "loss_median": 0.35027023156483966,
        "loss_mad": 0.013864258925120054,
        "accuracy_median": 0.9166666666666666,
        "accuracy_mad": 0.026666680971781487,
        "f1_median": 0.8837478117342845,
        "f1_mad": 0.032654309930697956
    },
    "7": {
        "loss_median": 0.34356294075647986,
        "loss_mad": 0.016405920187632206,
        "accuracy_median": 0.9099999864896138,
        "accuracy_mad": 0.02333333094914758,
        "f1_median": 0.8661617330356781,
        "f1_mad": 0.037993425868885766
    },
    "8": {
        "loss_median": 0.33857672413190204,
        "loss_mad": 0.01561349630355835,
        "accuracy_median": 0.92166668176651,
        "accuracy_mad": 0.018333355585734123,
        "f1_median": 0.8722196107396539,
        "f1_mad": 0.035456094790116244
    },
    "9": {
        "loss_median": 0.3281817535559336,
        "loss_mad": 0.014648735523223877,
        "accuracy_median": 0.9283333420753479,
        "accuracy_mad": 0.009999990463256836,
        "f1_median": 0.8833381561255982,
        "f1_mad": 0.024545172664739656
    },
    "10": {
        "loss_median": 0.3199331959088643,
        "loss_mad": 0.005577733119328798,
        "accuracy_median": 0.9283333420753479,
        "accuracy_mad": 0.011666655540466309,
        "f1_median": 0.8993746318074266,
        "f1_mad": 0.014955692027447287
    }
}