{
    "1": {
        "loss_median": 0.5516079266866047,
        "loss_mad": 0.006835480531056759,
        "accuracy_median": 0.6949999928474426,
        "accuracy_mad": 0.05833333730697632,
        "f1_median": 0.6545120091808301,
        "f1_mad": 0.04715281671540983
    },
    "2": {
        "loss_median": 0.49594283103942866,
        "loss_mad": 0.004053284724553463,
        "accuracy_median": 0.7650000055631001,
        "accuracy_mad": 0.04000000158945716,
        "f1_median": 0.7132834780678577,
        "f1_mad": 0.037323149564044145
    },
    "3": {
        "loss_median": 0.46742009123166395,
        "loss_mad": 0.020139177640279116,
        "accuracy_median": 0.8333333333333333,
        "accuracy_mad": 0.04666666189829516,
        "f1_median": 0.7487903026712092,
        "f1_mad": 0.03332591179006106
    },
    "4": {
        "loss_median": 0.42080586155255634,
        "loss_mad": 0.004151374101638794,
        "accuracy_median": 0.8599999944368998,
        "accuracy_mad": 0.008333325386047363,
        "f1_median": 0.8140379305979097,
        "f1_mad": 0.015940608688702618
    },
    "5": {
        "loss_median": 0.3976689974466959,
        "loss_mad": 0.006591548522313417,
        "accuracy_median": 0.8800000150998433,
        "accuracy_mad": 0.004999975363413456,
        "f1_median": 0.8283599783931146,
        "f1_mad": 0.017299535601985827
    },
    "6": {
        "loss_median": 0.402271032333374,
        "loss_mad": 0.02946539719899499,
        "accuracy_median": 0.8899999856948851,
        "accuracy_mad": 0.021666646003723034,
        "f1_median": 0.8478796471812637,
        "f1_mad": 0.04225963077342021
    },
    "7": {
        "loss_median": 0.3890588482220967,
        "loss_mad": 0.02633822957674664,
        "accuracy_median": 0.8983333309491475,
        "accuracy_mad": 0.025000015894572014,
        "f1_median": 0.858617228153097,
        "f1_mad": 0.04917145061473427
    },
    "8": {
        "loss_median": 0.3788749774297078,
        "loss_mad": 0.034111122290293394,
        "accuracy_median": 0.8866666754086812,
        "accuracy_mad": 0.03666665156682336,
        "f1_median": 0.8043292393648749,
        "f1_mad": 0.06543232542042055
    },
    "9": {
        "loss_median": 0.3701586226622263,
        "loss_mad": 0.03663566708564758,
        "accuracy_median": 0.921666661898295,
        "accuracy_mad": 0.02333333094914758,
        "f1_median": 0.8895007967414945,
        "f1_mad": 0.027306359101705202
    },
    "10": {
        "loss_median": 0.3636175294717153,
        "loss_mad": 0.029510120550791386,
        "accuracy_median": 0.9050000111262003,
        "accuracy_mad": 0.01833333571751916,
        "f1_median": 0.8644263105176616,
        "f1_mad": 0.04017265660794023
    }
}