{
    "0": {
        "loss_median": 0.7204654812812805,
        "loss_mad": 0.0996127724647522,
        "accuracy_median": 0.5400000214576721,
        "accuracy_mad": 0.0,
        "f1_median": 0.4875222816399287,
        "f1_mad": 0.035141329258976395
    },
    "1": {
        "loss_median": 0.5239283442497253,
        "loss_mad": 0.09025424718856812,
        "accuracy_median": 0.7649999856948853,
        "accuracy_mad": 0.125,
        "f1_median": 0.7101538651290432,
        "f1_mad": 0.13456663176536676
    },
    "2": {
        "loss_median": 0.40774714946746826,
        "loss_mad": 0.07632708549499512,
        "accuracy_median": 0.8849999904632568,
        "accuracy_mad": 0.0350000262260437,
        "f1_median": 0.8388848026338832,
        "f1_mad": 0.03839698905195821
    },
    "3": {
        "loss_median": 0.3502446115016937,
        "loss_mad": 0.029161393642425537,
        "accuracy_median": 0.9100000262260437,
        "accuracy_mad": 0.019999980926513672,
        "f1_median": 0.8666864168271367,
        "f1_mad": 0.021830862994490996
    },
    "4": {
        "loss_median": 0.3270683288574219,
        "loss_mad": 0.010345101356506348,
        "accuracy_median": 0.9200000166893005,
        "accuracy_mad": 0.014999985694885254,
        "f1_median": 0.8772817916858414,
        "f1_mad": 0.01817878488928626
    },
    "5": {
        "loss_median": 0.3210205137729645,
        "loss_mad": 0.005304485559463501,
        "accuracy_median": 0.925000011920929,
        "accuracy_mad": 0.019999980926513672,
        "f1_median": 0.8838964356205735,
        "f1_mad": 0.027647129173765328
    },
    "6": {
        "loss_median": 0.3217892050743103,
        "loss_mad": 0.005501508712768555,
        "accuracy_median": 0.9200000166893005,
        "accuracy_mad": 0.004999995231628418,
        "f1_median": 0.8772817916858414,
        "f1_mad": 0.006505310366241246
    },
    "7": {
        "loss_median": 0.32001742720603943,
        "loss_mad": 0.0021307170391082764,
        "accuracy_median": 0.9200000166893005,
        "accuracy_mad": 0.004999995231628418,
        "f1_median": 0.8772817916858414,
        "f1_mad": 0.006505310366241246
    },
    "8": {
        "loss_median": 0.3199167549610138,
        "loss_mad": 0.0014379322528839111,
        "accuracy_median": 0.9200000166893005,
        "accuracy_mad": 0.0,
        "f1_median": 0.8772817916858414,
        "f1_mad": 0.0
    },
    "9": {
        "loss_median": 0.31713244318962097,
        "loss_mad": 0.0035729706287384033,
        "accuracy_median": 0.9350000023841858,
        "accuracy_mad": 0.004999995231628418,
        "f1_median": 0.8954605765751277,
        "f1_mad": 0.00898280612912461
    },
    "10": {
        "loss_median": 0.31663253903388977,
        "loss_mad": 0.00046694278717041016,
        "accuracy_median": 0.9350000023841858,
        "accuracy_mad": 0.004999995231628418,
        "f1_median": 0.8974722978035412,
        "f1_mad": 0.006847297803541208
    },
    "11": {
        "loss_median": 0.3161461353302002,
        "loss_mad": 0.002079874277114868,
        "accuracy_median": 0.9300000071525574,
        "accuracy_mad": 0.009999990463256836,
        "f1_median": 0.890625,
        "f1_mad": 0.013343208314158583
    },
    "12": {
        "loss_median": 0.3172786831855774,
        "loss_mad": 0.0014145970344543457,
        "accuracy_median": 0.9300000071525574,
        "accuracy_mad": 0.004999995231628418,
        "f1_median": 0.890625,
        "f1_mad": 0.006728564379426483
    },
    "13": {
        "loss_median": 0.3184298574924469,
        "loss_mad": 0.0010141730308532715,
        "accuracy_median": 0.925000011920929,
        "accuracy_mad": 0.004999995231628418,
        "f1_median": 0.8838964356205735,
        "f1_mad": 0.006614643934732101
    },
    "14": {
        "loss_median": 0.31689125299453735,
        "loss_mad": 0.0018818080425262451,
        "accuracy_median": 0.9399999976158142,
        "accuracy_mad": 0.0,
        "f1_median": 0.9025341130604287,
        "f1_mad": 0.0019092696438235413
    },
    "15": {
        "loss_median": 0.31579962372779846,
        "loss_mad": 0.000687718391418457,
        "accuracy_median": 0.9350000023841858,
        "accuracy_mad": 0.004999995231628418,
        "f1_median": 0.8974722978035412,
        "f1_mad": 0.006847297803541208
    },
    "16": {
        "loss_median": 0.31522247195243835,
        "loss_mad": 0.0012624561786651611,
        "accuracy_median": 0.9300000071525574,
        "accuracy_mad": 0.004999995231628418,
        "f1_median": 0.890625,
        "f1_mad": 0.006728564379426483
    },
    "17": {
        "loss_median": 0.316606342792511,
        "loss_mad": 0.002007216215133667,
        "accuracy_median": 0.9300000071525574,
        "accuracy_mad": 0.004999995231628418,
        "f1_median": 0.890625,
        "f1_mad": 0.006728564379426483
    },
    "18": {
        "loss_median": 0.317936509847641,
        "loss_mad": 0.0015043020248413086,
        "accuracy_median": 0.925000011920929,
        "accuracy_mad": 0.004999995231628418,
        "f1_median": 0.8838964356205735,
        "f1_mad": 0.006614643934732101
    },
    "19": {
        "loss_median": 0.31689539551734924,
        "loss_mad": 0.0014913976192474365,
        "accuracy_median": 0.9399999976158142,
        "accuracy_mad": 0.0,
        "f1_median": 0.9025341130604287,
        "f1_mad": 0.0019092696438235413
    },
    "20": {
        "loss_median": 0.31550145149230957,
        "loss_mad": 0.000986248254776001,
        "accuracy_median": 0.9350000023841858,
        "accuracy_mad": 0.004999995231628418,
        "f1_median": 0.8974722978035412,
        "f1_mad": 0.006847297803541208
    },
    "21": {
        "loss_median": 0.3149910271167755,
        "loss_mad": 0.0010421574115753174,
        "accuracy_median": 0.9300000071525574,
        "accuracy_mad": 0.004999995231628418,
        "f1_median": 0.890625,
        "f1_mad": 0.006728564379426483
    },
    "22": {
        "loss_median": 0.3164273500442505,
        "loss_mad": 0.002177119255065918,
        "accuracy_median": 0.9300000071525574,
        "accuracy_mad": 0.004999995231628418,
        "f1_median": 0.890625,
        "f1_mad": 0.006728564379426483
    },
    "23": {
        "loss_median": 0.3178010880947113,
        "loss_mad": 0.001643061637878418,
        "accuracy_median": 0.925000011920929,
        "accuracy_mad": 0.004999995231628418,
        "f1_median": 0.8838964356205735,
        "f1_mad": 0.006614643934732101
    },
    "24": {
        "loss_median": 0.3168989419937134,
        "loss_mad": 0.0013787150382995605,
        "accuracy_median": 0.9399999976158142,
        "accuracy_mad": 0.0,
        "f1_median": 0.9025341130604287,
        "f1_mad": 0.0019092696438235413
    },
    "25": {
        "loss_median": 0.31541645526885986,
        "loss_mad": 0.0010727345943450928,
        "accuracy_median": 0.9350000023841858,
        "accuracy_mad": 0.004999995231628418,
        "f1_median": 0.8974722978035412,
        "f1_mad": 0.006847297803541208
    },
    "26": {
        "loss_median": 0.314923495054245,
        "loss_mad": 0.0009749829769134521,
        "accuracy_median": 0.9300000071525574,
        "accuracy_mad": 0.004999995231628418,
        "f1_median": 0.890625,
        "f1_mad": 0.006728564379426483
    },
    "27": {
        "loss_median": 0.3163737952709198,
        "loss_mad": 0.0022287964820861816,
        "accuracy_median": 0.9300000071525574,
        "accuracy_mad": 0.004999995231628418,
        "f1_median": 0.890625,
        "f1_mad": 0.006728564379426483
    },
    "28": {
        "loss_median": 0.3177601993083954,
        "loss_mad": 0.001684725284576416,
        "accuracy_median": 0.925000011920929,
        "accuracy_mad": 0.004999995231628418,
        "f1_median": 0.8838964356205735,
        "f1_mad": 0.006614643934732101
    },
    "29": {
        "loss_median": 0.3168998658657074,
        "loss_mad": 0.001344531774520874,
        "accuracy_median": 0.9399999976158142,