{
    "0": {
        "loss_median": 0.7204654812812805,
        "loss_mad": 0.0996127724647522,
        "accuracy_median": 0.5400000214576721,
        "accuracy_mad": 0.0,
        "f1_median": 0.4875222816399287,
        "f1_mad": 0.035141329258976395
    },
    "1": {
        "loss_median": 0.7068608999252319,
        "loss_mad": 0.09647858142852783,
        "accuracy_median": 0.550000011920929,
        "accuracy_mad": 0.0,
        "f1_median": 0.4950061721467849,
        "f1_mad": 0.025729134760300587
    },
    "2": {
        "loss_median": 0.6946640610694885,
        "loss_mad": 0.09018731117248535,
        "accuracy_median": 0.574999988079071,
        "accuracy_mad": 0.014999985694885254,
        "f1_median": 0.5137160673932321,
        "f1_mad": 0.032645186393114145
    },
    "3": {
        "loss_median": 0.682739794254303,
        "loss_mad": 0.08294457197189331,
        "accuracy_median": 0.5799999833106995,
        "accuracy_mad": 0.004999995231628418,
        "f1_median": 0.5174632352941176,
        "f1_mad": 0.016421293466757136
    },
    "4": {
        "loss_median": 0.6719444990158081,
        "loss_mad": 0.07529747486114502,
        "accuracy_median": 0.5950000286102295,
        "accuracy_mad": 0.005000054836273193,
        "f1_median": 0.5366000171629624,
        "f1_mad": 0.015795903090966124
    },
    "5": {
        "loss_median": 0.6613178849220276,
        "loss_mad": 0.06928354501724243,
        "accuracy_median": 0.6050000190734863,
        "accuracy_mad": 0.020000040531158447,
        "f1_median": 0.5319766580763649,
        "f1_mad": 0.0030456441429388414
    },
    "6": {
        "loss_median": 0.6497922539710999,
        "loss_mad": 0.0665702223777771,
        "accuracy_median": 0.6349999904632568,
        "accuracy_mad": 0.04500001668930054,
        "f1_median": 0.5714830794517332,
        "f1_mad": 0.038719546688200435
    },
    "7": {
        "loss_median": 0.638407826423645,
        "loss_mad": 0.06417286396026611,
        "accuracy_median": 0.6650000214576721,
        "accuracy_mad": 0.07500004768371582,
        "f1_median": 0.6067036482639194,
        "f1_mad": 0.0739401155003867
    },
    "8": {
        "loss_median": 0.6272541880607605,
        "loss_mad": 0.06191152334213257,
        "accuracy_median": 0.6800000071525574,
        "accuracy_mad": 0.08499997854232788,
        "f1_median": 0.6225970043637221,
        "f1_mad": 0.08231493052507743
    },
    "9": {
        "loss_median": 0.6169530749320984,
        "loss_mad": 0.05981755256652832,
        "accuracy_median": 0.699999988079071,
        "accuracy_mad": 0.09999996423721313,
        "f1_median": 0.6393797331410025,
        "f1_mad": 0.09522018898145834
    },
    "10": {
        "loss_median": 0.6070873141288757,
        "loss_mad": 0.05870711803436279,
        "accuracy_median": 0.7200000286102295,
        "accuracy_mad": 0.09499996900558472,
        "f1_median": 0.6634210842649357,
        "f1_mad": 0.10054178773276767
    },
    "11": {
        "loss_median": 0.5971887111663818,
        "loss_mad": 0.059622228145599365,
        "accuracy_median": 0.7400000095367432,
        "accuracy_mad": 0.07999998331069946,
        "f1_median": 0.6904761904761905,
        "f1_mad": 0.07848799897317416
    },
    "12": {
        "loss_median": 0.5868340134620667,
        "loss_mad": 0.061619341373443604,
        "accuracy_median": 0.7400000095367432,
        "accuracy_mad": 0.08499997854232788,
        "f1_median": 0.6874624353888688,
        "f1_mad": 0.08654886404615947
    },
    "13": {
        "loss_median": 0.576833963394165,
        "loss_mad": 0.0636441707611084,
        "accuracy_median": 0.75,
        "accuracy_mad": 0.07999998331069946,
        "f1_median": 0.6964545896066052,
        "f1_mad": 0.08265143949942388
    },
    "14": {
        "loss_median": 0.5675353407859802,
        "loss_mad": 0.06572234630584717,
        "accuracy_median": 0.7599999904632568,
        "accuracy_mad": 0.08500003814697266,
        "f1_median": 0.7055576002944424,
        "f1_mad": 0.08913758828796103
    },
    "15": {
        "loss_median": 0.5588350892066956,
        "loss_mad": 0.06811720132827759,
        "accuracy_median": 0.7549999952316284,
        "accuracy_mad": 0.10000002384185791,
        "f1_median": 0.7009916094584288,
        "f1_mad": 0.10437098660184174
    },
    "16": {
        "loss_median": 0.5506308674812317,
        "loss_mad": 0.07117277383804321,
        "accuracy_median": 0.7549999952316284,
        "accuracy_mad": 0.11500000953674316,
        "f1_median": 0.7009916094584288,
        "f1_mad": 0.12082856598016778
    },
    "17": {
        "loss_median": 0.5417391061782837,
        "loss_mad": 0.07513934373855591,
        "accuracy_median": 0.7599999904632568,
        "accuracy_mad": 0.11000001430511475,
        "f1_median": 0.7055576002944424,
        "f1_mad": 0.11626257514415417
    },
    "18": {
        "loss_median": 0.5332145094871521,
        "loss_mad": 0.07891643047332764,
        "accuracy_median": 0.7649999856948853,
        "accuracy_mad": 0.10500001907348633,
        "f1_median": 0.7101538651290432,
        "f1_mad": 0.11166631030955332
    },
    "19": {
        "loss_median": 0.5251836180686951,
        "loss_mad": 0.08275210857391357,
        "accuracy_median": 0.7799999713897705,
        "accuracy_mad": 0.10000002384185791,
        "f1_median": 0.7241379310344828,
        "f1_mad": 0.10898680822292228
    },
    "20": {
        "loss_median": 0.5177745223045349,
        "loss_mad": 0.08660095930099487,
        "accuracy_median": 0.7799999713897705,
        "accuracy_mad": 0.10000002384185791,
        "f1_median": 0.7241379310344828,
        "f1_mad": 0.10898680822292228
    },
    "21": {
        "loss_median": 0.5110500454902649,
        "loss_mad": 0.09035015106201172,
        "accuracy_median": 0.7850000262260437,
        "accuracy_mad": 0.09999996423721313,
        "f1_median": 0.7319118426384863,
        "f1_mad": 0.10697295999539691
    },
    "22": {
        "loss_median": 0.5036391615867615,
        "loss_mad": 0.0946778655052185,
        "accuracy_median": 0.7950000166893005,
        "accuracy_mad": 0.09499996900558472,
        "f1_median": 0.7414798701093981,
        "f1_mad": 0.10324062678501189
    },
    "23": {
        "loss_median": 0.49654021859169006,
        "loss_mad": 0.0987190306186676,
        "accuracy_median": 0.7950000166893005,
        "accuracy_mad": 0.09499996900558472,
        "f1_median": 0.7414798701093981,
        "f1_mad": 0.10324062678501189
    },
    "24": {
        "loss_median": 0.48966363072395325,
        "loss_mad": 0.10297879576683044,
        "accuracy_median": 0.800000011920929,
        "accuracy_mad": 0.09999996423721313,
        "f1_median": 0.7463216641298833,
        "f1_mad": 0.11030916024287651
    },
    "25": {
        "loss_median": 0.4833180904388428,
        "loss_mad": 0.10722494125366211,
        "accuracy_median": 0.8100000023841858,
        "accuracy_mad": 0.0899999737739563,
        "f1_median": 0.756128866640996,
        "f1_mad": 0.10050195773176385
    },
    "26": {
        "loss_median": 0.4776715934276581,
        "loss_mad": 0.11103436350822449,
        "accuracy_median": 0.8100000023841858,
        "accuracy_mad": 0.0899999737739563,
        "f1_median": 0.756128866640996,
        "f1_mad": 0.10050195773176385
    },
    "27": {
        "loss_median": 0.47148266434669495,
        "loss_mad": 0.11206534504890442,
        "accuracy_median": 0.8349999785423279,
        "accuracy_mad": 0.06499999761581421,
        "f1_median": 0.7814497168780423,
        "f1_mad": 0.07518110749471751
    },
    "28": {
        "loss_median": 0.4655056893825531,
        "loss_mad": 0.10923641920089722,
        "accuracy_median": 0.8399999737739563,
        "accuracy_mad": 0.06499999761581421,
        "f1_median": 0.7866666666666666,
        "f1_mad": 0.07604513650541334
    },
    "29": {
        "loss_median": 0.4594692885875702,
        "loss_mad": 0.10608804225921631,