{
    "0": {
        "loss_median": 0.7204654812812805,
        "loss_mad": 0.0996127724647522,
        "accuracy_median": 0.5400000214576721,
        "accuracy_mad": 0.0,
        "f1_median": 0.4875222816399287,
        "f1_mad": 0.035141329258976395
    },
    "1": {
        "loss_median": 0.7071239352226257,
        "loss_mad": 0.09377092123031616,
        "accuracy_median": 0.5600000023841858,
        "accuracy_mad": 0.004999995231628418,
        "f1_median": 0.5024875621890548,
        "f1_mad": 0.029754365115681747
    },
    "2": {
        "loss_median": 0.6967127323150635,
        "loss_mad": 0.08861786127090454,
        "accuracy_median": 0.5699999928474426,
        "accuracy_mad": 0.0,
        "f1_median": 0.5137946630483944,
        "f1_mad": 0.020929938434642748
    },
    "3": {
        "loss_median": 0.6877062320709229,
        "loss_mad": 0.08576714992523193,
        "accuracy_median": 0.5799999833106995,
        "accuracy_mad": 0.004999995231628418,
        "f1_median": 0.5286724273369993,
        "f1_mad": 0.03224184586242951
    },
    "4": {
        "loss_median": 0.6806269288063049,
        "loss_mad": 0.08345812559127808,
        "accuracy_median": 0.5950000286102295,
        "accuracy_mad": 0.020000040531158447,
        "f1_median": 0.5248078266946191,
        "f1_mad": 0.009272075027404125
    },
    "5": {
        "loss_median": 0.675214946269989,
        "loss_mad": 0.08162498474121094,
        "accuracy_median": 0.6050000190734863,
        "accuracy_mad": 0.025000035762786865,
        "f1_median": 0.5319766580763649,
        "f1_mad": 0.003304230739365588
    },
    "6": {
        "loss_median": 0.6706048846244812,
        "loss_mad": 0.07921475172042847,
        "accuracy_median": 0.6050000190734863,
        "accuracy_mad": 0.020000040531158447,
        "f1_median": 0.5325392132015432,
        "f1_mad": 0.0005625551251783323
    },
    "7": {
        "loss_median": 0.665637731552124,
        "loss_mad": 0.07706797122955322,
        "accuracy_median": 0.6200000047683716,
        "accuracy_mad": 0.0350000262260437,
        "f1_median": 0.5432143286452699,
        "f1_mad": 0.01067511544372668
    },
    "8": {
        "loss_median": 0.6607235074043274,
        "loss_mad": 0.07524216175079346,
        "accuracy_median": 0.625,
        "accuracy_mad": 0.0350000262260437,
        "f1_median": 0.546978345564918,
        "f1_mad": 0.010569480797844255
    },
    "9": {
        "loss_median": 0.656311571598053,
        "loss_mad": 0.07361119985580444,
        "accuracy_median": 0.625,
        "accuracy_mad": 0.0350000262260437,
        "f1_median": 0.546978345564918,
        "f1_mad": 0.007083833164513997
    },
    "10": {
        "loss_median": 0.6525646448135376,
        "loss_mad": 0.07232463359832764,
        "accuracy_median": 0.6299999952316284,
        "accuracy_mad": 0.04000002145767212,
        "f1_median": 0.5507527926177757,
        "f1_mad": 0.010858280217371674
    },
    "11": {
        "loss_median": 0.6492463946342468,
        "loss_mad": 0.07075756788253784,
        "accuracy_median": 0.6349999904632568,
        "accuracy_mad": 0.04500001668930054,
        "f1_median": 0.5545385202135774,
        "f1_mad": 0.014644007813173432
    },
    "12": {
        "loss_median": 0.645607054233551,
        "loss_mad": 0.06938624382019043,
        "accuracy_median": 0.6449999809265137,
        "accuracy_mad": 0.05500000715255737,
        "f1_median": 0.5621473281736611,
        "f1_mad": 0.022252815773257106
    },
    "13": {
        "loss_median": 0.6419674158096313,
        "loss_mad": 0.06807142496109009,
        "accuracy_median": 0.6549999713897705,
        "accuracy_mad": 0.06499999761581421,
        "f1_median": 0.5789473684210527,
        "f1_mad": 0.039052856020648674
    },
    "14": {
        "loss_median": 0.6385486721992493,
        "loss_mad": 0.06687158346176147,
        "accuracy_median": 0.6499999761581421,
        "accuracy_mad": 0.04999995231628418,
        "f1_median": 0.5750364254492473,
        "f1_mad": 0.023919827985438458
    },
    "15": {
        "loss_median": 0.6355403661727905,
        "loss_mad": 0.06591331958770752,
        "accuracy_median": 0.6549999713897705,
        "accuracy_mad": 0.0549999475479126,
        "f1_median": 0.5789473684210527,
        "f1_mad": 0.027830770957243844
    },
    "16": {
        "loss_median": 0.6328549385070801,
        "loss_mad": 0.0647575855255127,
        "accuracy_median": 0.6700000166893005,
        "accuracy_mad": 0.06499999761581421,
        "f1_median": 0.5951417004048583,
        "f1_mad": 0.0400742565142328
    },
    "17": {
        "loss_median": 0.6299089789390564,
        "loss_mad": 0.06380289793014526,
        "accuracy_median": 0.6650000214576721,
        "accuracy_mad": 0.05500000715255737,
        "f1_median": 0.5868150843328914,
        "f1_mad": 0.024476401805677894
    },
    "18": {
        "loss_median": 0.6269615292549133,
        "loss_mad": 0.0628238320350647,
        "accuracy_median": 0.675000011920929,
        "accuracy_mad": 0.06499999761581421,
        "f1_median": 0.5991489624125066,
        "f1_mad": 0.03681027988529306
    },
    "19": {
        "loss_median": 0.6241142749786377,
        "loss_mad": 0.061922430992126465,
        "accuracy_median": 0.6800000071525574,
        "accuracy_mad": 0.07499998807907104,
        "f1_median": 0.6031746031746031,
        "f1_mad": 0.04168588512625593
    },
    "20": {
        "loss_median": 0.6215606331825256,
        "loss_mad": 0.06119424104690552,
        "accuracy_median": 0.6850000023841858,
        "accuracy_mad": 0.07999998331069946,
        "f1_median": 0.6072196764238287,
        "f1_mad": 0.04573095837548147
    },
    "21": {
        "loss_median": 0.6192838549613953,
        "loss_mad": 0.06028759479522705,
        "accuracy_median": 0.699999988079071,
        "accuracy_mad": 0.08500003814697266,
        "f1_median": 0.6238244514106583,
        "f1_mad": 0.05831643002028397
    },
    "22": {
        "loss_median": 0.6167920827865601,
        "loss_mad": 0.05959880352020264,
        "accuracy_median": 0.7049999833106995,
        "accuracy_mad": 0.08499997854232788,
        "f1_median": 0.6321581096667601,
        "f1_mad": 0.058597342076141756
    },
    "23": {
        "loss_median": 0.6143021583557129,
        "loss_mad": 0.0588565468788147,
        "accuracy_median": 0.7099999785423279,
        "accuracy_mad": 0.07499998807907104,
        "f1_median": 0.6363636363636364,
        "f1_mad": 0.050677322904117084
    },
    "24": {
        "loss_median": 0.611844003200531,
        "loss_mad": 0.0581699013710022,
        "accuracy_median": 0.7099999785423279,
        "accuracy_mad": 0.06000000238418579,
        "f1_median": 0.6363636363636364,
        "f1_mad": 0.03522403522403528
    },
    "25": {
        "loss_median": 0.6096113324165344,
        "loss_mad": 0.0576099157333374,
        "accuracy_median": 0.7200000286102295,
        "accuracy_mad": 0.05500000715255737,
        "f1_median": 0.6448503297818367,
        "f1_mad": 0.03134048005151446
    },
    "26": {
        "loss_median": 0.6076307892799377,
        "loss_mad": 0.05687069892883301,
        "accuracy_median": 0.7250000238418579,
        "accuracy_mad": 0.04500001668930054,
        "f1_median": 0.649133998915505,
        "f1_mad": 0.01678105773903449
    },
    "27": {
        "loss_median": 0.6054689288139343,
        "loss_mad": 0.056363821029663086,
        "accuracy_median": 0.7300000190734863,
        "accuracy_mad": 0.050000011920928955,
        "f1_median": 0.6575342465753424,
        "f1_mad": 0.025181305398871867
    },
    "28": {
        "loss_median": 0.60331130027771,
        "loss_mad": 0.05579483509063721,
        "accuracy_median": 0.7300000190734863,
        "accuracy_mad": 0.050000011920928955,
        "f1_median": 0.6575342465753424,
        "f1_mad": 0.025181305398871867
    },
    "29": {
        "loss_median": 0.6011411547660828,
        "loss_mad": 0.05526834726333618,