{
    "0": {
        "loss_median": 0.7204654812812805,
        "loss_mad": 0.0996127724647522,
        "accuracy_median": 0.5400000214576721,
        "accuracy_mad": 0.0,
        "f1_median": 0.4875222816399287,
        "f1_mad": 0.035141329258976395
    },
    "1": {
        "loss_median": 0.7107497453689575,
        "loss_mad": 0.09549552202224731,
        "accuracy_median": 0.550000011920929,
        "accuracy_mad": 0.0,
        "f1_median": 0.4950061721467849,
        "f1_mad": 0.030720457861070583
    },
    "2": {
        "loss_median": 0.699095606803894,
        "loss_mad": 0.09015607833862305,
        "accuracy_median": 0.574999988079071,
        "accuracy_mad": 0.009999990463256836,
        "f1_median": 0.5137160673932321,
        "f1_mad": 0.029134178119260667
    },
    "3": {
        "loss_median": 0.6861305832862854,
        "loss_mad": 0.0852842926979065,
        "accuracy_median": 0.5849999785423279,
        "accuracy_mad": 0.004999995231628418,
        "f1_median": 0.525101763907734,
        "f1_mad": 0.01682249023256588
    },
    "4": {
        "loss_median": 0.6728503704071045,
        "loss_mad": 0.08065813779830933,
        "accuracy_median": 0.6050000190734863,
        "accuracy_mad": 0.020000040531158447,
        "f1_median": 0.5325392132015432,
        "f1_mad": 0.0005625551251783323
    },
    "5": {
        "loss_median": 0.6597711443901062,
        "loss_mad": 0.0763590931892395,
        "accuracy_median": 0.625,
        "accuracy_mad": 0.04000002145767212,
        "f1_median": 0.546978345564918,
        "f1_mad": 0.014439132363374796
    },
    "6": {
        "loss_median": 0.6469280123710632,
        "loss_mad": 0.07218706607818604,
        "accuracy_median": 0.6399999856948853,
        "accuracy_mad": 0.04499995708465576,
        "f1_median": 0.5583364004416635,
        "f1_mad": 0.018054326603018866
    },
    "7": {
        "loss_median": 0.6341378688812256,
        "loss_mad": 0.06847316026687622,
        "accuracy_median": 0.6600000262260437,
        "accuracy_mad": 0.06000000238418579,
        "f1_median": 0.587178241864983,
        "f1_mad": 0.03946227623856957
    },
    "8": {
        "loss_median": 0.621431827545166,
        "loss_mad": 0.06522506475448608,
        "accuracy_median": 0.699999988079071,
        "accuracy_mad": 0.07499998807907104,
        "f1_median": 0.631947000368053,
        "f1_mad": 0.06458522828187141
    },
    "9": {
        "loss_median": 0.6089561581611633,
        "loss_mad": 0.06245887279510498,
        "accuracy_median": 0.7149999737739563,
        "accuracy_mad": 0.0700000524520874,
        "f1_median": 0.6484844747309673,
        "f1_mad": 0.06558562175912164
    },
    "10": {
        "loss_median": 0.5968204736709595,
        "loss_mad": 0.06014049053192139,
        "accuracy_median": 0.7450000047683716,
        "accuracy_mad": 0.050000011920928955,
        "f1_median": 0.6784261798921782,
        "f1_mad": 0.06595487936777378
    },
    "11": {
        "loss_median": 0.585110604763031,
        "loss_mad": 0.05817866325378418,
        "accuracy_median": 0.7749999761581421,
        "accuracy_mad": 0.020000040531158447,
        "f1_median": 0.7162583940225102,
        "f1_mad": 0.02812266523744178
    },
    "12": {
        "loss_median": 0.5737459659576416,
        "loss_mad": 0.05654782056808472,
        "accuracy_median": 0.7850000262260437,
        "accuracy_mad": 0.014999985694885254,
        "f1_median": 0.7256865809703039,
        "f1_mad": 0.023529719970134977
    },
    "13": {
        "loss_median": 0.5627259612083435,
        "loss_mad": 0.055236101150512695,
        "accuracy_median": 0.800000011920929,
        "accuracy_mad": 0.014999985694885254,
        "f1_median": 0.7401247401247402,
        "f1_mad": 0.023838131872963242
    },
    "14": {
        "loss_median": 0.551970899105072,
        "loss_mad": 0.05434858798980713,
        "accuracy_median": 0.7950000166893005,
        "accuracy_mad": 0.02499997615814209,
        "f1_median": 0.728467830060598,
        "f1_mad": 0.04049635938876661
    },
    "15": {
        "loss_median": 0.5414786338806152,
        "loss_mad": 0.05390125513076782,
        "accuracy_median": 0.7950000166893005,
        "accuracy_mad": 0.039999961853027344,
        "f1_median": 0.728467830060598,
        "f1_mad": 0.05578243962656493
    },
    "16": {
        "loss_median": 0.5313286781311035,
        "loss_mad": 0.053755998611450195,
        "accuracy_median": 0.800000011920929,
        "accuracy_mad": 0.039999961853027344,
        "f1_median": 0.7333333333333334,
        "f1_mad": 0.056112646400842126
    },
    "17": {
        "loss_median": 0.5214095711708069,
        "loss_mad": 0.054038941860198975,
        "accuracy_median": 0.800000011920929,
        "accuracy_mad": 0.039999961853027344,
        "f1_median": 0.7333333333333334,
        "f1_mad": 0.056112646400842126
    },
    "18": {
        "loss_median": 0.5116549134254456,
        "loss_mad": 0.05478179454803467,
        "accuracy_median": 0.8100000023841858,
        "accuracy_mad": 0.029999971389770508,
        "f1_median": 0.7432085416948236,
        "f1_mad": 0.046237438039351875
    },
    "19": {
        "loss_median": 0.5019389986991882,
        "loss_mad": 0.05603057146072388,
        "accuracy_median": 0.8149999976158142,
        "accuracy_mad": 0.019999980926513672,
        "f1_median": 0.7482222449049029,
        "f1_mad": 0.03602802478226008
    },
    "20": {
        "loss_median": 0.4922601282596588,
        "loss_mad": 0.05782291293144226,
        "accuracy_median": 0.8349999785423279,
        "accuracy_mad": 0.010000050067901611,
        "f1_median": 0.7754414616719404,
        "f1_mad": 0.01925372691046301
    },
    "21": {
        "loss_median": 0.48272213339805603,
        "loss_mad": 0.059982508420944214,
        "accuracy_median": 0.8399999737739563,
        "accuracy_mad": 0.005000054836273193,
        "f1_median": 0.7866666666666666,
        "f1_mad": 0.002384403388792533
    },
    "22": {
        "loss_median": 0.4733162820339203,
        "loss_mad": 0.06257840991020203,
        "accuracy_median": 0.8450000286102295,
        "accuracy_mad": 0.014999985694885254,
        "f1_median": 0.7919393268230477,
        "f1_mad": 0.013372868977258312
    },
    "23": {
        "loss_median": 0.46405288577079773,
        "loss_mad": 0.06549385190010071,
        "accuracy_median": 0.8600000143051147,
        "accuracy_mad": 0.009999990463256836,
        "f1_median": 0.8081140350877194,
        "f1_mad": 0.0055060365968684355
    },
    "24": {
        "loss_median": 0.4548981487751007,
        "loss_mad": 0.06868204474449158,
        "accuracy_median": 0.8650000095367432,
        "accuracy_mad": 0.009999990463256836,
        "f1_median": 0.813632441760138,
        "f1_mad": 0.005725193992598743
    },
    "25": {
        "loss_median": 0.44587406516075134,
        "loss_mad": 0.07204297184944153,
        "accuracy_median": 0.8600000143051147,
        "accuracy_mad": 0.009999990463256836,
        "f1_median": 0.805312195800306,
        "f1_mad": 0.008307875884281835
    },
    "26": {
        "loss_median": 0.43711474537849426,
        "loss_mad": 0.0753110945224762,
        "accuracy_median": 0.8650000095367432,
        "accuracy_mad": 0.009999990463256836,
        "f1_median": 0.8108647683093412,
        "f1_mad": 0.011319519894364416
    },
    "27": {
        "loss_median": 0.42867404222488403,
        "loss_mad": 0.07829087972640991,
        "accuracy_median": 0.875,
        "accuracy_mad": 0.004999995231628418,
        "f1_median": 0.8193576357527368,
        "f1_mad": 0.008599353494574968
    },
    "28": {
        "loss_median": 0.42059439420700073,
        "loss_mad": 0.0808228850364685,
        "accuracy_median": 0.8849999904632568,
        "accuracy_mad": 0.004999995231628418,
        "f1_median": 0.8364095451474092,
        "f1_mad": 0.0033340445961805854
    },
    "29": {
        "loss_median": 0.4128604233264923,