{
    "0": {
        "loss_median": 0.6619837582111359,
        "loss_mad": 0.05848172307014465,
        "accuracy_median": 0.6425000131130219,
        "accuracy_mad": 0.10249999165534973,
        "f1_median": 0.5751196506328471,
        "f1_mad": 0.12273869825189476
    },
    "1": {
        "loss_median": 0.5604351460933685,
        "loss_mad": 0.06461623311042786,
        "accuracy_median": 0.7524999976158142,
        "accuracy_mad": 0.047500014305114746,
        "f1_median": 0.6945928949400898,
        "f1_mad": 0.054623406000349095
    },
    "2": {
        "loss_median": 0.5050701200962067,
        "loss_mad": 0.06629219651222229,
        "accuracy_median": 0.7924999892711639,
        "accuracy_mad": 0.012500017881393433,
        "f1_median": 0.7375222193478569,
        "f1_mad": 0.016568388804985346
    },
    "3": {
        "loss_median": 0.4676482528448105,
        "loss_mad": 0.0661240965127945,
        "accuracy_median": 0.8125,
        "accuracy_mad": 0.0274999737739563,
        "f1_median": 0.7541587716329666,
        "f1_mad": 0.03528720810120889
    },
    "4": {
        "loss_median": 0.4405633211135864,
        "loss_mad": 0.05990123748779297,
        "accuracy_median": 0.8299999833106995,
        "accuracy_mad": 0.009999990463256836,
        "f1_median": 0.7699780701754386,
        "f1_mad": 0.016688596491228058
    },
    "5": {
        "loss_median": 0.4204670339822769,
        "loss_mad": 0.05313800275325775,
        "accuracy_median": 0.8600000143051147,
        "accuracy_mad": 0.004999995231628418,
        "f1_median": 0.80530985484949,
        "f1_mad": 0.0026491764105122106
    },
    "6": {
        "loss_median": 0.404080331325531,
        "loss_mad": 0.049209386110305786,
        "accuracy_median": 0.8650000095367432,
        "accuracy_mad": 0.004999995231628418,
        "f1_median": 0.8123009475269201,
        "f1_mad": 0.004186912439200718
    },
    "7": {
        "loss_median": 0.38829223811626434,
        "loss_mad": 0.04166676104068756,
        "accuracy_median": 0.875,
        "accuracy_mad": 0.004999995231628418,
        "f1_median": 0.8235877283880837,
        "f1_mad": 0.004369260859228119
    },
    "8": {
        "loss_median": 0.37651243805885315,
        "loss_mad": 0.03551080822944641,
        "accuracy_median": 0.887499988079071,
        "accuracy_mad": 0.002499997615814209,
        "f1_median": 0.8393517259787225,
        "f1_mad": 0.002942180831313368
    },
    "9": {
        "loss_median": 0.36546869575977325,
        "loss_mad": 0.029882267117500305,
        "accuracy_median": 0.8924999833106995,
        "accuracy_mad": 0.002499997615814209,
        "f1_median": 0.8452771604211674,
        "f1_mad": 0.002983253611131498
    },
    "10": {
        "loss_median": 0.3577767610549927,
        "loss_mad": 0.025401264429092407,
        "accuracy_median": 0.8924999833106995,
        "accuracy_mad": 0.002499997615814209,
        "f1_median": 0.8452771604211674,
        "f1_mad": 0.002983253611131498
    },
    "11": {
        "loss_median": 0.35193318128585815,
        "loss_mad": 0.02322414517402649,
        "accuracy_median": 0.9000000059604645,
        "accuracy_mad": 0.010000020265579224,
        "f1_median": 0.8532150032853631,
        "f1_mad": 0.013471413541773447
    },
    "12": {
        "loss_median": 0.345427930355072,
        "loss_mad": 0.019392013549804688,
        "accuracy_median": 0.9024999737739563,
        "accuracy_mad": 0.002499997615814209,
        "f1_median": 0.8561634782380326,
        "f1_mad": 0.004289681763436248
    },
    "13": {
        "loss_median": 0.342193603515625,
        "loss_mad": 0.01767045259475708,
        "accuracy_median": 0.9049999713897705,
        "accuracy_mad": 0.0,
        "f1_median": 0.858076563958917,
        "f1_mad": 0.0
    },
    "14": {
        "loss_median": 0.33779115974903107,
        "loss_mad": 0.015689566731452942,
        "accuracy_median": 0.9074999988079071,
        "accuracy_mad": 0.0025000274181365967,
        "f1_median": 0.861226347078916,
        "f1_mad": 0.003149783119999028
    },
    "15": {
        "loss_median": 0.33493751287460327,
        "loss_mad": 0.013549268245697021,
        "accuracy_median": 0.9125000238418579,
        "accuracy_mad": 0.002499997615814209,
        "f1_median": 0.8675763057592576,
        "f1_mad": 0.0032001755603425774
    },
    "16": {
        "loss_median": 0.33285532891750336,
        "loss_mad": 0.012890860438346863,
        "accuracy_median": 0.9175000190734863,
        "accuracy_mad": 0.002499997615814209,
        "f1_median": 0.8740291365027208,
        "f1_mad": 0.003252655183120623
    },
    "17": {
        "loss_median": 0.329598143696785,
        "loss_mad": 0.010734185576438904,
        "accuracy_median": 0.9175000190734863,
        "accuracy_mad": 0.002499997615814209,
        "f1_median": 0.8740291365027208,
        "f1_mad": 0.003252655183120623
    },
    "18": {
        "loss_median": 0.32885538041591644,
        "loss_mad": 0.010347738862037659,
        "accuracy_median": 0.9200000166893005,
        "accuracy_mad": 0.004999995231628418,
        "f1_median": 0.8773364584700869,
        "f1_mad": 0.006559977150486673
    },
    "19": {
        "loss_median": 0.32653017342090607,
        "loss_mad": 0.009484812617301941,
        "accuracy_median": 0.9200000166893005,
        "accuracy_mad": 0.004999995231628418,
        "f1_median": 0.8773364584700869,
        "f1_mad": 0.006559977150486673
    },
    "20": {
        "loss_median": 0.32532036304473877,
        "loss_mad": 0.00821945071220398,
        "accuracy_median": 0.9200000166893005,
        "accuracy_mad": 0.004999995231628418,
        "f1_median": 0.8773364584700869,
        "f1_mad": 0.006559977150486673
    },
    "21": {
        "loss_median": 0.3246042877435684,
        "loss_mad": 0.008058980107307434,
        "accuracy_median": 0.925000011920929,
        "accuracy_mad": 0.004999995231628418,
        "f1_median": 0.8839533958429207,
        "f1_mad": 0.006671604157079292
    },
    "22": {
        "loss_median": 0.3225245475769043,
        "loss_mad": 0.006534487009048462,
        "accuracy_median": 0.9275000095367432,
        "accuracy_mad": 0.007499992847442627,
        "f1_median": 0.8873770447446914,
        "f1_mad": 0.010095253058849896
    },
    "23": {
        "loss_median": 0.32262976467609406,
        "loss_mad": 0.006626799702644348,
        "accuracy_median": 0.925000011920929,
        "accuracy_mad": 0.009999990463256836,
        "f1_median": 0.8841243895615707,
        "f1_mad": 0.013347908241970519
    },
    "24": {
        "loss_median": 0.3211682587862015,
        "loss_mad": 0.006238475441932678,
        "accuracy_median": 0.9275000095367432,
        "accuracy_mad": 0.007499992847442627,
        "f1_median": 0.8873770447446914,
        "f1_mad": 0.010095253058849896
    },
    "25": {
        "loss_median": 0.3206620514392853,
        "loss_mad": 0.005432426929473877,
        "accuracy_median": 0.925000011920929,
        "accuracy_mad": 0.004999995231628418,
        "f1_median": 0.8839533958429207,
        "f1_mad": 0.006671604157079292
    },
    "26": {
        "loss_median": 0.3205878883600235,
        "loss_mad": 0.005526408553123474,
        "accuracy_median": 0.9275000095367432,
        "accuracy_mad": 0.007499992847442627,
        "f1_median": 0.8873770447446914,
        "f1_mad": 0.010095253058849896
    },
    "27": {
        "loss_median": 0.3190379738807678,
        "loss_mad": 0.004313170909881592,
        "accuracy_median": 0.9300000071525574,
        "accuracy_mad": 0.004999995231628418,
        "f1_median": 0.8906843667120574,
        "f1_mad": 0.006787931091483845
    },
    "28": {
        "loss_median": 0.31947118043899536,
        "loss_mad": 0.004612445831298828,
        "accuracy_median": 0.9275000095367432,
        "accuracy_mad": 0.007499992847442627,
        "f1_median": 0.8873770447446914,
        "f1_mad": 0.010095253058849896
    },