{
    "0": {
        "loss_median": 0.7204654812812805,
        "loss_mad": 0.0996127724647522,
        "accuracy_median": 0.5400000214576721,
        "accuracy_mad": 0.0,
        "f1_median": 0.4875222816399287,
        "f1_mad": 0.035141329258976395
    },
    "1": {
        "loss_median": 0.7199949622154236,
        "loss_mad": 0.09955567121505737,
        "accuracy_median": 0.5400000214576721,
        "accuracy_mad": 0.0,
        "f1_median": 0.4875222816399287,
        "f1_mad": 0.035141329258976395
    },
    "2": {
        "loss_median": 0.7196401953697205,
        "loss_mad": 0.09930497407913208,
        "accuracy_median": 0.5400000214576721,
        "accuracy_mad": 0.0,
        "f1_median": 0.4875222816399287,
        "f1_mad": 0.035141329258976395
    },
    "3": {
        "loss_median": 0.7193358540534973,
        "loss_mad": 0.09913277626037598,
        "accuracy_median": 0.5400000214576721,
        "accuracy_mad": 0.0,
        "f1_median": 0.4875222816399287,
        "f1_mad": 0.035141329258976395
    },
    "4": {
        "loss_median": 0.719087541103363,
        "loss_mad": 0.09906512498855591,
        "accuracy_median": 0.5400000214576721,
        "accuracy_mad": 0.0,
        "f1_median": 0.4875222816399287,
        "f1_mad": 0.035141329258976395
    },
    "5": {
        "loss_median": 0.7188882231712341,
        "loss_mad": 0.09909659624099731,
        "accuracy_median": 0.5400000214576721,
        "accuracy_mad": 0.0,
        "f1_median": 0.4875222816399287,
        "f1_mad": 0.035141329258976395
    },
    "6": {
        "loss_median": 0.7186950445175171,
        "loss_mad": 0.09909093379974365,
        "accuracy_median": 0.5400000214576721,
        "accuracy_mad": 0.0,
        "f1_median": 0.4875222816399287,
        "f1_mad": 0.035141329258976395
    },
    "7": {
        "loss_median": 0.718506932258606,
        "loss_mad": 0.09895920753479004,
        "accuracy_median": 0.5400000214576721,
        "accuracy_mad": 0.0,
        "f1_median": 0.4875222816399287,
        "f1_mad": 0.035141329258976395
    },
    "8": {
        "loss_median": 0.7183175086975098,
        "loss_mad": 0.09884858131408691,
        "accuracy_median": 0.5400000214576721,
        "accuracy_mad": 0.0,
        "f1_median": 0.4875222816399287,
        "f1_mad": 0.035141329258976395
    },
    "9": {
        "loss_median": 0.718147873878479,
        "loss_mad": 0.09880495071411133,
        "accuracy_median": 0.5400000214576721,
        "accuracy_mad": 0.0,
        "f1_median": 0.4875222816399287,
        "f1_mad": 0.035141329258976395
    },
    "10": {
        "loss_median": 0.7180054187774658,
        "loss_mad": 0.09882831573486328,
        "accuracy_median": 0.5400000214576721,
        "accuracy_mad": 0.0,
        "f1_median": 0.4875222816399287,
        "f1_mad": 0.035141329258976395
    },
    "11": {
        "loss_median": 0.7178613543510437,
        "loss_mad": 0.09882551431655884,
        "accuracy_median": 0.5400000214576721,
        "accuracy_mad": 0.0,
        "f1_median": 0.4875222816399287,
        "f1_mad": 0.035141329258976395
    },
    "12": {
        "loss_median": 0.7177166938781738,
        "loss_mad": 0.09872543811798096,
        "accuracy_median": 0.5400000214576721,
        "accuracy_mad": 0.0,
        "f1_median": 0.4875222816399287,
        "f1_mad": 0.035141329258976395
    },
    "13": {
        "loss_median": 0.717566967010498,
        "loss_mad": 0.09863734245300293,
        "accuracy_median": 0.5400000214576721,
        "accuracy_mad": 0.0,
        "f1_median": 0.4875222816399287,
        "f1_mad": 0.035141329258976395
    },
    "14": {
        "loss_median": 0.7174298167228699,
        "loss_mad": 0.0986027717590332,
        "accuracy_median": 0.5400000214576721,
        "accuracy_mad": 0.0,
        "f1_median": 0.4875222816399287,
        "f1_mad": 0.035141329258976395
    },
    "15": {
        "loss_median": 0.7173130512237549,
        "loss_mad": 0.09862202405929565,
        "accuracy_median": 0.5400000214576721,
        "accuracy_mad": 0.0,
        "f1_median": 0.4875222816399287,
        "f1_mad": 0.035141329258976395
    },
    "16": {
        "loss_median": 0.717193067073822,
        "loss_mad": 0.09862023591995239,
        "accuracy_median": 0.5400000214576721,
        "accuracy_mad": 0.0,
        "f1_median": 0.4875222816399287,
        "f1_mad": 0.035141329258976395
    },
    "17": {
        "loss_median": 0.717070996761322,
        "loss_mad": 0.09853637218475342,
        "accuracy_median": 0.5400000214576721,
        "accuracy_mad": 0.0,
        "f1_median": 0.4875222816399287,
        "f1_mad": 0.035141329258976395
    },
    "18": {
        "loss_median": 0.7169432640075684,
        "loss_mad": 0.09846091270446777,
        "accuracy_median": 0.5400000214576721,
        "accuracy_mad": 0.0,
        "f1_median": 0.4875222816399287,
        "f1_mad": 0.035141329258976395
    },
    "19": {
        "loss_median": 0.7168249487876892,
        "loss_mad": 0.09843146800994873,
        "accuracy_median": 0.5400000214576721,
        "accuracy_mad": 0.0,
        "f1_median": 0.4875222816399287,
        "f1_mad": 0.035141329258976395
    },
    "20": {
        "loss_median": 0.7167235612869263,
        "loss_mad": 0.09844833612442017,
        "accuracy_median": 0.5400000214576721,
        "accuracy_mad": 0.0,
        "f1_median": 0.4875222816399287,
        "f1_mad": 0.035141329258976395
    },
    "21": {
        "loss_median": 0.7166186571121216,
        "loss_mad": 0.09844672679901123,
        "accuracy_median": 0.5400000214576721,
        "accuracy_mad": 0.0,
        "f1_median": 0.4875222816399287,
        "f1_mad": 0.035141329258976395
    },
    "22": {
        "loss_median": 0.716511070728302,
        "loss_mad": 0.0983734130859375,
        "accuracy_median": 0.5400000214576721,
        "accuracy_mad": 0.0,
        "f1_median": 0.4875222816399287,
        "f1_mad": 0.035141329258976395
    },
    "23": {
        "loss_median": 0.7163977026939392,
        "loss_mad": 0.09830659627914429,
        "accuracy_median": 0.5400000214576721,
        "accuracy_mad": 0.0,
        "f1_median": 0.4875222816399287,
        "f1_mad": 0.035141329258976395
    },
    "24": {
        "loss_median": 0.7162922024726868,
        "loss_mad": 0.09828037023544312,
        "accuracy_median": 0.5400000214576721,
        "accuracy_mad": 0.0,
        "f1_median": 0.4875222816399287,
        "f1_mad": 0.035141329258976395
    },
    "25": {
        "loss_median": 0.7162013053894043,
        "loss_mad": 0.09829545021057129,
        "accuracy_median": 0.5400000214576721,
        "accuracy_mad": 0.0,
        "f1_median": 0.4875222816399287,
        "f1_mad": 0.035141329258976395
    },
    "26": {
        "loss_median": 0.7161068916320801,
        "loss_mad": 0.09829413890838623,
        "accuracy_median": 0.5400000214576721,
        "accuracy_mad": 0.0,
        "f1_median": 0.4875222816399287,
        "f1_mad": 0.035141329258976395
    },
    "27": {
        "loss_median": 0.7160097360610962,
        "loss_mad": 0.09822791814804077,
        "accuracy_median": 0.5400000214576721,
        "accuracy_mad": 0.0,
        "f1_median": 0.4875222816399287,
        "f1_mad": 0.035141329258976395
    },
    "28": {
        "loss_median": 0.7159068584442139,
        "loss_mad": 0.09816741943359375,
        "accuracy_median": 0.5400000214576721,
        "accuracy_mad": 0.0,
        "f1_median": 0.4875222816399287,
        "f1_mad": 0.035141329258976395
    },
    "29": {
        "loss_median": 0.7158105373382568,
        "loss_mad": 0.09814369678497314,
        "accuracy_median": 0.5400000214576721,
        "accuracy_mad": 0.0,
        "f1_median": 0.4875222816399287,
        "f1_mad": 0.035141329258976395
    },
    "30": {
        "loss_median": 0.7157275676727295,
        "loss_mad": 0.09815722703933716,
        "accuracy_median": 0.5400000214576721,
        "accuracy_mad": 0.0,
        "f1_median": 0.4875222816399287,