{
    "0": {
        "loss_median": 0.7204654812812805,
        "loss_mad": 0.0996127724647522,
        "accuracy_median": 0.5400000214576721,
        "accuracy_mad": 0.0,
        "f1_median": 0.4875222816399287,
        "f1_mad": 0.035141329258976395
    },
    "1": {
        "loss_median": 0.6743864417076111,
        "loss_mad": 0.09458732604980469,
        "accuracy_median": 0.5799999833106995,
        "accuracy_mad": 0.0,
        "f1_median": 0.5286724273369993,
        "f1_mad": 0.028672427336999262
    },
    "2": {
        "loss_median": 0.6411746740341187,
        "loss_mad": 0.07935315370559692,
        "accuracy_median": 0.625,
        "accuracy_mad": 0.019999980926513672,
        "f1_median": 0.5516331337438634,
        "f1_mad": 0.009299037634023621
    },
    "3": {
        "loss_median": 0.6158847212791443,
        "loss_mad": 0.07216167449951172,
        "accuracy_median": 0.6700000166893005,
        "accuracy_mad": 0.04000002145767212,
        "f1_median": 0.5951417004048583,
        "f1_mad": 0.020233612169564097
    },
    "4": {
        "loss_median": 0.5987658500671387,
        "loss_mad": 0.06659913063049316,
        "accuracy_median": 0.7049999833106995,
        "accuracy_mad": 0.06000000238418579,
        "f1_median": 0.6279832277184023,
        "f1_mad": 0.05263707502244852
    },
    "5": {
        "loss_median": 0.5865505337715149,
        "loss_mad": 0.062466204166412354,
        "accuracy_median": 0.699999988079071,
        "accuracy_mad": 0.04500001668930054,
        "f1_median": 0.6238244514106583,
        "f1_mad": 0.032604332331301666
    },
    "6": {
        "loss_median": 0.5772498846054077,
        "loss_mad": 0.05781453847885132,
        "accuracy_median": 0.7099999785423279,
        "accuracy_mad": 0.06000000238418579,
        "f1_median": 0.6442154336891179,
        "f1_mad": 0.056999960166296826
    },
    "7": {
        "loss_median": 0.5669136643409729,
        "loss_mad": 0.05368548631668091,
        "accuracy_median": 0.7250000238418579,
        "accuracy_mad": 0.025000035762786865,
        "f1_median": 0.671042794341936,
        "f1_mad": 0.03166306120093354
    },
    "8": {
        "loss_median": 0.5579557418823242,
        "loss_mad": 0.0495646595954895,
        "accuracy_median": 0.7400000095367432,
        "accuracy_mad": 0.004999995231628418,
        "f1_median": 0.6874624353888688,
        "f1_mad": 0.010879674137915352
    },
    "9": {
        "loss_median": 0.5508512258529663,
        "loss_mad": 0.045572757720947266,
        "accuracy_median": 0.7400000095367432,
        "accuracy_mad": 0.025000035762786865,
        "f1_median": 0.6843127731908694,
        "f1_mad": 0.025232059054681066
    },
    "10": {
        "loss_median": 0.5448617339134216,
        "loss_mad": 0.04284179210662842,
        "accuracy_median": 0.7400000095367432,
        "accuracy_mad": 0.004999995231628418,
        "f1_median": 0.6843127731908694,
        "f1_mad": 0.0077300119399159595
    },
    "11": {
        "loss_median": 0.5392775535583496,
        "loss_mad": 0.03983181715011597,
        "accuracy_median": 0.7549999952316284,
        "accuracy_mad": 0.009999990463256836,
        "f1_median": 0.6978199870494279,
        "f1_mad": 0.012333878079615168
    },
    "12": {
        "loss_median": 0.5322465300559998,
        "loss_mad": 0.03844642639160156,
        "accuracy_median": 0.7699999809265137,
        "accuracy_mad": 0.02499997615814209,
        "f1_median": 0.7115987460815048,
        "f1_mad": 0.026112637111691983
    },
    "13": {
        "loss_median": 0.5257543325424194,
        "loss_mad": 0.037060439586639404,
        "accuracy_median": 0.7950000166893005,
        "accuracy_mad": 0.050000011920928955,
        "f1_median": 0.7384453446461038,
        "f1_mad": 0.05295923567629102
    },
    "14": {
        "loss_median": 0.5200652480125427,
        "loss_mad": 0.035742104053497314,
        "accuracy_median": 0.8050000071525574,
        "accuracy_mad": 0.04500001668930054,
        "f1_median": 0.7450230459939198,
        "f1_mad": 0.05051885321983085
    },
    "15": {
        "loss_median": 0.5149698853492737,
        "loss_mad": 0.0350072979927063,
        "accuracy_median": 0.8199999928474426,
        "accuracy_mad": 0.0350000262260437,
        "f1_median": 0.76,
        "f1_mad": 0.042660678438977806
    },
    "16": {
        "loss_median": 0.5096402764320374,
        "loss_mad": 0.034512877464294434,
        "accuracy_median": 0.8299999833106995,
        "accuracy_mad": 0.030000030994415283,
        "f1_median": 0.7702392215164211,
        "f1_mad": 0.037874813571298294
    },
    "17": {
        "loss_median": 0.5030984878540039,
        "loss_mad": 0.035464346408843994,
        "accuracy_median": 0.8299999833106995,
        "accuracy_mad": 0.030000030994415283,
        "f1_median": 0.7702392215164211,
        "f1_mad": 0.037874813571298294
    },
    "18": {
        "loss_median": 0.49668818712234497,
        "loss_mad": 0.03651595115661621,
        "accuracy_median": 0.8199999928474426,
        "accuracy_mad": 0.050000011920928955,
        "f1_median": 0.7532894736842105,
        "f1_mad": 0.045019559934844744
    },
    "19": {
        "loss_median": 0.49047279357910156,
        "loss_mad": 0.03798246383666992,
        "accuracy_median": 0.8299999833106995,
        "accuracy_mad": 0.04000002145767212,
        "f1_median": 0.7635933806146572,
        "f1_mad": 0.05066556332015304
    },
    "20": {
        "loss_median": 0.4847787022590637,
        "loss_mad": 0.039480626583099365,
        "accuracy_median": 0.8399999737739563,
        "accuracy_mad": 0.030000030994415283,
        "f1_median": 0.7741389045736872,
        "f1_mad": 0.04507956295516835
    },
    "21": {
        "loss_median": 0.47926512360572815,
        "loss_mad": 0.04079917073249817,
        "accuracy_median": 0.8450000286102295,
        "accuracy_mad": 0.02499997615814209,
        "f1_median": 0.7795085173725951,
        "f1_mad": 0.03621497353996772
    },
    "22": {
        "loss_median": 0.473013699054718,
        "loss_mad": 0.042809486389160156,
        "accuracy_median": 0.8500000238418579,
        "accuracy_mad": 0.019999980926513672,
        "f1_median": 0.7849462365591398,
        "f1_mad": 0.03427223096971577
    },
    "23": {
        "loss_median": 0.46665245294570923,
        "loss_mad": 0.044963300228118896,
        "accuracy_median": 0.8600000143051147,
        "accuracy_mad": 0.02499997615814209,
        "f1_median": 0.796037296037296,
        "f1_mad": 0.04037224911011317
    },
    "24": {
        "loss_median": 0.46023645997047424,
        "loss_mad": 0.047717779874801636,
        "accuracy_median": 0.8550000190734863,
        "accuracy_mad": 0.029999971389770508,
        "f1_median": 0.7870074547390842,
        "f1_mad": 0.04856211009298039
    },
    "25": {
        "loss_median": 0.4544786214828491,
        "loss_mad": 0.0499994158744812,
        "accuracy_median": 0.8600000143051147,
        "accuracy_mad": 0.019999980926513672,
        "f1_median": 0.7926233150644348,
        "f1_mad": 0.03798086336583051
    },
    "26": {
        "loss_median": 0.44944503903388977,
        "loss_mad": 0.05148187279701233,
        "accuracy_median": 0.8650000095367432,
        "accuracy_mad": 0.02499997615814209,
        "f1_median": 0.8049062466129557,
        "f1_mad": 0.037387660197080175
    },
    "27": {
        "loss_median": 0.4437901973724365,
        "loss_mad": 0.053227633237838745,
        "accuracy_median": 0.8700000047683716,
        "accuracy_mad": 0.019999980926513672,
        "f1_median": 0.8106060606060606,
        "f1_mad": 0.031687846203975356
    },
    "28": {
        "loss_median": 0.43790847063064575,
        "loss_mad": 0.05512407422065735,
        "accuracy_median": 0.8700000047683716,
        "accuracy_mad": 0.019999980926513672,
        "f1_median": 0.8106060606060606,
        "f1_mad": 0.031687846203975356
    },
    "29": {
        "loss_median": 0.4319286346435547,