{
    "0": {
        "loss_median": 0.7204654812812805,
        "loss_mad": 0.0996127724647522,
        "accuracy_median": 0.5400000214576721,
        "accuracy_mad": 0.0,
        "f1_median": 0.4875222816399287,
        "f1_mad": 0.035141329258976395
    },
    "1": {
        "loss_median": 0.6285853385925293,
        "loss_mad": 0.0817410945892334,
        "accuracy_median": 0.6899999976158142,
        "accuracy_mad": 0.09499996900558472,
        "f1_median": 0.627359057579036,
        "f1_mad": 0.0870769837403913
    },
    "2": {
        "loss_median": 0.5304065346717834,
        "loss_mad": 0.07492625713348389,
        "accuracy_median": 0.7699999809265137,
        "accuracy_mad": 0.04999995231628418,
        "f1_median": 0.7082699137493658,
        "f1_mad": 0.048240773389967906
    },
    "3": {
        "loss_median": 0.4559294879436493,
        "loss_mad": 0.07905545830726624,
        "accuracy_median": 0.8199999928474426,
        "accuracy_mad": 0.06999999284744263,
        "f1_median": 0.7532894736842105,
        "f1_mad": 0.06000030671083301
    },
    "4": {
        "loss_median": 0.3942897915840149,
        "loss_mad": 0.03306788206100464,
        "accuracy_median": 0.8999999761581421,
        "accuracy_mad": 0.030000030994415283,
        "f1_median": 0.8407389711737538,
        "f1_mad": 0.04319404159361473
    },
    "5": {
        "loss_median": 0.38197681307792664,
        "loss_mad": 0.0003694891929626465,
        "accuracy_median": 0.9150000214576721,
        "accuracy_mad": 0.039999961853027344,
        "f1_median": 0.8575677600435675,
        "f1_mad": 0.0353834718398619
    },
    "6": {
        "loss_median": 0.3865804970264435,
        "loss_mad": 0.0025119781494140625,
        "accuracy_median": 0.9350000023841858,
        "accuracy_mad": 0.004999995231628418,
        "f1_median": 0.8805970149253732,
        "f1_mad": 0.009820533605773063
    },
    "7": {
        "loss_median": 0.38210827112197876,
        "loss_mad": 0.008512675762176514,
        "accuracy_median": 0.9300000071525574,
        "accuracy_mad": 0.004999995231628418,
        "f1_median": 0.8775375629975036,
        "f1_mad": 0.0038987513656399964
    },
    "8": {
        "loss_median": 0.3777655065059662,
        "loss_mad": 0.015392869710922241,
        "accuracy_median": 0.9150000214576721,
        "accuracy_mad": 0.029999971389770508,
        "f1_median": 0.8544458238794469,
        "f1_mad": 0.041932114041517754
    },
    "9": {
        "loss_median": 0.3813762664794922,
        "loss_mad": 0.026078373193740845,
        "accuracy_median": 0.9150000214576721,
        "accuracy_mad": 0.034999966621398926,
        "f1_median": 0.8544458238794469,
        "f1_mad": 0.052548223739600775
    },
    "10": {
        "loss_median": 0.3941075801849365,
        "loss_mad": 0.03323119878768921,
        "accuracy_median": 0.9200000166893005,
        "accuracy_mad": 0.029999971389770508,
        "f1_median": 0.8614718614718615,
        "f1_mad": 0.047800502890323227
    },
    "11": {
        "loss_median": 0.40327566862106323,
        "loss_mad": 0.0005838871002197266,
        "accuracy_median": 0.925000011920929,
        "accuracy_mad": 0.004999995231628418,
        "f1_median": 0.8655371789700148,
        "f1_mad": 0.015899135393128816
    },
    "12": {
        "loss_median": 0.38630568981170654,
        "loss_mad": 0.01498633623123169,
        "accuracy_median": 0.9300000071525574,
        "accuracy_mad": 0.0,
        "f1_median": 0.8814363143631436,
        "f1_mad": 0.0
    },
    "13": {
        "loss_median": 0.3759665787220001,
        "loss_mad": 0.011904358863830566,
        "accuracy_median": 0.9350000023841858,
        "accuracy_mad": 0.0,
        "f1_median": 0.8933333333333333,
        "f1_mad": 0.009867778225987167
    },
    "14": {
        "loss_median": 0.36912497878074646,
        "loss_mad": 0.0013750791549682617,
        "accuracy_median": 0.9200000166893005,
        "accuracy_mad": 0.004999995231628418,
        "f1_median": 0.872591176939003,
        "f1_mad": 0.004175216569019646
    },
    "15": {
        "loss_median": 0.35334789752960205,
        "loss_mad": 0.008098810911178589,
        "accuracy_median": 0.9150000214576721,
        "accuracy_mad": 0.004999995231628418,
        "f1_median": 0.865925312512323,
        "f1_mad": 0.006550312512322964
    },
    "16": {
        "loss_median": 0.34591296315193176,
        "loss_mad": 0.007988005876541138,
        "accuracy_median": 0.9200000166893005,
        "accuracy_mad": 0.02499997615814209,
        "f1_median": 0.872591176939003,
        "f1_mad": 0.03222022942655578
    },
    "17": {
        "loss_median": 0.3437349200248718,
        "loss_mad": 0.010952472686767578,
        "accuracy_median": 0.9150000214576721,
        "accuracy_mad": 0.010000050067901611,
        "f1_median": 0.865925312512323,
        "f1_mad": 0.007848748553406004
    },
    "18": {
        "loss_median": 0.3408806324005127,
        "loss_mad": 0.012440234422683716,
        "accuracy_median": 0.925000011920929,
        "accuracy_mad": 0.014999985694885254,
        "f1_median": 0.8838964356205735,
        "f1_mad": 0.018637677439855227
    },
    "19": {
        "loss_median": 0.33540797233581543,
        "loss_mad": 0.009147286415100098,
        "accuracy_median": 0.9300000071525574,
        "accuracy_mad": 0.009999990463256836,
        "f1_median": 0.890625,
        "f1_mad": 0.011909113060428744
    },
    "20": {
        "loss_median": 0.33107495307922363,
        "loss_mad": 0.006746828556060791,
        "accuracy_median": 0.9350000023841858,
        "accuracy_mad": 0.004999995231628418,
        "f1_median": 0.8954605765751277,
        "f1_mad": 0.00898280612912461
    },
    "21": {
        "loss_median": 0.33055514097213745,
        "loss_mad": 0.007480919361114502,
        "accuracy_median": 0.9200000166893005,
        "accuracy_mad": 0.01500004529953003,
        "f1_median": 0.8772817916858414,
        "f1_mad": 0.021708077269817605
    },
    "22": {
        "loss_median": 0.3321462869644165,
        "loss_mad": 0.002132803201675415,
        "accuracy_median": 0.9200000166893005,
        "accuracy_mad": 0.004999995231628418,
        "f1_median": 0.8772817916858414,
        "f1_mad": 0.006505310366241246
    },
    "23": {
        "loss_median": 0.33101800084114075,
        "loss_mad": 0.0042639076709747314,
        "accuracy_median": 0.925000011920929,
        "accuracy_mad": 0.009999990463256836,
        "f1_median": 0.8838964356205735,
        "f1_mad": 0.013119954300973347
    },
    "24": {
        "loss_median": 0.33151885867118835,
        "loss_mad": 0.005765795707702637,
        "accuracy_median": 0.9300000071525574,
        "accuracy_mad": 0.004999995231628418,
        "f1_median": 0.890625,
        "f1_mad": 0.006847297803541208
    },
    "25": {
        "loss_median": 0.3330850303173065,
        "loss_mad": 0.003563135862350464,
        "accuracy_median": 0.9300000071525574,
        "accuracy_mad": 0.009999990463256836,
        "f1_median": 0.890625,
        "f1_mad": 0.013818382704252286
    },
    "26": {
        "loss_median": 0.33436545729637146,
        "loss_mad": 5.9604644775390625e-06,
        "accuracy_median": 0.9200000166893005,
        "accuracy_mad": 0.014999985694885254,
        "f1_median": 0.8700454840805718,
        "f1_mad": 0.01817168760597543
    },
    "27": {
        "loss_median": 0.3305559456348419,
        "loss_mad": 0.0036754608154296875,
        "accuracy_median": 0.9150000214576721,
        "accuracy_mad": 0.010000050067901611,
        "f1_median": 0.8632946001367054,
        "f1_mad": 0.005218036177788488
    },
    "28": {
        "loss_median": 0.32662487030029297,
        "loss_mad": 0.005253016948699951,
        "accuracy_median": 0.925000011920929,
        "accuracy_mad": 0.014999985694885254,
        "f1_median": 0.8816988051579321,
        "f1_mad": 0.01732267495901707
    },
    "29": {
        "loss_median": 0.32277926802635193,