{
    "0": {
        "loss_median": 0.7204654812812805,
        "loss_mad": 0.0996127724647522,
        "accuracy_median": 0.5400000214576721,
        "accuracy_mad": 0.0,
        "f1_median": 0.4875222816399287,
        "f1_mad": 0.035141329258976395
    },
    "1": {
        "loss_median": 0.5889005661010742,
        "loss_mad": 0.09166586399078369,
        "accuracy_median": 0.7649999856948853,
        "accuracy_mad": 0.04000002145767212,
        "f1_median": 0.7036476559790662,
        "f1_mad": 0.050442952173776034
    },
    "2": {
        "loss_median": 0.47140806913375854,
        "loss_mad": 0.0963294506072998,
        "accuracy_median": 0.8100000023841858,
        "accuracy_mad": 0.05500000715255737,
        "f1_median": 0.7432085416948236,
        "f1_mad": 0.06765622661451753
    },
    "3": {
        "loss_median": 0.3877575397491455,
        "loss_mad": 0.013112485408782959,
        "accuracy_median": 0.8949999809265137,
        "accuracy_mad": 0.020000040531158447,
        "f1_median": 0.8311286236982831,
        "f1_mad": 0.026439136345284386
    },
    "4": {
        "loss_median": 0.406475305557251,
        "loss_mad": 0.0012469291687011719,
        "accuracy_median": 0.8899999856948853,
        "accuracy_mad": 0.004999995231628418,
        "f1_median": 0.8397435897435898,
        "f1_mad": 0.03904428904428903
    },
    "5": {
        "loss_median": 0.4127552807331085,
        "loss_mad": 0.018073350191116333,
        "accuracy_median": 0.9150000214576721,
        "accuracy_mad": 0.01500004529953003,
        "f1_median": 0.8398568131505817,
        "f1_mad": 0.0022999580498670458
    },
    "6": {
        "loss_median": 0.41157108545303345,
        "loss_mad": 0.036431312561035156,
        "accuracy_median": 0.9150000214576721,
        "accuracy_mad": 0.019999980926513672,
        "f1_median": 0.8575677600435675,
        "f1_mad": 0.016700821609317074
    },
    "7": {
        "loss_median": 0.4096011221408844,
        "loss_mad": 0.040170133113861084,
        "accuracy_median": 0.8949999809265137,
        "accuracy_mad": 0.050000011920928955,
        "f1_median": 0.8201977824393167,
        "f1_mad": 0.07876892249753742
    },
    "8": {
        "loss_median": 0.429220974445343,
        "loss_mad": 0.026374608278274536,
        "accuracy_median": 0.8899999856948853,
        "accuracy_mad": 0.04500001668930054,
        "f1_median": 0.8248128682911291,
        "f1_mad": 0.05272469470637453
    },
    "9": {
        "loss_median": 0.4270855188369751,
        "loss_mad": 0.0029237568378448486,
        "accuracy_median": 0.8999999761581421,
        "accuracy_mad": 0.01500004529953003,
        "f1_median": 0.84375,
        "f1_mad": 0.00010763490241105789
    },
    "10": {
        "loss_median": 0.40283915400505066,
        "loss_mad": 0.006404131650924683,
        "accuracy_median": 0.9350000023841858,
        "accuracy_mad": 0.0,
        "f1_median": 0.8910812282686105,
        "f1_mad": 0.0
    },
    "11": {
        "loss_median": 0.36976340413093567,
        "loss_mad": 0.009003549814224243,
        "accuracy_median": 0.9100000262260437,
        "accuracy_mad": 0.0,
        "f1_median": 0.8566650740563784,
        "f1_mad": 0.009260238455944592
    },
    "12": {
        "loss_median": 0.3586150109767914,
        "loss_mad": 0.015415877103805542,
        "accuracy_median": 0.925000011920929,
        "accuracy_mad": 0.014999985694885254,
        "f1_median": 0.8793775883559165,
        "f1_mad": 0.014314828369809907
    },
    "13": {
        "loss_median": 0.34838053584098816,
        "loss_mad": 0.01122787594795227,
        "accuracy_median": 0.925000011920929,
        "accuracy_mad": 0.019999980926513672,
        "f1_median": 0.8793775883559165,
        "f1_mad": 0.024295952517151553
    },
    "14": {
        "loss_median": 0.3400211036205292,
        "loss_mad": 0.005665481090545654,
        "accuracy_median": 0.925000011920929,
        "accuracy_mad": 0.004999995231628418,
        "f1_median": 0.8793775883559165,
        "f1_mad": 0.006912210214583769
    },
    "15": {
        "loss_median": 0.3478175401687622,
        "loss_mad": 0.022038400173187256,
        "accuracy_median": 0.9150000214576721,
        "accuracy_mad": 0.019999980926513672,
        "f1_median": 0.8684159603699834,
        "f1_mad": 0.029056337433557844
    },
    "16": {
        "loss_median": 0.35901424288749695,
        "loss_mad": 0.010328918695449829,
        "accuracy_median": 0.9100000262260437,
        "accuracy_mad": 0.01500004529953003,
        "f1_median": 0.864376130198915,
        "f1_mad": 0.018612111249923124
    },
    "17": {
        "loss_median": 0.35408279299736023,
        "loss_mad": 0.00508919358253479,
        "accuracy_median": 0.9150000214576721,
        "accuracy_mad": 0.009999990463256836,
        "f1_median": 0.8684159603699834,
        "f1_mad": 0.015480475250590153
    },
    "18": {
        "loss_median": 0.3494375944137573,
        "loss_mad": 0.006736725568771362,
        "accuracy_median": 0.9350000023841858,
        "accuracy_mad": 0.004999995231628418,
        "f1_median": 0.8954605765751277,
        "f1_mad": 0.00898280612912461
    },
    "19": {
        "loss_median": 0.3483680486679077,
        "loss_mad": 0.0038998425006866455,
        "accuracy_median": 0.9150000214576721,
        "accuracy_mad": 0.010000050067901611,
        "f1_median": 0.8632946001367054,
        "f1_mad": 0.0028414401352365726
    },
    "20": {
        "loss_median": 0.3463504910469055,
        "loss_mad": 0.0006965100765228271,
        "accuracy_median": 0.9150000214576721,
        "accuracy_mad": 0.009999990463256836,
        "f1_median": 0.8632946001367054,
        "f1_mad": 0.008982245824351143
    },
    "21": {
        "loss_median": 0.3397769033908844,
        "loss_mad": 0.005086541175842285,
        "accuracy_median": 0.9150000214576721,
        "accuracy_mad": 0.004999995231628418,
        "f1_median": 0.8700454840805718,
        "f1_mad": 0.0007309972390283637
    },
    "22": {
        "loss_median": 0.3286345303058624,
        "loss_mad": 0.009997963905334473,
        "accuracy_median": 0.9300000071525574,
        "accuracy_mad": 0.004999995231628418,
        "f1_median": 0.8885172798216276,
        "f1_mad": 0.00895501798191356
    },
    "23": {
        "loss_median": 0.31983527541160583,
        "loss_mad": 0.00630640983581543,
        "accuracy_median": 0.9350000023841858,
        "accuracy_mad": 0.0,
        "f1_median": 0.8974722978035412,
        "f1_mad": 0.0
    },
    "24": {
        "loss_median": 0.3194655776023865,
        "loss_mad": 0.0007762610912322998,
        "accuracy_median": 0.9300000071525574,
        "accuracy_mad": 0.0,
        "f1_median": 0.890625,
        "f1_mad": 0.004335201429499724
    },
    "25": {
        "loss_median": 0.3270103335380554,
        "loss_mad": 0.0031890869140625,
        "accuracy_median": 0.9399999976158142,
        "accuracy_mad": 0.009999990463256836,
        "f1_median": 0.9044433827042523,
        "f1_mad": 0.018498524055454824
    },
    "26": {
        "loss_median": 0.33043208718299866,
        "loss_mad": 0.0063620805740356445,
        "accuracy_median": 0.9300000071525574,
        "accuracy_mad": 0.004999995231628418,
        "f1_median": 0.890625,
        "f1_mad": 0.013701923076923084
    },
    "27": {
        "loss_median": 0.3326437771320343,
        "loss_mad": 0.007463216781616211,
        "accuracy_median": 0.925000011920929,
        "accuracy_mad": 0.009999990463256836,
        "f1_median": 0.8769230769230769,
        "f1_mad": 0.0061465956034767455
    },
    "28": {
        "loss_median": 0.33483970165252686,
        "loss_mad": 0.0016340017318725586,
        "accuracy_median": 0.925000011920929,
        "accuracy_mad": 0.014999985694885254,
        "f1_median": 0.8793775883559165,
        "f1_mad": 0.01500145815700149
    },
    "29": {
        "loss_median": 0.3299517333507538,
        "loss_mad": 0.0035125911235809326,