{
    "1": {
        "loss_median": 0.5729375680287678,
        "loss_mad": 0.007220109303792244,
        "accuracy_median": 0.6883333325386047,
        "accuracy_mad": 0.04500001668930054,
        "f1_median": 0.6362222230651864,
        "f1_mad": 0.05427225654943535
    },
    "2": {
        "loss_median": 0.5281776090463002,
        "loss_mad": 0.016595274209976196,
        "accuracy_median": 0.7599999904632568,
        "accuracy_mad": 0.03500000635782863,
        "f1_median": 0.7036382532477009,
        "f1_mad": 0.04192902198078474
    },
    "3": {
        "loss_median": 0.47775094707806903,
        "loss_mad": 0.003898710012435913,
        "accuracy_median": 0.7949999968210855,
        "accuracy_mad": 0.030000011126200432,
        "f1_median": 0.7471867517321594,
        "f1_mad": 0.04323571462607312
    },
    "4": {
        "loss_median": 0.4522450864315033,
        "loss_mad": 0.004880050818125425,
        "accuracy_median": 0.8450000087420145,
        "accuracy_mad": 0.030000011126200432,
        "f1_median": 0.7756406824325588,
        "f1_mad": 0.017511203253453345
    },
    "5": {
        "loss_median": 0.4226180215676625,
        "loss_mad": 0.01708781719207758,
        "accuracy_median": 0.865000009536743,
        "accuracy_mad": 0.009999990463256836,
        "f1_median": 0.8255566293401572,
        "f1_mad": 0.007907856253682621
    },
    "6": {
        "loss_median": 0.4115353226661682,
        "loss_mad": 0.0199755231539408,
        "accuracy_median": 0.8766666650772094,
        "accuracy_mad": 0.014999985694885254,
        "f1_median": 0.8313483208744049,
        "f1_mad": 0.025971957132195356
    },
    "7": {
        "loss_median": 0.4101362029711405,
        "loss_mad": 0.019941866397857666,
        "accuracy_median": 0.8999999960263569,
        "accuracy_mad": 0.015000005563100216,
        "f1_median": 0.8612585431726859,
        "f1_mad": 0.01726686226135532
    },
    "8": {
        "loss_median": 0.38023560245831806,
        "loss_mad": 0.034072587887446104,
        "accuracy_median": 0.9133333365122477,
        "accuracy_mad": 0.015000005563100216,
        "f1_median": 0.8773948657497861,
        "f1_mad": 0.028513789814095025
    },
    "9": {
        "loss_median": 0.3765795727570851,
        "loss_mad": 0.02596312761306757,
        "accuracy_median": 0.9233333468437195,
        "accuracy_mad": 0.023333311080932617,
        "f1_median": 0.8927466931814758,
        "f1_mad": 0.03062061877954836
    },
    "10": {
        "loss_median": 0.3710235754648844,
        "loss_mad": 0.028454075256983402,
        "accuracy_median": 0.925000011920929,
        "accuracy_mad": 0.019999980926513672,
        "f1_median": 0.8852247562962577,
        "f1_mad": 0.037740929382861665
    }
}