{
   "info": {
      "strategy": "FedAvg",
      "seed": 2,
      "init_seed": 2,
      "sampling_seed": 2,
      "data_seed": 2,
      "fraction_train": 0.75,
      "fraction_evaluate": 0.75,
      "local_epochs": 2,
      "num_rounds": 10,
      "num_clients": 5,
      "eta_l": 0.3,
      "iid": true,
      "alpha": null,
      "training_mode": "noisy",
      "nshots": 1000,
      "model_type": "quantum",
      "base_pauli": 0.007,
      "base_readout": 0.007,
      "noise_scale": 0.002
   },
   "rounds": [
      {
         "round": 0,
         "train_metrics": {},
         "eval_metrics_client": {},
         "eval_metrics_server": {
            "accuracy": 0.6800000071525574,
            "loss": 0.6009007096290588,
            "f1_score": 0.6259934548854604
         }
      },
      {
         "round": 1,
         "train_metrics": {
            "train_loss": 0.5999511052400638,
            "train_acc": 0.6966666579246521,
            "train_f1": 0.6272571559201083,
            "drift": 0.6309360161703724
         },
         "eval_metrics_client": {
            "loss": 0.5690483649571736,
            "accuracy": 0.7299999992052714,
            "f1": 0.6746483473329512
         },
         "eval_metrics_server": {
            "accuracy": 0.7450000047683716,
            "loss": 0.5393336415290833,
            "f1_score": 0.6854861089698128
         },
         "drift_metrics": {
            "drift_median": 0.6541695224190185,
            "drift_mean": 0.6309360161703724,
            "drift_max": 0.6612315053576852,
            "drift_min": 0.5774070207344136,
            "drift_per_client": [
               0.6541695224190185,
               0.6612315053576852,
               0.5774070207344136
            ]
         }
      },
      {
         "round": 2,
         "train_metrics": {
            "train_loss": 0.5641389573231721,
            "train_acc": 0.8333333333333333,
            "train_f1": 0.7713550611214681,
            "drift": 0.5803827915952793
         },
         "eval_metrics_client": {
            "loss": 0.5320624311765034,
            "accuracy": 0.8433333436648051,
            "f1": 0.7914608289151674
         },
         "eval_metrics_server": {
            "accuracy": 0.8199999928474426,
            "loss": 0.486827552318573,
            "f1_score": 0.7661122661122661
         },
         "drift_metrics": {
            "drift_median": 0.5891178199353282,
            "drift_mean": 0.5803827915952793,
            "drift_max": 0.6091991928841206,
            "drift_min": 0.5428313619663893,
            "drift_per_client": [
               0.5428313619663893,
               0.5891178199353282,
               0.6091991928841206
            ]
         }
      },
      {
         "round": 3,
         "train_metrics": {
            "train_loss": 0.5201961673223054,
            "train_acc": 0.893333335717519,
            "train_f1": 0.8557845804222615,
            "drift": 0.6124693764458252
         },
         "eval_metrics_client": {
            "loss": 0.502698798974355,
            "accuracy": 0.9016666611035664,
            "f1": 0.8672988495761826
         },
         "eval_metrics_server": {
            "accuracy": 0.8849999904632568,
            "loss": 0.4266272485256195,
            "f1_score": 0.8364095451474092
         },
         "drift_metrics": {
            "drift_median": 0.6437098256704149,
            "drift_mean": 0.6124693764458252,
            "drift_max": 0.646612932003218,
            "drift_min": 0.5470853716638427,
            "drift_per_client": [
               0.5470853716638427,
               0.6437098256704149,
               0.646612932003218
            ]
         }
      },
      {
         "round": 4,
         "train_metrics": {
            "train_loss": 0.47667182408846337,
            "train_acc": 0.9033333261807759,
            "train_f1": 0.8779704394324854,
            "drift": 0.5676630864648037
         },
         "eval_metrics_client": {
            "loss": 0.47758086522420246,
            "accuracy": 0.8983333309491475,
            "f1": 0.8677760245934824
         },
         "eval_metrics_server": {
            "accuracy": 0.9200000166893005,
            "loss": 0.37231695652008057,
            "f1_score": 0.8794454490657022
         },
         "drift_metrics": {
            "drift_median": 0.5702931232502273,
            "drift_mean": 0.5676630864648037,
            "drift_max": 0.6033076891014405,
            "drift_min": 0.5293884470427432,
            "drift_per_client": [
               0.5293884470427432,
               0.5702931232502273,
               0.6033076891014405
            ]
         }
      },
      {
         "round": 5,
         "train_metrics": {
            "train_loss": 0.4571319405849163,
            "train_acc": 0.9066666762034098,
            "train_f1": 0.8774041019071585,
            "drift": 0.39856778449322083
         },
         "eval_metrics_client": {
            "loss": 0.4504976371924082,
            "accuracy": 0.9083333214124043,
            "f1": 0.8728299370714232
         },
         "eval_metrics_server": {
            "accuracy": 0.9350000023841858,
            "loss": 0.3426917791366577,
            "f1_score": 0.9028944911297853
         },
         "drift_metrics": {
            "drift_median": 0.390255106249361,
            "drift_mean": 0.3985677844932209,
            "drift_max": 0.42216172994878876,
            "drift_min": 0.38328651728151286,
            "drift_per_client": [
               0.38328651728151286,
               0.390255106249361,
               0.42216172994878876
            ]
         }
      },
      {
         "round": 6,
         "train_metrics": {
            "train_loss": 0.43125427227753854,
            "train_acc": 0.9200000166893005,
            "train_f1": 0.8812370065099864,
            "drift": 0.34501141813475866
         },
         "eval_metrics_client": {
            "loss": 0.4298873543739319,
            "accuracy": 0.9333333373069763,
            "f1": 0.9019354318095392
         },
         "eval_metrics_server": {
            "accuracy": 0.9449999928474426,
            "loss": 0.324093222618103,
            "f1_score": 0.9178338001867414
         },
         "drift_metrics": {
            "drift_median": 0.3182349322769816,
            "drift_mean": 0.3450114181347587,
            "drift_max": 0.4392611291938864,
            "drift_min": 0.2775381929334081,
            "drift_per_client": [
               0.2775381929334081,
               0.4392611291938864,
               0.3182349322769816
            ]
         }
      },
      {
         "round": 7,
         "train_metrics": {
            "train_loss": 0.4300349820882846,
            "train_acc": 0.9366666674613953,
            "train_f1": 0.8972401958746866,
            "drift": 0.23673987381458905
         },
         "eval_metrics_client": {
            "loss": 0.43368663390477497,
            "accuracy": 0.9350000023841858,
            "f1": 0.9045064970432617
         },
         "eval_metrics_server": {
            "accuracy": 0.9449999928474426,
            "loss": 0.31562232971191406,
            "f1_score": 0.9148573861217539
         },
         "drift_metrics": {
            "drift_median": 0.23417757134788084,
            "drift_mean": 0.23673987381458908,
            "drift_max": 0.31625072195902715,
            "drift_min": 0.15979132813685923,
            "drift_per_client": [
               0.15979132813685923,
               0.31625072195902715,
               0.23417757134788084
            ]
         }
      },
      {
         "round": 8,
         "train_metrics": {
            "train_loss": 0.42691514660150576,
            "train_acc": 0.9333333373069763,
            "train_f1": 0.9044963411619297,
            "drift": 0.1966976241962491
         },
         "eval_metrics_client": {
            "loss": 0.42913953463236487,
            "accuracy": 0.9383333325386047,
            "f1": 0.912442197618692
         },