{
   "info": {
      "strategy": "FedAvg",
      "seed": 4,
      "init_seed": 4,
      "sampling_seed": 4,
      "data_seed": 2,
      "fraction_train": 0.75,
      "fraction_evaluate": 0.75,
      "local_epochs": 2,
      "num_rounds": 10,
      "num_clients": 5,
      "eta_l": 0.3,
      "iid": true,
      "alpha": null,
      "training_mode": "noisy",
      "nshots": 1000,
      "model_type": "quantum",
      "base_pauli": 0.007,
      "base_readout": 0.007,
      "noise_scale": 0.002
   },
   "rounds": [
      {
         "round": 0,
         "train_metrics": {},
         "eval_metrics_client": {},
         "eval_metrics_server": {
            "accuracy": 0.6700000166893005,
            "loss": 0.6031970381736755,
            "f1_score": 0.6268656716417911
         }
      },
      {
         "round": 1,
         "train_metrics": {
            "train_loss": 0.5655600657829871,
            "train_acc": 0.8533333341280619,
            "train_f1": 0.8104014838552318,
            "drift": 0.8726721426949994
         },
         "eval_metrics_client": {
            "loss": 0.5479165315628052,
            "accuracy": 0.8700000047683715,
            "f1": 0.8330317210741739
         },
         "eval_metrics_server": {
            "accuracy": 0.8450000286102295,
            "loss": 0.4711969792842865,
            "f1_score": 0.7998385794995965
         },
         "drift_metrics": {
            "drift_median": 0.8617830624833709,
            "drift_mean": 0.8726721426949995,
            "drift_max": 0.9277192873571122,
            "drift_min": 0.8285140782445154,
            "drift_per_client": [
               0.8285140782445154,
               0.8617830624833709,
               0.9277192873571122
            ]
         }
      },
      {
         "round": 2,
         "train_metrics": {
            "train_loss": 0.502118428548177,
            "train_acc": 0.893333335717519,
            "train_f1": 0.8660491094483154,
            "drift": 0.6109443207258128
         },
         "eval_metrics_client": {
            "loss": 0.5089658498764038,
            "accuracy": 0.893333335717519,
            "f1": 0.8627157341470264
         },
         "eval_metrics_server": {
            "accuracy": 0.9049999713897705,
            "loss": 0.4098890423774719,
            "f1_score": 0.8648600590348163
         },
         "drift_metrics": {
            "drift_median": 0.6310506696656591,
            "drift_mean": 0.6109443207258128,
            "drift_max": 0.645076891149303,
            "drift_min": 0.5567054013624766,
            "drift_per_client": [
               0.5567054013624766,
               0.6310506696656591,
               0.645076891149303
            ]
         }
      },
      {
         "round": 3,
         "train_metrics": {
            "train_loss": 0.4744526743888855,
            "train_acc": 0.9033333460489908,
            "train_f1": 0.8738714825552861,
            "drift": 0.48555241293095497
         },
         "eval_metrics_client": {
            "loss": 0.47137129306793213,
            "accuracy": 0.9016666611035664,
            "f1": 0.865141983413234
         },
         "eval_metrics_server": {
            "accuracy": 0.9150000214576721,
            "loss": 0.3705369532108307,
            "f1_score": 0.8790853159785199
         },
         "drift_metrics": {
            "drift_median": 0.5066944976997801,
            "drift_mean": 0.48555241293095497,
            "drift_max": 0.5070145193642827,
            "drift_min": 0.4429482217288022,
            "drift_per_client": [
               0.4429482217288022,
               0.5066944976997801,
               0.5070145193642827
            ]
         }
      },
      {
         "round": 4,
         "train_metrics": {
            "train_loss": 0.4424178990033957,
            "train_acc": 0.9233333468437195,
            "train_f1": 0.8848708866506985,
            "drift": 0.4355764072578929
         },
         "eval_metrics_client": {
            "loss": 0.4419218798478444,
            "accuracy": 0.9183333516120911,
            "f1": 0.883571233839215
         },
         "eval_metrics_server": {
            "accuracy": 0.9399999976158142,
            "loss": 0.34021759033203125,
            "f1_score": 0.9111242778847578
         },
         "drift_metrics": {
            "drift_median": 0.3995407642522759,
            "drift_mean": 0.43557640725789293,
            "drift_max": 0.5430185044615846,
            "drift_min": 0.36416995305981825,
            "drift_per_client": [
               0.36416995305981825,
               0.5430185044615846,
               0.3995407642522759
            ]
         }
      },
      {
         "round": 5,
         "train_metrics": {
            "train_loss": 0.43244370512473274,
            "train_acc": 0.9433333277702332,
            "train_f1": 0.908130421187155,
            "drift": 0.3127097262485922
         },
         "eval_metrics_client": {
            "loss": 0.43902628620465595,
            "accuracy": 0.9333333373069763,
            "f1": 0.9015310987625724
         },
         "eval_metrics_server": {
            "accuracy": 0.9549999833106995,
            "loss": 0.3236371576786041,
            "f1_score": 0.9315875489339059
         },
         "drift_metrics": {
            "drift_median": 0.27425169881948547,
            "drift_mean": 0.3127097262485922,
            "drift_max": 0.4135258510269438,
            "drift_min": 0.2503516288993475,
            "drift_per_client": [
               0.27425169881948547,
               0.4135258510269438,
               0.2503516288993475
            ]
         }
      },
      {
         "round": 6,
         "train_metrics": {
            "train_loss": 0.4241328445764688,
            "train_acc": 0.943333347638448,
            "train_f1": 0.9184525266179562,
            "drift": 0.25012142338242516
         },
         "eval_metrics_client": {
            "loss": 0.4322368005911509,
            "accuracy": 0.9350000023841858,
            "f1": 0.9086082104006608
         },
         "eval_metrics_server": {
            "accuracy": 0.9350000023841858,
            "loss": 0.3169511556625366,
            "f1_score": 0.9011820151267531
         },
         "drift_metrics": {
            "drift_median": 0.27601728498078854,
            "drift_mean": 0.2501214233824252,
            "drift_max": 0.3046259298841906,
            "drift_min": 0.16972105528229642,
            "drift_per_client": [
               0.27601728498078854,
               0.16972105528229642,
               0.3046259298841906
            ]
         }
      },
      {
         "round": 7,
         "train_metrics": {
            "train_loss": 0.433823987459525,
            "train_acc": 0.9300000071525574,
            "train_f1": 0.9088358018792801,
            "drift": 0.18321043862531536
         },
         "eval_metrics_client": {
            "loss": 0.43558005491892493,
            "accuracy": 0.9333333373069763,
            "f1": 0.9095006037325792
         },
         "eval_metrics_server": {
            "accuracy": 0.9399999976158142,
            "loss": 0.31549662351608276,
            "f1_score": 0.9111242778847578
         },
         "drift_metrics": {
            "drift_median": 0.18820320757990336,
            "drift_mean": 0.18321043862531536,
            "drift_max": 0.23906145788775757,
            "drift_min": 0.12236665040828515,
            "drift_per_client": [
               0.18820320757990336,
               0.23906145788775757,
               0.12236665040828515
            ]
         }
      },
      {
         "round": 8,
         "train_metrics": {
            "train_loss": 0.4365457586753062,
            "train_acc": 0.9133333365122477,
            "train_f1": 0.88403944446833,
            "drift": 0.19822182825457288
         },
         "eval_metrics_client": {
            "loss": 0.42884437243143714,
            "accuracy": 0.9266666769981384,
            "f1": 0.8949028682598072
         },