{
   "info": {
      "strategy": "FedAvg",
      "seed": 2,
      "init_seed": 2,
      "sampling_seed": 2,
      "data_seed": 2,
      "fraction_train": 0.75,
      "fraction_evaluate": 0.75,
      "local_epochs": 2,
      "num_rounds": 10,
      "num_clients": 5,
      "eta_l": 0.3,
      "iid": true,
      "alpha": null,
      "training_mode": "mitigated",
      "nshots": 1000,
      "model_type": "quantum",
      "base_pauli": 0.01,
      "base_readout": 0.01,
      "noise_scale": 0.002
   },
   "rounds": [
      {
         "round": 0,
         "train_metrics": {},
         "eval_metrics_client": {},
         "eval_metrics_server": {
            "accuracy": 0.6800000071525574,
            "loss": 0.6009007096290588,
            "f1_score": 0.6259934548854604
         }
      },
      {
         "round": 1,
         "train_metrics": {
            "train_loss": 0.5415887794433496,
            "train_acc": 0.7833333412806193,
            "train_f1": 0.7150741939003386,
            "drift": 0.9218757139261515
         },
         "eval_metrics_client": {
            "loss": 0.5083415309588114,
            "accuracy": 0.753333330154419,
            "f1": 0.7028538611081171
         },
         "eval_metrics_server": {
            "accuracy": 0.800000011920929,
            "loss": 0.5127680897712708,
            "f1_score": 0.7432935438326274
         },
         "drift_metrics": {
            "drift_median": 0.9093852515481421,
            "drift_mean": 0.9218757139261516,
            "drift_max": 0.9891167835684178,
            "drift_min": 0.8671251066618948,
            "drift_per_client": [
               0.9891167835684178,
               0.9093852515481421,
               0.8671251066618948
            ]
         }
      },
      {
         "round": 2,
         "train_metrics": {
            "train_loss": 0.43580253345844067,
            "train_acc": 0.8666666746139526,
            "train_f1": 0.815844905363595,
            "drift": 0.9133693960927872
         },
         "eval_metrics_client": {
            "loss": 0.39172348380088806,
            "accuracy": 0.9033333261807759,
            "f1": 0.8618792843238594
         },
         "eval_metrics_server": {
            "accuracy": 0.8799999952316284,
            "loss": 0.4285290539264679,
            "f1_score": 0.8306041784302653
         },
         "drift_metrics": {
            "drift_median": 0.8314342856401721,
            "drift_mean": 0.9133693960927873,
            "drift_max": 1.1187993529080924,
            "drift_min": 0.7898745497300975,
            "drift_per_client": [
               1.1187993529080924,
               0.7898745497300975,
               0.8314342856401721
            ]
         }
      },
      {
         "round": 3,
         "train_metrics": {
            "train_loss": 0.34403951638020003,
            "train_acc": 0.9166666666666666,
            "train_f1": 0.8842656991988462,
            "drift": 0.855548323238409
         },
         "eval_metrics_client": {
            "loss": 0.32557841142018634,
            "accuracy": 0.9266666571299235,
            "f1": 0.899753533737993
         },
         "eval_metrics_server": {
            "accuracy": 0.9300000071525574,
            "loss": 0.35345709323883057,
            "f1_score": 0.8926215677251113
         },
         "drift_metrics": {
            "drift_median": 0.8792802852144207,
            "drift_mean": 0.8555483232384091,
            "drift_max": 0.9000437884380874,
            "drift_min": 0.7873208960627193,
            "drift_per_client": [
               0.7873208960627193,
               0.9000437884380874,
               0.8792802852144207
            ]
         }
      },
      {
         "round": 4,
         "train_metrics": {
            "train_loss": 0.3133002166182567,
            "train_acc": 0.9266666769981384,
            "train_f1": 0.90338766650398,
            "drift": 0.42503447170475017
         },
         "eval_metrics_client": {
            "loss": 0.31906602780024207,
            "accuracy": 0.9199999968210856,
            "f1": 0.8942086350251359
         },
         "eval_metrics_server": {
            "accuracy": 0.925000011920929,
            "loss": 0.3278985619544983,
            "f1_score": 0.8859792482231765
         },
         "drift_metrics": {
            "drift_median": 0.4206046427174332,
            "drift_mean": 0.4250344717047502,
            "drift_max": 0.43573291477504184,
            "drift_min": 0.41876585762177565,
            "drift_per_client": [
               0.43573291477504184,
               0.41876585762177565,
               0.4206046427174332
            ]
         }
      },
      {
         "round": 5,
         "train_metrics": {
            "train_loss": 0.3120039774057193,
            "train_acc": 0.9100000063578287,
            "train_f1": 0.881485173469996,
            "drift": 0.31574262574892686
         },
         "eval_metrics_client": {
            "loss": 0.3375531733036041,
            "accuracy": 0.9099999864896138,
            "f1": 0.8756272423989425
         },
         "eval_metrics_server": {
            "accuracy": 0.9399999976158142,
            "loss": 0.3157130181789398,
            "f1_score": 0.9095840867992766
         },
         "drift_metrics": {
            "drift_median": 0.3167877679724674,
            "drift_mean": 0.31574262574892686,
            "drift_max": 0.36983338733598564,
            "drift_min": 0.26060672193832757,
            "drift_per_client": [
               0.26060672193832757,
               0.36983338733598564,
               0.3167877679724674
            ]
         }
      },
      {
         "round": 6,
         "train_metrics": {
            "train_loss": 0.31127796799708635,
            "train_acc": 0.9100000063578287,
            "train_f1": 0.8692121678647157,
            "drift": 0.26573530933742195
         },
         "eval_metrics_client": {
            "loss": 0.3147871891657511,
            "accuracy": 0.9266666769981384,
            "f1": 0.8939812049465582
         },
         "eval_metrics_server": {
            "accuracy": 0.949999988079071,
            "loss": 0.3111424148082733,
            "f1_score": 0.9246534056660639
         },
         "drift_metrics": {
            "drift_median": 0.2733942691310695,
            "drift_mean": 0.26573530933742195,
            "drift_max": 0.30138700977133476,
            "drift_min": 0.22242464910986168,
            "drift_per_client": [
               0.22242464910986168,
               0.30138700977133476,
               0.2733942691310695
            ]
         }
      },
      {
         "round": 7,
         "train_metrics": {
            "train_loss": 0.2958732295112732,
            "train_acc": 0.9233333269755045,
            "train_f1": 0.8831760131270183,
            "drift": 0.22244552737825032
         },
         "eval_metrics_client": {
            "loss": 0.3102594316005707,
            "accuracy": 0.9399999976158142,
            "f1": 0.9110138545202668
         },
         "eval_metrics_server": {
            "accuracy": 0.949999988079071,
            "loss": 0.3081643581390381,
            "f1_score": 0.921875
         },
         "drift_metrics": {
            "drift_median": 0.21999916593585342,
            "drift_mean": 0.22244552737825032,
            "drift_max": 0.2526560067466985,
            "drift_min": 0.19468140945219906,
            "drift_per_client": [
               0.2526560067466985,
               0.21999916593585342,
               0.19468140945219906
            ]
         }
      },
      {
         "round": 8,
         "train_metrics": {
            "train_loss": 0.2944918765853613,
            "train_acc": 0.9333333373069763,
            "train_f1": 0.9044963411619296,
            "drift": 0.21234606880299242
         },
         "eval_metrics_client": {
            "loss": 0.3015400171279907,
            "accuracy": 0.9316666722297668,
            "f1": 0.9042701253581915
         },