{
   "info": {
      "strategy": "FedAvg",
      "seed": 3,
      "init_seed": 3,
      "sampling_seed": 3,
      "data_seed": 2,
      "fraction_train": 0.75,
      "fraction_evaluate": 0.75,
      "local_epochs": 2,
      "num_rounds": 10,
      "num_clients": 5,
      "eta_l": 0.3,
      "iid": true,
      "alpha": null,
      "training_mode": "mitigated",
      "nshots": 1000,
      "model_type": "quantum",
      "base_pauli": 0.01,
      "base_readout": 0.01,
      "noise_scale": 0.002
   },
   "rounds": [
      {
         "round": 0,
         "train_metrics": {},
         "eval_metrics_client": {},
         "eval_metrics_server": {
            "accuracy": 0.47999998927116394,
            "loss": 0.7357013821601868,
            "f1_score": 0.4164515767029514
         }
      },
      {
         "round": 1,
         "train_metrics": {
            "train_loss": 0.41349460108157915,
            "train_acc": 0.893333335717519,
            "train_f1": 0.8399312942476046,
            "drift": 1.5762191280113171
         },
         "eval_metrics_client": {
            "loss": 0.41312172015508014,
            "accuracy": 0.8783333301544188,
            "f1": 0.8311289168230787
         },
         "eval_metrics_server": {
            "accuracy": 0.9100000262260437,
            "loss": 0.40728649497032166,
            "f1_score": 0.8507710164151883
         },
         "drift_metrics": {
            "drift_median": 1.568100753559807,
            "drift_mean": 1.5762191280113171,
            "drift_max": 1.5955723023392148,
            "drift_min": 1.56498432813493,
            "drift_per_client": [
               1.568100753559807,
               1.5955723023392148,
               1.56498432813493
            ]
         }
      },
      {
         "round": 2,
         "train_metrics": {
            "train_loss": 0.3486188283333411,
            "train_acc": 0.9533333579699198,
            "train_f1": 0.9204881561882188,
            "drift": 0.5131995692303355
         },
         "eval_metrics_client": {
            "loss": 0.36500731110572815,
            "accuracy": 0.9116666714350382,
            "f1": 0.8568984876621704
         },
         "eval_metrics_server": {
            "accuracy": 0.9399999976158142,
            "loss": 0.37547385692596436,
            "f1_score": 0.8883928571428572
         },
         "drift_metrics": {
            "drift_median": 0.5127999439185114,
            "drift_mean": 0.5131995692303356,
            "drift_max": 0.5798279576609432,
            "drift_min": 0.44697080611155215,
            "drift_per_client": [
               0.5798279576609432,
               0.44697080611155215,
               0.5127999439185114
            ]
         }
      },
      {
         "round": 3,
         "train_metrics": {
            "train_loss": 0.3510972215579106,
            "train_acc": 0.9566666881243387,
            "train_f1": 0.9148601651129457,
            "drift": 0.25450889879882854
         },
         "eval_metrics_client": {
            "loss": 0.36079564690589905,
            "accuracy": 0.9099999864896138,
            "f1": 0.8396948450678497
         },
         "eval_metrics_server": {
            "accuracy": 0.925000011920929,
            "loss": 0.3714442849159241,
            "f1_score": 0.8549252865225592
         },
         "drift_metrics": {
            "drift_median": 0.235488008777224,
            "drift_mean": 0.2545088987988286,
            "drift_max": 0.2961902929185104,
            "drift_min": 0.23184839470075136,
            "drift_per_client": [
               0.235488008777224,
               0.23184839470075136,
               0.2961902929185104
            ]
         }
      },
      {
         "round": 4,
         "train_metrics": {
            "train_loss": 0.36353286604086554,
            "train_acc": 0.9233333468437195,
            "train_f1": 0.8729693292448928,
            "drift": 0.2493676511674143
         },
         "eval_metrics_client": {
            "loss": 0.369745393594106,
            "accuracy": 0.9199999968210856,
            "f1": 0.8716616099491069
         },
         "eval_metrics_server": {
            "accuracy": 0.9350000023841858,
            "loss": 0.3697003126144409,
            "f1_score": 0.8805970149253732
         },
         "drift_metrics": {
            "drift_median": 0.20514783797469435,
            "drift_mean": 0.24936765116741433,
            "drift_max": 0.3850995980840972,
            "drift_min": 0.15785551744345142,
            "drift_per_client": [
               0.3850995980840972,
               0.15785551744345142,
               0.20514783797469435
            ]
         }
      },
      {
         "round": 5,
         "train_metrics": {
            "train_loss": 0.3746655247150323,
            "train_acc": 0.893333335717519,
            "train_f1": 0.820306808746115,
            "drift": 0.2726843566127936
         },
         "eval_metrics_client": {
            "loss": 0.3835100829601288,
            "accuracy": 0.9416666626930237,
            "f1": 0.9115418953654852
         },
         "eval_metrics_server": {
            "accuracy": 0.9399999976158142,
            "loss": 0.36957621574401855,
            "f1_score": 0.8883928571428572
         },
         "drift_metrics": {
            "drift_median": 0.26432432559267494,
            "drift_mean": 0.2726843566127936,
            "drift_max": 0.31979075603948953,
            "drift_min": 0.23393798820621642,
            "drift_per_client": [
               0.31979075603948953,
               0.23393798820621642,
               0.26432432559267494
            ]
         }
      },
      {
         "round": 6,
         "train_metrics": {
            "train_loss": 0.35047565935513914,
            "train_acc": 0.9100000063578286,
            "train_f1": 0.8580741974236858,
            "drift": 0.2529714733020822
         },
         "eval_metrics_client": {
            "loss": 0.3824420770009358,
            "accuracy": 0.9199999968210856,
            "f1": 0.8752693210239897
         },
         "eval_metrics_server": {
            "accuracy": 0.9350000023841858,
            "loss": 0.3695363700389862,
            "f1_score": 0.8805970149253732
         },
         "drift_metrics": {
            "drift_median": 0.24858266873208723,
            "drift_mean": 0.2529714733020822,
            "drift_max": 0.33305882122169345,
            "drift_min": 0.17727292995246585,
            "drift_per_client": [
               0.33305882122169345,
               0.24858266873208723,
               0.17727292995246585
            ]
         }
      },
      {
         "round": 7,
         "train_metrics": {
            "train_loss": 0.339823224223577,
            "train_acc": 0.9466666579246521,
            "train_f1": 0.9015084938503597,
            "drift": 0.1959747794852642
         },
         "eval_metrics_client": {
            "loss": 0.362170934677124,
            "accuracy": 0.9116666714350382,
            "f1": 0.8512148477479844
         },
         "eval_metrics_server": {
            "accuracy": 0.9300000071525574,
            "loss": 0.3707117438316345,
            "f1_score": 0.8663867150219507
         },
         "drift_metrics": {
            "drift_median": 0.1733825824660729,
            "drift_mean": 0.1959747794852642,
            "drift_max": 0.2842263226063572,
            "drift_min": 0.1303154333833625,
            "drift_per_client": [
               0.1733825824660729,
               0.2842263226063572,
               0.1303154333833625
            ]
         }
      },
      {
         "round": 8,
         "train_metrics": {
            "train_loss": 0.35077843031822104,
            "train_acc": 0.9533333579699197,
            "train_f1": 0.9035356892910216,
            "drift": 0.1784791564537663
         },
         "eval_metrics_client": {
            "loss": 0.3594597478707631,
            "accuracy": 0.8999999960263569,
            "f1": 0.8182532521803525
         },