{
    "1": {
        "loss_median": 0.5275916457176208,
        "loss_mad": 0.014059762159983391,
        "accuracy_median": 0.8383333484331766,
        "accuracy_mad": 0.033333321412404304,
        "f1_median": 0.7900778630849812,
        "f1_mad": 0.04284063939871907
    },
    "2": {
        "loss_median": 0.4822658797105153,
        "loss_mad": 0.020121643940607725,
        "accuracy_median": 0.8883333206176757,
        "accuracy_mad": 0.011666695276896233,
        "f1_median": 0.8304881126151588,
        "f1_mad": 0.011966899714627943
    },
    "3": {
        "loss_median": 0.45776087542374927,
        "loss_mad": 0.012159819404284178,
        "accuracy_median": 0.8974999984105427,
        "accuracy_mad": 0.01666667064030969,
        "f1_median": 0.8346564572824321,
        "f1_mad": 0.04523971617850403
    },
    "4": {
        "loss_median": 0.44813842078049976,
        "loss_mad": 0.026492421825726836,
        "accuracy_median": 0.9075000087420145,
        "accuracy_mad": 0.01166667540868127,
        "f1_median": 0.855333198134703,
        "f1_mad": 0.030389319928868064
    },
    "5": {
        "loss_median": 0.4301538566748301,
        "loss_mad": 0.026893501480420412,
        "accuracy_median": 0.9133333464463551,
        "accuracy_mad": 0.017499993244807,
        "f1_median": 0.8549685612969278,
        "f1_mad": 0.047906953789152995
    },
    "6": {
        "loss_median": 0.4176633854707082,
        "loss_mad": 0.02294368545214337,
        "accuracy_median": 0.9108333388964335,
        "accuracy_mad": 0.027500003576278742,
        "f1_median": 0.8531948011700721,
        "f1_mad": 0.051715731559382694
    },
    "7": {
        "loss_median": 0.4222898930311203,
        "loss_mad": 0.02427688737710318,
        "accuracy_median": 0.9124999940395355,
        "accuracy_mad": 0.028333336114883423,
        "f1_median": 0.8660539445211997,
        "f1_mad": 0.04842851358095013
    },
    "8": {
        "loss_median": 0.4240076790253321,
        "loss_mad": 0.028181244929631533,
        "accuracy_median": 0.9150000015894572,
        "accuracy_mad": 0.021666675806045588,
        "f1_median": 0.868923761136507,
        "f1_mad": 0.04587250332217019
    },
    "9": {
        "loss_median": 0.40364584326744074,
        "loss_mad": 0.017627825339635195,
        "accuracy_median": 0.9266666769981384,
        "accuracy_mad": 0.008333325386047363,
        "f1_median": 0.8923076226295878,
        "f1_mad": 0.018672858323092734
    },
    "10": {
        "loss_median": 0.39980901281038916,
        "loss_mad": 0.0037103494008381976,
        "accuracy_median": 0.9333333373069763,
        "accuracy_mad": 0.004999995231628418,
        "f1_median": 0.9026472533800236,
        "f1_mad": 0.0069872513929920554
    }
}