{
    "1": {
        "loss_median": 0.5266233682632446,
        "loss_mad": 0.012055615584055657,
        "accuracy_median": 0.8483333388964335,
        "accuracy_mad": 0.021666665871938107,
        "f1_median": 0.8016273551417233,
        "f1_mad": 0.02416216982883601
    },
    "2": {
        "loss_median": 0.48400754729906714,
        "loss_mad": 0.019788404305775997,
        "accuracy_median": 0.893333335717519,
        "accuracy_mad": 0.01833333571751916,
        "f1_median": 0.8350289952453576,
        "f1_mad": 0.012086272750958527
    },
    "3": {
        "loss_median": 0.45429600278536475,
        "loss_mad": 0.008836766084035275,
        "accuracy_median": 0.9016666611035664,
        "accuracy_mad": 0.015000005563100216,
        "f1_median": 0.848391071877906,
        "f1_mad": 0.03621642609974185
    },
    "4": {
        "loss_median": 0.4379980464776356,
        "loss_mad": 0.024465103944142697,
        "accuracy_median": 0.9066666762034098,
        "accuracy_mad": 0.010000010331471798,
        "f1_median": 0.8679411029184334,
        "f1_mad": 0.0284302846586012
    },
    "5": {
        "loss_median": 0.41255936026573176,
        "loss_mad": 0.01018302639325458,
        "accuracy_median": 0.9100000063578287,
        "accuracy_mad": 0.013333340485890743,
        "f1_median": 0.8811895378222202,
        "f1_mad": 0.027378670357762425
    },
    "6": {
        "loss_median": 0.3960025509198506,
        "loss_mad": 0.00575428207715345,
        "accuracy_median": 0.9100000063578287,
        "accuracy_mad": 0.02833334604899096,
        "f1_median": 0.8743847260425186,
        "f1_mad": 0.041389376025761204
    },
    "7": {
        "loss_median": 0.40148963530858356,
        "loss_mad": 0.012697209914525331,
        "accuracy_median": 0.925000011920929,
        "accuracy_mad": 0.02499997615814209,
        "f1_median": 0.8937979225550139,
        "f1_mad": 0.031714742671498763
    },
    "8": {
        "loss_median": 0.405477633078893,
        "loss_mad": 0.01893464724222821,
        "accuracy_median": 0.9266666769981384,
        "accuracy_mad": 0.014999985694885254,
        "f1_median": 0.8958536118492498,
        "f1_mad": 0.02155908214672919
    },
    "9": {
        "loss_median": 0.40300563971201575,
        "loss_mad": 0.015422354141871097,
        "accuracy_median": 0.9266666769981384,
        "accuracy_mad": 0.008333325386047363,
        "f1_median": 0.892414746105937,
        "f1_mad": 0.019436313707851816
    },
    "10": {
        "loss_median": 0.3991386294364929,
        "loss_mad": 0.008273283640543638,
        "accuracy_median": 0.9183333516120911,
        "accuracy_mad": 0.0183333158493042,
        "f1_median": 0.8905676648077998,
        "f1_mad": 0.019066839965215854
    }
}