{
    "1": {
        "loss_median": 0.4342755675315857,
        "loss_mad": 0.028990993897120176,
        "accuracy_median": 0.8783333301544188,
        "accuracy_mad": 0.024999996026357052,
        "f1_median": 0.8081387603367796,
        "f1_mad": 0.05849541611607645
    },
    "2": {
        "loss_median": 0.3952845633029937,
        "loss_mad": 0.01861601074536645,
        "accuracy_median": 0.8866666555404662,
        "accuracy_mad": 0.028333326180775997,
        "f1_median": 0.8478926718619977,
        "f1_mad": 0.056404047346581665
    },
    "3": {
        "loss_median": 0.3549130856990814,
        "loss_mad": 0.027972648541132572,
        "accuracy_median": 0.9266666769981384,
        "accuracy_mad": 0.013333360354105706,
        "f1_median": 0.8946725051606293,
        "f1_mad": 0.025076381626390587
    },
    "4": {
        "loss_median": 0.32733210921287537,
        "loss_mad": 0.010996540387471554,
        "accuracy_median": 0.9283333420753479,
        "accuracy_mad": 0.011666655540466309,
        "f1_median": 0.895580385479229,
        "f1_mad": 0.02257764832063547
    },
    "5": {
        "loss_median": 0.31659419337908423,
        "loss_mad": 0.011366933584213257,
        "accuracy_median": 0.9333333373069763,
        "accuracy_mad": 0.006666660308837891,
        "f1_median": 0.9036280047081309,
        "f1_mad": 0.009185838842707739
    },
    "6": {
        "loss_median": 0.316265344619751,
        "loss_mad": 0.014376401901245117,
        "accuracy_median": 0.9300000071525574,
        "accuracy_mad": 0.02499999602635694,
        "f1_median": 0.8962546327516754,
        "f1_mad": 0.03777282370419277
    },
    "7": {
        "loss_median": 0.30777785181999207,
        "loss_mad": 0.006040215492248535,
        "accuracy_median": 0.9333333373069763,
        "accuracy_mad": 0.004999995231628418,
        "f1_median": 0.8991898316099982,
        "f1_mad": 0.009234387381218179
    },
    "8": {
        "loss_median": 0.312419315179189,
        "loss_mad": 0.009996930758158384,
        "accuracy_median": 0.9383333325386047,
        "accuracy_mad": 0.019999980926513672,
        "f1_median": 0.9085197520049457,
        "f1_mad": 0.016996941840913382
    },
    "9": {
        "loss_median": 0.31065146128336585,
        "loss_mad": 0.0073213477929433,
        "accuracy_median": 0.9300000071525574,
        "accuracy_mad": 0.004999995231628418,
        "f1_median": 0.9017705748029672,
        "f1_mad": 0.015500857060908979
    },
    "10": {
        "loss_median": 0.3058786590894063,
        "loss_mad": 0.0019259452819824219,
        "accuracy_median": 0.9383333325386047,
        "accuracy_mad": 0.004999995231628418,
        "f1_median": 0.9145291660351065,
        "f1_mad": 0.0044029550817857865
    }
}