{
   "info": {
      "strategy": "FedAvg",
      "seed": 7,
      "init_seed": 7,
      "sampling_seed": 7,
      "data_seed": 2,
      "fraction_train": 0.75,
      "fraction_evaluate": 0.75,
      "local_epochs": 2,
      "num_rounds": 10,
      "num_clients": 5,
      "eta_l": 0.3,
      "iid": false,
      "alpha": 1.8,
      "training_mode": "noisy",
      "nshots": 1000,
      "model_type": "quantum",
      "base_pauli": 0.007,
      "base_readout": 0.007,
      "noise_scale": 0.002
   },
   "rounds": [
      {
         "round": 0,
         "train_metrics": {},
         "eval_metrics_client": {},
         "eval_metrics_server": {
            "accuracy": 0.4950000047683716,
            "loss": 0.7266889214515686,
            "f1_score": 0.46807109940750496
         }
      },
      {
         "round": 1,
         "train_metrics": {
            "train_loss": 0.5669062085615137,
            "train_acc": 0.8396226480696937,
            "train_f1": 0.7615005144237252,
            "drift": 1.2504512189864578
         },
         "eval_metrics_client": {
            "loss": 0.525467832883199,
            "accuracy": 0.8449999888737996,
            "f1": 0.8076278718130077
         },
         "eval_metrics_server": {
            "accuracy": 0.8450000286102295,
            "loss": 0.4560416042804718,
            "f1_score": 0.7946951885824034
         },
         "drift_metrics": {
            "drift_median": 1.2553903266140016,
            "drift_mean": 1.218796520940257,
            "drift_max": 1.4004138148294536,
            "drift_min": 1.0005854213773153,
            "drift_per_client": [
               1.0005854213773153,
               1.2553903266140016,
               1.4004138148294536
            ]
         }
      },
      {
         "round": 2,
         "train_metrics": {
            "train_loss": 0.4581141942728864,
            "train_acc": 0.9201389017204443,
            "train_f1": 0.8567393377643477,
            "drift": 0.7866178690811059
         },
         "eval_metrics_client": {
            "loss": 0.4552036722501119,
            "accuracy": 0.9283333420753479,
            "f1": 0.8947329341909824
         },
         "eval_metrics_server": {
            "accuracy": 0.949999988079071,
            "loss": 0.353353351354599,
            "f1_score": 0.921875
         },
         "drift_metrics": {
            "drift_median": 0.8320020742317881,
            "drift_mean": 0.7201754236904807,
            "drift_max": 0.8894384931668049,
            "drift_min": 0.43908570367284927,
            "drift_per_client": [
               0.43908570367284927,
               0.8320020742317881,
               0.8894384931668049
            ]
         }
      },
      {
         "round": 3,
         "train_metrics": {
            "train_loss": 0.42355928449881186,
            "train_acc": 0.9361702182614211,
            "train_f1": 0.9116427318813338,
            "drift": 0.4336892655067558
         },
         "eval_metrics_client": {
            "loss": 0.43510435024897254,
            "accuracy": 0.9183333516120911,
            "f1": 0.8834528309795739
         },
         "eval_metrics_server": {
            "accuracy": 0.9399999976158142,
            "loss": 0.32736736536026,
            "f1_score": 0.9095840867992766
         },
         "drift_metrics": {
            "drift_median": 0.4787805495689602,
            "drift_mean": 0.3876446492441789,
            "drift_max": 0.5021340501755204,
            "drift_min": 0.18201934798805625,
            "drift_per_client": [
               0.18201934798805625,
               0.4787805495689602,
               0.5021340501755204
            ]
         }
      },
      {
         "round": 4,
         "train_metrics": {
            "train_loss": 0.4363591095480026,
            "train_acc": 0.9396226592783659,
            "train_f1": 0.930028736645521,
            "drift": 0.24270116017822596
         },
         "eval_metrics_client": {
            "loss": 0.44394242763519287,
            "accuracy": 0.9150000015894572,
            "f1": 0.8834141881504647
         },
         "eval_metrics_server": {
            "accuracy": 0.9350000023841858,
            "loss": 0.32169777154922485,
            "f1_score": 0.9045205831588998
         },
         "drift_metrics": {
            "drift_median": 0.1978174845074411,
            "drift_mean": 0.21227379094135965,
            "drift_max": 0.32407565989908504,
            "drift_min": 0.11492822841755279,
            "drift_per_client": [
               0.11492822841755279,
               0.1978174845074411,
               0.32407565989908504
            ]
         }
      },
      {
         "round": 5,
         "train_metrics": {
            "train_loss": 0.43261473339455925,
            "train_acc": 0.9250720500602503,
            "train_f1": 0.8886300682232791,
            "drift": 0.23330020829602705
         },
         "eval_metrics_client": {
            "loss": 0.43659165501594543,
            "accuracy": 0.925000011920929,
            "f1": 0.899260130693035
         },
         "eval_metrics_server": {
            "accuracy": 0.9399999976158142,
            "loss": 0.3141368627548218,
            "f1_score": 0.9111242778847578
         },
         "drift_metrics": {
            "drift_median": 0.22705409739890464,
            "drift_mean": 0.2224629257981292,
            "drift_max": 0.2907195245122615,
            "drift_min": 0.1496151554832214,
            "drift_per_client": [
               0.1496151554832214,
               0.22705409739890464,
               0.2907195245122615
            ]
         }
      },
      {
         "round": 6,
         "train_metrics": {
            "train_loss": 0.4175658785658421,
            "train_acc": 0.9433962222915026,
            "train_f1": 0.8877139378561203,
            "drift": 0.19163017321646725
         },
         "eval_metrics_client": {
            "loss": 0.4293745954831441,
            "accuracy": 0.9399999976158142,
            "f1": 0.9139127135513588
         },
         "eval_metrics_server": {
            "accuracy": 0.9449999928474426,
            "loss": 0.3089834153652191,
            "f1_score": 0.9148573861217539
         },
         "drift_metrics": {
            "drift_median": 0.21804573704093655,
            "drift_mean": 0.18341031950564335,
            "drift_max": 0.23122630587074608,
            "drift_min": 0.10095891560524747,
            "drift_per_client": [
               0.10095891560524747,
               0.23122630587074608,
               0.21804573704093655
            ]
         }
      },
      {
         "round": 7,
         "train_metrics": {
            "train_loss": 0.4134127173320199,
            "train_acc": 0.9513888984090751,
            "train_f1": 0.8972718481252049,
            "drift": 0.1315289433506524
         },
         "eval_metrics_client": {
            "loss": 0.4237962265809377,
            "accuracy": 0.9466666579246521,
            "f1": 0.916833010082641
         },
         "eval_metrics_server": {
            "accuracy": 0.949999988079071,
            "loss": 0.3071553111076355,
            "f1_score": 0.921875
         },
         "drift_metrics": {
            "drift_median": 0.12875831878642238,
            "drift_mean": 0.12584865101390943,
            "drift_max": 0.15557910709126935,
            "drift_min": 0.09320852716403655,
            "drift_per_client": [
               0.09320852716403655,
               0.15557910709126935,
               0.12875831878642238
            ]
         }
      },
      {
         "round": 8,
         "train_metrics": {
            "train_loss": 0.40935452296200875,
            "train_acc": 0.9326241217183728,
            "train_f1": 0.9056405701721837,
            "drift": 0.21009801403309644
         },
         "eval_metrics_client": {
            "loss": 0.4208862384160359,
            "accuracy": 0.9266666571299235,
            "f1": 0.8941040920347519
         },