{
   "info": {
      "strategy": "FedAvg",
      "seed": 1,
      "init_seed": 1,
      "sampling_seed": 1,
      "data_seed": 2,
      "fraction_train": 0.75,
      "fraction_evaluate": 0.75,
      "local_epochs": 2,
      "num_rounds": 10,
      "num_clients": 5,
      "eta_l": 0.3,
      "iid": false,
      "alpha": 1.8,
      "training_mode": "noisy",
      "nshots": 1000,
      "model_type": "quantum",
      "base_pauli": 0.007,
      "base_readout": 0.007,
      "noise_scale": 0.002
   },
   "rounds": [
      {
         "round": 0,
         "train_metrics": {},
         "eval_metrics_client": {},
         "eval_metrics_server": {
            "accuracy": 0.6150000095367432,
            "loss": 0.6220965385437012,
            "f1_score": 0.548002700243609
         }
      },
      {
         "round": 1,
         "train_metrics": {
            "train_loss": 0.5815665789011718,
            "train_acc": 0.7660256599386532,
            "train_f1": 0.7222812249014269,
            "drift": 0.6604017300638048
         },
         "eval_metrics_client": {
            "loss": 0.5758814811706543,
            "accuracy": 0.7283333341280619,
            "f1": 0.6924414536774086
         },
         "eval_metrics_server": {
            "accuracy": 0.7149999737739563,
            "loss": 0.5522709488868713,
            "f1_score": 0.6623122722829468
         },
         "drift_metrics": {
            "drift_median": 0.6400456786572771,
            "drift_mean": 0.6299123441205152,
            "drift_max": 0.8329649903635897,
            "drift_min": 0.4167263633406786,
            "drift_per_client": [
               0.4167263633406786,
               0.6400456786572771,
               0.8329649903635897
            ]
         }
      },
      {
         "round": 2,
         "train_metrics": {
            "train_loss": 0.5522998273714985,
            "train_acc": 0.8207547012365088,
            "train_f1": 0.7386367307773467,
            "drift": 0.5850678427037339
         },
         "eval_metrics_client": {
            "loss": 0.5360848108927408,
            "accuracy": 0.8083333373069763,
            "f1": 0.7635699330852797
         },
         "eval_metrics_server": {
            "accuracy": 0.8349999785423279,
            "loss": 0.4921594560146332,
            "f1_score": 0.7814497168780423
         },
         "drift_metrics": {
            "drift_median": 0.6381544605776038,
            "drift_mean": 0.570329785470226,
            "drift_max": 0.6385544380979827,
            "drift_min": 0.4342804577350916,
            "drift_per_client": [
               0.4342804577350916,
               0.6385544380979827,
               0.6381544605776038
            ]
         }
      },
      {
         "round": 3,
         "train_metrics": {
            "train_loss": 0.5376999946227761,
            "train_acc": 0.8302583168793429,
            "train_f1": 0.7626138921368985,
            "drift": 0.4458719878866443
         },
         "eval_metrics_client": {
            "loss": 0.5203800400098164,
            "accuracy": 0.8433333237965901,
            "f1": 0.789134655178602
         },
         "eval_metrics_server": {
            "accuracy": 0.8700000047683716,
            "loss": 0.45557528734207153,
            "f1_score": 0.8192184675288555
         },
         "drift_metrics": {
            "drift_median": 0.4038673396147184,
            "drift_mean": 0.41008574568886247,
            "drift_max": 0.5306299385891453,
            "drift_min": 0.2957599588627237,
            "drift_per_client": [
               0.2957599588627237,
               0.4038673396147184,
               0.5306299385891453
            ]
         }
      },
      {
         "round": 4,
         "train_metrics": {
            "train_loss": 0.5230118546045254,
            "train_acc": 0.832807554243491,
            "train_f1": 0.7764865200637528,
            "drift": 0.4012021107100544
         },
         "eval_metrics_client": {
            "loss": 0.5110496083895365,
            "accuracy": 0.8516666690508523,
            "f1": 0.8021393224236822
         },
         "eval_metrics_server": {
            "accuracy": 0.8650000095367432,
            "loss": 0.4337295591831207,
            "f1_score": 0.813632441760138
         },
         "drift_metrics": {
            "drift_median": 0.4166463158430387,
            "drift_mean": 0.37287986467076384,
            "drift_max": 0.4437917462277188,
            "drift_min": 0.25820153194153406,
            "drift_per_client": [
               0.25820153194153406,
               0.4437917462277188,
               0.4166463158430387
            ]
         }
      },
      {
         "round": 5,
         "train_metrics": {
            "train_loss": 0.4955636484426227,
            "train_acc": 0.8581560247756065,
            "train_f1": 0.8129801572673303,
            "drift": 0.35081669036597807
         },
         "eval_metrics_client": {
            "loss": 0.5030590991179148,
            "accuracy": 0.846666673819224,
            "f1": 0.7918105218489648
         },
         "eval_metrics_server": {
            "accuracy": 0.8700000047683716,
            "loss": 0.4215887784957886,
            "f1_score": 0.8164878599661208
         },
         "drift_metrics": {
            "drift_median": 0.34123762650343625,
            "drift_mean": 0.33251399306741347,
            "drift_max": 0.42822387598353,
            "drift_min": 0.2280804767152741,
            "drift_per_client": [
               0.2280804767152741,
               0.42822387598353,
               0.34123762650343625
            ]
         }
      },
      {
         "round": 6,
         "train_metrics": {
            "train_loss": 0.4844104393229526,
            "train_acc": 0.8910256480941405,
            "train_f1": 0.8549698126154779,
            "drift": 0.3310608123604122
         },
         "eval_metrics_client": {
            "loss": 0.5019962588946024,
            "accuracy": 0.8799999952316283,
            "f1": 0.8404893230570334
         },
         "eval_metrics_server": {
            "accuracy": 0.8899999856948853,
            "loss": 0.4110022485256195,
            "f1_score": 0.8397435897435898
         },
         "drift_metrics": {
            "drift_median": 0.3046359570971526,
            "drift_mean": 0.3302043827584704,
            "drift_max": 0.41510753665414407,
            "drift_min": 0.27086965452411466,
            "drift_per_client": [
               0.27086965452411466,
               0.41510753665414407,
               0.3046359570971526
            ]
         }
      },
      {
         "round": 7,
         "train_metrics": {
            "train_loss": 0.4740872328911974,
            "train_acc": 0.9276729615979225,
            "train_f1": 0.8561426943065247,
            "drift": 0.3921288543303596
         },
         "eval_metrics_client": {
            "loss": 0.4897161225477854,
            "accuracy": 0.9116666714350382,
            "f1": 0.8705101507623473
         },
         "eval_metrics_server": {
            "accuracy": 0.925000011920929,
            "loss": 0.39006346464157104,
            "f1_score": 0.8793775883559165
         },
         "drift_metrics": {
            "drift_median": 0.3952970862263914,
            "drift_mean": 0.376749687337085,
            "drift_max": 0.46473563585137534,
            "drift_min": 0.2702163399334883,
            "drift_per_client": [
               0.2702163399334883,
               0.3952970862263914,
               0.46473563585137534
            ]
         }
      },
      {
         "round": 8,
         "train_metrics": {
            "train_loss": 0.48564944774690133,
            "train_acc": 0.9372693891894774,
            "train_f1": 0.8507185766985543,
            "drift": 0.29079461048800975
         },
         "eval_metrics_client": {
            "loss": 0.48860264817873633,
            "accuracy": 0.9333333373069763,
            "f1": 0.8900806685969747
         },