{
   "info": {
      "strategy": "FedAvg",
      "seed": 5,
      "init_seed": 5,
      "sampling_seed": 5,
      "data_seed": 2,
      "fraction_train": 0.75,
      "fraction_evaluate": 0.75,
      "local_epochs": 2,
      "num_rounds": 10,
      "num_clients": 5,
      "eta_l": 0.3,
      "iid": false,
      "alpha": 1.8,
      "training_mode": "noisy",
      "nshots": 1000,
      "model_type": "quantum",
      "base_pauli": 0.007,
      "base_readout": 0.007,
      "noise_scale": 0.002
   },
   "rounds": [
      {
         "round": 0,
         "train_metrics": {},
         "eval_metrics_client": {},
         "eval_metrics_server": {
            "accuracy": 0.6399999856948853,
            "loss": 0.630768895149231,
            "f1_score": 0.6017258546299369
         }
      },
      {
         "round": 1,
         "train_metrics": {
            "train_loss": 0.5431212828595815,
            "train_acc": 0.8993055530720286,
            "train_f1": 0.7822004718231675,
            "drift": 0.9684308221326776
         },
         "eval_metrics_client": {
            "loss": 0.5263449549674988,
            "accuracy": 0.8883333404858906,
            "f1": 0.8075023819443823
         },
         "eval_metrics_server": {
            "accuracy": 0.8899999856948853,
            "loss": 0.4702787399291992,
            "f1_score": 0.8095238095238095
         },
         "drift_metrics": {
            "drift_median": 1.035311814999042,
            "drift_mean": 0.8847955592728338,
            "drift_max": 1.0922674090838491,
            "drift_min": 0.5268074537356102,
            "drift_per_client": [
               0.5268074537356102,
               1.035311814999042,
               1.0922674090838491
            ]
         }
      },
      {
         "round": 2,
         "train_metrics": {
            "train_loss": 0.50053091913699,
            "train_acc": 0.8900709221971796,
            "train_f1": 0.791040432369491,
            "drift": 0.5808381037478458
         },
         "eval_metrics_client": {
            "loss": 0.48621235291163123,
            "accuracy": 0.8733333349227904,
            "f1": 0.7359184078172194
         },
         "eval_metrics_server": {
            "accuracy": 0.8849999904632568,
            "loss": 0.4036279320716858,
            "f1_score": 0.7498776575498884
         },
         "drift_metrics": {
            "drift_median": 0.5949569787805317,
            "drift_mean": 0.5409859890275267,
            "drift_max": 0.6928264385999011,
            "drift_min": 0.3351745497021476,
            "drift_per_client": [
               0.3351745497021476,
               0.6928264385999011,
               0.5949569787805317
            ]
         }
      },
      {
         "round": 3,
         "train_metrics": {
            "train_loss": 0.48045157747564926,
            "train_acc": 0.8878205111011481,
            "train_f1": 0.7829750125673516,
            "drift": 0.41088967172911484
         },
         "eval_metrics_client": {
            "loss": 0.4793048799037933,
            "accuracy": 0.8783333301544188,
            "f1": 0.7749519882408608
         },
         "eval_metrics_server": {
            "accuracy": 0.8700000047683716,
            "loss": 0.379272997379303,
            "f1_score": 0.7028571428571428
         },
         "drift_metrics": {
            "drift_median": 0.3888050368910946,
            "drift_mean": 0.39928886935025476,
            "drift_max": 0.4818470322635173,
            "drift_min": 0.32721453889615226,
            "drift_per_client": [
               0.32721453889615226,
               0.3888050368910946,
               0.4818470322635173
            ]
         }
      },
      {
         "round": 4,
         "train_metrics": {
            "train_loss": 0.484320638337827,
            "train_acc": 0.9077809865261703,
            "train_f1": 0.7847615459213804,
            "drift": 0.3024690811447887
         },
         "eval_metrics_client": {
            "loss": 0.483438491821289,
            "accuracy": 0.9133333563804626,
            "f1": 0.8517167537746805
         },
         "eval_metrics_server": {
            "accuracy": 0.8949999809265137,
            "loss": 0.3710613250732422,
            "f1_score": 0.7786561264822134
         },
         "drift_metrics": {
            "drift_median": 0.2795072747713038,
            "drift_mean": 0.2919308544838816,
            "drift_max": 0.3854697848401602,
            "drift_min": 0.21081550384018066,
            "drift_per_client": [
               0.21081550384018066,
               0.3854697848401602,
               0.2795072747713038
            ]
         }
      },
      {
         "round": 5,
         "train_metrics": {
            "train_loss": 0.4690807485209011,
            "train_acc": 0.9261992679310901,
            "train_f1": 0.829496817353683,
            "drift": 0.22633328627307395
         },
         "eval_metrics_client": {
            "loss": 0.4799412786960602,
            "accuracy": 0.9183333516120911,
            "f1": 0.8532461724780467
         },
         "eval_metrics_server": {
            "accuracy": 0.9150000214576721,
            "loss": 0.36573120951652527,
            "f1_score": 0.8310055171728217
         },
         "drift_metrics": {
            "drift_median": 0.21358174287751366,
            "drift_mean": 0.2017591299156474,
            "drift_max": 0.27864837362304495,
            "drift_min": 0.11304727324638361,
            "drift_per_client": [
               0.11304727324638361,
               0.21358174287751366,
               0.27864837362304495
            ]
         }
      },
      {
         "round": 6,
         "train_metrics": {
            "train_loss": 0.44234137292912545,
            "train_acc": 0.9548611249774694,
            "train_f1": 0.8955741153624857,
            "drift": 0.23503843941212732
         },
         "eval_metrics_client": {
            "loss": 0.4572150409221649,
            "accuracy": 0.9333333373069763,
            "f1": 0.8830265402873049
         },
         "eval_metrics_server": {
            "accuracy": 0.9300000071525574,
            "loss": 0.3599150776863098,
            "f1_score": 0.8663867150219507
         },
         "drift_metrics": {
            "drift_median": 0.2582474401867604,
            "drift_mean": 0.21439628141326325,
            "drift_max": 0.2643781215036055,
            "drift_min": 0.12056328254942389,
            "drift_per_client": [
               0.12056328254942389,
               0.2643781215036055,
               0.2582474401867604
            ]
         }
      },
      {
         "round": 7,
         "train_metrics": {
            "train_loss": 0.4488000857325999,
            "train_acc": 0.9645390041331028,
            "train_f1": 0.9522620457721761,
            "drift": 0.3485061085663802
         },
         "eval_metrics_client": {
            "loss": 0.44385954737663263,
            "accuracy": 0.9333333373069763,
            "f1": 0.8990764195567983
         },
         "eval_metrics_server": {
            "accuracy": 0.9449999928474426,
            "loss": 0.3481068015098572,
            "f1_score": 0.9115435647943388
         },
         "drift_metrics": {
            "drift_median": 0.24576314165730684,
            "drift_mean": 0.29976703120092774,
            "drift_max": 0.5140118025905037,
            "drift_min": 0.1395261493549727,
            "drift_per_client": [
               0.1395261493549727,
               0.24576314165730684,
               0.5140118025905037
            ]
         }
      },
      {
         "round": 8,
         "train_metrics": {
            "train_loss": 0.43659427397526074,
            "train_acc": 0.9326923126593614,
            "train_f1": 0.9132411295477465,
            "drift": 0.3293018015676758
         },
         "eval_metrics_client": {
            "loss": 0.44123906890551245,
            "accuracy": 0.9116666714350382,
            "f1": 0.8818505039870792
         },