{
   "info": {
      "strategy": "FedAvg",
      "seed": 2,
      "init_seed": 2,
      "sampling_seed": 2,
      "data_seed": 2,
      "fraction_train": 0.75,
      "fraction_evaluate": 0.75,
      "local_epochs": 2,
      "num_rounds": 10,
      "num_clients": 5,
      "eta_l": 0.3,
      "iid": false,
      "alpha": 1.8,
      "training_mode": "noisy",
      "nshots": 1000,
      "model_type": "quantum",
      "base_pauli": 0.007,
      "base_readout": 0.007,
      "noise_scale": 0.002
   },
   "rounds": [
      {
         "round": 0,
         "train_metrics": {},
         "eval_metrics_client": {},
         "eval_metrics_server": {
            "accuracy": 0.6800000071525574,
            "loss": 0.6009007096290588,
            "f1_score": 0.6259934548854604
         }
      },
      {
         "round": 1,
         "train_metrics": {
            "train_loss": 0.587065338391294,
            "train_acc": 0.7304964659484565,
            "train_f1": 0.6815895640272436,
            "drift": 0.7202302122018038
         },
         "eval_metrics_client": {
            "loss": 0.5662298401196797,
            "accuracy": 0.7366666595141093,
            "f1": 0.6859821575877662
         },
         "eval_metrics_server": {
            "accuracy": 0.7549999952316284,
            "loss": 0.5350420475006104,
            "f1_score": 0.7009916094584288
         },
         "drift_metrics": {
            "drift_median": 0.7034991153652422,
            "drift_mean": 0.6503155145233908,
            "drift_max": 0.876845981704252,
            "drift_min": 0.3706014465006781,
            "drift_per_client": [
               0.3706014465006781,
               0.7034991153652422,
               0.876845981704252
            ]
         }
      },
      {
         "round": 2,
         "train_metrics": {
            "train_loss": 0.5479550946369964,
            "train_acc": 0.8601694819280656,
            "train_f1": 0.7974922818881717,
            "drift": 0.5221210297659167
         },
         "eval_metrics_client": {
            "loss": 0.5303993026415507,
            "accuracy": 0.8333333333333333,
            "f1": 0.7828528222721067
         },
         "eval_metrics_server": {
            "accuracy": 0.8299999833106995,
            "loss": 0.4861026704311371,
            "f1_score": 0.7762863534675615
         },
         "drift_metrics": {
            "drift_median": 0.531635458953069,
            "drift_mean": 0.49068929188705157,
            "drift_max": 0.6223808903430441,
            "drift_min": 0.31805152636504175,
            "drift_per_client": [
               0.31805152636504175,
               0.531635458953069,
               0.6223808903430441
            ]
         }
      },
      {
         "round": 3,
         "train_metrics": {
            "train_loss": 0.5071932190806225,
            "train_acc": 0.9088050353826966,
            "train_f1": 0.8436423311119863,
            "drift": 0.6895483512871132
         },
         "eval_metrics_client": {
            "loss": 0.4952965974807739,
            "accuracy": 0.9133333365122477,
            "f1": 0.8805531439474125
         },
         "eval_metrics_server": {
            "accuracy": 0.8999999761581421,
            "loss": 0.4129940867424011,
            "f1_score": 0.8543123543123543
         },
         "drift_metrics": {
            "drift_median": 0.6635780063087323,
            "drift_mean": 0.6782120064985865,
            "drift_max": 0.7523223073827985,
            "drift_min": 0.6187357058042284,
            "drift_per_client": [
               0.6187357058042284,
               0.6635780063087323,
               0.7523223073827985
            ]
         }
      },
      {
         "round": 4,
         "train_metrics": {
            "train_loss": 0.4714291926087181,
            "train_acc": 0.9135446687596676,
            "train_f1": 0.880961840224104,
            "drift": 0.6377569263804803
         },
         "eval_metrics_client": {
            "loss": 0.46822126706441236,
            "accuracy": 0.8999999960263569,
            "f1": 0.8707100661277022
         },
         "eval_metrics_server": {
            "accuracy": 0.9200000166893005,
            "loss": 0.35871177911758423,
            "f1_score": 0.8794454490657022
         },
         "drift_metrics": {
            "drift_median": 0.6607913862049728,
            "drift_mean": 0.6242387438972862,
            "drift_max": 0.6848924813248652,
            "drift_min": 0.5270323641620205,
            "drift_per_client": [
               0.5270323641620205,
               0.6848924813248652,
               0.6607913862049728
            ]
         }
      },
      {
         "round": 5,
         "train_metrics": {
            "train_loss": 0.4537122023069912,
            "train_acc": 0.9116719353838297,
            "train_f1": 0.8750974045742553,
            "drift": 0.40628654646683204
         },
         "eval_metrics_client": {
            "loss": 0.4441204369068146,
            "accuracy": 0.9099999864896138,
            "f1": 0.8752188946041394
         },
         "eval_metrics_server": {
            "accuracy": 0.9300000071525574,
            "loss": 0.3346347510814667,
            "f1_score": 0.8980186480186481
         },
         "drift_metrics": {
            "drift_median": 0.4335561106418858,
            "drift_mean": 0.3596867526298439,
            "drift_max": 0.47137045308606385,
            "drift_min": 0.1741336941615821,
            "drift_per_client": [
               0.1741336941615821,
               0.4335561106418858,
               0.47137045308606385
            ]
         }
      },
      {
         "round": 6,
         "train_metrics": {
            "train_loss": 0.4300535362497405,
            "train_acc": 0.9219858120096491,
            "train_f1": 0.8944677243126762,
            "drift": 0.29960394747621816
         },
         "eval_metrics_client": {
            "loss": 0.4279975096384684,
            "accuracy": 0.9133333365122477,
            "f1": 0.8775326199699169
         },
         "eval_metrics_server": {
            "accuracy": 0.9300000071525574,
            "loss": 0.32464560866355896,
            "f1_score": 0.8980186480186481
         },
         "drift_metrics": {
            "drift_median": 0.3326404103211584,
            "drift_mean": 0.2711200450919836,
            "drift_max": 0.34254371987787424,
            "drift_min": 0.13817600507691824,
            "drift_per_client": [
               0.13817600507691824,
               0.34254371987787424,
               0.3326404103211584
            ]
         }
      },
      {
         "round": 7,
         "train_metrics": {
            "train_loss": 0.41840328476226385,
            "train_acc": 0.9491525368165161,
            "train_f1": 0.9122933883782449,
            "drift": 0.19150026972185274
         },
         "eval_metrics_client": {
            "loss": 0.43207318584124244,
            "accuracy": 0.9333333373069763,
            "f1": 0.902805672926491
         },
         "eval_metrics_server": {
            "accuracy": 0.9350000023841858,
            "loss": 0.31539320945739746,
            "f1_score": 0.9028944911297853
         },
         "drift_metrics": {
            "drift_median": 0.12762135454569054,
            "drift_mean": 0.17743989000934324,
            "drift_max": 0.2798400107766162,
            "drift_min": 0.12485830470572298,
            "drift_per_client": [
               0.12485830470572298,
               0.12762135454569054,
               0.2798400107766162
            ]
         }
      },
      {
         "round": 8,
         "train_metrics": {
            "train_loss": 0.42074358442500537,
            "train_acc": 0.9339622656504313,
            "train_f1": 0.8773244300979418,
            "drift": 0.18008539865277295
         },
         "eval_metrics_client": {
            "loss": 0.4287802577018738,
            "accuracy": 0.9483333428700764,
            "f1": 0.9250746869218384
         },