{
   "info": {
      "strategy": "FedAvg",
      "seed": 4,
      "init_seed": 4,
      "sampling_seed": 4,
      "data_seed": 2,
      "fraction_train": 0.75,
      "fraction_evaluate": 0.75,
      "local_epochs": 2,
      "num_rounds": 10,
      "num_clients": 5,
      "eta_l": 0.3,
      "iid": false,
      "alpha": 1.8,
      "training_mode": "noisy",
      "nshots": 1000,
      "model_type": "quantum",
      "base_pauli": 0.007,
      "base_readout": 0.007,
      "noise_scale": 0.002
   },
   "rounds": [
      {
         "round": 0,
         "train_metrics": {},
         "eval_metrics_client": {},
         "eval_metrics_server": {
            "accuracy": 0.6700000166893005,
            "loss": 0.6031970381736755,
            "f1_score": 0.6268656716417911
         }
      },
      {
         "round": 1,
         "train_metrics": {
            "train_loss": 0.5549873222680086,
            "train_acc": 0.8710691692694178,
            "train_f1": 0.797352740160082,
            "drift": 0.9454497151564993
         },
         "eval_metrics_client": {
            "loss": 0.540248413880666,
            "accuracy": 0.8749999999999999,
            "f1": 0.8393215701325387
         },
         "eval_metrics_server": {
            "accuracy": 0.8600000143051147,
            "loss": 0.4601505994796753,
            "f1_score": 0.8157652322674036
         },
         "drift_metrics": {
            "drift_median": 0.9800709145005236,
            "drift_mean": 0.920028222879893,
            "drift_max": 1.0558610841570104,
            "drift_min": 0.724152669982145,
            "drift_per_client": [
               0.724152669982145,
               0.9800709145005236,
               1.0558610841570104
            ]
         }
      },
      {
         "round": 2,
         "train_metrics": {
            "train_loss": 0.49197656499823095,
            "train_acc": 0.9048991488448481,
            "train_f1": 0.8686449405521315,
            "drift": 0.7223160526517427
         },
         "eval_metrics_client": {
            "loss": 0.49241383870442706,
            "accuracy": 0.896666646003723,
            "f1": 0.8672610859004506
         },
         "eval_metrics_server": {
            "accuracy": 0.9100000262260437,
            "loss": 0.3884775638580322,
            "f1_score": 0.872953133822699
         },
         "drift_metrics": {
            "drift_median": 0.7532062482497325,
            "drift_mean": 0.7003251635137465,
            "drift_max": 0.800292637225848,
            "drift_min": 0.5474766050656594,
            "drift_per_client": [
               0.5474766050656594,
               0.7532062482497325,
               0.800292637225848
            ]
         }
      },
      {
         "round": 3,
         "train_metrics": {
            "train_loss": 0.4606275475676478,
            "train_acc": 0.9053627705724457,
            "train_f1": 0.8663700891616395,
            "drift": 0.5485420535444607
         },
         "eval_metrics_client": {
            "loss": 0.45476052165031433,
            "accuracy": 0.9083333412806193,
            "f1": 0.8734899323343308
         },
         "eval_metrics_server": {
            "accuracy": 0.9200000166893005,
            "loss": 0.3490954637527466,
            "f1_score": 0.8853046594982079
         },
         "drift_metrics": {
            "drift_median": 0.6058226563651504,
            "drift_mean": 0.48892629969413787,
            "drift_max": 0.6110491151033496,
            "drift_min": 0.24990712761391354,
            "drift_per_client": [
               0.24990712761391354,
               0.6058226563651504,
               0.6110491151033496
            ]
         }
      },
      {
         "round": 4,
         "train_metrics": {
            "train_loss": 0.43089466648674674,
            "train_acc": 0.9255319248277245,
            "train_f1": 0.8969894710311184,
            "drift": 0.3974202088553033
         },
         "eval_metrics_client": {
            "loss": 0.4322184820969899,
            "accuracy": 0.9199999968210856,
            "f1": 0.8864895163651679
         },
         "eval_metrics_server": {
            "accuracy": 0.9200000166893005,
            "loss": 0.33220919966697693,
            "f1_score": 0.8853046594982079
         },
         "drift_metrics": {
            "drift_median": 0.44741831916097885,
            "drift_mean": 0.35740835673021126,
            "drift_max": 0.4519314451246288,
            "drift_min": 0.17287530590502614,
            "drift_per_client": [
               0.17287530590502614,
               0.4519314451246288,
               0.44741831916097885
            ]
         }
      },
      {
         "round": 5,
         "train_metrics": {
            "train_loss": 0.41761146037766483,
            "train_acc": 0.940677966859381,
            "train_f1": 0.9006715801599873,
            "drift": 0.24625009221297786
         },
         "eval_metrics_client": {
            "loss": 0.4333677291870117,
            "accuracy": 0.9333333373069763,
            "f1": 0.9034653166062905
         },
         "eval_metrics_server": {
            "accuracy": 0.9350000023841858,
            "loss": 0.31906577944755554,
            "f1_score": 0.9045205831588998
         },
         "drift_metrics": {
            "drift_median": 0.1867083025136895,
            "drift_mean": 0.22614261248138046,
            "drift_max": 0.35227866600665103,
            "drift_min": 0.13944086892380086,
            "drift_per_client": [
               0.13944086892380086,
               0.1867083025136895,
               0.35227866600665103
            ]
         }
      },
      {
         "round": 6,
         "train_metrics": {
            "train_loss": 0.41690152822834636,
            "train_acc": 0.9339622609645315,
            "train_f1": 0.8794952672172538,
            "drift": 0.21927493091250422
         },
         "eval_metrics_client": {
            "loss": 0.42896837989489234,
            "accuracy": 0.9449999928474426,
            "f1": 0.9211757977966447
         },
         "eval_metrics_server": {
            "accuracy": 0.9449999928474426,
            "loss": 0.311761736869812,
            "f1_score": 0.9163847820303295
         },
         "drift_metrics": {
            "drift_median": 0.24715966925743457,
            "drift_mean": 0.21133450760322145,
            "drift_max": 0.2502842844463294,
            "drift_min": 0.13655956910590034,
            "drift_per_client": [
               0.13655956910590034,
               0.2502842844463294,
               0.24715966925743457
            ]
         }
      },
      {
         "round": 7,
         "train_metrics": {
            "train_loss": 0.4327408838167195,
            "train_acc": 0.9164265145142416,
            "train_f1": 0.8817020564901561,
            "drift": 0.2343498312873858
         },
         "eval_metrics_client": {
            "loss": 0.4332382380962371,
            "accuracy": 0.9316666722297668,
            "f1": 0.9070279346167985
         },
         "eval_metrics_server": {
            "accuracy": 0.9449999928474426,
            "loss": 0.3119340240955353,
            "f1_score": 0.9178338001867414
         },
         "drift_metrics": {
            "drift_median": 0.15876793740739129,
            "drift_mean": 0.2248938662894009,
            "drift_max": 0.37097578272777615,
            "drift_min": 0.1449378787330353,
            "drift_per_client": [
               0.1449378787330353,
               0.37097578272777615,
               0.15876793740739129
            ]
         }
      },
      {
         "round": 8,
         "train_metrics": {
            "train_loss": 0.435428753277563,
            "train_acc": 0.9242902281532528,
            "train_f1": 0.8914136738501184,
            "drift": 0.21350543094842933
         },
         "eval_metrics_client": {
            "loss": 0.42785218358039856,
            "accuracy": 0.9266666769981384,
            "f1": 0.8955381437444954
         },