{
   "info": {
      "strategy": "FedAvg",
      "seed": 7,
      "init_seed": 7,
      "sampling_seed": 7,
      "data_seed": 2,
      "fraction_train": 0.75,
      "fraction_evaluate": 0.75,
      "local_epochs": 2,
      "num_rounds": 10,
      "num_clients": 5,
      "eta_l": 0.3,
      "iid": true,
      "alpha": null,
      "training_mode": "mitigated",
      "nshots": 1000,
      "model_type": "quantum",
      "base_pauli": 0.005,
      "base_readout": 0.005,
      "noise_scale": 0.002
   },
   "rounds": [
      {
         "round": 0,
         "train_metrics": {},
         "eval_metrics_client": {},
         "eval_metrics_server": {
            "accuracy": 0.4950000047683716,
            "loss": 0.7266889214515686,
            "f1_score": 0.46807109940750496
         }
      },
      {
         "round": 1,
         "train_metrics": {
            "train_loss": 0.4344713947711846,
            "train_acc": 0.896666685740153,
            "train_f1": 0.8615484852125079,
            "drift": 1.6499264462090384
         },
         "eval_metrics_client": {
            "loss": 0.3920811812082926,
            "accuracy": 0.8950000007947285,
            "f1": 0.8618279097768071
         },
         "eval_metrics_server": {
            "accuracy": 0.9049999713897705,
            "loss": 0.40413329005241394,
            "f1_score": 0.86271180317208
         },
         "drift_metrics": {
            "drift_median": 1.6648880561444053,
            "drift_mean": 1.6499264462090386,
            "drift_max": 1.7125574066347922,
            "drift_min": 1.5723338758479184,
            "drift_per_client": [
               1.6648880561444053,
               1.7125574066347922,
               1.5723338758479184
            ]
         }
      },
      {
         "round": 2,
         "train_metrics": {
            "train_loss": 0.3388950385344334,
            "train_acc": 0.9200000166893005,
            "train_f1": 0.8829648217578375,
            "drift": 0.7213840491688697
         },
         "eval_metrics_client": {
            "loss": 0.34028467535972595,
            "accuracy": 0.925000011920929,
            "f1": 0.8906542919093979
         },
         "eval_metrics_server": {
            "accuracy": 0.9449999928474426,
            "loss": 0.33669716119766235,
            "f1_score": 0.9132457904491502
         },
         "drift_metrics": {
            "drift_median": 0.704189609164857,
            "drift_mean": 0.7213840491688698,
            "drift_max": 0.8493080985597483,
            "drift_min": 0.6106544397820037,
            "drift_per_client": [
               0.8493080985597483,
               0.704189609164857,
               0.6106544397820037
            ]
         }
      },
      {
         "round": 3,
         "train_metrics": {
            "train_loss": 0.30852581828068465,
            "train_acc": 0.9399999976158142,
            "train_f1": 0.9057843087290939,
            "drift": 0.4199001384700566
         },
         "eval_metrics_client": {
            "loss": 0.3235750099023183,
            "accuracy": 0.9366666674613953,
            "f1": 0.9055043925780077
         },
         "eval_metrics_server": {
            "accuracy": 0.949999988079071,
            "loss": 0.31738850474357605,
            "f1_score": 0.9233011198036509
         },
         "drift_metrics": {
            "drift_median": 0.4008643870598434,
            "drift_mean": 0.4199001384700565,
            "drift_max": 0.4721225748351328,
            "drift_min": 0.38671345351519354,
            "drift_per_client": [
               0.38671345351519354,
               0.4008643870598434,
               0.4721225748351328
            ]
         }
      },
      {
         "round": 4,
         "train_metrics": {
            "train_loss": 0.2994921237994463,
            "train_acc": 0.943333347638448,
            "train_f1": 0.9114944980777708,
            "drift": 0.21399976165696621
         },
         "eval_metrics_client": {
            "loss": 0.3095887700716654,
            "accuracy": 0.9350000023841858,
            "f1": 0.9046688846795857
         },
         "eval_metrics_server": {
            "accuracy": 0.949999988079071,
            "loss": 0.31317147612571716,
            "f1_score": 0.9246534056660639
         },
         "drift_metrics": {
            "drift_median": 0.22906659897884565,
            "drift_mean": 0.2139997616569663,
            "drift_max": 0.23325972234815312,
            "drift_min": 0.1796729636439,
            "drift_per_client": [
               0.23325972234815312,
               0.22906659897884565,
               0.1796729636439
            ]
         }
      },
      {
         "round": 5,
         "train_metrics": {
            "train_loss": 0.2959514025312204,
            "train_acc": 0.9400000174840291,
            "train_f1": 0.9198563164524263,
            "drift": 0.18377254057990924
         },
         "eval_metrics_client": {
            "loss": 0.3109002113342285,
            "accuracy": 0.9483333428700764,
            "f1": 0.9274835760304202
         },
         "eval_metrics_server": {
            "accuracy": 0.949999988079071,
            "loss": 0.31154966354370117,
            "f1_score": 0.9246534056660639
         },
         "drift_metrics": {
            "drift_median": 0.16051515471942007,
            "drift_mean": 0.18377254057990924,
            "drift_max": 0.26966483851894346,
            "drift_min": 0.12113762850136427,
            "drift_per_client": [
               0.16051515471942007,
               0.12113762850136427,
               0.26966483851894346
            ]
         }
      },
      {
         "round": 6,
         "train_metrics": {
            "train_loss": 0.28973473379245174,
            "train_acc": 0.9366666674613952,
            "train_f1": 0.9097258369782019,
            "drift": 0.18599431542919032
         },
         "eval_metrics_client": {
            "loss": 0.2996110121409098,
            "accuracy": 0.9383333325386047,
            "f1": 0.9116546703460896
         },
         "eval_metrics_server": {
            "accuracy": 0.9449999928474426,
            "loss": 0.3087462782859802,
            "f1_score": 0.9178338001867414
         },
         "drift_metrics": {
            "drift_median": 0.19216378178823232,
            "drift_mean": 0.18599431542919034,
            "drift_max": 0.27072700454586524,
            "drift_min": 0.09509215995347345,
            "drift_per_client": [
               0.27072700454586524,
               0.09509215995347345,
               0.19216378178823232
            ]
         }
      },
      {
         "round": 7,
         "train_metrics": {
            "train_loss": 0.305487076823528,
            "train_acc": 0.9199999968210856,
            "train_f1": 0.8833598551085244,
            "drift": 0.19664404262509907
         },
         "eval_metrics_client": {
            "loss": 0.3087197740872701,
            "accuracy": 0.9416666626930237,
            "f1": 0.9113136033391284
         },
         "eval_metrics_server": {
            "accuracy": 0.9549999833106995,
            "loss": 0.30667462944984436,
            "f1_score": 0.9303378613723441
         },
         "drift_metrics": {
            "drift_median": 0.20126502778651878,
            "drift_mean": 0.19664404262509907,
            "drift_max": 0.2346518550208956,
            "drift_min": 0.1540152450678829,
            "drift_per_client": [
               0.2346518550208956,
               0.20126502778651878,
               0.1540152450678829
            ]
         }
      },
      {
         "round": 8,
         "train_metrics": {
            "train_loss": 0.30529952851625586,
            "train_acc": 0.9266666769981384,
            "train_f1": 0.8870664529560235,
            "drift": 0.18145576458827362
         },
         "eval_metrics_client": {
            "loss": 0.3120072285334269,
            "accuracy": 0.9333333373069763,