{
   "info": {
      "strategy": "FedAvg",
      "seed": 5,
      "init_seed": 5,
      "sampling_seed": 5,
      "data_seed": 2,
      "fraction_train": 0.75,
      "fraction_evaluate": 0.75,
      "local_epochs": 2,
      "num_rounds": 10,
      "num_clients": 5,
      "eta_l": 0.3,
      "iid": true,
      "alpha": null,
      "training_mode": "mitigated",
      "nshots": 1000,
      "model_type": "quantum",
      "base_pauli": 0.005,
      "base_readout": 0.005,
      "noise_scale": 0.002
   },
   "rounds": [
      {
         "round": 0,
         "train_metrics": {},
         "eval_metrics_client": {},
         "eval_metrics_server": {
            "accuracy": 0.6399999856948853,
            "loss": 0.630768895149231,
            "f1_score": 0.6017258546299369
         }
      },
      {
         "round": 1,
         "train_metrics": {
            "train_loss": 0.4695606804811037,
            "train_acc": 0.9066666762034098,
            "train_f1": 0.8191103235180046,
            "drift": 1.1657718005161974
         },
         "eval_metrics_client": {
            "loss": 0.43631554643313086,
            "accuracy": 0.8950000007947285,
            "f1": 0.8073754912534716
         },
         "eval_metrics_server": {
            "accuracy": 0.9200000166893005,
            "loss": 0.4450552463531494,
            "f1_score": 0.8472991028822294
         },
         "drift_metrics": {
            "drift_median": 1.2012238953927175,
            "drift_mean": 1.1657718005161974,
            "drift_max": 1.299595681134612,
            "drift_min": 0.9964958250212629,
            "drift_per_client": [
               1.299595681134612,
               1.2012238953927175,
               0.9964958250212629
            ]
         }
      },
      {
         "round": 2,
         "train_metrics": {
            "train_loss": 0.3810908175431765,
            "train_acc": 0.8633333245913187,
            "train_f1": 0.6800618892333605,
            "drift": 0.6980560968189555
         },
         "eval_metrics_client": {
            "loss": 0.38192816575368244,
            "accuracy": 0.8599999944368997,
            "f1": 0.6977131336560379
         },
         "eval_metrics_server": {
            "accuracy": 0.8700000047683716,
            "loss": 0.38306859135627747,
            "f1_score": 0.7028571428571428
         },
         "drift_metrics": {
            "drift_median": 0.7028304758974365,
            "drift_mean": 0.6980560968189556,
            "drift_max": 0.721671410521998,
            "drift_min": 0.6696664040374324,
            "drift_per_client": [
               0.7028304758974365,
               0.6696664040374324,
               0.721671410521998
            ]
         }
      },
      {
         "round": 3,
         "train_metrics": {
            "train_loss": 0.35106697296484923,
            "train_acc": 0.9000000158945719,
            "train_f1": 0.7893176185132409,
            "drift": 0.3174303484509632
         },
         "eval_metrics_client": {
            "loss": 0.37212933103243506,
            "accuracy": 0.865000009536743,
            "f1": 0.7485258381433602
         },
         "eval_metrics_server": {
            "accuracy": 0.8799999952316284,
            "loss": 0.3737790584564209,
            "f1_score": 0.7347480106100795
         },
         "drift_metrics": {
            "drift_median": 0.3257270674138764,
            "drift_mean": 0.31743034845096313,
            "drift_max": 0.34707885067463956,
            "drift_min": 0.2794851272643735,
            "drift_per_client": [
               0.3257270674138764,
               0.2794851272643735,
               0.34707885067463956
            ]
         }
      },
      {
         "round": 4,
         "train_metrics": {
            "train_loss": 0.36588984460402757,
            "train_acc": 0.9266666571299235,
            "train_f1": 0.888869694464131,
            "drift": 0.3050269462284143
         },
         "eval_metrics_client": {
            "loss": 0.3652981420358022,
            "accuracy": 0.9316666722297668,
            "f1": 0.8922895055829624
         },
         "eval_metrics_server": {
            "accuracy": 0.9300000071525574,
            "loss": 0.36713501811027527,
            "f1_score": 0.8697916666666667
         },
         "drift_metrics": {
            "drift_median": 0.25494778632435905,
            "drift_mean": 0.3050269462284143,
            "drift_max": 0.4350731612293009,
            "drift_min": 0.22505989113158295,
            "drift_per_client": [
               0.4350731612293009,
               0.22505989113158295,
               0.25494778632435905
            ]
         }
      },
      {
         "round": 5,
         "train_metrics": {
            "train_loss": 0.35653924216062594,
            "train_acc": 0.9299999872843424,
            "train_f1": 0.8952259627348214,
            "drift": 0.36568031274977036
         },
         "eval_metrics_client": {
            "loss": 0.35410488645235694,
            "accuracy": 0.9399999976158142,
            "f1": 0.9084765758885511
         },
         "eval_metrics_server": {
            "accuracy": 0.9449999928474426,
            "loss": 0.35578805208206177,
            "f1_score": 0.9058178860396421
         },
         "drift_metrics": {
            "drift_median": 0.2787237662785045,
            "drift_mean": 0.36568031274977036,
            "drift_max": 0.5431220469558984,
            "drift_min": 0.2751951250149082,
            "drift_per_client": [
               0.2787237662785045,
               0.5431220469558984,
               0.2751951250149082
            ]
         }
      },
      {
         "round": 6,
         "train_metrics": {
            "train_loss": 0.3416422762167759,
            "train_acc": 0.9266666571299235,
            "train_f1": 0.8918390694616213,
            "drift": 0.380220311205289
         },
         "eval_metrics_client": {
            "loss": 0.339236319065094,
            "accuracy": 0.9333333373069763,
            "f1": 0.9008790858780602
         },
         "eval_metrics_server": {
            "accuracy": 0.9399999976158142,
            "loss": 0.3425510823726654,
            "f1_score": 0.90625
         },
         "drift_metrics": {
            "drift_median": 0.3038923327530679,
            "drift_mean": 0.38022031120528904,
            "drift_max": 0.5351822519693225,
            "drift_min": 0.3015863488934767,
            "drift_per_client": [
               0.3038923327530679,
               0.5351822519693225,
               0.3015863488934767
            ]
         }
      },
      {
         "round": 7,
         "train_metrics": {
            "train_loss": 0.3315575092266767,
            "train_acc": 0.95333331823349,
            "train_f1": 0.927548174709043,
            "drift": 0.2908759624777421
         },
         "eval_metrics_client": {
            "loss": 0.32900136709213257,
            "accuracy": 0.9416666626930237,
            "f1": 0.9136383034960694
         },
         "eval_metrics_server": {
            "accuracy": 0.9449999928474426,
            "loss": 0.33303001523017883,
            "f1_score": 0.9148573861217539
         },
         "drift_metrics": {
            "drift_median": 0.3031404906786959,
            "drift_mean": 0.2908759624777421,
            "drift_max": 0.31835417774047076,
            "drift_min": 0.25113321901405966,
            "drift_per_client": [
               0.3031404906786959,
               0.31835417774047076,
               0.25113321901405966
            ]
         }
      },
      {
         "round": 8,
         "train_metrics": {
            "train_loss": 0.3061186548991081,
            "train_acc": 0.9433333277702332,
            "train_f1": 0.9139157842491672,
            "drift": 0.27345188700512973
         },
         "eval_metrics_client": {
            "loss": 0.32636358340581256,
            "accuracy": 0.9366666674613953,
            "f1": 0.9133269828517464
         },