{
   "info": {
      "strategy": "FedAvg",
      "seed": 2,
      "init_seed": 2,
      "sampling_seed": 2,
      "data_seed": 2,
      "fraction_train": 0.75,
      "fraction_evaluate": 0.75,
      "local_epochs": 2,
      "num_rounds": 10,
      "num_clients": 5,
      "eta_l": 0.3,
      "iid": true,
      "alpha": null,
      "training_mode": "mitigated",
      "nshots": 1000,
      "model_type": "quantum",
      "base_pauli": 0.005,
      "base_readout": 0.005,
      "noise_scale": 0.002
   },
   "rounds": [
      {
         "round": 0,
         "train_metrics": {},
         "eval_metrics_client": {},
         "eval_metrics_server": {
            "accuracy": 0.6800000071525574,
            "loss": 0.6009007096290588,
            "f1_score": 0.6259934548854604
         }
      },
      {
         "round": 1,
         "train_metrics": {
            "train_loss": 0.5375246642491756,
            "train_acc": 0.7733333508173623,
            "train_f1": 0.7043028008468077,
            "drift": 0.9012716639144047
         },
         "eval_metrics_client": {
            "loss": 0.5032434364159901,
            "accuracy": 0.7566666603088378,
            "f1": 0.7027484642427171
         },
         "eval_metrics_server": {
            "accuracy": 0.7950000166893005,
            "loss": 0.5142626166343689,
            "f1_score": 0.7384453446461038
         },
         "drift_metrics": {
            "drift_median": 0.877899553470655,
            "drift_mean": 0.9012716639144048,
            "drift_max": 0.977136155686282,
            "drift_min": 0.8487792825862777,
            "drift_per_client": [
               0.877899553470655,
               0.8487792825862777,
               0.977136155686282
            ]
         }
      },
      {
         "round": 2,
         "train_metrics": {
            "train_loss": 0.4394124387166438,
            "train_acc": 0.893333335717519,
            "train_f1": 0.8410790598290598,
            "drift": 0.9124752149772534
         },
         "eval_metrics_client": {
            "loss": 0.39752407868703205,
            "accuracy": 0.8999999960263569,
            "f1": 0.8581026378670691
         },
         "eval_metrics_server": {
            "accuracy": 0.8849999904632568,
            "loss": 0.4254307150840759,
            "f1_score": 0.8364095451474092
         },
         "drift_metrics": {
            "drift_median": 0.8430486359051781,
            "drift_mean": 0.9124752149772535,
            "drift_max": 1.096018075407309,
            "drift_min": 0.7983589336192735,
            "drift_per_client": [
               1.096018075407309,
               0.7983589336192735,
               0.8430486359051781
            ]
         }
      },
      {
         "round": 3,
         "train_metrics": {
            "train_loss": 0.3427557773314989,
            "train_acc": 0.9233333269755045,
            "train_f1": 0.8922133514061172,
            "drift": 0.8273571760780296
         },
         "eval_metrics_client": {
            "loss": 0.33249764641125995,
            "accuracy": 0.924999992052714,
            "f1": 0.8964176333300686
         },
         "eval_metrics_server": {
            "accuracy": 0.925000011920929,
            "loss": 0.35362663865089417,
            "f1_score": 0.8859792482231765
         },
         "drift_metrics": {
            "drift_median": 0.856007835124244,
            "drift_mean": 0.8273571760780296,
            "drift_max": 0.8819560106852985,
            "drift_min": 0.7441076824245461,
            "drift_per_client": [
               0.856007835124244,
               0.7441076824245461,
               0.8819560106852985
            ]
         }
      },
      {
         "round": 4,
         "train_metrics": {
            "train_loss": 0.3140901995775027,
            "train_acc": 0.9266666571299235,
            "train_f1": 0.905525604932259,
            "drift": 0.422661756234874
         },
         "eval_metrics_client": {
            "loss": 0.3185659945011139,
            "accuracy": 0.9233333468437195,
            "f1": 0.8977967198446324
         },
         "eval_metrics_server": {
            "accuracy": 0.9300000071525574,
            "loss": 0.3278005123138428,
            "f1_score": 0.8926215677251113
         },
         "drift_metrics": {
            "drift_median": 0.4143495521888507,
            "drift_mean": 0.42266175623487406,
            "drift_max": 0.44017017341272124,
            "drift_min": 0.4134655431030502,
            "drift_per_client": [
               0.4134655431030502,
               0.4143495521888507,
               0.44017017341272124
            ]
         }
      },
      {
         "round": 5,
         "train_metrics": {
            "train_loss": 0.3177936560450456,
            "train_acc": 0.9166666865348816,
            "train_f1": 0.8879695586434306,
            "drift": 0.311571811844369
         },
         "eval_metrics_client": {
            "loss": 0.32511507471402484,
            "accuracy": 0.9233333468437195,
            "f1": 0.8914677405158848
         },
         "eval_metrics_server": {
            "accuracy": 0.9449999928474426,
            "loss": 0.31553271412849426,
            "f1_score": 0.9163847820303295
         },
         "drift_metrics": {
            "drift_median": 0.3104727616649518,
            "drift_mean": 0.31157181184436894,
            "drift_max": 0.37081611217561067,
            "drift_min": 0.25342656169254446,
            "drift_per_client": [
               0.25342656169254446,
               0.3104727616649518,
               0.37081611217561067
            ]
         }
      },
      {
         "round": 6,
         "train_metrics": {
            "train_loss": 0.30647215438194764,
            "train_acc": 0.9166666865348816,
            "train_f1": 0.8767857077128741,
            "drift": 0.26786722531984025
         },
         "eval_metrics_client": {
            "loss": 0.31653767824172974,
            "accuracy": 0.9350000023841858,
            "f1": 0.9036889331913962
         },
         "eval_metrics_server": {
            "accuracy": 0.949999988079071,
            "loss": 0.31039753556251526,
            "f1_score": 0.9246534056660639
         },
         "drift_metrics": {
            "drift_median": 0.2710696851339343,
            "drift_mean": 0.26786722531984025,
            "drift_max": 0.3069170038545334,
            "drift_min": 0.2256149869710531,
            "drift_per_client": [
               0.3069170038545334,
               0.2256149869710531,
               0.2710696851339343
            ]
         }
      },
      {
         "round": 7,
         "train_metrics": {
            "train_loss": 0.292998391466263,
            "train_acc": 0.9333333373069763,
            "train_f1": 0.8927800591999555,
            "drift": 0.20770492469618254
         },
         "eval_metrics_client": {
            "loss": 0.30988311767578125,
            "accuracy": 0.9416666626930237,
            "f1": 0.9126242446039129
         },
         "eval_metrics_server": {
            "accuracy": 0.9549999833106995,
            "loss": 0.3079228699207306,
            "f1_score": 0.9303378613723441
         },
         "drift_metrics": {
            "drift_median": 0.21186825829424216,
            "drift_mean": 0.20770492469618254,
            "drift_max": 0.2221862114381181,
            "drift_min": 0.1890603043561874,
            "drift_per_client": [
               0.2221862114381181,
               0.1890603043561874,
               0.21186825829424216
            ]
         }
      },
      {
         "round": 8,
         "train_metrics": {
            "train_loss": 0.2925991240220192,
            "train_acc": 0.9366666674613953,
            "train_f1": 0.9081801907392006,
            "drift": 0.19073059564028363
         },
         "eval_metrics_client": {
            "loss": 0.3268050452073415,
            "accuracy": 0.9316666722297668,
            "f1": 0.8977786024268484
         },