{
    "0": {
        "loss_median": 0.630768895149231,
        "loss_mad": 0.02757185697555542,
        "accuracy_median": 0.6349999904632568,
        "accuracy_mad": 0.0350000262260437,
        "f1_median": 0.6017258546299369,
        "f1_mad": 0.025139817011854193
    },
    "1": {
        "loss_median": 0.4533258378505707,
        "loss_mad": 0.038571327924728394,
        "accuracy_median": 0.8799999952316284,
        "accuracy_mad": 0.02499997615814209,
        "f1_median": 0.833124739257405,
        "f1_mad": 0.027762143197134548
    },
    "2": {
        "loss_median": 0.3947862684726715,
        "loss_mad": 0.02026250958442688,
        "accuracy_median": 0.9049999713897705,
        "accuracy_mad": 0.025000035762786865,
        "f1_median": 0.86271180317208,
        "f1_mad": 0.03180296476040945
    },
    "3": {
        "loss_median": 0.37164896726608276,
        "loss_mad": 0.02887555956840515,
        "accuracy_median": 0.9200000166893005,
        "accuracy_mad": 0.004999995231628418,
        "f1_median": 0.8751423010539459,
        "f1_mad": 0.012914976140053769
    },
    "4": {
        "loss_median": 0.3351627588272095,
        "loss_mad": 0.02652597427368164,
        "accuracy_median": 0.925000011920929,
        "accuracy_mad": 0.009999990463256836,
        "f1_median": 0.8751423010539459,
        "f1_mad": 0.012812881018883227
    },
    "5": {
        "loss_median": 0.3156301975250244,
        "loss_mad": 0.008345365524291992,
        "accuracy_median": 0.9300000071525574,
        "accuracy_mad": 0.009999990463256836,
        "f1_median": 0.8879551820728291,
        "f1_mad": 0.020006161691551894
    },
    "6": {
        "loss_median": 0.3094077408313751,
        "loss_mad": 0.0029717981815338135,
        "accuracy_median": 0.9300000071525574,
        "accuracy_mad": 0.004999995231628418,
        "f1_median": 0.8945147679324894,
        "f1_mad": 0.013446575831891572
    },
    "7": {
        "loss_median": 0.30808746814727783,
        "loss_mad": 0.002537548542022705,
        "accuracy_median": 0.9300000071525574,
        "accuracy_mad": 0.009999990463256836,
        "f1_median": 0.8879551820728291,
        "f1_mad": 0.020006161691551894
    },
    "8": {
        "loss_median": 0.30748775601387024,
        "loss_mad": 0.0019710958003997803,
        "accuracy_median": 0.9300000071525574,
        "accuracy_mad": 0.004999995231628418,
        "f1_median": 0.8879551820728291,
        "f1_mad": 0.018163515406162345
    },
    "9": {
        "loss_median": 0.30691060423851013,
        "loss_mad": 0.0013925433158874512,
        "accuracy_median": 0.9300000071525574,
        "accuracy_mad": 0.004999995231628418,
        "f1_median": 0.8879551820728291,
        "f1_mad": 0.021628904726447518
    },
    "10": {
        "loss_median": 0.3063516318798065,
        "loss_mad": 0.0005004405975341797,
        "accuracy_median": 0.9300000071525574,
        "accuracy_mad": 0.004999995231628418,
        "f1_median": 0.8945147679324894,
        "f1_mad": 0.023319032254252026
    }
}