{
   "info": {
      "strategy": "FedAdagrad",
      "seed": 4,
      "sampling_seed": 4,
      "local_epochs": 2,
      "num_rounds": 10,
      "num_clients": 5,
      "eta": 0.3,
      "eta_l": 0.2,
      "iid": true,
      "alpha": null,
      "training_mode": "noiseless",
      "nshots": 1000,
      "model_type": "quantum"
   },
   "rounds": [
      {
         "round": 0,
         "train_metrics": {},
         "eval_metrics_client": {},
         "eval_metrics_server": {
            "accuracy": 0.6700000166893005,
            "loss": 0.6031970381736755,
            "f1_score": 0.6268656716417911
         }
      },
      {
         "round": 1,
         "train_metrics": {
            "train_loss": 0.4899835311449491,
            "train_acc": 0.8599999944368998,
            "train_f1": 0.8171219361108017,
            "drift": 0.938995350374354
         },
         "eval_metrics_client": {
            "loss": 0.5043274462223053,
            "accuracy": 0.7816666762034098,
            "f1": 0.7333833415001838
         },
         "eval_metrics_server": {
            "accuracy": 0.7599999904632568,
            "loss": 0.4970811903476715,
            "f1_score": 0.6919522525991528
         },
         "drift_metrics": {
            "drift_median": 0.9188701866313278,
            "drift_mean": 0.9389953503743541,
            "drift_max": 1.0149330302960673,
            "drift_min": 0.8831828341956669,
            "drift_per_client": [
               0.8831828341956669,
               1.0149330302960673,
               0.9188701866313278
            ]
         }
      },
      {
         "round": 2,
         "train_metrics": {
            "train_loss": 0.4061949742146027,
            "train_acc": 0.896666665871938,
            "train_f1": 0.8687536423138672,
            "drift": 0.6801044088300467
         },
         "eval_metrics_client": {
            "loss": 0.4514645238717397,
            "accuracy": 0.8233333230018616,
            "f1": 0.775294477113884
         },
         "eval_metrics_server": {
            "accuracy": 0.8899999856948853,
            "loss": 0.4418703317642212,
            "f1_score": 0.837061176122056
         },
         "drift_metrics": {
            "drift_median": 0.7291654824491093,
            "drift_mean": 0.6801044088300467,
            "drift_max": 0.7295360763634091,
            "drift_min": 0.581611667677622,
            "drift_per_client": [
               0.581611667677622,
               0.7295360763634091,
               0.7291654824491093
            ]
         }
      },
      {
         "round": 3,
         "train_metrics": {
            "train_loss": 0.39398910105228424,
            "train_acc": 0.9166666865348816,
            "train_f1": 0.8833396815056311,
            "drift": 0.5480157111733273
         },
         "eval_metrics_client": {
            "loss": 0.41327504316965735,
            "accuracy": 0.9033333460489908,
            "f1": 0.8670516464269136
         },
         "eval_metrics_server": {
            "accuracy": 0.9350000023841858,
            "loss": 0.40817713737487793,
            "f1_score": 0.8993769108711638
         },
         "drift_metrics": {
            "drift_median": 0.5526099296548814,
            "drift_mean": 0.5480157111733273,
            "drift_max": 0.6053159496330568,
            "drift_min": 0.48612125423204355,
            "drift_per_client": [
               0.6053159496330568,
               0.48612125423204355,
               0.5526099296548814
            ]
         }
      },
      {
         "round": 4,
         "train_metrics": {
            "train_loss": 0.36193599379979646,
            "train_acc": 0.9199999968210856,
            "train_f1": 0.873912451504334,
            "drift": 0.5286270525620098
         },
         "eval_metrics_client": {
            "loss": 0.3835510313510894,
            "accuracy": 0.9116666714350382,
            "f1": 0.8701378267501608
         },
         "eval_metrics_server": {
            "accuracy": 0.949999988079071,
            "loss": 0.3755309283733368,
            "f1_score": 0.9187784275503574
         },
         "drift_metrics": {
            "drift_median": 0.5068122391392162,
            "drift_mean": 0.5286270525620098,
            "drift_max": 0.6135094812289072,
            "drift_min": 0.4655594373179059,
            "drift_per_client": [
               0.5068122391392162,
               0.4655594373179059,
               0.6135094812289072
            ]
         }
      },
      {
         "round": 5,
         "train_metrics": {
            "train_loss": 0.3239636172850927,
            "train_acc": 0.9433333277702332,
            "train_f1": 0.9037570031162114,
            "drift": 0.4657527086498755
         },
         "eval_metrics_client": {
            "loss": 0.3536588251590729,
            "accuracy": 0.9416666626930237,
            "f1": 0.9103417657040682
         },
         "eval_metrics_server": {
            "accuracy": 0.949999988079071,
            "loss": 0.3520156145095825,
            "f1_score": 0.9187784275503574
         },
         "drift_metrics": {
            "drift_median": 0.43866270782830197,
            "drift_mean": 0.46575270864987556,
            "drift_max": 0.536258174770308,
            "drift_min": 0.4223372433510167,
            "drift_per_client": [
               0.43866270782830197,
               0.536258174770308,
               0.4223372433510167
            ]
         }
      },
      {
         "round": 6,
         "train_metrics": {
            "train_loss": 0.31061867834665835,
            "train_acc": 0.9500000079472859,
            "train_f1": 0.9252050074889521,
            "drift": 0.4052259684624717
         },
         "eval_metrics_client": {
            "loss": 0.3364059726397196,
            "accuracy": 0.9449999928474426,
            "f1": 0.9200877030854224
         },
         "eval_metrics_server": {
            "accuracy": 0.9449999928474426,
            "loss": 0.33742445707321167,
            "f1_score": 0.9132457904491502
         },
         "drift_metrics": {
            "drift_median": 0.4216804622640614,
            "drift_mean": 0.4052259684624717,
            "drift_max": 0.4477847957662715,
            "drift_min": 0.3462126473570823,
            "drift_per_client": [
               0.3462126473570823,
               0.4216804622640614,
               0.4477847957662715
            ]
         }
      },
      {
         "round": 7,
         "train_metrics": {
            "train_loss": 0.3133080552021662,
            "train_acc": 0.9400000174840291,
            "train_f1": 0.9212367243425299,
            "drift": 0.3244881168533047
         },
         "eval_metrics_client": {
            "loss": 0.32715702056884766,
            "accuracy": 0.9383333325386047,
            "f1": 0.9156222430116054
         },
         "eval_metrics_server": {
            "accuracy": 0.9399999976158142,
            "loss": 0.32953792810440063,
            "f1_score": 0.9111242778847578
         },
         "drift_metrics": {
            "drift_median": 0.3438338040682303,
            "drift_mean": 0.3244881168533047,
            "drift_max": 0.35561886321735964,
            "drift_min": 0.2740116832743243,
            "drift_per_client": [
               0.3438338040682303,
               0.35561886321735964,
               0.2740116832743243
            ]
         }
      },
      {
         "round": 8,
         "train_metrics": {
            "train_loss": 0.32439918586840993,
            "train_acc": 0.9166666865348816,
            "train_f1": 0.8832152994206945,
            "drift": 0.28169820028408954
         },
         "eval_metrics_client": {
            "loss": 0.3229632278283437,
            "accuracy": 0.9366666674613953,
            "f1": 0.9076757055297702
         },
         "eval_metrics_server": {
            "accuracy": 0.9399999976158142,
            "loss": 0.3218754231929779,
            "f1_score": 0.9111242778847578
         },