{
   "info": {
      "strategy": "FedAdagrad",
      "seed": 6,
      "sampling_seed": 6,
      "local_epochs": 2,
      "num_rounds": 10,
      "num_clients": 5,
      "eta": 0.3,
      "eta_l": 0.2,
      "iid": true,
      "alpha": null,
      "training_mode": "noiseless",
      "nshots": 1000,
      "model_type": "quantum"
   },
   "rounds": [
      {
         "round": 0,
         "train_metrics": {},
         "eval_metrics_client": {},
         "eval_metrics_server": {
            "accuracy": 0.6349999904632568,
            "loss": 0.6415873169898987,
            "f1_score": 0.6027318984517428
         }
      },
      {
         "round": 1,
         "train_metrics": {
            "train_loss": 0.4951145694806025,
            "train_acc": 0.8466666738192239,
            "train_f1": 0.7942964001870032,
            "drift": 0.8987208939309506
         },
         "eval_metrics_client": {
            "loss": 0.48579189181327814,
            "accuracy": 0.8216666579246521,
            "f1": 0.7672786718429134
         },
         "eval_metrics_server": {
            "accuracy": 0.8299999833106995,
            "loss": 0.4952112138271332,
            "f1_score": 0.7762863534675615
         },
         "drift_metrics": {
            "drift_median": 0.9158974172908974,
            "drift_mean": 0.8987208939309507,
            "drift_max": 0.9297672430603474,
            "drift_min": 0.8504980214416072,
            "drift_per_client": [
               0.8504980214416072,
               0.9158974172908974,
               0.9297672430603474
            ]
         }
      },
      {
         "round": 2,
         "train_metrics": {
            "train_loss": 0.4378022666160877,
            "train_acc": 0.8566666642824807,
            "train_f1": 0.8210206955122474,
            "drift": 0.5353053044766936
         },
         "eval_metrics_client": {
            "loss": 0.4495660662651062,
            "accuracy": 0.8549999992052714,
            "f1": 0.8126518629540322
         },
         "eval_metrics_server": {
            "accuracy": 0.8700000047683716,
            "loss": 0.45178887248039246,
            "f1_score": 0.8266666666666667
         },
         "drift_metrics": {
            "drift_median": 0.5355838839746173,
            "drift_mean": 0.5353053044766937,
            "drift_max": 0.5963955050071003,
            "drift_min": 0.47393652444836315,
            "drift_per_client": [
               0.47393652444836315,
               0.5963955050071003,
               0.5355838839746173
            ]
         }
      },
      {
         "round": 3,
         "train_metrics": {
            "train_loss": 0.38942037178919864,
            "train_acc": 0.8900000055631001,
            "train_f1": 0.8558147927430546,
            "drift": 0.5411194070659642
         },
         "eval_metrics_client": {
            "loss": 0.40154886245727534,
            "accuracy": 0.865000009536743,
            "f1": 0.825151255127561
         },
         "eval_metrics_server": {
            "accuracy": 0.8600000143051147,
            "loss": 0.41727760434150696,
            "f1_score": 0.8157652322674036
         },
         "drift_metrics": {
            "drift_median": 0.5392823354918487,
            "drift_mean": 0.5411194070659642,
            "drift_max": 0.6241733837755462,
            "drift_min": 0.4599025019304977,
            "drift_per_client": [
               0.6241733837755462,
               0.4599025019304977,
               0.5392823354918487
            ]
         }
      },
      {
         "round": 4,
         "train_metrics": {
            "train_loss": 0.35306008695027763,
            "train_acc": 0.896666665871938,
            "train_f1": 0.859683911767245,
            "drift": 0.5017707389887194
         },
         "eval_metrics_client": {
            "loss": 0.37454966704050696,
            "accuracy": 0.8716666698455809,
            "f1": 0.8374195422954002
         },
         "eval_metrics_server": {
            "accuracy": 0.8500000238418579,
            "loss": 0.3912566304206848,
            "f1_score": 0.8050935550935552
         },
         "drift_metrics": {
            "drift_median": 0.5331584417482107,
            "drift_mean": 0.5017707389887195,
            "drift_max": 0.5524078065969904,
            "drift_min": 0.4197459686209572,
            "drift_per_client": [
               0.4197459686209572,
               0.5524078065969904,
               0.5331584417482107
            ]
         }
      },
      {
         "round": 5,
         "train_metrics": {
            "train_loss": 0.33587974042464525,
            "train_acc": 0.9166666865348816,
            "train_f1": 0.8802142343178841,
            "drift": 0.4477705633897603
         },
         "eval_metrics_client": {
            "loss": 0.3600536783536275,
            "accuracy": 0.8899999856948851,
            "f1": 0.8603025662103307
         },
         "eval_metrics_server": {
            "accuracy": 0.8700000047683716,
            "loss": 0.3719857931137085,
            "f1_score": 0.8266666666666667
         },
         "drift_metrics": {
            "drift_median": 0.47039180822779425,
            "drift_mean": 0.44777056338976023,
            "drift_max": 0.5130650518263501,
            "drift_min": 0.35985483011513647,
            "drift_per_client": [
               0.47039180822779425,
               0.5130650518263501,
               0.35985483011513647
            ]
         }
      },
      {
         "round": 6,
         "train_metrics": {
            "train_loss": 0.3404188931752474,
            "train_acc": 0.9066666762034098,
            "train_f1": 0.8643730736039011,
            "drift": 0.3943057629755675
         },
         "eval_metrics_client": {
            "loss": 0.3512240946292877,
            "accuracy": 0.8899999856948851,
            "f1": 0.8510935018035866
         },
         "eval_metrics_server": {
            "accuracy": 0.8899999856948853,
            "loss": 0.35747596621513367,
            "f1_score": 0.8492324561403509
         },
         "drift_metrics": {
            "drift_median": 0.3884859080910628,
            "drift_mean": 0.3943057629755676,
            "drift_max": 0.4764486425033936,
            "drift_min": 0.3179827383322463,
            "drift_per_client": [
               0.3179827383322463,
               0.3884859080910628,
               0.4764486425033936
            ]
         }
      },
      {
         "round": 7,
         "train_metrics": {
            "train_loss": 0.333807484461711,
            "train_acc": 0.9033333460489908,
            "train_f1": 0.8742010114132337,
            "drift": 0.31264789127358267
         },
         "eval_metrics_client": {
            "loss": 0.34171029925346375,
            "accuracy": 0.8866666555404662,
            "f1": 0.8479716386688405
         },
         "eval_metrics_server": {
            "accuracy": 0.8899999856948853,
            "loss": 0.34833231568336487,
            "f1_score": 0.8492324561403509
         },
         "drift_metrics": {
            "drift_median": 0.30871726660776017,
            "drift_mean": 0.31264789127358267,
            "drift_max": 0.3444306787260503,
            "drift_min": 0.28479572848693757,
            "drift_per_client": [
               0.28479572848693757,
               0.30871726660776017,
               0.3444306787260503
            ]
         }
      },
      {
         "round": 8,
         "train_metrics": {
            "train_loss": 0.31307245217836815,
            "train_acc": 0.9133333365122477,
            "train_f1": 0.8822388132468176,
            "drift": 0.3087842836056686
         },
         "eval_metrics_client": {
            "loss": 0.3241167565186818,
            "accuracy": 0.8949999809265136,
            "f1": 0.8584247624393393
         },
         "eval_metrics_server": {
            "accuracy": 0.9150000214576721,
            "loss": 0.3390226364135742,