{
   "info": {
      "strategy": "FedAdagrad",
      "seed": 5,
      "sampling_seed": 5,
      "local_epochs": 2,
      "num_rounds": 10,
      "num_clients": 5,
      "eta": 0.3,
      "eta_l": 0.2,
      "iid": true,
      "alpha": null,
      "training_mode": "noiseless",
      "nshots": 1000,
      "model_type": "quantum"
   },
   "rounds": [
      {
         "round": 0,
         "train_metrics": {},
         "eval_metrics_client": {},
         "eval_metrics_server": {
            "accuracy": 0.6399999856948853,
            "loss": 0.630768895149231,
            "f1_score": 0.6017258546299369
         }
      },
      {
         "round": 1,
         "train_metrics": {
            "train_loss": 0.5106506874928107,
            "train_acc": 0.8666666746139526,
            "train_f1": 0.7963614502352694,
            "drift": 0.8370753200972196
         },
         "eval_metrics_client": {
            "loss": 0.47987188895543414,
            "accuracy": 0.8816666603088378,
            "f1": 0.8050864591739603
         },
         "eval_metrics_server": {
            "accuracy": 0.8600000143051147,
            "loss": 0.5062673687934875,
            "f1_score": 0.7575757575757576
         },
         "drift_metrics": {
            "drift_median": 0.8741466524415864,
            "drift_mean": 0.8370753200972197,
            "drift_max": 0.9406016097616788,
            "drift_min": 0.6964776980883938,
            "drift_per_client": [
               0.6964776980883938,
               0.9406016097616788,
               0.8741466524415864
            ]
         }
      },
      {
         "round": 2,
         "train_metrics": {
            "train_loss": 0.4035806449560018,
            "train_acc": 0.8766666849454243,
            "train_f1": 0.7257058605570464,
            "drift": 0.7214251515640413
         },
         "eval_metrics_client": {
            "loss": 0.42673767606417334,
            "accuracy": 0.8799999952316283,
            "f1": 0.758474085940841
         },
         "eval_metrics_server": {
            "accuracy": 0.8899999856948853,
            "loss": 0.4336283802986145,
            "f1_score": 0.771594684385382
         },
         "drift_metrics": {
            "drift_median": 0.7245189852922916,
            "drift_mean": 0.7214251515640414,
            "drift_max": 0.7377293409113663,
            "drift_min": 0.7020271284884663,
            "drift_per_client": [
               0.7377293409113663,
               0.7020271284884663,
               0.7245189852922916
            ]
         }
      },
      {
         "round": 3,
         "train_metrics": {
            "train_loss": 0.36335600912570953,
            "train_acc": 0.8866666555404663,
            "train_f1": 0.7596103247476178,
            "drift": 0.5181391811025599
         },
         "eval_metrics_client": {
            "loss": 0.4026376406351725,
            "accuracy": 0.8700000047683715,
            "f1": 0.7695684959973275
         },
         "eval_metrics_server": {
            "accuracy": 0.8949999809265137,
            "loss": 0.40171149373054504,
            "f1_score": 0.7851772287862513
         },
         "drift_metrics": {
            "drift_median": 0.5226297710957537,
            "drift_mean": 0.5181391811025599,
            "drift_max": 0.5247859890931229,
            "drift_min": 0.5070017831188032,
            "drift_per_client": [
               0.5070017831188032,
               0.5226297710957537,
               0.5247859890931229
            ]
         }
      },
      {
         "round": 4,
         "train_metrics": {
            "train_loss": 0.3717711094098213,
            "train_acc": 0.9399999976158142,
            "train_f1": 0.8976028826328227,
            "drift": 0.4424769812728422
         },
         "eval_metrics_client": {
            "loss": 0.38195433219273883,
            "accuracy": 0.9166666467984517,
            "f1": 0.8651938728982544
         },
         "eval_metrics_server": {
            "accuracy": 0.9150000214576721,
            "loss": 0.38162100315093994,
            "f1_score": 0.8355819913922337
         },
         "drift_metrics": {
            "drift_median": 0.40879770243226443,
            "drift_mean": 0.44247698127284224,
            "drift_max": 0.5142154109313903,
            "drift_min": 0.40441783045487195,
            "drift_per_client": [
               0.40441783045487195,
               0.40879770243226443,
               0.5142154109313903
            ]
         }
      },
      {
         "round": 5,
         "train_metrics": {
            "train_loss": 0.36025253664224577,
            "train_acc": 0.9566666682561238,
            "train_f1": 0.9320939462144147,
            "drift": 0.41797036025450707
         },
         "eval_metrics_client": {
            "loss": 0.36331700285275775,
            "accuracy": 0.9550000031789143,
            "f1": 0.9277735555293153
         },
         "eval_metrics_server": {
            "accuracy": 0.9700000286102295,
            "loss": 0.36973485350608826,
            "f1_score": 0.9491869918699187
         },
         "drift_metrics": {
            "drift_median": 0.3747905899475443,
            "drift_mean": 0.4179703602545071,
            "drift_max": 0.516807852773481,
            "drift_min": 0.36231263804249614,
            "drift_per_client": [
               0.3747905899475443,
               0.36231263804249614,
               0.516807852773481
            ]
         }
      },
      {
         "round": 6,
         "train_metrics": {
            "train_loss": 0.34292897983239246,
            "train_acc": 0.9533333381017048,
            "train_f1": 0.9297483401649472,
            "drift": 0.4002249912072269
         },
         "eval_metrics_client": {
            "loss": 0.34976398944854736,
            "accuracy": 0.9616666833559672,
            "f1": 0.939873997819564
         },
         "eval_metrics_server": {
            "accuracy": 0.9649999737739563,
            "loss": 0.35464149713516235,
            "f1_score": 0.9425641025641025
         },
         "drift_metrics": {
            "drift_median": 0.35275014352008993,
            "drift_mean": 0.4002249912072269,
            "drift_max": 0.4990250461337678,
            "drift_min": 0.348899783967823,
            "drift_per_client": [
               0.35275014352008993,
               0.4990250461337678,
               0.348899783967823
            ]
         }
      },
      {
         "round": 7,
         "train_metrics": {
            "train_loss": 0.33124411488190675,
            "train_acc": 0.9700000087420144,
            "train_f1": 0.949093138577569,
            "drift": 0.3177644947883069
         },
         "eval_metrics_client": {
            "loss": 0.34541436036427814,
            "accuracy": 0.9633333285649617,
            "f1": 0.943005185329401
         },
         "eval_metrics_server": {
            "accuracy": 0.9750000238418579,
            "loss": 0.3467741310596466,
            "f1_score": 0.9581081647186963
         },
         "drift_metrics": {
            "drift_median": 0.31664915198477295,
            "drift_mean": 0.3177644947883069,
            "drift_max": 0.3338658165513775,
            "drift_min": 0.3027785158287702,
            "drift_per_client": [
               0.3338658165513775,
               0.3027785158287702,
               0.31664915198477295
            ]
         }
      },
      {
         "round": 8,
         "train_metrics": {
            "train_loss": 0.31483552432977235,
            "train_acc": 0.9666666785875955,
            "train_f1": 0.9481505922120346,
            "drift": 0.28892184152808636
         },
         "eval_metrics_client": {
            "loss": 0.33857672413190204,
            "accuracy": 0.9433333277702332,
            "f1": 0.9195377513379557
         },
         "eval_metrics_server": {
            "accuracy": 0.9649999737739563,
            "loss": 0.33883970975875854,