{
   "info": {
      "strategy": "FedAdagrad",
      "seed": 7,
      "sampling_seed": 7,
      "local_epochs": 2,
      "num_rounds": 10,
      "num_clients": 5,
      "eta": 0.3,
      "eta_l": 0.2,
      "iid": true,
      "alpha": null,
      "training_mode": "noiseless",
      "nshots": 1000,
      "model_type": "quantum"
   },
   "rounds": [
      {
         "round": 0,
         "train_metrics": {},
         "eval_metrics_client": {},
         "eval_metrics_server": {
            "accuracy": 0.4950000047683716,
            "loss": 0.7266889214515686,
            "f1_score": 0.46807109940750496
         }
      },
      {
         "round": 1,
         "train_metrics": {
            "train_loss": 0.5203265494261031,
            "train_acc": 0.8266666531562805,
            "train_f1": 0.7825302316900642,
            "drift": 1.226816058334541
         },
         "eval_metrics_client": {
            "loss": 0.5672007004419962,
            "accuracy": 0.7266666690508524,
            "f1": 0.6925415067926729
         },
         "eval_metrics_server": {
            "accuracy": 0.7450000047683716,
            "loss": 0.5752061605453491,
            "f1_score": 0.6978583488847419
         },
         "drift_metrics": {
            "drift_median": 1.2338872131974175,
            "drift_mean": 1.226816058334541,
            "drift_max": 1.280267571958692,
            "drift_min": 1.1662933898475139,
            "drift_per_client": [
               1.280267571958692,
               1.1662933898475139,
               1.2338872131974175
            ]
         }
      },
      {
         "round": 2,
         "train_metrics": {
            "train_loss": 0.40494868770623815,
            "train_acc": 0.9000000158945719,
            "train_f1": 0.8602464808813755,
            "drift": 1.0189739708247718
         },
         "eval_metrics_client": {
            "loss": 0.4695567389329274,
            "accuracy": 0.8416666587193806,
            "f1": 0.7948287426857175
         },
         "eval_metrics_server": {
            "accuracy": 0.824999988079071,
            "loss": 0.4718145430088043,
            "f1_score": 0.7767216356735032
         },
         "drift_metrics": {
            "drift_median": 1.0060361811304588,
            "drift_mean": 1.0189739708247718,
            "drift_max": 1.0608702227900364,
            "drift_min": 0.9900155085538203,
            "drift_per_client": [
               1.0060361811304588,
               1.0608702227900364,
               0.9900155085538203
            ]
         }
      },
      {
         "round": 3,
         "train_metrics": {
            "train_loss": 0.3766312622106992,
            "train_acc": 0.9100000262260437,
            "train_f1": 0.8667234844344746,
            "drift": 0.812682904822922
         },
         "eval_metrics_client": {
            "loss": 0.42999769250551856,
            "accuracy": 0.8799999952316283,
            "f1": 0.8379956666955682
         },
         "eval_metrics_server": {
            "accuracy": 0.8600000143051147,
            "loss": 0.4218427240848541,
            "f1_score": 0.8157652322674036
         },
         "drift_metrics": {
            "drift_median": 0.7819871519618656,
            "drift_mean": 0.812682904822922,
            "drift_max": 0.8814989353117396,
            "drift_min": 0.7745626271951611,
            "drift_per_client": [
               0.8814989353117396,
               0.7819871519618656,
               0.7745626271951611
            ]
         }
      },
      {
         "round": 4,
         "train_metrics": {
            "train_loss": 0.34951796822058845,
            "train_acc": 0.9266666769981384,
            "train_f1": 0.893626277801247,
            "drift": 0.6643172599519402
         },
         "eval_metrics_client": {
            "loss": 0.39236064751942945,
            "accuracy": 0.8999999960263569,
            "f1": 0.8641284892531154
         },
         "eval_metrics_server": {
            "accuracy": 0.9150000214576721,
            "loss": 0.3885207772254944,
            "f1_score": 0.8751423010539459
         },
         "drift_metrics": {
            "drift_median": 0.6567811006121801,
            "drift_mean": 0.6643172599519401,
            "drift_max": 0.6924935792299324,
            "drift_min": 0.6436771000137081,
            "drift_per_client": [
               0.6567811006121801,
               0.6924935792299324,
               0.6436771000137081
            ]
         }
      },
      {
         "round": 5,
         "train_metrics": {
            "train_loss": 0.3317996699076432,
            "train_acc": 0.9133333365122477,
            "train_f1": 0.8869993252614659,
            "drift": 0.5557455013757395
         },
         "eval_metrics_client": {
            "loss": 0.3731077114741007,
            "accuracy": 0.9066666762034098,
            "f1": 0.8772623403994787
         },
         "eval_metrics_server": {
            "accuracy": 0.9150000214576721,
            "loss": 0.3684544265270233,
            "f1_score": 0.8751423010539459
         },
         "drift_metrics": {
            "drift_median": 0.5581005733736764,
            "drift_mean": 0.5557455013757394,
            "drift_max": 0.5835551767113968,
            "drift_min": 0.5255807540421453,
            "drift_per_client": [
               0.5835551767113968,
               0.5255807540421453,
               0.5581005733736764
            ]
         }
      },
      {
         "round": 6,
         "train_metrics": {
            "train_loss": 0.31713456488572633,
            "train_acc": 0.9199999968210856,
            "train_f1": 0.8877892083170975,
            "drift": 0.5159956801225591
         },
         "eval_metrics_client": {
            "loss": 0.35027023156483966,
            "accuracy": 0.9149999817212422,
            "f1": 0.8837478117342845
         },
         "eval_metrics_server": {
            "accuracy": 0.9100000262260437,
            "loss": 0.3527034521102905,
            "f1_score": 0.8688811188811189
         },
         "drift_metrics": {
            "drift_median": 0.5026455655125114,
            "drift_mean": 0.515995680122559,
            "drift_max": 0.6018096742324489,
            "drift_min": 0.4435318006227171,
            "drift_per_client": [
               0.5026455655125114,
               0.4435318006227171,
               0.6018096742324489
            ]
         }
      },
      {
         "round": 7,
         "train_metrics": {
            "train_loss": 0.3272678630474286,
            "train_acc": 0.9200000166893005,
            "train_f1": 0.8826113014417456,
            "drift": 0.45206743943097516
         },
         "eval_metrics_client": {
            "loss": 0.34356294075647986,
            "accuracy": 0.9066666563351948,
            "f1": 0.8661617330356781
         },
         "eval_metrics_server": {
            "accuracy": 0.9200000166893005,
            "loss": 0.3426989018917084,
            "f1_score": 0.8814990371796771
         },
         "drift_metrics": {
            "drift_median": 0.43596574885802286,
            "drift_mean": 0.4520674394309752,
            "drift_max": 0.5353892342678765,
            "drift_min": 0.38484733516702624,
            "drift_per_client": [
               0.43596574885802286,
               0.38484733516702624,
               0.5353892342678765
            ]
         }
      },
      {
         "round": 8,
         "train_metrics": {
            "train_loss": 0.3262051794773493,
            "train_acc": 0.9233333468437195,
            "train_f1": 0.8824372767270912,
            "drift": 0.4280432375481349
         },
         "eval_metrics_client": {
            "loss": 0.3427469233671824,
            "accuracy": 0.9099999864896138,
            "f1": 0.8722196107396539
         },
         "eval_metrics_server": {
            "accuracy": 0.925000011920929,
            "loss": 0.33396366238594055,
            "f1_score": 0.8916145814516421
         },