{
   "info": {
      "strategy": "FedAdagrad",
      "seed": 2,
      "sampling_seed": 2,
      "local_epochs": 2,
      "num_rounds": 10,
      "num_clients": 5,
      "eta": 0.3,
      "eta_l": 0.2,
      "iid": true,
      "alpha": null,
      "training_mode": "noiseless",
      "nshots": 1000,
      "model_type": "quantum"
   },
   "rounds": [
      {
         "round": 0,
         "train_metrics": {},
         "eval_metrics_client": {},
         "eval_metrics_server": {
            "accuracy": 0.6800000071525574,
            "loss": 0.6009007096290588,
            "f1_score": 0.6259934548854604
         }
      },
      {
         "round": 1,
         "train_metrics": {
            "train_loss": 0.5615445207326839,
            "train_acc": 0.7299999793370564,
            "train_f1": 0.6591490194387797,
            "drift": 0.6221002869942255
         },
         "eval_metrics_client": {
            "loss": 0.4926895995934804,
            "accuracy": 0.7800000111262003,
            "f1": 0.7210422424003158
         },
         "eval_metrics_server": {
            "accuracy": 0.8149999976158142,
            "loss": 0.5113052725791931,
            "f1_score": 0.7516695191113796
         },
         "drift_metrics": {
            "drift_median": 0.6173618677414687,
            "drift_mean": 0.6221002869942255,
            "drift_max": 0.664582887175708,
            "drift_min": 0.5843561060654998,
            "drift_per_client": [
               0.5843561060654998,
               0.6173618677414687,
               0.664582887175708
            ]
         }
      },
      {
         "round": 2,
         "train_metrics": {
            "train_loss": 0.45766816230920637,
            "train_acc": 0.893333355585734,
            "train_f1": 0.8366727723057381,
            "drift": 0.6487348694480561
         },
         "eval_metrics_client": {
            "loss": 0.41654401024182636,
            "accuracy": 0.9066666563351948,
            "f1": 0.8663896608217687
         },
         "eval_metrics_server": {
            "accuracy": 0.9049999713897705,
            "loss": 0.4414505064487457,
            "f1_score": 0.8604531600014689
         },
         "drift_metrics": {
            "drift_median": 0.6312230304868229,
            "drift_mean": 0.6487348694480563,
            "drift_max": 0.7431713742402374,
            "drift_min": 0.5718102036171084,
            "drift_per_client": [
               0.5718102036171084,
               0.6312230304868229,
               0.7431713742402374
            ]
         }
      },
      {
         "round": 3,
         "train_metrics": {
            "train_loss": 0.3773776732194118,
            "train_acc": 0.9199999968210856,
            "train_f1": 0.8875841751771849,
            "drift": 0.6426914105076614
         },
         "eval_metrics_client": {
            "loss": 0.3709995746612549,
            "accuracy": 0.9049999912579854,
            "f1": 0.8721447960846075
         },
         "eval_metrics_server": {
            "accuracy": 0.8899999856948853,
            "loss": 0.38611605763435364,
            "f1_score": 0.8422939068100359
         },
         "drift_metrics": {
            "drift_median": 0.628930688813534,
            "drift_mean": 0.6426914105076614,
            "drift_max": 0.7309273132047509,
            "drift_min": 0.5682162295046995,
            "drift_per_client": [
               0.7309273132047509,
               0.5682162295046995,
               0.628930688813534
            ]
         }
      },
      {
         "round": 4,
         "train_metrics": {
            "train_loss": 0.33993220176452243,
            "train_acc": 0.9099999864896138,
            "train_f1": 0.8851422252253291,
            "drift": 0.4815298166634411
         },
         "eval_metrics_client": {
            "loss": 0.3484748899936676,
            "accuracy": 0.9050000111262003,
            "f1": 0.875453049466067
         },
         "eval_metrics_server": {
            "accuracy": 0.9100000262260437,
            "loss": 0.3527809977531433,
            "f1_score": 0.8688811188811189
         },
         "drift_metrics": {
            "drift_median": 0.4618838813707218,
            "drift_mean": 0.48152981666344113,
            "drift_max": 0.5362519737733056,
            "drift_min": 0.446453594846296,
            "drift_per_client": [
               0.5362519737733056,
               0.446453594846296,
               0.4618838813707218
            ]
         }
      },
      {
         "round": 5,
         "train_metrics": {
            "train_loss": 0.3380436217173552,
            "train_acc": 0.9199999968210856,
            "train_f1": 0.8950797602329336,
            "drift": 0.35783676211117016
         },
         "eval_metrics_client": {
            "loss": 0.33170563975969947,
            "accuracy": 0.9066666563351948,
            "f1": 0.8707396543554861
         },
         "eval_metrics_server": {
            "accuracy": 0.9300000071525574,
            "loss": 0.3349418640136719,
            "f1_score": 0.8963116575322174
         },
         "drift_metrics": {
            "drift_median": 0.3426991435857213,
            "drift_mean": 0.3578367621111702,
            "drift_max": 0.40318179194625187,
            "drift_min": 0.3276293508015375,
            "drift_per_client": [
               0.40318179194625187,
               0.3276293508015375,
               0.3426991435857213
            ]
         }
      },
      {
         "round": 6,
         "train_metrics": {
            "train_loss": 0.32065102992913663,
            "train_acc": 0.9333333373069763,
            "train_f1": 0.8974865789495418,
            "drift": 0.32101681702325424
         },
         "eval_metrics_client": {
            "loss": 0.3204476634661356,
            "accuracy": 0.9266666769981384,
            "f1": 0.8939167840376021
         },
         "eval_metrics_server": {
            "accuracy": 0.9300000071525574,
            "loss": 0.32190123200416565,
            "f1_score": 0.8945147679324894
         },
         "drift_metrics": {
            "drift_median": 0.3285945088453763,
            "drift_mean": 0.32101681702325424,
            "drift_max": 0.377740019639101,
            "drift_min": 0.2567159225852854,
            "drift_per_client": [
               0.377740019639101,
               0.3285945088453763,
               0.2567159225852854
            ]
         }
      },
      {
         "round": 7,
         "train_metrics": {
            "train_loss": 0.3030562542187862,
            "train_acc": 0.9433333277702332,
            "train_f1": 0.9066023321690686,
            "drift": 0.2492257626999545
         },
         "eval_metrics_client": {
            "loss": 0.30926553408304847,
            "accuracy": 0.9383333325386047,
            "f1": 0.9095321918960996
         },
         "eval_metrics_server": {
            "accuracy": 0.9350000023841858,
            "loss": 0.31531599164009094,
            "f1_score": 0.9011820151267531
         },
         "drift_metrics": {
            "drift_median": 0.25931367979414927,
            "drift_mean": 0.24922576269995453,
            "drift_max": 0.29982800687712396,
            "drift_min": 0.1885356014285903,
            "drift_per_client": [
               0.1885356014285903,
               0.25931367979414927,
               0.29982800687712396
            ]
         }
      },
      {
         "round": 8,
         "train_metrics": {
            "train_loss": 0.29944888597879654,
            "train_acc": 0.9366666674613953,
            "train_f1": 0.9092293012273793,
            "drift": 0.18345453087671432
         },
         "eval_metrics_client": {
            "loss": 0.30241434772809345,
            "accuracy": 0.9433333277702332,
            "f1": 0.9197851347643435
         },
         "eval_metrics_server": {
            "accuracy": 0.9350000023841858,
            "loss": 0.3139117360115051,
            "f1_score": 0.9011820151267531
         },