{
    "0": {
        "loss_median": 0.630768895149231,
        "loss_mad": 0.01951730251312256,
        "accuracy_median": 0.6349999904632568,
        "accuracy_mad": 0.025000035762786865,
        "f1_median": 0.6017258546299369,
        "f1_mad": 0.024267600255523547
    },
    "1": {
        "loss_median": 0.37659740447998047,
        "loss_mad": 0.016164183616638184,
        "accuracy_median": 0.9150000214576721,
        "accuracy_mad": 0.004999995231628418,
        "f1_median": 0.8666864168271367,
        "f1_mad": 0.031104425434902994
    },
    "2": {
        "loss_median": 0.31788456439971924,
        "loss_mad": 0.02702552080154419,
        "accuracy_median": 0.9150000214576721,
        "accuracy_mad": 0.010000050067901611,
        "f1_median": 0.877163192311861,
        "f1_mad": 0.03922158971846845
    },
    "3": {
        "loss_median": 0.3280133903026581,
        "loss_mad": 0.0320507287979126,
        "accuracy_median": 0.925000011920929,
        "accuracy_mad": 0.009999990463256836,
        "f1_median": 0.8916145814516421,
        "f1_mad": 0.01950969643311573
    },
    "4": {
        "loss_median": 0.31021374464035034,
        "loss_mad": 0.014697492122650146,
        "accuracy_median": 0.9350000023841858,
        "accuracy_mad": 0.009999990463256836,
        "f1_median": 0.8775375629975036,
        "f1_mad": 0.03440030809554295
    },
    "5": {
        "loss_median": 0.32533955574035645,
        "loss_mad": 0.02080664038658142,
        "accuracy_median": 0.9200000166893005,
        "accuracy_mad": 0.020000040531158447,
        "f1_median": 0.8588368153585545,
        "f1_mad": 0.026467844139653418
    },
    "6": {
        "loss_median": 0.3243383765220642,
        "loss_mad": 0.02263087034225464,
        "accuracy_median": 0.9300000071525574,
        "accuracy_mad": 0.009999990463256836,
        "f1_median": 0.8911268372346217,
        "f1_mad": 0.011767653895163543
    },
    "7": {
        "loss_median": 0.34058716893196106,
        "loss_mad": 0.031884342432022095,
        "accuracy_median": 0.9350000023841858,
        "accuracy_mad": 0.014999985694885254,
        "f1_median": 0.8911268372346217,
        "f1_mad": 0.033050273275704756
    },
    "8": {
        "loss_median": 0.32599690556526184,
        "loss_mad": 0.029843896627426147,
        "accuracy_median": 0.9300000071525574,
        "accuracy_mad": 0.004999995231628418,
        "f1_median": 0.8898314421064228,
        "f1_mad": 0.01685013199936425
    },
    "9": {
        "loss_median": 0.3219791352748871,
        "loss_mad": 0.027266204357147217,
        "accuracy_median": 0.9350000023841858,
        "accuracy_mad": 0.009999990463256836,
        "f1_median": 0.8834655551073461,
        "f1_mad": 0.022952734594525626
    },
    "10": {
        "loss_median": 0.3234950304031372,
        "loss_mad": 0.020277321338653564,
        "accuracy_median": 0.925000011920929,
        "accuracy_mad": 0.009999990463256836,
        "f1_median": 0.8751423010539459,
        "f1_mad": 0.02021701453138669
    },
    "11": {
        "loss_median": 0.32065829634666443,
        "loss_mad": 0.027696818113327026,
        "accuracy_median": 0.925000011920929,
        "accuracy_mad": 0.009999990463256836,
        "f1_median": 0.8879551820728291,
        "f1_mad": 0.020006161691551894
    },
    "12": {
        "loss_median": 0.32679057121276855,
        "loss_mad": 0.035520076751708984,
        "accuracy_median": 0.9300000071525574,
        "accuracy_mad": 0.009999990463256836,
        "f1_median": 0.8814990371796771,
        "f1_mad": 0.026573750657117978
    },
    "13": {
        "loss_median": 0.34388625621795654,
        "loss_mad": 0.02561718225479126,
        "accuracy_median": 0.9150000214576721,
        "accuracy_mad": 0.01500004529953003,
        "f1_median": 0.8588368153585545,
        "f1_mad": 0.003911528835995326
    },
    "14": {
        "loss_median": 0.32680240273475647,
        "loss_mad": 0.028540849685668945,
        "accuracy_median": 0.9200000166893005,
        "accuracy_mad": 0.01500004529953003,
        "f1_median": 0.86271180317208,
        "f1_mad": 0.019574548270119285
    },
    "15": {
        "loss_median": 0.3311135768890381,
        "loss_mad": 0.0362318754196167,
        "accuracy_median": 0.925000011920929,
        "accuracy_mad": 0.014999985694885254,
        "f1_median": 0.8898314421064228,
        "f1_mad": 0.021578905165015816
    },
    "16": {
        "loss_median": 0.3368537425994873,
        "loss_mad": 0.018675804138183594,
        "accuracy_median": 0.9350000023841858,
        "accuracy_mad": 0.004999995231628418,
        "f1_median": 0.8853046594982079,
        "f1_mad": 0.015877355628545198
    },
    "17": {
        "loss_median": 0.32138168811798096,
        "loss_mad": 0.02797788381576538,
        "accuracy_median": 0.9300000071525574,
        "accuracy_mad": 0.004999995231628418,
        "f1_median": 0.8751423010539459,
        "f1_mad": 0.01937246687854355
    },
    "18": {
        "loss_median": 0.3255022168159485,
        "loss_mad": 0.02934175729751587,
        "accuracy_median": 0.925000011920929,
        "accuracy_mad": 0.009999990463256836,
        "f1_median": 0.8879551820728291,
        "f1_mad": 0.036698223593234824
    },
    "19": {
        "loss_median": 0.324361115694046,
        "loss_mad": 0.028781861066818237,
        "accuracy_median": 0.9200000166893005,
        "accuracy_mad": 0.004999995231628418,
        "f1_median": 0.86271180317208,
        "f1_mad": 0.018787234007597187
    },
    "20": {
        "loss_median": 0.3291068375110626,
        "loss_mad": 0.028562158346176147,
        "accuracy_median": 0.9150000214576721,
        "accuracy_mad": 0.01500004529953003,
        "f1_median": 0.8666864168271367,
        "f1_mad": 0.021706440315720554
    }
}