{
    "1": {
        "loss_median": 0.40360695123672485,
        "loss_mad": 0.038211385409037235,
        "accuracy_median": 0.8566666642824807,
        "accuracy_mad": 0.038333336512247795,
        "f1_median": 0.8033277848115739,
        "f1_mad": 0.046769645006052185
    },
    "2": {
        "loss_median": 0.3711678683757782,
        "loss_mad": 0.03080413738886517,
        "accuracy_median": 0.896666646003723,
        "accuracy_mad": 0.04166664679845167,
        "f1_median": 0.8593523427755233,
        "f1_mad": 0.05341009097938043
    },
    "3": {
        "loss_median": 0.3151071270306905,
        "loss_mad": 0.007416973511377989,
        "accuracy_median": 0.9133333365122477,
        "accuracy_mad": 0.021666665871938107,
        "f1_median": 0.8747542645734261,
        "f1_mad": 0.03082285961202824
    },
    "4": {
        "loss_median": 0.319410115480423,
        "loss_mad": 0.019998063643773434,
        "accuracy_median": 0.9100000063578287,
        "accuracy_mad": 0.01666669050852465,
        "f1_median": 0.8628435031401476,
        "f1_mad": 0.03251865985932523
    },
    "5": {
        "loss_median": 0.3090882102648417,
        "loss_mad": 0.0064037243525186804,
        "accuracy_median": 0.9133333365122477,
        "accuracy_mad": 0.01666667064030969,
        "f1_median": 0.8697798226108243,
        "f1_mad": 0.028901215248686163
    },
    "6": {
        "loss_median": 0.3129062255223592,
        "loss_mad": 0.014806201060612978,
        "accuracy_median": 0.921666661898295,
        "accuracy_mad": 0.008333345254262325,
        "f1_median": 0.8821381084357948,
        "f1_mad": 0.01967289063698119
    },
    "7": {
        "loss_median": 0.318384051322937,
        "loss_mad": 0.014049808184305845,
        "accuracy_median": 0.9366666674613953,
        "accuracy_mad": 0.01833333571751905,
        "f1_median": 0.9073880307292908,
        "f1_mad": 0.027474365562433767
    },
    "8": {
        "loss_median": 0.313276727994283,
        "loss_mad": 0.012815048297246279,
        "accuracy_median": 0.9166666666666666,
        "accuracy_mad": 0.02999999125798547,
        "f1_median": 0.8837860472270507,
        "f1_mad": 0.05845977991086171
    },
    "9": {
        "loss_median": 0.3191170493761698,
        "loss_mad": 0.02160969376564026,
        "accuracy_median": 0.9066666762034098,
        "accuracy_mad": 0.01166667540868127,
        "f1_median": 0.861103163442997,
        "f1_mad": 0.0366486147149927
    },
    "10": {
        "loss_median": 0.3090752760569254,
        "loss_mad": 0.00634390115737915,
        "accuracy_median": 0.9066666563351948,
        "accuracy_mad": 0.015000005563100216,
        "f1_median": 0.8697798226108243,
        "f1_mad": 0.04333901618377911
    }
}