{
    "1": {
        "loss_median": 0.5558939774831135,
        "loss_mad": 0.006505648295084598,
        "accuracy_median": 0.699999988079071,
        "accuracy_mad": 0.04833334684371948,
        "f1_median": 0.6508782679302509,
        "f1_mad": 0.04907282681704439
    },
    "2": {
        "loss_median": 0.4991067846616109,
        "loss_mad": 0.00611507892608637,
        "accuracy_median": 0.7549999952316284,
        "accuracy_mad": 0.03499998648961389,
        "f1_median": 0.7087070882476458,
        "f1_mad": 0.03033364387987303
    },
    "3": {
        "loss_median": 0.45741482575734455,
        "loss_mad": 0.012465089559554998,
        "accuracy_median": 0.8066666722297668,
        "accuracy_mad": 0.026666661103566636,
        "f1_median": 0.7632587334338291,
        "f1_mad": 0.03075169348040363
    },
    "4": {
        "loss_median": 0.43289110064506525,
        "loss_mad": 0.0025273561477660578,
        "accuracy_median": 0.8633333245913187,
        "accuracy_mad": 0.008333325386047363,
        "f1_median": 0.8137102226304217,
        "f1_mad": 0.034119874361859925
    },
    "5": {
        "loss_median": 0.400734136501948,
        "loss_mad": 0.004553506771723392,
        "accuracy_median": 0.8716666698455809,
        "accuracy_mad": 0.01166667540868116,
        "f1_median": 0.8338898194035312,
        "f1_mad": 0.04365889648613097
    },
    "6": {
        "loss_median": 0.4088181952635447,
        "loss_mad": 0.02605987588564551,
        "accuracy_median": 0.8916666706403096,
        "accuracy_mad": 0.02333335081736243,
        "f1_median": 0.8493969702762395,
        "f1_mad": 0.04032738263609281
    },
    "7": {
        "loss_median": 0.3910297552744547,
        "loss_mad": 0.0267421503861745,
        "accuracy_median": 0.9166666666666666,
        "accuracy_mad": 0.01166667540868127,
        "f1_median": 0.8819181953830271,
        "f1_mad": 0.013378278757800732
    },
    "8": {
        "loss_median": 0.3772545059521993,
        "loss_mad": 0.03538195292154944,
        "accuracy_median": 0.9150000214576721,
        "accuracy_mad": 0.029999971389770508,
        "f1_median": 0.8785742267165162,
        "f1_mad": 0.044047437910490705
    },
    "9": {
        "loss_median": 0.37462429205576575,
        "loss_mad": 0.03411265214284259,
        "accuracy_median": 0.92166668176651,
        "accuracy_mad": 0.02499997615814209,
        "f1_median": 0.8834697305719654,
        "f1_mad": 0.05065541064936652
    },
    "10": {
        "loss_median": 0.36633805433909095,
        "loss_mad": 0.034009685118993105,
        "accuracy_median": 0.9333333373069763,
        "accuracy_mad": 0.013333320617675781,
        "f1_median": 0.896511274395933,
        "f1_mad": 0.025526740971038464
    }
}