{
   "info": {
      "strategy": "FedAvg",
      "seed": 4,
      "init_seed": 4,
      "sampling_seed": 4,
      "data_seed": 2,
      "fraction_train": 0.75,
      "fraction_evaluate": 0.75,
      "local_epochs": 2,
      "num_rounds": 10,
      "num_clients": 5,
      "eta_l": 0.3,
      "iid": true,
      "alpha": null,
      "training_mode": "mitigated",
      "nshots": 1000,
      "model_type": "quantum",
      "base_pauli": 0.026,
      "base_readout": 0.026,
      "noise_scale": 0.002
   },
   "rounds": [
      {
         "round": 0,
         "train_metrics": {},
         "eval_metrics_client": {},
         "eval_metrics_server": {
            "accuracy": 0.6700000166893005,
            "loss": 0.6031970381736755,
            "f1_score": 0.6268656716417911
         }
      },
      {
         "round": 1,
         "train_metrics": {
            "train_loss": 0.4308149161247107,
            "train_acc": 0.8200000127156575,
            "train_f1": 0.6723461087997684,
            "drift": 1.4712971516304547
         },
         "eval_metrics_client": {
            "loss": 0.39649197459220886,
            "accuracy": 0.8549999793370564,
            "f1": 0.8127056202465726
         },
         "eval_metrics_server": {
            "accuracy": 0.8899999856948853,
            "loss": 0.4088505506515503,
            "f1_score": 0.84472049689441
         },
         "drift_metrics": {
            "drift_median": 1.4862998669037781,
            "drift_mean": 1.4712971516304547,
            "drift_max": 1.5212353214007173,
            "drift_min": 1.4063562665868685,
            "drift_per_client": [
               1.4063562665868685,
               1.5212353214007173,
               1.4862998669037781
            ]
         }
      },
      {
         "round": 2,
         "train_metrics": {
            "train_loss": 0.3625552994318497,
            "train_acc": 0.8700000047683716,
            "train_f1": 0.8453237617981446,
            "drift": 0.876398524898232
         },
         "eval_metrics_client": {
            "loss": 0.3559862871964772,
            "accuracy": 0.8783333301544188,
            "f1": 0.8391955455953097
         },
         "eval_metrics_server": {
            "accuracy": 0.9399999976158142,
            "loss": 0.3520442545413971,
            "f1_score": 0.9111242778847578
         },
         "drift_metrics": {
            "drift_median": 0.6970525988004376,
            "drift_mean": 0.876398524898232,
            "drift_max": 1.256982929194725,
            "drift_min": 0.6751600466995334,
            "drift_per_client": [
               0.6751600466995334,
               0.6970525988004376,
               1.256982929194725
            ]
         }
      },
      {
         "round": 3,
         "train_metrics": {
            "train_loss": 0.3674694324533144,
            "train_acc": 0.8599999944368998,
            "train_f1": 0.8302292589971771,
            "drift": 0.3987005842322301
         },
         "eval_metrics_client": {
            "loss": 0.39938973387082416,
            "accuracy": 0.8633333245913187,
            "f1": 0.8217337252953691
         },
         "eval_metrics_server": {
            "accuracy": 0.9449999928474426,
            "loss": 0.3311448395252228,
            "f1_score": 0.9178338001867414
         },
         "drift_metrics": {
            "drift_median": 0.4003770438063179,
            "drift_mean": 0.39870058423223015,
            "drift_max": 0.4956193442954633,
            "drift_min": 0.3001053645949093,
            "drift_per_client": [
               0.4003770438063179,
               0.3001053645949093,
               0.4956193442954633
            ]
         }
      },
      {
         "round": 4,
         "train_metrics": {
            "train_loss": 0.3303675055503845,
            "train_acc": 0.896666665871938,
            "train_f1": 0.8530972149717021,
            "drift": 0.2773504347002722
         },
         "eval_metrics_client": {
            "loss": 0.35047132770220435,
            "accuracy": 0.8833333253860474,
            "f1": 0.8416613204094503
         },
         "eval_metrics_server": {
            "accuracy": 0.9449999928474426,
            "loss": 0.32127997279167175,
            "f1_score": 0.9178338001867414
         },
         "drift_metrics": {
            "drift_median": 0.292311563243888,
            "drift_mean": 0.2773504347002722,
            "drift_max": 0.34852691820158105,
            "drift_min": 0.19121282265534753,
            "drift_per_client": [
               0.19121282265534753,
               0.34852691820158105,
               0.292311563243888
            ]
         }
      },
      {
         "round": 5,
         "train_metrics": {
            "train_loss": 0.3135154936940242,
            "train_acc": 0.8666666746139525,
            "train_f1": 0.8137329955384821,
            "drift": 0.21655025795262065
         },
         "eval_metrics_client": {
            "loss": 0.31777793169021606,
            "accuracy": 0.9000000158945719,
            "f1": 0.8576470186924645
         },
         "eval_metrics_server": {
            "accuracy": 0.949999988079071,
            "loss": 0.31471607089042664,
            "f1_score": 0.9246534056660639
         },
         "drift_metrics": {
            "drift_median": 0.22979583554013197,
            "drift_mean": 0.21655025795262065,
            "drift_max": 0.26240239176784047,
            "drift_min": 0.1574525465498895,
            "drift_per_client": [
               0.26240239176784047,
               0.1574525465498895,
               0.22979583554013197
            ]
         }
      },
      {
         "round": 6,
         "train_metrics": {
            "train_loss": 0.3133155130423032,
            "train_acc": 0.8166666825612385,
            "train_f1": 0.6746434194533082,
            "drift": 0.2491034977850189
         },
         "eval_metrics_client": {
            "loss": 0.3973779579003651,
            "accuracy": 0.8633333444595336,
            "f1": 0.7232623612340432
         },
         "eval_metrics_server": {
            "accuracy": 0.9449999928474426,
            "loss": 0.31188130378723145,
            "f1_score": 0.9148573861217539
         },
         "drift_metrics": {
            "drift_median": 0.23757206862369198,
            "drift_mean": 0.24910349778501892,
            "drift_max": 0.3219512616242526,
            "drift_min": 0.18778716310711213,
            "drift_per_client": [
               0.3219512616242526,
               0.18778716310711213,
               0.23757206862369198
            ]
         }
      },
      {
         "round": 7,
         "train_metrics": {
            "train_loss": 0.5353464881579081,
            "train_acc": 0.7566666702429453,
            "train_f1": 0.732614767198264,
            "drift": 1.1789360975550691
         },
         "eval_metrics_client": {
            "loss": 0.442558079957962,
            "accuracy": 0.8133333524068196,
            "f1": 0.6692987673277876
         },
         "eval_metrics_server": {
            "accuracy": 0.8500000238418579,
            "loss": 0.42035865783691406,
            "f1_score": 0.7611084567606308
         },
         "drift_metrics": {
            "drift_median": 0.29479581812628447,
            "drift_mean": 1.1789360975550691,
            "drift_max": 3.0502313905602203,
            "drift_min": 0.19178108397870253,
            "drift_per_client": [
               0.29479581812628447,
               3.0502313905602203,
               0.19178108397870253
            ]
         }
      },
      {
         "round": 8,
         "train_metrics": {
            "train_loss": 0.3827292930621367,
            "train_acc": 0.8766666650772095,
            "train_f1": 0.7526210695762021,
            "drift": 0.8131685344728448
         },
         "eval_metrics_client": {
            "loss": 0.4542427758375803,
            "accuracy": 0.8833333452542622,
            "f1": 0.7398709172815452
         },