{
   "info": {
      "strategy": "FedAvg",
      "seed": 1,
      "init_seed": 1,
      "sampling_seed": 1,
      "data_seed": 2,
      "fraction_train": 0.75,
      "fraction_evaluate": 0.75,
      "local_epochs": 2,
      "num_rounds": 10,
      "num_clients": 5,
      "eta_l": 0.3,
      "iid": true,
      "alpha": null,
      "training_mode": "mitigated",
      "nshots": 1000,
      "model_type": "quantum",
      "base_pauli": 0.026,
      "base_readout": 0.026,
      "noise_scale": 0.002
   },
   "rounds": [
      {
         "round": 0,
         "train_metrics": {},
         "eval_metrics_client": {},
         "eval_metrics_server": {
            "accuracy": 0.6150000095367432,
            "loss": 0.6220965385437012,
            "f1_score": 0.548002700243609
         }
      },
      {
         "round": 1,
         "train_metrics": {
            "train_loss": 0.5066902427337108,
            "train_acc": 0.699999988079071,
            "train_f1": 0.6602147600826609,
            "drift": 1.0484858871904563
         },
         "eval_metrics_client": {
            "loss": 0.4681645532449086,
            "accuracy": 0.7749999960263569,
            "f1": 0.7382742717081472
         },
         "eval_metrics_server": {
            "accuracy": 0.824999988079071,
            "loss": 0.5110529065132141,
            "f1_score": 0.7711745284560818
         },
         "drift_metrics": {
            "drift_median": 1.0304051142486368,
            "drift_mean": 1.0484858871904563,
            "drift_max": 1.0859003140097259,
            "drift_min": 1.0291522333130065,
            "drift_per_client": [
               1.0859003140097259,
               1.0304051142486368,
               1.0291522333130065
            ]
         }
      },
      {
         "round": 2,
         "train_metrics": {
            "train_loss": 0.47440521724713147,
            "train_acc": 0.8233333428700764,
            "train_f1": 0.7771251490902102,
            "drift": 0.8547608281304465
         },
         "eval_metrics_client": {
            "loss": 0.6142523785432179,
            "accuracy": 0.7516666650772095,
            "f1": 0.7188806965260255
         },
         "eval_metrics_server": {
            "accuracy": 0.8550000190734863,
            "loss": 0.4485204815864563,
            "f1_score": 0.8026606784389778
         },
         "drift_metrics": {
            "drift_median": 0.7719927258764502,
            "drift_mean": 0.8547608281304466,
            "drift_max": 1.0297131356223828,
            "drift_min": 0.7625766228925068,
            "drift_per_client": [
               0.7625766228925068,
               1.0297131356223828,
               0.7719927258764502
            ]
         }
      },
      {
         "round": 3,
         "train_metrics": {
            "train_loss": 0.562480696500876,
            "train_acc": 0.6833333273728688,
            "train_f1": 0.66018363352414,
            "drift": 1.2376316301269226
         },
         "eval_metrics_client": {
            "loss": 0.5622202157974243,
            "accuracy": 0.7299999992052714,
            "f1": 0.6823010859366128
         },
         "eval_metrics_server": {
            "accuracy": 0.8849999904632568,
            "loss": 0.5002426505088806,
            "f1_score": 0.8364095451474092
         },
         "drift_metrics": {
            "drift_median": 0.41656614311787526,
            "drift_mean": 1.2376316301269228,
            "drift_max": 2.9239609801488062,
            "drift_min": 0.37236776711408653,
            "drift_per_client": [
               0.37236776711408653,
               0.41656614311787526,
               2.9239609801488062
            ]
         }
      },
      {
         "round": 4,
         "train_metrics": {
            "train_loss": 0.4964949694963602,
            "train_acc": 0.6733333269755044,
            "train_f1": 0.6560806220115585,
            "drift": 0.5738547624694005
         },
         "eval_metrics_client": {
            "loss": 0.5837989846865336,
            "accuracy": 0.7116666833559671,
            "f1": 0.6768331383983008
         },
         "eval_metrics_server": {
            "accuracy": 0.875,
            "loss": 0.44503700733184814,
            "f1_score": 0.8248747854716122
         },
         "drift_metrics": {
            "drift_median": 0.5672586780798938,
            "drift_mean": 0.5738547624694005,
            "drift_max": 0.587693321407091,
            "drift_min": 0.5666122879212168,
            "drift_per_client": [
               0.5666122879212168,
               0.5672586780798938,
               0.587693321407091
            ]
         }
      },
      {
         "round": 5,
         "train_metrics": {
            "train_loss": 0.45842491892667914,
            "train_acc": 0.6833333174387614,
            "train_f1": 0.6449348095455705,
            "drift": 0.5774214017232813
         },
         "eval_metrics_client": {
            "loss": 0.49408914645512897,
            "accuracy": 0.768333335717519,
            "f1": 0.72328357319163
         },
         "eval_metrics_server": {
            "accuracy": 0.8550000190734863,
            "loss": 0.4536210000514984,
            "f1_score": 0.8026606784389778
         },
         "drift_metrics": {
            "drift_median": 0.46075141421536453,
            "drift_mean": 0.5774214017232814,
            "drift_max": 1.0286527490622304,
            "drift_min": 0.2428600418922492,
            "drift_per_client": [
               0.46075141421536453,
               0.2428600418922492,
               1.0286527490622304
            ]
         }
      },
      {
         "round": 6,
         "train_metrics": {
            "train_loss": 0.4304759980012209,
            "train_acc": 0.7600000103314717,
            "train_f1": 0.7219722982152648,
            "drift": 0.40588365872932697
         },
         "eval_metrics_client": {
            "loss": 0.4633168578147888,
            "accuracy": 0.8050000071525574,
            "f1": 0.7657143657376825
         },
         "eval_metrics_server": {
            "accuracy": 0.8500000238418579,
            "loss": 0.45314574241638184,
            "f1_score": 0.7972699013380187
         },
         "drift_metrics": {
            "drift_median": 0.3825888729678092,
            "drift_mean": 0.4058836587293269,
            "drift_max": 0.6169237146102023,
            "drift_min": 0.21813838860996929,
            "drift_per_client": [
               0.21813838860996929,
               0.3825888729678092,
               0.6169237146102023
            ]
         }
      },
      {
         "round": 7,
         "train_metrics": {
            "train_loss": 0.39478286069173074,
            "train_acc": 0.8333333333333333,
            "train_f1": 0.7912665112665112,
            "drift": 0.3285893244224814
         },
         "eval_metrics_client": {
            "loss": 0.46285125613212585,
            "accuracy": 0.7933333317438761,
            "f1": 0.7542573024773105
         },
         "eval_metrics_server": {
            "accuracy": 0.8500000238418579,
            "loss": 0.4469614326953888,
            "f1_score": 0.7972699013380187
         },
         "drift_metrics": {
            "drift_median": 0.34374768129789657,
            "drift_mean": 0.3285893244224814,
            "drift_max": 0.34469263680963697,
            "drift_min": 0.2973276551599107,
            "drift_per_client": [
               0.34374768129789657,
               0.34469263680963697,
               0.2973276551599107
            ]
         }
      },
      {
         "round": 8,
         "train_metrics": {
            "train_loss": 0.43294292994034594,
            "train_acc": 0.8199999928474425,
            "train_f1": 0.7857588674335706,
            "drift": 0.28213647260251135
         },
         "eval_metrics_client": {
            "loss": 0.4689995348453521,
            "accuracy": 0.771666665871938,
            "f1": 0.7280172561109828
         },