{
   "info": {
      "strategy": "FedAvg",
      "seed": 2,
      "init_seed": 2,
      "sampling_seed": 2,
      "data_seed": 2,
      "fraction_train": 0.75,
      "fraction_evaluate": 0.75,
      "local_epochs": 2,
      "num_rounds": 10,
      "num_clients": 5,
      "eta_l": 0.3,
      "iid": true,
      "alpha": null,
      "training_mode": "mitigated",
      "nshots": 1000,
      "model_type": "quantum",
      "base_pauli": 0.026,
      "base_readout": 0.026,
      "noise_scale": 0.002
   },
   "rounds": [
      {
         "round": 0,
         "train_metrics": {},
         "eval_metrics_client": {},
         "eval_metrics_server": {
            "accuracy": 0.6800000071525574,
            "loss": 0.6009007096290588,
            "f1_score": 0.6259934548854604
         }
      },
      {
         "round": 1,
         "train_metrics": {
            "train_loss": 0.5627398322790096,
            "train_acc": 0.6499999960263569,
            "train_f1": 0.607857772650028,
            "drift": 0.9904594656383487
         },
         "eval_metrics_client": {
            "loss": 0.5402395923932393,
            "accuracy": 0.6983333230018616,
            "f1": 0.6542341235571376
         },
         "eval_metrics_server": {
            "accuracy": 0.7850000262260437,
            "loss": 0.5134683847427368,
            "f1_score": 0.7256865809703039
         },
         "drift_metrics": {
            "drift_median": 0.9973818548171292,
            "drift_mean": 0.9904594656383487,
            "drift_max": 1.088660064540121,
            "drift_min": 0.8853364775577961,
            "drift_per_client": [
               0.8853364775577961,
               1.088660064540121,
               0.9973818548171292
            ]
         }
      },
      {
         "round": 2,
         "train_metrics": {
            "train_loss": 0.4613048583269119,
            "train_acc": 0.7533333301544188,
            "train_f1": 0.7093343992164318,
            "drift": 0.8988745505818783
         },
         "eval_metrics_client": {
            "loss": 0.4081627229849497,
            "accuracy": 0.8799999952316283,
            "f1": 0.8225814284282025
         },
         "eval_metrics_server": {
            "accuracy": 0.875,
            "loss": 0.4579498767852783,
            "f1_score": 0.8248747854716122
         },
         "drift_metrics": {
            "drift_median": 0.8458863989793571,
            "drift_mean": 0.8988745505818784,
            "drift_max": 1.0185171879512656,
            "drift_min": 0.8322200648150121,
            "drift_per_client": [
               1.0185171879512656,
               0.8322200648150121,
               0.8458863989793571
            ]
         }
      },
      {
         "round": 3,
         "train_metrics": {
            "train_loss": 0.4110165559328519,
            "train_acc": 0.8566666642824808,
            "train_f1": 0.8098050887830813,
            "drift": 0.7254258454021992
         },
         "eval_metrics_client": {
            "loss": 0.4232653478781382,
            "accuracy": 0.8049999872843424,
            "f1": 0.7616688023493815
         },
         "eval_metrics_server": {
            "accuracy": 0.8949999809265137,
            "loss": 0.3990982174873352,
            "f1_score": 0.8482604140322989
         },
         "drift_metrics": {
            "drift_median": 0.6827020467942797,
            "drift_mean": 0.7254258454021993,
            "drift_max": 0.8517202031691324,
            "drift_min": 0.6418552862431859,
            "drift_per_client": [
               0.8517202031691324,
               0.6827020467942797,
               0.6418552862431859
            ]
         }
      },
      {
         "round": 4,
         "train_metrics": {
            "train_loss": 0.35136318111266845,
            "train_acc": 0.896666665871938,
            "train_f1": 0.8677131329717536,
            "drift": 0.6029123721824442
         },
         "eval_metrics_client": {
            "loss": 0.3772161801656087,
            "accuracy": 0.8583333492279053,
            "f1": 0.8200855847807036
         },
         "eval_metrics_server": {
            "accuracy": 0.925000011920929,
            "loss": 0.3547804355621338,
            "f1_score": 0.8859792482231765
         },
         "drift_metrics": {
            "drift_median": 0.6070536565027052,
            "drift_mean": 0.6029123721824442,
            "drift_max": 0.6730332323723622,
            "drift_min": 0.5286502276722653,
            "drift_per_client": [
               0.6070536565027052,
               0.5286502276722653,
               0.6730332323723622
            ]
         }
      },
      {
         "round": 5,
         "train_metrics": {
            "train_loss": 0.4103478961266004,
            "train_acc": 0.7733333309491475,
            "train_f1": 0.7480543349796223,
            "drift": 15.41787997233768
         },
         "eval_metrics_client": {
            "loss": 0.8141054113705952,
            "accuracy": 0.41500000158945716,
            "f1": 0.3252977918646589
         },
         "eval_metrics_server": {
            "accuracy": 0.38499999046325684,
            "loss": 0.7881671786308289,
            "f1_score": 0.3072569063107206
         },
         "drift_metrics": {
            "drift_median": 0.41322546164300056,
            "drift_mean": 15.41787997233768,
            "drift_max": 45.50229948155126,
            "drift_min": 0.3381149738187763,
            "drift_per_client": [
               0.41322546164300056,
               45.50229948155126,
               0.3381149738187763
            ]
         }
      },
      {
         "round": 6,
         "train_metrics": {
            "train_loss": 0.6847790212203294,
            "train_acc": 0.5733333230018616,
            "train_f1": 0.5156581733922345,
            "drift": 1.1670238980535788
         },
         "eval_metrics_client": {
            "loss": 0.6665065685907999,
            "accuracy": 0.6099999944368998,
            "f1": 0.5431870532590455
         },
         "eval_metrics_server": {
            "accuracy": 0.6850000023841858,
            "loss": 0.6254681348800659,
            "f1_score": 0.5932203389830508
         },
         "drift_metrics": {
            "drift_median": 1.141019224470163,
            "drift_mean": 1.1670238980535788,
            "drift_max": 1.3512156286377706,
            "drift_min": 1.0088368410528028,
            "drift_per_client": [
               1.141019224470163,
               1.0088368410528028,
               1.3512156286377706
            ]
         }
      },
      {
         "round": 7,
         "train_metrics": {
            "train_loss": 0.6449699027416034,
            "train_acc": 0.6466666460037231,
            "train_f1": 0.556114666722863,
            "drift": 0.5908886896021168
         },
         "eval_metrics_client": {
            "loss": 0.6395364602406819,
            "accuracy": 0.6366666555404663,
            "f1": 0.5903762022824998
         },
         "eval_metrics_server": {
            "accuracy": 0.7350000143051147,
            "loss": 0.5807424783706665,
            "f1_score": 0.6658154418487342
         },
         "drift_metrics": {
            "drift_median": 0.5162957875055665,
            "drift_mean": 0.5908886896021168,
            "drift_max": 0.7421884583201475,
            "drift_min": 0.5141818229806365,
            "drift_per_client": [
               0.7421884583201475,
               0.5162957875055665,
               0.5141818229806365
            ]
         }
      },
      {
         "round": 8,
         "train_metrics": {
            "train_loss": 0.5932415471627162,
            "train_acc": 0.7400000095367432,
            "train_f1": 0.663478059252263,
            "drift": 0.6837410112355956
         },
         "eval_metrics_client": {
            "loss": 0.5694148143132527,
            "accuracy": 0.743333339691162,
            "f1": 0.6678177752300769
         },