{
   "info": {
      "strategy": "FedAvg",
      "seed": 6,
      "init_seed": 6,
      "sampling_seed": 6,
      "data_seed": 2,
      "fraction_train": 0.75,
      "fraction_evaluate": 0.75,
      "local_epochs": 2,
      "num_rounds": 10,
      "num_clients": 5,
      "eta_l": 0.3,
      "iid": true,
      "alpha": null,
      "training_mode": "noisy",
      "nshots": 1000,
      "model_type": "quantum",
      "base_pauli": 0.005,
      "base_readout": 0.005,
      "noise_scale": 0.002
   },
   "rounds": [
      {
         "round": 0,
         "train_metrics": {},
         "eval_metrics_client": {},
         "eval_metrics_server": {
            "accuracy": 0.6349999904632568,
            "loss": 0.6415873169898987,
            "f1_score": 0.6027318984517428
         }
      },
      {
         "round": 1,
         "train_metrics": {
            "train_loss": 0.5264637347979424,
            "train_acc": 0.8633333444595336,
            "train_f1": 0.8127659384771146,
            "drift": 0.9953166230036385
         },
         "eval_metrics_client": {
            "loss": 0.5086597402890523,
            "accuracy": 0.8516666690508524,
            "f1": 0.8020646740192514
         },
         "eval_metrics_server": {
            "accuracy": 0.8550000190734863,
            "loss": 0.4636434316635132,
            "f1_score": 0.8053625960602705
         },
         "drift_metrics": {
            "drift_median": 0.9884282840496482,
            "drift_mean": 0.9953166230036387,
            "drift_max": 1.026317018214057,
            "drift_min": 0.9712045667472107,
            "drift_per_client": [
               1.026317018214057,
               0.9712045667472107,
               0.9884282840496482
            ]
         }
      },
      {
         "round": 2,
         "train_metrics": {
            "train_loss": 0.47343205717893744,
            "train_acc": 0.8766666650772094,
            "train_f1": 0.8412888304564408,
            "drift": 0.5788866257934919
         },
         "eval_metrics_client": {
            "loss": 0.4782270689805348,
            "accuracy": 0.8833333253860473,
            "f1": 0.8426506883942021
         },
         "eval_metrics_server": {
            "accuracy": 0.8899999856948853,
            "loss": 0.4138447940349579,
            "f1_score": 0.8492324561403509
         },
         "drift_metrics": {
            "drift_median": 0.564565817203909,
            "drift_mean": 0.578886625793492,
            "drift_max": 0.6153837251479406,
            "drift_min": 0.5567103350286264,
            "drift_per_client": [
               0.564565817203909,
               0.5567103350286264,
               0.6153837251479406
            ]
         }
      },
      {
         "round": 3,
         "train_metrics": {
            "train_loss": 0.4468968166754796,
            "train_acc": 0.896666665871938,
            "train_f1": 0.8632046965380298,
            "drift": 0.5224409437761277
         },
         "eval_metrics_client": {
            "loss": 0.4492565095424652,
            "accuracy": 0.899999976158142,
            "f1": 0.8638012644201057
         },
         "eval_metrics_server": {
            "accuracy": 0.925000011920929,
            "loss": 0.3736366629600525,
            "f1_score": 0.8916145814516421
         },
         "drift_metrics": {
            "drift_median": 0.5035228129740591,
            "drift_mean": 0.5224409437761278,
            "drift_max": 0.5629694793929646,
            "drift_min": 0.5008305389613598,
            "drift_per_client": [
               0.5629694793929646,
               0.5035228129740591,
               0.5008305389613598
            ]
         }
      },
      {
         "round": 4,
         "train_metrics": {
            "train_loss": 0.4081198519621139,
            "train_acc": 0.9100000063578287,
            "train_f1": 0.8761271712656105,
            "drift": 0.4648360380395208
         },
         "eval_metrics_client": {
            "loss": 0.41781162222226453,
            "accuracy": 0.9183333317438761,
            "f1": 0.8891861509888142
         },
         "eval_metrics_server": {
            "accuracy": 0.925000011920929,
            "loss": 0.3423875570297241,
            "f1_score": 0.8898314421064228
         },
         "drift_metrics": {
            "drift_median": 0.4088831560878489,
            "drift_mean": 0.4648360380395207,
            "drift_max": 0.5795105169005211,
            "drift_min": 0.40611444113019235,
            "drift_per_client": [
               0.4088831560878489,
               0.5795105169005211,
               0.40611444113019235
            ]
         }
      },
      {
         "round": 5,
         "train_metrics": {
            "train_loss": 0.3909417811112526,
            "train_acc": 0.9233333468437195,
            "train_f1": 0.888259275502536,
            "drift": 0.3448315222765876
         },
         "eval_metrics_client": {
            "loss": 0.40282284220059705,
            "accuracy": 0.9300000071525574,
            "f1": 0.9032986429107526
         },
         "eval_metrics_server": {
            "accuracy": 0.9350000023841858,
            "loss": 0.32519206404685974,
            "f1_score": 0.9045205831588998
         },
         "drift_metrics": {
            "drift_median": 0.34617815826387566,
            "drift_mean": 0.34483152227658764,
            "drift_max": 0.4310858443096826,
            "drift_min": 0.2572305642562046,
            "drift_per_client": [
               0.2572305642562046,
               0.34617815826387566,
               0.4310858443096826
            ]
         }
      },
      {
         "round": 6,
         "train_metrics": {
            "train_loss": 0.3881385376056035,
            "train_acc": 0.9233333468437195,
            "train_f1": 0.8850660748073303,
            "drift": 0.2765512040916137
         },
         "eval_metrics_client": {
            "loss": 0.3920577764511108,
            "accuracy": 0.9316666722297668,
            "f1": 0.8997756693982428
         },
         "eval_metrics_server": {
            "accuracy": 0.9449999928474426,
            "loss": 0.3174901604652405,
            "f1_score": 0.9178338001867414
         },
         "drift_metrics": {
            "drift_median": 0.26567234538961604,
            "drift_mean": 0.27655120409161366,
            "drift_max": 0.3156958145212654,
            "drift_min": 0.24828545236395963,
            "drift_per_client": [
               0.24828545236395963,
               0.26567234538961604,
               0.3156958145212654
            ]
         }
      },
      {
         "round": 7,
         "train_metrics": {
            "train_loss": 0.4019314348697662,
            "train_acc": 0.9166666666666666,
            "train_f1": 0.8898632831114582,
            "drift": 0.21772731802925535
         },
         "eval_metrics_client": {
            "loss": 0.3997966249783833,
            "accuracy": 0.925000011920929,
            "f1": 0.892520155212839
         },
         "eval_metrics_server": {
            "accuracy": 0.9449999928474426,
            "loss": 0.3150991201400757,
            "f1_score": 0.9178338001867414
         },
         "drift_metrics": {
            "drift_median": 0.20700174920386266,
            "drift_mean": 0.21772731802925538,
            "drift_max": 0.2602113572034452,
            "drift_min": 0.1859688476804583,
            "drift_per_client": [
               0.2602113572034452,
               0.20700174920386266,
               0.1859688476804583
            ]
         }
      },
      {
         "round": 8,
         "train_metrics": {
            "train_loss": 0.40511260812099165,
            "train_acc": 0.9199999968210856,
            "train_f1": 0.8902845157002012,
            "drift": 0.18245087411725308
         },
         "eval_metrics_client": {
            "loss": 0.40705037117004395,
            "accuracy": 0.9316666722297668,
            "f1": 0.9020457390028485
         },