{
   "info": {
      "strategy": "FedAvg",
      "seed": 7,
      "init_seed": 7,
      "sampling_seed": 7,
      "data_seed": 2,
      "fraction_train": 0.75,
      "fraction_evaluate": 0.75,
      "local_epochs": 2,
      "num_rounds": 10,
      "num_clients": 5,
      "eta_l": 0.3,
      "iid": true,
      "alpha": null,
      "training_mode": "noisy",
      "nshots": 1000,
      "model_type": "quantum",
      "base_pauli": 0.005,
      "base_readout": 0.005,
      "noise_scale": 0.002
   },
   "rounds": [
      {
         "round": 0,
         "train_metrics": {},
         "eval_metrics_client": {},
         "eval_metrics_server": {
            "accuracy": 0.4950000047683716,
            "loss": 0.7266889214515686,
            "f1_score": 0.46807109940750496
         }
      },
      {
         "round": 1,
         "train_metrics": {
            "train_loss": 0.5518514483402936,
            "train_acc": 0.8566666642824808,
            "train_f1": 0.8152221856519906,
            "drift": 1.2711188213215667
         },
         "eval_metrics_client": {
            "loss": 0.5045338074366251,
            "accuracy": 0.846666653951009,
            "f1": 0.8101183916745587
         },
         "eval_metrics_server": {
            "accuracy": 0.8199999928474426,
            "loss": 0.4562671184539795,
            "f1_score": 0.7689641894493646
         },
         "drift_metrics": {
            "drift_median": 1.2148389513457387,
            "drift_mean": 1.271118821321567,
            "drift_max": 1.400993821547505,
            "drift_min": 1.197523691071457,
            "drift_per_client": [
               1.197523691071457,
               1.400993821547505,
               1.2148389513457387
            ]
         }
      },
      {
         "round": 2,
         "train_metrics": {
            "train_loss": 0.4404691297274369,
            "train_acc": 0.9199999968210856,
            "train_f1": 0.8851910824135675,
            "drift": 0.7855599949584408
         },
         "eval_metrics_client": {
            "loss": 0.4272018174330393,
            "accuracy": 0.9150000015894572,
            "f1": 0.8779107002167024
         },
         "eval_metrics_server": {
            "accuracy": 0.9350000023841858,
            "loss": 0.35595807433128357,
            "f1_score": 0.9011820151267531
         },
         "drift_metrics": {
            "drift_median": 0.7513604292757933,
            "drift_mean": 0.7855599949584408,
            "drift_max": 0.9155350895733595,
            "drift_min": 0.6897844660261697,
            "drift_per_client": [
               0.9155350895733595,
               0.7513604292757933,
               0.6897844660261697
            ]
         }
      },
      {
         "round": 3,
         "train_metrics": {
            "train_loss": 0.4047684386754647,
            "train_acc": 0.9300000071525574,
            "train_f1": 0.8912706961482726,
            "drift": 0.4678729412465402
         },
         "eval_metrics_client": {
            "loss": 0.40292261044184363,
            "accuracy": 0.9350000023841858,
            "f1": 0.9044021142632244
         },
         "eval_metrics_server": {
            "accuracy": 0.9449999928474426,
            "loss": 0.3244535028934479,
            "f1_score": 0.9148573861217539
         },
         "drift_metrics": {
            "drift_median": 0.4357535090811261,
            "drift_mean": 0.4678729412465403,
            "drift_max": 0.5478422499540161,
            "drift_min": 0.42002306470447853,
            "drift_per_client": [
               0.4357535090811261,
               0.42002306470447853,
               0.5478422499540161
            ]
         }
      },
      {
         "round": 4,
         "train_metrics": {
            "train_loss": 0.4097522313778217,
            "train_acc": 0.9333333373069763,
            "train_f1": 0.8991950032546673,
            "drift": 0.2236857082342345
         },
         "eval_metrics_client": {
            "loss": 0.41358118255933124,
            "accuracy": 0.9366666674613953,
            "f1": 0.9087668049663229
         },
         "eval_metrics_server": {
            "accuracy": 0.949999988079071,
            "loss": 0.31678900122642517,
            "f1_score": 0.9246534056660639
         },
         "drift_metrics": {
            "drift_median": 0.2442904191584568,
            "drift_mean": 0.22368570823423453,
            "drift_max": 0.25128232830194064,
            "drift_min": 0.17548437724230617,
            "drift_per_client": [
               0.2442904191584568,
               0.17548437724230617,
               0.25128232830194064
            ]
         }
      },
      {
         "round": 5,
         "train_metrics": {
            "train_loss": 0.40394621399732733,
            "train_acc": 0.9300000071525574,
            "train_f1": 0.9048152159300946,
            "drift": 0.17861984198712846
         },
         "eval_metrics_client": {
            "loss": 0.40674590071042377,
            "accuracy": 0.9383333325386047,
            "f1": 0.9149259599436336
         },
         "eval_metrics_server": {
            "accuracy": 0.949999988079071,
            "loss": 0.3142640292644501,
            "f1_score": 0.9246534056660639
         },
         "drift_metrics": {
            "drift_median": 0.1737547832743661,
            "drift_mean": 0.17861984198712846,
            "drift_max": 0.24225511051246734,
            "drift_min": 0.11984963217455195,
            "drift_per_client": [
               0.1737547832743661,
               0.24225511051246734,
               0.11984963217455195
            ]
         }
      },
      {
         "round": 6,
         "train_metrics": {
            "train_loss": 0.39382136746858937,
            "train_acc": 0.9199999968210856,
            "train_f1": 0.8870965561283375,
            "drift": 0.17571316133200013
         },
         "eval_metrics_client": {
            "loss": 0.39740800857543945,
            "accuracy": 0.9416666626930237,
            "f1": 0.9167510447147048
         },
         "eval_metrics_server": {
            "accuracy": 0.9399999976158142,
            "loss": 0.3111482560634613,
            "f1_score": 0.9111242778847578
         },
         "drift_metrics": {
            "drift_median": 0.18956328621818178,
            "drift_mean": 0.17571316133200013,
            "drift_max": 0.24768755365610687,
            "drift_min": 0.08988864412171178,
            "drift_per_client": [
               0.24768755365610687,
               0.08988864412171178,
               0.18956328621818178
            ]
         }
      },
      {
         "round": 7,
         "train_metrics": {
            "train_loss": 0.39520437251298857,
            "train_acc": 0.9199999968210856,
            "train_f1": 0.882149287125793,
            "drift": 0.182109297484146
         },
         "eval_metrics_client": {
            "loss": 0.39097566405932105,
            "accuracy": 0.9383333325386047,
            "f1": 0.9067074757710443
         },
         "eval_metrics_server": {
            "accuracy": 0.9449999928474426,
            "loss": 0.3081463873386383,
            "f1_score": 0.9163847820303295
         },
         "drift_metrics": {
            "drift_median": 0.19630731733591952,
            "drift_mean": 0.18210929748414603,
            "drift_max": 0.1999333172565676,
            "drift_min": 0.15008725785995092,
            "drift_per_client": [
               0.15008725785995092,
               0.1999333172565676,
               0.19630731733591952
            ]
         }
      },
      {
         "round": 8,
         "train_metrics": {
            "train_loss": 0.3874134348753171,
            "train_acc": 0.9266666769981384,
            "train_f1": 0.8860723009092398,
            "drift": 0.16377636358883296
         },
         "eval_metrics_client": {
            "loss": 0.3884665071964264,
            "accuracy": 0.9399999976158142,