{
   "info": {
      "strategy": "FedAvg",
      "seed": 1,
      "init_seed": 1,
      "sampling_seed": 1,
      "data_seed": 2,
      "fraction_train": 0.75,
      "fraction_evaluate": 0.75,
      "local_epochs": 2,
      "num_rounds": 10,
      "num_clients": 5,
      "eta_l": 0.3,
      "iid": false,
      "alpha": 1.8,
      "training_mode": "noisy",
      "nshots": 1000,
      "model_type": "quantum",
      "base_pauli": 0.005,
      "base_readout": 0.005,
      "noise_scale": 0.002
   },
   "rounds": [
      {
         "round": 0,
         "train_metrics": {},
         "eval_metrics_client": {},
         "eval_metrics_server": {
            "accuracy": 0.6150000095367432,
            "loss": 0.6220965385437012,
            "f1_score": 0.548002700243609
         }
      },
      {
         "round": 1,
         "train_metrics": {
            "train_loss": 0.5661056054658933,
            "train_acc": 0.7756410363392952,
            "train_f1": 0.7315498309575998,
            "drift": 0.7307068861235386
         },
         "eval_metrics_client": {
            "loss": 0.5600784420967102,
            "accuracy": 0.743333339691162,
            "f1": 0.70652976018545
         },
         "eval_metrics_server": {
            "accuracy": 0.7149999737739563,
            "loss": 0.5456613898277283,
            "f1_score": 0.6623122722829468
         },
         "drift_metrics": {
            "drift_median": 0.737479185435665,
            "drift_mean": 0.699810751962351,
            "drift_max": 0.8954461973807024,
            "drift_min": 0.46650687307068595,
            "drift_per_client": [
               0.46650687307068595,
               0.737479185435665,
               0.8954461973807024
            ]
         }
      },
      {
         "round": 2,
         "train_metrics": {
            "train_loss": 0.5271629280864669,
            "train_acc": 0.8238993635717428,
            "train_f1": 0.7416910672474065,
            "drift": 0.6679542178503433
         },
         "eval_metrics_client": {
            "loss": 0.5108706553777058,
            "accuracy": 0.8149999777475991,
            "f1": 0.7696458256191203
         },
         "eval_metrics_server": {
            "accuracy": 0.8650000095367432,
            "loss": 0.4784679412841797,
            "f1_score": 0.813632441760138
         },
         "drift_metrics": {
            "drift_median": 0.7200268680614718,
            "drift_mean": 0.6521733065471884,
            "drift_max": 0.726496753636812,
            "drift_min": 0.5099962979432816,
            "drift_per_client": [
               0.5099962979432816,
               0.7200268680614718,
               0.726496753636812
            ]
         }
      },
      {
         "round": 3,
         "train_metrics": {
            "train_loss": 0.5116782119414816,
            "train_acc": 0.8265682465475864,
            "train_f1": 0.7554911075518131,
            "drift": 0.4624114850168094
         },
         "eval_metrics_client": {
            "loss": 0.4954209725062052,
            "accuracy": 0.8566666841506957,
            "f1": 0.8040173354997413
         },
         "eval_metrics_server": {
            "accuracy": 0.8700000047683716,
            "loss": 0.44567179679870605,
            "f1_score": 0.8192184675288555
         },
         "drift_metrics": {
            "drift_median": 0.42049804918327677,
            "drift_mean": 0.42995601663439026,
            "drift_max": 0.5406776136486462,
            "drift_min": 0.3286923870712477,
            "drift_per_client": [
               0.3286923870712477,
               0.42049804918327677,
               0.5406776136486462
            ]
         }
      },
      {
         "round": 4,
         "train_metrics": {
            "train_loss": 0.4974996837040332,
            "train_acc": 0.8454258584825775,
            "train_f1": 0.7896568670669074,
            "drift": 0.42191454843966303
         },
         "eval_metrics_client": {
            "loss": 0.48556125164031977,
            "accuracy": 0.8533333142598469,
            "f1": 0.8023887204818505
         },
         "eval_metrics_server": {
            "accuracy": 0.8650000095367432,
            "loss": 0.42591652274131775,
            "f1_score": 0.8108647683093412
         },
         "drift_metrics": {
            "drift_median": 0.44001537481297776,
            "drift_mean": 0.39418727354243877,
            "drift_max": 0.4603930872034372,
            "drift_min": 0.28215335861090135,
            "drift_per_client": [
               0.28215335861090135,
               0.4603930872034372,
               0.44001537481297776
            ]
         }
      },
      {
         "round": 5,
         "train_metrics": {
            "train_loss": 0.464771165582315,
            "train_acc": 0.8829787274201711,
            "train_f1": 0.844623532355083,
            "drift": 0.3968162573497652
         },
         "eval_metrics_client": {
            "loss": 0.4747736553351084,
            "accuracy": 0.868333339691162,
            "f1": 0.816421238343199
         },
         "eval_metrics_server": {
            "accuracy": 0.8949999809265137,
            "loss": 0.4120410978794098,
            "f1_score": 0.8457640189489919
         },
         "drift_metrics": {
            "drift_median": 0.39219617727359896,
            "drift_mean": 0.37596563238057207,
            "drift_max": 0.47482424577296406,
            "drift_min": 0.26087647409515324,
            "drift_per_client": [
               0.26087647409515324,
               0.47482424577296406,
               0.39219617727359896
            ]
         }
      },
      {
         "round": 6,
         "train_metrics": {
            "train_loss": 0.45115440262484885,
            "train_acc": 0.9134615352138495,
            "train_f1": 0.8850790380734685,
            "drift": 0.3822451157303809
         },
         "eval_metrics_client": {
            "loss": 0.4733039140701294,
            "accuracy": 0.9016666611035664,
            "f1": 0.8643083361156152
         },
         "eval_metrics_server": {
            "accuracy": 0.9200000166893005,
            "loss": 0.3989982604980469,
            "f1_score": 0.8772817916858414
         },
         "drift_metrics": {
            "drift_median": 0.37760496507414726,
            "drift_mean": 0.37874309633178593,
            "drift_max": 0.44609510163843363,
            "drift_min": 0.3125292222827769,
            "drift_per_client": [
               0.3125292222827769,
               0.44609510163843363,
               0.37760496507414726
            ]
         }
      },
      {
         "round": 7,
         "train_metrics": {
            "train_loss": 0.43879955610365795,
            "train_acc": 0.9559748401431918,
            "train_f1": 0.8958437265037231,
            "drift": 0.403968602296502
         },
         "eval_metrics_client": {
            "loss": 0.46080688635508216,
            "accuracy": 0.9383333325386047,
            "f1": 0.9025219933974135
         },
         "eval_metrics_server": {
            "accuracy": 0.9549999833106995,
            "loss": 0.3799639046192169,
            "f1_score": 0.9211874425325102
         },
         "drift_metrics": {
            "drift_median": 0.39382299572646884,
            "drift_mean": 0.38653456551126436,
            "drift_max": 0.4907676498198627,
            "drift_min": 0.2750130509874615,
            "drift_per_client": [
               0.2750130509874615,
               0.39382299572646884,
               0.4907676498198627
            ]
         }
      },
      {
         "round": 8,
         "train_metrics": {
            "train_loss": 0.4545546965083408,
            "train_acc": 0.9409594060750026,
            "train_f1": 0.8568074337420843,
            "drift": 0.2622004019601839
         },
         "eval_metrics_client": {
            "loss": 0.4612705508867899,
            "accuracy": 0.9333333373069763,
            "f1": 0.88700914645651
         },