{
   "info": {
      "strategy": "FedAvg",
      "seed": 6,
      "init_seed": 6,
      "sampling_seed": 6,
      "data_seed": 2,
      "fraction_train": 0.75,
      "fraction_evaluate": 0.75,
      "local_epochs": 2,
      "num_rounds": 10,
      "num_clients": 5,
      "eta_l": 0.3,
      "iid": false,
      "alpha": 1.8,
      "training_mode": "noisy",
      "nshots": 1000,
      "model_type": "quantum",
      "base_pauli": 0.005,
      "base_readout": 0.005,
      "noise_scale": 0.002
   },
   "rounds": [
      {
         "round": 0,
         "train_metrics": {},
         "eval_metrics_client": {},
         "eval_metrics_server": {
            "accuracy": 0.6349999904632568,
            "loss": 0.6415873169898987,
            "f1_score": 0.6027318984517428
         }
      },
      {
         "round": 1,
         "train_metrics": {
            "train_loss": 0.5182153469506183,
            "train_acc": 0.8475177239441702,
            "train_f1": 0.8040118210469471,
            "drift": 0.998551846702928
         },
         "eval_metrics_client": {
            "loss": 0.5085765918095906,
            "accuracy": 0.8566666642824808,
            "f1": 0.8120626978618675
         },
         "eval_metrics_server": {
            "accuracy": 0.8399999737739563,
            "loss": 0.46668553352355957,
            "f1_score": 0.7894459797341755
         },
         "drift_metrics": {
            "drift_median": 1.00493469817413,
            "drift_mean": 0.9378603802115841,
            "drift_max": 1.121577493452627,
            "drift_min": 0.6870689490079954,
            "drift_per_client": [
               0.6870689490079954,
               1.00493469817413,
               1.121577493452627
            ]
         }
      },
      {
         "round": 2,
         "train_metrics": {
            "train_loss": 0.47280241476529744,
            "train_acc": 0.8801261831533269,
            "train_f1": 0.8365088128930871,
            "drift": 0.6834316734685765
         },
         "eval_metrics_client": {
            "loss": 0.4683968126773834,
            "accuracy": 0.8783333301544188,
            "f1": 0.8385963042809377
         },
         "eval_metrics_server": {
            "accuracy": 0.8700000047683716,
            "loss": 0.4049156904220581,
            "f1_score": 0.8243005811596162
         },
         "drift_metrics": {
            "drift_median": 0.6851648312379294,
            "drift_mean": 0.6182899028733743,
            "drift_max": 0.8081368141291416,
            "drift_min": 0.36156806325305163,
            "drift_per_client": [
               0.36156806325305163,
               0.6851648312379294,
               0.8081368141291416
            ]
         }
      },
      {
         "round": 3,
         "train_metrics": {
            "train_loss": 0.44179615021858226,
            "train_acc": 0.9003690199658441,
            "train_f1": 0.8443018091075755,
            "drift": 0.5390716434371722
         },
         "eval_metrics_client": {
            "loss": 0.4396718939145406,
            "accuracy": 0.9116666714350382,
            "f1": 0.8774862444643879
         },
         "eval_metrics_server": {
            "accuracy": 0.9300000071525574,
            "loss": 0.360401451587677,
            "f1_score": 0.8963116575322174
         },
         "drift_metrics": {
            "drift_median": 0.47825978437615946,
            "drift_mean": 0.47609041177388445,
            "drift_max": 0.6834420288797712,
            "drift_min": 0.2665694220657228,
            "drift_per_client": [
               0.2665694220657228,
               0.47825978437615946,
               0.6834420288797712
            ]
         }
      },
      {
         "round": 4,
         "train_metrics": {
            "train_loss": 0.4027719759133052,
            "train_acc": 0.9308176136241769,
            "train_f1": 0.875962567889153,
            "drift": 0.4538332800749928
         },
         "eval_metrics_client": {
            "loss": 0.41180221239725745,
            "accuracy": 0.9416666626930237,
            "f1": 0.9180430028141955
         },
         "eval_metrics_server": {
            "accuracy": 0.9350000023841858,
            "loss": 0.3313986659049988,
            "f1_score": 0.8993769108711638
         },
         "drift_metrics": {
            "drift_median": 0.49043101917558607,
            "drift_mean": 0.44162787315121105,
            "drift_max": 0.5206605677685707,
            "drift_min": 0.31379203250947624,
            "drift_per_client": [
               0.31379203250947624,
               0.5206605677685707,
               0.49043101917558607
            ]
         }
      },
      {
         "round": 5,
         "train_metrics": {
            "train_loss": 0.39130248926512134,
            "train_acc": 0.9294871720365989,
            "train_f1": 0.9056447160348611,
            "drift": 0.3759976048138457
         },
         "eval_metrics_client": {
            "loss": 0.3984188139438629,
            "accuracy": 0.9233333468437195,
            "f1": 0.8965534517570092
         },
         "eval_metrics_server": {
            "accuracy": 0.925000011920929,
            "loss": 0.3217334449291229,
            "f1_score": 0.8916145814516421
         },
         "drift_metrics": {
            "drift_median": 0.3489385549358562,
            "drift_mean": 0.35191416310243867,
            "drift_max": 0.5163624055544146,
            "drift_min": 0.19044152881704532,
            "drift_per_client": [
               0.19044152881704532,
               0.3489385549358562,
               0.5163624055544146
            ]
         }
      },
      {
         "round": 6,
         "train_metrics": {
            "train_loss": 0.3843475153515692,
            "train_acc": 0.929078016298037,
            "train_f1": 0.904541070400068,
            "drift": 0.3075465325066792
         },
         "eval_metrics_client": {
            "loss": 0.3896874189376831,
            "accuracy": 0.9166666666666666,
            "f1": 0.8818707979416145
         },
         "eval_metrics_server": {
            "accuracy": 0.9399999976158142,
            "loss": 0.3164571225643158,
            "f1_score": 0.9111242778847578
         },
         "drift_metrics": {
            "drift_median": 0.3119563334598087,
            "drift_mean": 0.27760438377536234,
            "drift_max": 0.3674615457103933,
            "drift_min": 0.15339527215588508,
            "drift_per_client": [
               0.15339527215588508,
               0.3119563334598087,
               0.3674615457103933
            ]
         }
      },
      {
         "round": 7,
         "train_metrics": {
            "train_loss": 0.4028395709887045,
            "train_acc": 0.9179810887255503,
            "train_f1": 0.8786504118754999,
            "drift": 0.2550782664905492
         },
         "eval_metrics_client": {
            "loss": 0.3970545629660288,
            "accuracy": 0.9183333317438761,
            "f1": 0.8844595510580164
         },
         "eval_metrics_server": {
            "accuracy": 0.9399999976158142,
            "loss": 0.3121962547302246,
            "f1_score": 0.9111242778847578
         },
         "drift_metrics": {
            "drift_median": 0.2639787008622285,
            "drift_mean": 0.22957304948847998,
            "drift_max": 0.29883476497543465,
            "drift_min": 0.12590568262777674,
            "drift_per_client": [
               0.12590568262777674,
               0.29883476497543465,
               0.2639787008622285
            ]
         }
      },
      {
         "round": 8,
         "train_metrics": {
            "train_loss": 0.4062948974008519,
            "train_acc": 0.9409594161923961,
            "train_f1": 0.8911744916119337,
            "drift": 0.17604493265883914
         },
         "eval_metrics_client": {
            "loss": 0.4057742655277252,
            "accuracy": 0.9399999976158142,
            "f1": 0.9121043070967332
         },