{
   "info": {
      "strategy": "FedAvg",
      "seed": 2,
      "init_seed": 2,
      "sampling_seed": 2,
      "data_seed": 2,
      "fraction_train": 0.75,
      "fraction_evaluate": 0.75,
      "local_epochs": 2,
      "num_rounds": 10,
      "num_clients": 5,
      "eta_l": 0.3,
      "iid": false,
      "alpha": 1.8,
      "training_mode": "noisy",
      "nshots": 1000,
      "model_type": "quantum",
      "base_pauli": 0.005,
      "base_readout": 0.005,
      "noise_scale": 0.002
   },
   "rounds": [
      {
         "round": 0,
         "train_metrics": {},
         "eval_metrics_client": {},
         "eval_metrics_server": {
            "accuracy": 0.6800000071525574,
            "loss": 0.6009007096290588,
            "f1_score": 0.6259934548854604
         }
      },
      {
         "round": 1,
         "train_metrics": {
            "train_loss": 0.5687267340077308,
            "train_acc": 0.7411347469116779,
            "train_f1": 0.6882587504148641,
            "drift": 0.808245543939995
         },
         "eval_metrics_client": {
            "loss": 0.5451720555623372,
            "accuracy": 0.7433333198229471,
            "f1": 0.6921790510623562
         },
         "eval_metrics_server": {
            "accuracy": 0.7699999809265137,
            "loss": 0.5271109938621521,
            "f1_score": 0.7178260336155073
         },
         "drift_metrics": {
            "drift_median": 0.7657738069322647,
            "drift_mean": 0.7273202431784331,
            "drift_max": 1.0038152078933065,
            "drift_min": 0.4123717147097282,
            "drift_per_client": [
               0.4123717147097282,
               0.7657738069322647,
               1.0038152078933065
            ]
         }
      },
      {
         "round": 2,
         "train_metrics": {
            "train_loss": 0.51770398217445,
            "train_acc": 0.8644067667803521,
            "train_f1": 0.8021267000960361,
            "drift": 0.6108347278124093
         },
         "eval_metrics_client": {
            "loss": 0.49798310796419776,
            "accuracy": 0.8549999992052713,
            "f1": 0.8071307729447263
         },
         "eval_metrics_server": {
            "accuracy": 0.8500000238418579,
            "loss": 0.46621429920196533,
            "f1_score": 0.7972699013380187
         },
         "drift_metrics": {
            "drift_median": 0.6412260379239334,
            "drift_mean": 0.5741774355245178,
            "drift_max": 0.7154468590981339,
            "drift_min": 0.3658594095514859,
            "drift_per_client": [
               0.3658594095514859,
               0.6412260379239334,
               0.7154468590981339
            ]
         }
      },
      {
         "round": 3,
         "train_metrics": {
            "train_loss": 0.46208215145998,
            "train_acc": 0.9308176220587965,
            "train_f1": 0.8750462544875757,
            "drift": 0.7685590176961898
         },
         "eval_metrics_client": {
            "loss": 0.45389702916145325,
            "accuracy": 0.92166668176651,
            "f1": 0.8908280108621447
         },
         "eval_metrics_server": {
            "accuracy": 0.9200000166893005,
            "loss": 0.38667669892311096,
            "f1_score": 0.8794454490657022
         },
         "drift_metrics": {
            "drift_median": 0.741006171032551,
            "drift_mean": 0.7551524270529474,
            "drift_max": 0.8417636227625218,
            "drift_min": 0.6826874873637694,
            "drift_per_client": [
               0.6826874873637694,
               0.741006171032551,
               0.8417636227625218
            ]
         }
      },
      {
         "round": 4,
         "train_metrics": {
            "train_loss": 0.4320582386298749,
            "train_acc": 0.9250720504037929,
            "train_f1": 0.8978222052596454,
            "drift": 0.5922421653458546
         },
         "eval_metrics_client": {
            "loss": 0.4299070636431376,
            "accuracy": 0.9166666666666666,
            "f1": 0.8899442611292394
         },
         "eval_metrics_server": {
            "accuracy": 0.9200000166893005,
            "loss": 0.3442094922065735,
            "f1_score": 0.8794454490657022
         },
         "drift_metrics": {
            "drift_median": 0.6273854881012466,
            "drift_mean": 0.5772107896311273,
            "drift_max": 0.6338804212086092,
            "drift_min": 0.470366459583526,
            "drift_per_client": [
               0.470366459583526,
               0.6338804212086092,
               0.6273854881012466
            ]
         }
      },
      {
         "round": 5,
         "train_metrics": {
            "train_loss": 0.4197978265489699,
            "train_acc": 0.9242902281532528,
            "train_f1": 0.8937382215097838,
            "drift": 0.37900812249579485
         },
         "eval_metrics_client": {
            "loss": 0.40836174289385474,
            "accuracy": 0.9183333317438761,
            "f1": 0.8849806722581745
         },
         "eval_metrics_server": {
            "accuracy": 0.9350000023841858,
            "loss": 0.3261950612068176,
            "f1_score": 0.9028944911297853
         },
         "drift_metrics": {
            "drift_median": 0.4077914921431198,
            "drift_mean": 0.3383961795601918,
            "drift_max": 0.43107840095389477,
            "drift_min": 0.1763186455835608,
            "drift_per_client": [
               0.1763186455835608,
               0.4077914921431198,
               0.43107840095389477
            ]
         }
      },
      {
         "round": 6,
         "train_metrics": {
            "train_loss": 0.3963710405951917,
            "train_acc": 0.932624116645637,
            "train_f1": 0.9086852603593565,
            "drift": 0.28762506184599823
         },
         "eval_metrics_client": {
            "loss": 0.39299789071083063,
            "accuracy": 0.9166666865348816,
            "f1": 0.8813392357532821
         },
         "eval_metrics_server": {
            "accuracy": 0.9300000071525574,
            "loss": 0.3196740746498108,
            "f1_score": 0.8980186480186481
         },
         "drift_metrics": {
            "drift_median": 0.3113008702016534,
            "drift_mean": 0.2604432476184619,
            "drift_max": 0.32985066012839936,
            "drift_min": 0.14017821252533275,
            "drift_per_client": [
               0.14017821252533275,
               0.3113008702016534,
               0.32985066012839936
            ]
         }
      },
      {
         "round": 7,
         "train_metrics": {
            "train_loss": 0.3841133213948349,
            "train_acc": 0.9491525368165161,
            "train_f1": 0.911334762192973,
            "drift": 0.18164288243017146
         },
         "eval_metrics_client": {
            "loss": 0.3992319504419962,
            "accuracy": 0.9350000023841858,
            "f1": 0.9043718462971262
         },
         "eval_metrics_server": {
            "accuracy": 0.9399999976158142,
            "loss": 0.3119681179523468,
            "f1_score": 0.9095840867992766
         },
         "drift_metrics": {
            "drift_median": 0.1319672124918145,
            "drift_mean": 0.1701587184445299,
            "drift_max": 0.26218916091687955,
            "drift_min": 0.11631978192489566,
            "drift_per_client": [
               0.1319672124918145,
               0.11631978192489566,
               0.26218916091687955
            ]
         }
      },
      {
         "round": 8,
         "train_metrics": {
            "train_loss": 0.3868440846584542,
            "train_acc": 0.9339622656504313,
            "train_f1": 0.8744922506118296,
            "drift": 0.17251942132406978
         },
         "eval_metrics_client": {
            "loss": 0.3968602120876312,
            "accuracy": 0.9483333230018616,
            "f1": 0.9246805291060177
         },