{
   "info": {
      "strategy": "FedAvg",
      "seed": 4,
      "init_seed": 4,
      "sampling_seed": 4,
      "data_seed": 2,
      "fraction_train": 0.75,
      "fraction_evaluate": 0.75,
      "local_epochs": 2,
      "num_rounds": 10,
      "num_clients": 5,
      "eta_l": 0.3,
      "iid": false,
      "alpha": 1.8,
      "training_mode": "noisy",
      "nshots": 1000,
      "model_type": "quantum",
      "base_pauli": 0.005,
      "base_readout": 0.005,
      "noise_scale": 0.002
   },
   "rounds": [
      {
         "round": 0,
         "train_metrics": {},
         "eval_metrics_client": {},
         "eval_metrics_server": {
            "accuracy": 0.6700000166893005,
            "loss": 0.6031970381736755,
            "f1_score": 0.6268656716417911
         }
      },
      {
         "round": 1,
         "train_metrics": {
            "train_loss": 0.5286522213017549,
            "train_acc": 0.8867924350237696,
            "train_f1": 0.8175675241326291,
            "drift": 1.0458352387978511
         },
         "eval_metrics_client": {
            "loss": 0.5120157400767008,
            "accuracy": 0.8883333206176757,
            "f1": 0.8539966510221553
         },
         "eval_metrics_server": {
            "accuracy": 0.8949999809265137,
            "loss": 0.4474795460700989,
            "f1_score": 0.8550474547023296
         },
         "drift_metrics": {
            "drift_median": 1.088693008581721,
            "drift_mean": 1.018639914184272,
            "drift_max": 1.162047810768147,
            "drift_min": 0.805178923202948,
            "drift_per_client": [
               0.805178923202948,
               1.088693008581721,
               1.162047810768147
            ]
         }
      },
      {
         "round": 2,
         "train_metrics": {
            "train_loss": 0.4584507487437459,
            "train_acc": 0.9020173030902742,
            "train_f1": 0.8655378577629731,
            "drift": 0.7592560565693863
         },
         "eval_metrics_client": {
            "loss": 0.4585472444693247,
            "accuracy": 0.9099999864896138,
            "f1": 0.8824634508378201
         },
         "eval_metrics_server": {
            "accuracy": 0.9150000214576721,
            "loss": 0.37718331813812256,
            "f1_score": 0.8790853159785199
         },
         "drift_metrics": {
            "drift_median": 0.7968464104825959,
            "drift_mean": 0.7361699894214274,
            "drift_max": 0.8365497957969656,
            "drift_min": 0.575113761984721,
            "drift_per_client": [
               0.575113761984721,
               0.7968464104825959,
               0.8365497957969656
            ]
         }
      },
      {
         "round": 3,
         "train_metrics": {
            "train_loss": 0.42692940090499154,
            "train_acc": 0.917981078760105,
            "train_f1": 0.8829638728796534,
            "drift": 0.5532323724536641
         },
         "eval_metrics_client": {
            "loss": 0.4198764661947886,
            "accuracy": 0.9133333365122477,
            "f1": 0.8794248565724916
         },
         "eval_metrics_server": {
            "accuracy": 0.925000011920929,
            "loss": 0.3407590389251709,
            "f1_score": 0.8916145814516421
         },
         "drift_metrics": {
            "drift_median": 0.6117972080718682,
            "drift_mean": 0.49314194003273953,
            "drift_max": 0.615759507114641,
            "drift_min": 0.2518691049117094,
            "drift_per_client": [
               0.2518691049117094,
               0.615759507114641,
               0.6117972080718682
            ]
         }
      },
      {
         "round": 4,
         "train_metrics": {
            "train_loss": 0.3951677638977203,
            "train_acc": 0.9290780207366809,
            "train_f1": 0.902407520735415,
            "drift": 0.3904200049704576
         },
         "eval_metrics_client": {
            "loss": 0.3978708585103352,
            "accuracy": 0.9266666769981384,
            "f1": 0.894567120966884
         },
         "eval_metrics_server": {
            "accuracy": 0.9300000071525574,
            "loss": 0.3271537125110626,
            "f1_score": 0.8980186480186481
         },
         "drift_metrics": {
            "drift_median": 0.4407730189672126,
            "drift_mean": 0.35048460277637655,
            "drift_max": 0.4428297061679762,
            "drift_min": 0.16785108319394076,
            "drift_per_client": [
               0.16785108319394076,
               0.4407730189672126,
               0.4428297061679762
            ]
         }
      },
      {
         "round": 5,
         "train_metrics": {
            "train_loss": 0.3827881428534312,
            "train_acc": 0.9406779661016949,
            "train_f1": 0.9009322420004764,
            "drift": 0.23995812081401408
         },
         "eval_metrics_client": {
            "loss": 0.40100650986035663,
            "accuracy": 0.9383333325386047,
            "f1": 0.9093070990266775
         },
         "eval_metrics_server": {
            "accuracy": 0.949999988079071,
            "loss": 0.3155710995197296,
            "f1_score": 0.9246534056660639
         },
         "drift_metrics": {
            "drift_median": 0.1806769970787492,
            "drift_mean": 0.22106234251399123,
            "drift_max": 0.34172115191532426,
            "drift_min": 0.14078887854790018,
            "drift_per_client": [
               0.14078887854790018,
               0.1806769970787492,
               0.34172115191532426
            ]
         }
      },
      {
         "round": 6,
         "train_metrics": {
            "train_loss": 0.3831492788816101,
            "train_acc": 0.9339622506555522,
            "train_f1": 0.8755403236037436,
            "drift": 0.2132301430929955
         },
         "eval_metrics_client": {
            "loss": 0.3974149624506632,
            "accuracy": 0.9500000079472859,
            "f1": 0.9278679279876036
         },
         "eval_metrics_server": {
            "accuracy": 0.9549999833106995,
            "loss": 0.30981874465942383,
            "f1_score": 0.9303378613723441
         },
         "drift_metrics": {
            "drift_median": 0.2376956426807834,
            "drift_mean": 0.20556511251927842,
            "drift_max": 0.24193551078267173,
            "drift_min": 0.13706418409438012,
            "drift_per_client": [
               0.13706418409438012,
               0.2376956426807834,
               0.24193551078267173
            ]
         }
      },
      {
         "round": 7,
         "train_metrics": {
            "train_loss": 0.401283097334849,
            "train_acc": 0.9135446625759005,
            "train_f1": 0.8745958678833425,
            "drift": 0.2442940445658013
         },
         "eval_metrics_client": {
            "loss": 0.4013721446196238,
            "accuracy": 0.9350000023841858,
            "f1": 0.9108779136421568
         },
         "eval_metrics_server": {
            "accuracy": 0.949999988079071,
            "loss": 0.3105795383453369,
            "f1_score": 0.9246534056660639
         },
         "drift_metrics": {
            "drift_median": 0.1578520362444073,
            "drift_mean": 0.23541663117458497,
            "drift_max": 0.3942327127774441,
            "drift_min": 0.15416514450190344,
            "drift_per_client": [
               0.1578520362444073,
               0.3942327127774441,
               0.15416514450190344
            ]
         }
      },
      {
         "round": 8,
         "train_metrics": {
            "train_loss": 0.4040743506449618,
            "train_acc": 0.9211356564651152,
            "train_f1": 0.883489284413383,
            "drift": 0.22368251572217612
         },
         "eval_metrics_client": {
            "loss": 0.3958770136038462,
            "accuracy": 0.9333333373069763,
            "f1": 0.9036058976333299
         },