{
   "info": {
      "strategy": "FedAvg",
      "seed": 7,
      "init_seed": 7,
      "sampling_seed": 7,
      "data_seed": 2,
      "fraction_train": 0.75,
      "fraction_evaluate": 0.75,
      "local_epochs": 2,
      "num_rounds": 10,
      "num_clients": 5,
      "eta_l": 0.3,
      "iid": false,
      "alpha": 1.8,
      "training_mode": "noisy",
      "nshots": 1000,
      "model_type": "quantum",
      "base_pauli": 0.005,
      "base_readout": 0.005,
      "noise_scale": 0.002
   },
   "rounds": [
      {
         "round": 0,
         "train_metrics": {},
         "eval_metrics_client": {},
         "eval_metrics_server": {
            "accuracy": 0.4950000047683716,
            "loss": 0.7266889214515686,
            "f1_score": 0.46807109940750496
         }
      },
      {
         "round": 1,
         "train_metrics": {
            "train_loss": 0.535597227778502,
            "train_acc": 0.8773584855052661,
            "train_f1": 0.8040235360149043,
            "drift": 1.3926526630517837
         },
         "eval_metrics_client": {
            "loss": 0.489611804485321,
            "accuracy": 0.8733333349227904,
            "f1": 0.8369853692593502
         },
         "eval_metrics_server": {
            "accuracy": 0.8650000095367432,
            "loss": 0.43119752407073975,
            "f1_score": 0.8162702868224967
         },
         "drift_metrics": {
            "drift_median": 1.3881086239355367,
            "drift_mean": 1.358827590961644,
            "drift_max": 1.5561082710406478,
            "drift_min": 1.1322658779087482,
            "drift_per_client": [
               1.1322658779087482,
               1.3881086239355367,
               1.5561082710406478
            ]
         }
      },
      {
         "round": 2,
         "train_metrics": {
            "train_loss": 0.41761209307228964,
            "train_acc": 0.9444444328546524,
            "train_f1": 0.8922442222705967,
            "drift": 0.7761703906274043
         },
         "eval_metrics_client": {
            "loss": 0.4193418622016907,
            "accuracy": 0.9383333325386047,
            "f1": 0.9079202964672913
         },
         "eval_metrics_server": {
            "accuracy": 0.9449999928474426,
            "loss": 0.3426734209060669,
            "f1_score": 0.9132457904491502
         },
         "drift_metrics": {
            "drift_median": 0.833832867646607,
            "drift_mean": 0.7099146729491689,
            "drift_max": 0.8715913990534644,
            "drift_min": 0.4243197521474351,
            "drift_per_client": [
               0.4243197521474351,
               0.833832867646607,
               0.8715913990534644
            ]
         }
      },
      {
         "round": 3,
         "train_metrics": {
            "train_loss": 0.3869231266740077,
            "train_acc": 0.9432624151520694,
            "train_f1": 0.9218286054430453,
            "drift": 0.41973046919220713
         },
         "eval_metrics_client": {
            "loss": 0.40049045284589124,
            "accuracy": 0.9283333420753479,
            "f1": 0.8961496417353052
         },
         "eval_metrics_server": {
            "accuracy": 0.9399999976158142,
            "loss": 0.3223094940185547,
            "f1_score": 0.9095840867992766
         },
         "drift_metrics": {
            "drift_median": 0.4448720159501181,
            "drift_mean": 0.37252156221829535,
            "drift_max": 0.5029484101294461,
            "drift_min": 0.1697442605753218,
            "drift_per_client": [
               0.1697442605753218,
               0.4448720159501181,
               0.5029484101294461
            ]
         }
      },
      {
         "round": 4,
         "train_metrics": {
            "train_loss": 0.4043669216941481,
            "train_acc": 0.9396226592783659,
            "train_f1": 0.930028736645521,
            "drift": 0.2334237760182645
         },
         "eval_metrics_client": {
            "loss": 0.4119199713071187,
            "accuracy": 0.9183333317438761,
            "f1": 0.8868940566532355
         },
         "eval_metrics_server": {
            "accuracy": 0.9350000023841858,
            "loss": 0.31880614161491394,
            "f1_score": 0.9045205831588998
         },
         "drift_metrics": {
            "drift_median": 0.18580903619796169,
            "drift_mean": 0.20357388149083314,
            "drift_max": 0.31466818949814174,
            "drift_min": 0.11024441877639606,
            "drift_per_client": [
               0.11024441877639606,
               0.18580903619796169,
               0.31466818949814174
            ]
         }
      },
      {
         "round": 5,
         "train_metrics": {
            "train_loss": 0.40113324392154937,
            "train_acc": 0.9308357477531652,
            "train_f1": 0.8962682121688537,
            "drift": 0.23145034649905566
         },
         "eval_metrics_client": {
            "loss": 0.4045604467391968,
            "accuracy": 0.9350000023841858,
            "f1": 0.9119096342331036
         },
         "eval_metrics_server": {
            "accuracy": 0.9399999976158142,
            "loss": 0.31227606534957886,
            "f1_score": 0.9111242778847578
         },
         "drift_metrics": {
            "drift_median": 0.2197721096206051,
            "drift_mean": 0.22061177188132444,
            "drift_max": 0.293681192195667,
            "drift_min": 0.14838201382770125,
            "drift_per_client": [
               0.14838201382770125,
               0.2197721096206051,
               0.293681192195667
            ]
         }
      },
      {
         "round": 6,
         "train_metrics": {
            "train_loss": 0.384826719973389,
            "train_acc": 0.9465408846267365,
            "train_f1": 0.8928913768407101,
            "drift": 0.1923711645235352
         },
         "eval_metrics_client": {
            "loss": 0.3979771137237549,
            "accuracy": 0.9433333277702332,
            "f1": 0.9183529081776485
         },
         "eval_metrics_server": {
            "accuracy": 0.9449999928474426,
            "loss": 0.30816468596458435,
            "f1_score": 0.9148573861217539
         },
         "drift_metrics": {
            "drift_median": 0.21970291857423072,
            "drift_mean": 0.18402636436555828,
            "drift_max": 0.23099493091765796,
            "drift_min": 0.10138124360478613,
            "drift_per_client": [
               0.10138124360478613,
               0.23099493091765796,
               0.21970291857423072
            ]
         }
      },
      {
         "round": 7,
         "train_metrics": {
            "train_loss": 0.38032380854472136,
            "train_acc": 0.944444447548853,
            "train_f1": 0.885427638574698,
            "drift": 0.13223959486120004
         },
         "eval_metrics_client": {
            "loss": 0.39174126585324603,
            "accuracy": 0.949999988079071,
            "f1": 0.92152719868664
         },
         "eval_metrics_server": {
            "accuracy": 0.949999988079071,
            "loss": 0.30679425597190857,
            "f1_score": 0.921875
         },
         "drift_metrics": {
            "drift_median": 0.12638870476264402,
            "drift_mean": 0.12841195899124222,
            "drift_max": 0.155396341486836,
            "drift_min": 0.10345083072424663,
            "drift_per_client": [
               0.10345083072424663,
               0.155396341486836,
               0.12638870476264402
            ]
         }
      },
      {
         "round": 8,
         "train_metrics": {
            "train_loss": 0.37526689505423055,
            "train_acc": 0.9361702176273292,
            "train_f1": 0.9122455807565721,
            "drift": 0.2209259946266527
         },
         "eval_metrics_client": {
            "loss": 0.3882741530736287,
            "accuracy": 0.9316666722297668,
            "f1": 0.9003292912014538
         },