{
    "1": {
        "loss_median": 0.5020986994107564,
        "loss_mad": 0.016330361366271973,
        "accuracy_median": 0.7783333460489907,
        "accuracy_mad": 0.04666666189829516,
        "f1_median": 0.7193662624083337,
        "f1_mad": 0.025322491884994802
    },
    "2": {
        "loss_median": 0.44813760121663404,
        "loss_mad": 0.011545578638712528,
        "accuracy_median": 0.8583333293596902,
        "accuracy_mad": 0.026666680971781265,
        "f1_median": 0.7835209430952375,
        "f1_mad": 0.03527377412895516
    },
    "3": {
        "loss_median": 0.4086094399293263,
        "loss_mad": 0.015373796224594116,
        "accuracy_median": 0.8733333349227904,
        "accuracy_mad": 0.0183333158493042,
        "f1_median": 0.8304667529444215,
        "f1_mad": 0.030975420872572212
    },
    "4": {
        "loss_median": 0.3856089413166046,
        "loss_mad": 0.016888827085494995,
        "accuracy_median": 0.8866666555404662,
        "accuracy_mad": 0.009999990463256836,
        "f1_median": 0.8497048362613878,
        "f1_mad": 0.016809493929872743
    },
    "5": {
        "loss_median": 0.3704711099465688,
        "loss_mad": 0.0176781217257182,
        "accuracy_median": 0.896666665871938,
        "accuracy_mad": 0.01166667540868116,
        "f1_median": 0.8658898660776402,
        "f1_mad": 0.027744770092157367
    },
    "6": {
        "loss_median": 0.3533277114232381,
        "loss_mad": 0.018019249041875185,
        "accuracy_median": 0.9099999864896138,
        "accuracy_mad": 0.021666665871938107,
        "f1_median": 0.8752060450701407,
        "f1_mad": 0.025101649507648593
    },
    "7": {
        "loss_median": 0.3442247410615285,
        "loss_mad": 0.018564720948537172,
        "accuracy_median": 0.9266666769981384,
        "accuracy_mad": 0.02166670560836803,
        "f1_median": 0.8785140941529246,
        "f1_mad": 0.02775598555653558
    },
    "8": {
        "loss_median": 0.3431508739789327,
        "loss_mad": 0.02219053109486896,
        "accuracy_median": 0.9100000063578287,
        "accuracy_mad": 0.008333365122477288,
        "f1_median": 0.8710365741087813,
        "f1_mad": 0.03216470834191454
    },
    "9": {
        "loss_median": 0.3343036472797394,
        "loss_mad": 0.023071110248565674,
        "accuracy_median": 0.924999992052714,
        "accuracy_mad": 0.011666655540466309,
        "f1_median": 0.8917232756749581,
        "f1_mad": 0.0222391183903502
    },
    "10": {
        "loss_median": 0.32454667488733924,
        "loss_mad": 0.013646582762400272,
        "accuracy_median": 0.9316666722297668,
        "accuracy_mad": 0.008333325386047363,
        "f1_median": 0.8976521610645907,
        "f1_mad": 0.012925175052253435
    }
}