{
    "1": {
        "loss_median": 0.5807648301124573,
        "loss_mad": 0.003871599833170536,
        "accuracy_median": 0.6799999872843424,
        "accuracy_mad": 0.04166668653488159,
        "f1_median": 0.6300095240248402,
        "f1_mad": 0.05004793859681511
    },
    "2": {
        "loss_median": 0.5561690330505371,
        "loss_mad": 0.020676513512929318,
        "accuracy_median": 0.721666673819224,
        "accuracy_mad": 0.02499997615814209,
        "f1_median": 0.6761642051927345,
        "f1_mad": 0.017380476682827384
    },
    "3": {
        "loss_median": 0.514866054058075,
        "loss_mad": 0.009183605511983273,
        "accuracy_median": 0.7633333206176758,
        "accuracy_mad": 0.04666668176651001,
        "f1_median": 0.7113360668733887,
        "f1_mad": 0.04433876880144694
    },
    "4": {
        "loss_median": 0.500771701335907,
        "loss_mad": 0.024831493695577023,
        "accuracy_median": 0.7733333309491475,
        "accuracy_mad": 0.03166665633519494,
        "f1_median": 0.7235608531522182,
        "f1_mad": 0.04576537834177907
    },
    "5": {
        "loss_median": 0.4745074907938639,
        "loss_mad": 0.021022746960322025,
        "accuracy_median": 0.8083333373069763,
        "accuracy_mad": 0.02333335081736254,
        "f1_median": 0.7546376395801433,
        "f1_mad": 0.041748566413220334
    },
    "6": {
        "loss_median": 0.45468229055404663,
        "loss_mad": 0.010475367307662964,
        "accuracy_median": 0.8333333532015481,
        "accuracy_mad": 0.026666700839996338,
        "f1_median": 0.774627384971275,
        "f1_mad": 0.0265895392040032
    },
    "7": {
        "loss_median": 0.43567303816477454,
        "loss_mad": 0.013221273819605528,
        "accuracy_median": 0.8516666690508523,
        "accuracy_mad": 0.013333340485890743,
        "f1_median": 0.7944983119739151,
        "f1_mad": 0.024221633543865417
    },
    "8": {
        "loss_median": 0.42410025993982947,
        "loss_mad": 0.008749167124430357,
        "accuracy_median": 0.8700000047683715,
        "accuracy_mad": 0.016666670640309578,
        "f1_median": 0.8065302685223286,
        "f1_mad": 0.024467559612035283
    },
    "9": {
        "loss_median": 0.4044175545374552,
        "loss_mad": 0.007116913795471191,
        "accuracy_median": 0.8833333253860473,
        "accuracy_mad": 0.01666667064030969,
        "f1_median": 0.8248374710029072,
        "f1_mad": 0.040874259026591475
    },
    "10": {
        "loss_median": 0.39743065834045405,
        "loss_mad": 0.015519738197326605,
        "accuracy_median": 0.8866666555404662,
        "accuracy_mad": 0.020000020662943596,
        "f1_median": 0.8506290365968556,
        "f1_mad": 0.029097206006309606
    }
}