{
   "info": {
      "strategy": "FedYogi",
      "seed": 1,
      "sampling_seed": 1,
      "local_epochs": 2,
      "num_rounds": 10,
      "num_clients": 5,
      "eta": 0.1,
      "eta_l": 0.1,
      "iid": true,
      "alpha": null,
      "training_mode": "noisy",
      "nshots": 1000,
      "model_type": "quantum",
      "base_pauli": 0.005,
      "base_readout": 0.005,
      "noise_scale": 0.002
   },
   "rounds": [
      {
         "round": 0,
         "train_metrics": {},
         "eval_metrics_client": {},
         "eval_metrics_server": {
            "accuracy": 0.6150000095367432,
            "loss": 0.6220965385437012,
            "f1_score": 0.548002700243609
         }
      },
      {
         "round": 1,
         "train_metrics": {
            "train_loss": 0.6068395116390326,
            "train_acc": 0.646666665871938,
            "train_f1": 0.599920208637468,
            "drift": 0.25469484301953477
         },
         "eval_metrics_client": {
            "loss": 0.5907770991325378,
            "accuracy": 0.6699999968210856,
            "f1": 0.6305439777230608
         },
         "eval_metrics_server": {
            "accuracy": 0.6399999856948853,
            "loss": 0.5873445868492126,
            "f1_score": 0.5714285714285714
         },
         "drift_metrics": {
            "drift_median": 0.26343589184677924,
            "drift_mean": 0.25469484301953477,
            "drift_max": 0.2967927745305167,
            "drift_min": 0.2038558626813084,
            "drift_per_client": [
               0.2967927745305167,
               0.26343589184677924,
               0.2038558626813084
            ]
         }
      },
      {
         "round": 2,
         "train_metrics": {
            "train_loss": 0.5707936126452225,
            "train_acc": 0.743333339691162,
            "train_f1": 0.7002379027470298,
            "drift": 0.2139035077233522
         },
         "eval_metrics_client": {
            "loss": 0.5522851149241129,
            "accuracy": 0.7333333293596903,
            "f1": 0.6890103086900491
         },
         "eval_metrics_server": {
            "accuracy": 0.7300000190734863,
            "loss": 0.5491205453872681,
            "f1_score": 0.6754417598269022
         },
         "drift_metrics": {
            "drift_median": 0.1938975695093186,
            "drift_mean": 0.2139035077233522,
            "drift_max": 0.2579280065214002,
            "drift_min": 0.18988494713933787,
            "drift_per_client": [
               0.18988494713933787,
               0.2579280065214002,
               0.1938975695093186
            ]
         }
      },
      {
         "round": 3,
         "train_metrics": {
            "train_loss": 0.5672241800870651,
            "train_acc": 0.7599999904632568,
            "train_f1": 0.720976208178679,
            "drift": 0.18622724661932888
         },
         "eval_metrics_client": {
            "loss": 0.5301015774408976,
            "accuracy": 0.824999988079071,
            "f1": 0.7793279629472549
         },
         "eval_metrics_server": {
            "accuracy": 0.7850000262260437,
            "loss": 0.5137832164764404,
            "f1_score": 0.7319118426384863
         },
         "drift_metrics": {
            "drift_median": 0.19550832193917553,
            "drift_mean": 0.1862272466193289,
            "drift_max": 0.20039306510938767,
            "drift_min": 0.1627803528094235,
            "drift_per_client": [
               0.19550832193917553,
               0.1627803528094235,
               0.20039306510938767
            ]
         }
      },
      {
         "round": 4,
         "train_metrics": {
            "train_loss": 0.5423233501422099,
            "train_acc": 0.800000011920929,
            "train_f1": 0.762067778638081,
            "drift": 0.18644948167595946
         },
         "eval_metrics_client": {
            "loss": 0.517248253027598,
            "accuracy": 0.8199999928474426,
            "f1": 0.7692107123557468
         },
         "eval_metrics_server": {
            "accuracy": 0.8100000023841858,
            "loss": 0.4859734773635864,
            "f1_score": 0.756128866640996
         },
         "drift_metrics": {
            "drift_median": 0.18932256416230284,
            "drift_mean": 0.18644948167595946,
            "drift_max": 0.21535092081460383,
            "drift_min": 0.1546749600509717,
            "drift_per_client": [
               0.1546749600509717,
               0.21535092081460383,
               0.18932256416230284
            ]
         }
      },
      {
         "round": 5,
         "train_metrics": {
            "train_loss": 0.5159768443077039,
            "train_acc": 0.8033333420753479,
            "train_f1": 0.7483783901440947,
            "drift": 0.2180122163359222
         },
         "eval_metrics_client": {
            "loss": 0.5006304383277893,
            "accuracy": 0.793333331743876,
            "f1": 0.7348633712065082
         },
         "eval_metrics_server": {
            "accuracy": 0.8050000071525574,
            "loss": 0.4687095582485199,
            "f1_score": 0.7450230459939198
         },
         "drift_metrics": {
            "drift_median": 0.20999353416251504,
            "drift_mean": 0.21801221633592216,
            "drift_max": 0.25348996237164895,
            "drift_min": 0.19055315247360258,
            "drift_per_client": [
               0.25348996237164895,
               0.19055315247360258,
               0.20999353416251504
            ]
         }
      },
      {
         "round": 6,
         "train_metrics": {
            "train_loss": 0.4909053074243741,
            "train_acc": 0.8233333230018616,
            "train_f1": 0.7626539663835288,
            "drift": 0.21958810389592326
         },
         "eval_metrics_client": {
            "loss": 0.49405011534690857,
            "accuracy": 0.800000011920929,
            "f1": 0.7530629570733515
         },
         "eval_metrics_server": {
            "accuracy": 0.8050000071525574,
            "loss": 0.4556236267089844,
            "f1_score": 0.7382462498741569
         },
         "drift_metrics": {
            "drift_median": 0.21615841805749111,
            "drift_mean": 0.2195881038959233,
            "drift_max": 0.2462261425665741,
            "drift_min": 0.19637975106370462,
            "drift_per_client": [
               0.21615841805749111,
               0.2462261425665741,
               0.19637975106370462
            ]
         }
      },
      {
         "round": 7,
         "train_metrics": {
            "train_loss": 0.47947340133862615,
            "train_acc": 0.8333333134651184,
            "train_f1": 0.7772958751913782,
            "drift": 0.19746797220484127
         },
         "eval_metrics_client": {
            "loss": 0.49046636621157325,
            "accuracy": 0.8100000023841858,
            "f1": 0.7505162499787232
         },
         "eval_metrics_server": {
            "accuracy": 0.8100000023841858,
            "loss": 0.447803795337677,
            "f1_score": 0.7432085416948236
         },
         "drift_metrics": {
            "drift_median": 0.19080070385424064,
            "drift_mean": 0.19746797220484127,
            "drift_max": 0.2275604780994033,
            "drift_min": 0.17404273466087988,
            "drift_per_client": [
               0.17404273466087988,
               0.2275604780994033,
               0.19080070385424064
            ]
         }
      },
      {
         "round": 8,
         "train_metrics": {
            "train_loss": 0.5005961243922893,
            "train_acc": 0.8633333444595336,
            "train_f1": 0.8161963656331616,
            "drift": 0.18931141204831617
         },
         "eval_metrics_client": {
            "loss": 0.5025933980941772,
            "accuracy": 0.8300000031789143,
            "f1": 0.7616470292071644
         },
         "eval_metrics_server": {
            "accuracy": 0.875,