{
   "info": {
      "strategy": "FedYogi",
      "seed": 4,
      "sampling_seed": 4,
      "local_epochs": 2,
      "num_rounds": 10,
      "num_clients": 5,
      "eta": 0.1,
      "eta_l": 0.1,
      "iid": true,
      "alpha": null,
      "training_mode": "noisy",
      "nshots": 1000,
      "model_type": "quantum",
      "base_pauli": 0.005,
      "base_readout": 0.005,
      "noise_scale": 0.002
   },
   "rounds": [
      {
         "round": 0,
         "train_metrics": {},
         "eval_metrics_client": {},
         "eval_metrics_server": {
            "accuracy": 0.6700000166893005,
            "loss": 0.6031970381736755,
            "f1_score": 0.6268656716417911
         }
      },
      {
         "round": 1,
         "train_metrics": {
            "train_loss": 0.5993979542683332,
            "train_acc": 0.753333330154419,
            "train_f1": 0.7107375189238332,
            "drift": 0.36877008759916785
         },
         "eval_metrics_client": {
            "loss": 0.602427860101064,
            "accuracy": 0.7433333396911621,
            "f1": 0.7051164215686274
         },
         "eval_metrics_server": {
            "accuracy": 0.7200000286102295,
            "loss": 0.5678209066390991,
            "f1_score": 0.67558799675588
         },
         "drift_metrics": {
            "drift_median": 0.36008323547533216,
            "drift_mean": 0.3687700875991678,
            "drift_max": 0.39492407499019955,
            "drift_min": 0.35130295233197184,
            "drift_per_client": [
               0.36008323547533216,
               0.39492407499019955,
               0.35130295233197184
            ]
         }
      },
      {
         "round": 2,
         "train_metrics": {
            "train_loss": 0.5622837123198386,
            "train_acc": 0.7833333412806193,
            "train_f1": 0.7507554259390709,
            "drift": 0.35324088535080145
         },
         "eval_metrics_client": {
            "loss": 0.5726329286893208,
            "accuracy": 0.7449999849001566,
            "f1": 0.701207841604427
         },
         "eval_metrics_server": {
            "accuracy": 0.8100000023841858,
            "loss": 0.5183030366897583,
            "f1_score": 0.753118503118503
         },
         "drift_metrics": {
            "drift_median": 0.3503066599175519,
            "drift_mean": 0.3532408853508015,
            "drift_max": 0.3739255419093937,
            "drift_min": 0.33549045422545887,
            "drift_per_client": [
               0.3739255419093937,
               0.33549045422545887,
               0.3503066599175519
            ]
         }
      },
      {
         "round": 3,
         "train_metrics": {
            "train_loss": 0.5317784746487935,
            "train_acc": 0.8433333237965901,
            "train_f1": 0.8026974334908348,
            "drift": 0.29727290974027676
         },
         "eval_metrics_client": {
            "loss": 0.5312811732292175,
            "accuracy": 0.8016666769981384,
            "f1": 0.7498360809669062
         },
         "eval_metrics_server": {
            "accuracy": 0.8500000238418579,
            "loss": 0.4709777534008026,
            "f1_score": 0.8
         },
         "drift_metrics": {
            "drift_median": 0.2944513002459871,
            "drift_mean": 0.29727290974027676,
            "drift_max": 0.31112772552585966,
            "drift_min": 0.2862397034489835,
            "drift_per_client": [
               0.2862397034489835,
               0.31112772552585966,
               0.2944513002459871
            ]
         }
      },
      {
         "round": 4,
         "train_metrics": {
            "train_loss": 0.49983494251202315,
            "train_acc": 0.8566666841506957,
            "train_f1": 0.7949015499113774,
            "drift": 0.2514720129022266
         },
         "eval_metrics_client": {
            "loss": 0.4985647896925608,
            "accuracy": 0.8333333333333333,
            "f1": 0.7832308932175137
         },
         "eval_metrics_server": {
            "accuracy": 0.8949999809265137,
            "loss": 0.4395866394042969,
            "f1_score": 0.8482604140322989
         },
         "drift_metrics": {
            "drift_median": 0.2362212601217998,
            "drift_mean": 0.2514720129022266,
            "drift_max": 0.28995624737007186,
            "drift_min": 0.22823853121480822,
            "drift_per_client": [
               0.2362212601217998,
               0.22823853121480822,
               0.28995624737007186
            ]
         }
      },
      {
         "round": 5,
         "train_metrics": {
            "train_loss": 0.4803523222605387,
            "train_acc": 0.8900000055631001,
            "train_f1": 0.8297003403534111,
            "drift": 0.22048890391682088
         },
         "eval_metrics_client": {
            "loss": 0.4843163092931111,
            "accuracy": 0.8800000150998433,
            "f1": 0.8297697368421052
         },
         "eval_metrics_server": {
            "accuracy": 0.8949999809265137,
            "loss": 0.4217337667942047,
            "f1_score": 0.8482604140322989
         },
         "drift_metrics": {
            "drift_median": 0.20755908192716413,
            "drift_mean": 0.22048890391682088,
            "drift_max": 0.25409887770515016,
            "drift_min": 0.19980875211814844,
            "drift_per_client": [
               0.20755908192716413,
               0.25409887770515016,
               0.19980875211814844
            ]
         }
      },
      {
         "round": 6,
         "train_metrics": {
            "train_loss": 0.4567429110025748,
            "train_acc": 0.9300000071525574,
            "train_f1": 0.8966460009506534,
            "drift": 0.21943300941009036
         },
         "eval_metrics_client": {
            "loss": 0.47678731878598524,
            "accuracy": 0.8849999904632567,
            "f1": 0.8335173940932791
         },
         "eval_metrics_server": {
            "accuracy": 0.8899999856948853,
            "loss": 0.40972068905830383,
            "f1_score": 0.8397435897435898
         },
         "drift_metrics": {
            "drift_median": 0.22573505435437333,
            "drift_mean": 0.2194330094100904,
            "drift_max": 0.252604923404822,
            "drift_min": 0.17995905047107583,
            "drift_per_client": [
               0.252604923404822,
               0.17995905047107583,
               0.22573505435437333
            ]
         }
      },
      {
         "round": 7,
         "train_metrics": {
            "train_loss": 0.4488001175415821,
            "train_acc": 0.9199999968210856,
            "train_f1": 0.8893174280108893,
            "drift": 0.2058777915816845
         },
         "eval_metrics_client": {
            "loss": 0.4661520322163899,
            "accuracy": 0.8950000007947285,
            "f1": 0.8551803685698804
         },
         "eval_metrics_server": {
            "accuracy": 0.8849999904632568,
            "loss": 0.3966391384601593,
            "f1_score": 0.8338090248925178
         },
         "drift_metrics": {
            "drift_median": 0.20860260522509286,
            "drift_mean": 0.2058777915816845,
            "drift_max": 0.22558381629298044,
            "drift_min": 0.18344695322698026,
            "drift_per_client": [
               0.20860260522509286,
               0.22558381629298044,
               0.18344695322698026
            ]
         }
      },
      {
         "round": 8,
         "train_metrics": {
            "train_loss": 0.4450524984261928,
            "train_acc": 0.9133333365122477,
            "train_f1": 0.8795826139932554,
            "drift": 0.24331499930546807
         },
         "eval_metrics_client": {
            "loss": 0.442550907532374,
            "accuracy": 0.9066666563351948,
            "f1": 0.864690101478794
         },
         "eval_metrics_server": {
            "accuracy": 0.8999999761581421,