{
   "info": {
      "strategy": "FedAvg",
      "seed": 1,
      "sampling_seed": 1,
      "fraction_train": 0.75,
      "fraction_evaluate": 0.75,
      "local_epochs": 2,
      "num_rounds": 10,
      "num_clients": 20,
      "eta_l": 0.3,
      "iid": true,
      "alpha": null,
      "training_mode": "noiseless",
      "nshots": 1000,
      "model_type": "quantum"
   },
   "rounds": [
      {
         "round": 0,
         "train_metrics": {},
         "eval_metrics_client": {},
         "eval_metrics_server": {
            "accuracy": 0.6150000095367432,
            "loss": 0.6220965385437012,
            "f1_score": 0.548002700243609
         }
      },
      {
         "round": 1,
         "train_metrics": {
            "train_loss": 0.515714745490979,
            "train_acc": 0.7893333276112875,
            "train_f1": 0.7488877227244988,
            "drift": 0.8699172970784568
         },
         "eval_metrics_client": {
            "loss": 0.507768440246582,
            "accuracy": 0.758999999364217,
            "f1": 0.7147989445782905
         },
         "eval_metrics_server": {
            "accuracy": 0.7450000047683716,
            "loss": 0.5305073857307434,
            "f1_score": 0.6949669547534316
         },
         "drift_metrics": {
            "drift_median": 0.8792942376350984,
            "drift_mean": 0.8699172970784568,
            "drift_max": 1.0557092941528312,
            "drift_min": 0.7121127908643393,
            "drift_per_client": [
               0.8191811688192473,
               0.8792942376350984,
               0.8608866130378066,
               0.7320264193029712,
               0.7942559335110816,
               1.0557092941528312,
               0.7121127908643393,
               0.9807108459713042,
               0.9230742582888579,
               0.7473539801819452,
               0.9054170886129289,
               0.8971638509974535,
               0.9340300642475206,
               1.0054060099626518,
               0.802136900590815
            ]
         }
      },
      {
         "round": 2,
         "train_metrics": {
            "train_loss": 0.4597846234456087,
            "train_acc": 0.8399999976158141,
            "train_f1": 0.8004630888396611,
            "drift": 0.682172334595449
         },
         "eval_metrics_client": {
            "loss": 0.4534689823786418,
            "accuracy": 0.821666665871938,
            "f1": 0.7724476800562035
         },
         "eval_metrics_server": {
            "accuracy": 0.824999988079071,
            "loss": 0.4693138897418976,
            "f1_score": 0.7711745284560818
         },
         "drift_metrics": {
            "drift_median": 0.70878807770001,
            "drift_mean": 0.6821723345954492,
            "drift_max": 0.8251097963374894,
            "drift_min": 0.5304850140647663,
            "drift_per_client": [
               0.727082286361098,
               0.70878807770001,
               0.6614080176904285,
               0.7422831176983793,
               0.551432958442913,
               0.8251097963374894,
               0.7716231866924451,
               0.5372667184851714,
               0.5304850140647663,
               0.8037844596745922,
               0.6603636217798701,
               0.7120301260697829,
               0.7767453678636421,
               0.5622578616836558,
               0.6619244083874941
            ]
         }
      },
      {
         "round": 3,
         "train_metrics": {
            "train_loss": 0.4256728358757802,
            "train_acc": 0.867999998728434,
            "train_f1": 0.8263751449876918,
            "drift": 0.523987563996564
         },
         "eval_metrics_client": {
            "loss": 0.42254416743914286,
            "accuracy": 0.8466666658719381,
            "f1": 0.7949822416956498
         },
         "eval_metrics_server": {
            "accuracy": 0.8450000286102295,
            "loss": 0.4318573772907257,
            "f1_score": 0.782844733984799
         },
         "drift_metrics": {
            "drift_median": 0.5207381111830857,
            "drift_mean": 0.5239875639965641,
            "drift_max": 0.7254044696061394,
            "drift_min": 0.37739970132756945,
            "drift_per_client": [
               0.6270983450881411,
               0.5815397719049844,
               0.3933648509583891,
               0.5525581499108663,
               0.460820017645925,
               0.6470921477223496,
               0.5207381111830857,
               0.37739970132756945,
               0.3962089046221518,
               0.7254044696061394,
               0.598709496852867,
               0.464180711720704,
               0.47209209024313276,
               0.4640571959790351,
               0.5785494951831197
            ]
         }
      },
      {
         "round": 4,
         "train_metrics": {
            "train_loss": 0.40298414077514255,
            "train_acc": 0.9026666680971781,
            "train_f1": 0.8606748262371305,
            "drift": 0.43844946428824655
         },
         "eval_metrics_client": {
            "loss": 0.4013024429480234,
            "accuracy": 0.8829999923706053,
            "f1": 0.8284002784734114
         },
         "eval_metrics_server": {
            "accuracy": 0.8849999904632568,
            "loss": 0.4059069752693176,
            "f1_score": 0.8251681806088709
         },
         "drift_metrics": {
            "drift_median": 0.4220436546244252,
            "drift_mean": 0.4384494642882465,
            "drift_max": 0.6376500726973027,
            "drift_min": 0.31018967452165824,
            "drift_per_client": [
               0.5989836325549475,
               0.36859637845145604,
               0.5536741483127151,
               0.46518958176281117,
               0.31018967452165824,
               0.6376500726973027,
               0.44749359749029133,
               0.34648175678280274,
               0.34642448616940996,
               0.3624450058976551,
               0.4220436546244252,
               0.5155138144618209,
               0.48651887294822194,
               0.3510188713307625,
               0.36451841631741755
            ]
         }
      },
      {
         "round": 5,
         "train_metrics": {
            "train_loss": 0.38914541441660655,
            "train_acc": 0.9160000046094259,
            "train_f1": 0.870725337388929,
            "drift": 0.37792464439524215
         },
         "eval_metrics_client": {
            "loss": 0.3868441621462504,
            "accuracy": 0.8976666609446207,
            "f1": 0.8373922318629642
         },
         "eval_metrics_server": {
            "accuracy": 0.9200000166893005,
            "loss": 0.3871977627277374,
            "f1_score": 0.8673520145912783
         },
         "drift_metrics": {
            "drift_median": 0.351895346185685,
            "drift_mean": 0.37792464439524215,
            "drift_max": 0.5328246655739036,
            "drift_min": 0.25727970007982853,
            "drift_per_client": [
               0.29878361308259727,
               0.25727970007982853,
               0.43392014939470874,
               0.5203123411549702,
               0.5114699043821859,
               0.29525095776201216,
               0.351895346185685,
               0.29792100529912663,
               0.30451655385361914,
               0.5328246655739036,
               0.45484104912153833,
               0.3335972082281776,
               0.28514603272203687,
               0.4109073395605524,
               0.38020379952769007
            ]
         }
      },
      {
         "round": 6,
         "train_metrics": {
            "train_loss": 0.38430211261296876,
            "train_acc": 0.9086666782697044,
            "train_f1": 0.8510993027715772,
            "drift": 0.2925480706469385
         },
         "eval_metrics_client": {
            "loss": 0.3795030872027079,
            "accuracy": 0.9019999980926513,