{
   "info": {
      "strategy": "FedAvg",
      "seed": 5,
      "sampling_seed": 5,
      "fraction_train": 0.75,
      "fraction_evaluate": 0.75,
      "local_epochs": 2,
      "num_rounds": 10,
      "num_clients": 20,
      "eta_l": 0.3,
      "iid": true,
      "alpha": null,
      "training_mode": "noiseless",
      "nshots": 1000,
      "model_type": "quantum"
   },
   "rounds": [
      {
         "round": 0,
         "train_metrics": {},
         "eval_metrics_client": {},
         "eval_metrics_server": {
            "accuracy": 0.6399999856948853,
            "loss": 0.630768895149231,
            "f1_score": 0.6017258546299369
         }
      },
      {
         "round": 1,
         "train_metrics": {
            "train_loss": 0.47028937599597836,
            "train_acc": 0.902666668097178,
            "train_f1": 0.8523974668878498,
            "drift": 1.1076314014232236
         },
         "eval_metrics_client": {
            "loss": 0.44841446479161573,
            "accuracy": 0.9089999953905742,
            "f1": 0.8479651658090716
         },
         "eval_metrics_server": {
            "accuracy": 0.9300000071525574,
            "loss": 0.4548466205596924,
            "f1_score": 0.8759744861800142
         },
         "drift_metrics": {
            "drift_median": 1.0938941456437303,
            "drift_mean": 1.1076314014232236,
            "drift_max": 1.3346303290517336,
            "drift_min": 0.8750129462926662,
            "drift_per_client": [
               1.0443366466588702,
               1.3138406905949633,
               1.1518764497301621,
               1.0938941456437303,
               1.3346303290517336,
               0.89645283595107,
               0.9747550753101742,
               1.0284835634493203,
               0.8750129462926662,
               1.082435209357011,
               1.2853948764471959,
               0.9954762645854821,
               1.1767512392672523,
               1.207123466277375,
               1.1540072827313463
            ]
         }
      },
      {
         "round": 2,
         "train_metrics": {
            "train_loss": 0.39761972534350865,
            "train_acc": 0.8746666669845581,
            "train_f1": 0.7734070605446498,
            "drift": 0.6456688017722059
         },
         "eval_metrics_client": {
            "loss": 0.3946172098318736,
            "accuracy": 0.8793333411216735,
            "f1": 0.7601638374069581
         },
         "eval_metrics_server": {
            "accuracy": 0.9049999713897705,
            "loss": 0.395524799823761,
            "f1_score": 0.8111238133108007
         },
         "drift_metrics": {
            "drift_median": 0.6478395430013955,
            "drift_mean": 0.6456688017722059,
            "drift_max": 0.7418377012571111,
            "drift_min": 0.5424649120720239,
            "drift_per_client": [
               0.698717903140447,
               0.6098508423359473,
               0.6332161809235992,
               0.5679223042048532,
               0.6478395430013955,
               0.5424649120720239,
               0.5868180775346425,
               0.7091768251062173,
               0.5965869617364342,
               0.6602183440227517,
               0.7418377012571111,
               0.6681439966589564,
               0.643501759044084,
               0.6620798592944199,
               0.716656816250203
            ]
         }
      },
      {
         "round": 3,
         "train_metrics": {
            "train_loss": 0.38068728989515555,
            "train_acc": 0.8693333347638447,
            "train_f1": 0.7606344304408896,
            "drift": 0.3437755246905971
         },
         "eval_metrics_client": {
            "loss": 0.38302301565806063,
            "accuracy": 0.8719999988873797,
            "f1": 0.7381240041177022
         },
         "eval_metrics_server": {
            "accuracy": 0.8949999809265137,
            "loss": 0.3823244869709015,
            "f1_score": 0.7786561264822134
         },
         "drift_metrics": {
            "drift_median": 0.33758138705891794,
            "drift_mean": 0.343775524690597,
            "drift_max": 0.4304516513334771,
            "drift_min": 0.28133333068875505,
            "drift_per_client": [
               0.33758138705891794,
               0.39936414577930185,
               0.3149674398981069,
               0.3501805742430419,
               0.3370220985504393,
               0.3638776770218593,
               0.28133333068875505,
               0.2965306044369474,
               0.3145837287454356,
               0.4222115074864617,
               0.3009173544731991,
               0.3144939015474704,
               0.3458587852333511,
               0.4304516513334771,
               0.34725868386219105
            ]
         }
      },
      {
         "round": 4,
         "train_metrics": {
            "train_loss": 0.3804366369278004,
            "train_acc": 0.8660000006357829,
            "train_f1": 0.759904514984889,
            "drift": 0.25312369265453905
         },
         "eval_metrics_client": {
            "loss": 0.3798885802427927,
            "accuracy": 0.8680000027020772,
            "f1": 0.7330369529673357
         },
         "eval_metrics_server": {
            "accuracy": 0.8949999809265137,
            "loss": 0.3780074417591095,
            "f1_score": 0.7851772287862513
         },
         "drift_metrics": {
            "drift_median": 0.23741745468509387,
            "drift_mean": 0.253123692654539,
            "drift_max": 0.36696864243014043,
            "drift_min": 0.1847455906744392,
            "drift_per_client": [
               0.36696864243014043,
               0.24083641649127177,
               0.23619368746390956,
               0.21228640679527638,
               0.3032570678382902,
               0.20425256666789282,
               0.29241674841354914,
               0.23708186309831747,
               0.19630310270545268,
               0.2282069632560062,
               0.25832720593178554,
               0.1847455906744392,
               0.25985947937770104,
               0.33870219398895973,
               0.23741745468509387
            ]
         }
      },
      {
         "round": 5,
         "train_metrics": {
            "train_loss": 0.37303272348183847,
            "train_acc": 0.8786666711171469,
            "train_f1": 0.7885073873050477,
            "drift": 0.24224599463832222
         },
         "eval_metrics_client": {
            "loss": 0.3784701844056447,
            "accuracy": 0.8710000038146972,
            "f1": 0.7491337912613851
         },
         "eval_metrics_server": {
            "accuracy": 0.9100000262260437,
            "loss": 0.3754033148288727,
            "f1_score": 0.8235294117647058
         },
         "drift_metrics": {
            "drift_median": 0.23736044547851923,
            "drift_mean": 0.24224599463832225,
            "drift_max": 0.3471606493512223,
            "drift_min": 0.17191290845614662,
            "drift_per_client": [
               0.20721585040342366,
               0.2125290898012754,
               0.27331111641100503,
               0.17464728412640726,
               0.24690648498430298,
               0.18736439264376378,
               0.22826938195608337,
               0.17191290845614662,
               0.3471606493512223,
               0.27216595122622766,
               0.22036120415081792,
               0.23926888760157228,
               0.23736044547851923,
               0.31027190679201644,
               0.3049443661920496
            ]
         }
      },
      {
         "round": 6,
         "train_metrics": {
            "train_loss": 0.37376134724189075,
            "train_acc": 0.8833333333333333,
            "train_f1": 0.8021387147154242,
            "drift": 0.22533073158769035
         },
         "eval_metrics_client": {
            "loss": 0.37495685815811164,