{
    "1": {
        "loss_median": 0.437053898970286,
        "loss_mad": 0.05093001325925195,
        "accuracy_median": 0.8616666793823241,
        "accuracy_mad": 0.03666667143503821,
        "f1_median": 0.7750600541683813,
        "f1_mad": 0.05246404127684978
    },
    "2": {
        "loss_median": 0.39074885845184326,
        "loss_mad": 0.018685013055801447,
        "accuracy_median": 0.8816666603088378,
        "accuracy_mad": 0.026666641235351562,
        "f1_median": 0.842121053732481,
        "f1_mad": 0.05057418625196519
    },
    "3": {
        "loss_median": 0.3482504586378733,
        "loss_mad": 0.03134594360987342,
        "accuracy_median": 0.9100000063578287,
        "accuracy_mad": 0.03666665156682336,
        "f1_median": 0.8753526335062317,
        "f1_mad": 0.057440338764173204
    },
    "4": {
        "loss_median": 0.3189297914505005,
        "loss_mad": 0.0038763880729675293,
        "accuracy_median": 0.9099999864896138,
        "accuracy_mad": 0.01666669050852465,
        "f1_median": 0.8744566815521354,
        "f1_mad": 0.04147899345330697
    },
    "5": {
        "loss_median": 0.31272822618484497,
        "loss_mad": 0.010277718305587769,
        "accuracy_median": 0.9166666865348816,
        "accuracy_mad": 0.02499997615814209,
        "f1_median": 0.8840348482343502,
        "f1_mad": 0.03362116911473956
    },
    "6": {
        "loss_median": 0.31434700886408484,
        "loss_mad": 0.01653960347175598,
        "accuracy_median": 0.9133333365122477,
        "accuracy_mad": 0.02999999125798547,
        "f1_median": 0.8750467529087218,
        "f1_mad": 0.04330615526892667
    },
    "7": {
        "loss_median": 0.31494446595509845,
        "loss_mad": 0.010283251603444399,
        "accuracy_median": 0.9300000071525574,
        "accuracy_mad": 0.013333340485890743,
        "f1_median": 0.8988829151732376,
        "f1_mad": 0.020795741896403985
    },
    "8": {
        "loss_median": 0.3140375812848409,
        "loss_mad": 0.013497471809387207,
        "accuracy_median": 0.925000011920929,
        "accuracy_mad": 0.013333320617675781,
        "f1_median": 0.8936005201339402,
        "f1_mad": 0.016228623659944708
    },
    "9": {
        "loss_median": 0.3160920739173889,
        "loss_mad": 0.01851305365562439,
        "accuracy_median": 0.9166666865348816,
        "accuracy_mad": 0.011666655540466309,
        "f1_median": 0.882238163998271,
        "f1_mad": 0.023187161142938728
    },
    "10": {
        "loss_median": 0.3074857691923777,
        "loss_mad": 0.004882474740346254,
        "accuracy_median": 0.92166668176651,
        "accuracy_mad": 0.016666650772094727,
        "f1_median": 0.8881708667577034,
        "f1_mad": 0.031459646865200974
    }
}