{
   "info": {
      "strategy": "FedAvg",
      "seed": 6,
      "init_seed": 6,
      "sampling_seed": 6,
      "data_seed": 2,
      "fraction_train": 0.75,
      "fraction_evaluate": 0.75,
      "local_epochs": 2,
      "num_rounds": 10,
      "num_clients": 5,
      "eta_l": 0.3,
      "iid": true,
      "alpha": null,
      "training_mode": "mitigated",
      "nshots": 1000,
      "model_type": "quantum",
      "base_pauli": 0.007,
      "base_readout": 0.007,
      "noise_scale": 0.002
   },
   "rounds": [
      {
         "round": 0,
         "train_metrics": {},
         "eval_metrics_client": {},
         "eval_metrics_server": {
            "accuracy": 0.6349999904632568,
            "loss": 0.6415873169898987,
            "f1_score": 0.6027318984517428
         }
      },
      {
         "round": 1,
         "train_metrics": {
            "train_loss": 0.46746434003878856,
            "train_acc": 0.8633333444595336,
            "train_f1": 0.8131003486408888,
            "drift": 1.1571588664140806
         },
         "eval_metrics_client": {
            "loss": 0.4479401111602783,
            "accuracy": 0.868333339691162,
            "f1": 0.8220196349200818
         },
         "eval_metrics_server": {
            "accuracy": 0.8650000095367432,
            "loss": 0.44625869393348694,
            "f1_score": 0.8162702868224967
         },
         "drift_metrics": {
            "drift_median": 1.1851406291678441,
            "drift_mean": 1.1571588664140806,
            "drift_max": 1.1956629253673805,
            "drift_min": 1.0906730447070174,
            "drift_per_client": [
               1.0906730447070174,
               1.1956629253673805,
               1.1851406291678441
            ]
         }
      },
      {
         "round": 2,
         "train_metrics": {
            "train_loss": 0.37615937987963355,
            "train_acc": 0.893333335717519,
            "train_f1": 0.8632619769968289,
            "drift": 0.6842998960216946
         },
         "eval_metrics_client": {
            "loss": 0.4047733843326568,
            "accuracy": 0.8716666698455809,
            "f1": 0.8311483854029059
         },
         "eval_metrics_server": {
            "accuracy": 0.9049999713897705,
            "loss": 0.3908485770225525,
            "f1_score": 0.8669048369584252
         },
         "drift_metrics": {
            "drift_median": 0.7035017219350033,
            "drift_mean": 0.6842998960216947,
            "drift_max": 0.7314736018348172,
            "drift_min": 0.6179243642952632,
            "drift_per_client": [
               0.6179243642952632,
               0.7314736018348172,
               0.7035017219350033
            ]
         }
      },
      {
         "round": 3,
         "train_metrics": {
            "train_loss": 0.3157262893823477,
            "train_acc": 0.896666665871938,
            "train_f1": 0.859211414118703,
            "drift": 0.5748082605892391
         },
         "eval_metrics_client": {
            "loss": 0.3340914448102315,
            "accuracy": 0.9066666563351948,
            "f1": 0.8716043362671131
         },
         "eval_metrics_server": {
            "accuracy": 0.9350000023841858,
            "loss": 0.34987494349479675,
            "f1_score": 0.9045205831588998
         },
         "drift_metrics": {
            "drift_median": 0.5720937594637275,
            "drift_mean": 0.5748082605892391,
            "drift_max": 0.6238296348437208,
            "drift_min": 0.528501387460269,
            "drift_per_client": [
               0.6238296348437208,
               0.5720937594637275,
               0.528501387460269
            ]
         }
      },
      {
         "round": 4,
         "train_metrics": {
            "train_loss": 0.28653703992947555,
            "train_acc": 0.9133333365122477,
            "train_f1": 0.8799784411714016,
            "drift": 0.4327180255629859
         },
         "eval_metrics_client": {
            "loss": 0.30107019344965613,
            "accuracy": 0.9283333420753479,
            "f1": 0.9006820962281015
         },
         "eval_metrics_server": {
            "accuracy": 0.925000011920929,
            "loss": 0.32658955454826355,
            "f1_score": 0.8879551820728291
         },
         "drift_metrics": {
            "drift_median": 0.39799005154134054,
            "drift_mean": 0.4327180255629859,
            "drift_max": 0.5338779535014987,
            "drift_min": 0.3662860716461184,
            "drift_per_client": [
               0.5338779535014987,
               0.39799005154134054,
               0.3662860716461184
            ]
         }
      },
      {
         "round": 5,
         "train_metrics": {
            "train_loss": 0.28416774460138416,
            "train_acc": 0.9300000071525574,
            "train_f1": 0.8973255358437134,
            "drift": 0.3202484015236965
         },
         "eval_metrics_client": {
            "loss": 0.29385561744372046,
            "accuracy": 0.9383333325386047,
            "f1": 0.9144175127825547
         },
         "eval_metrics_server": {
            "accuracy": 0.9449999928474426,
            "loss": 0.31679531931877136,
            "f1_score": 0.9178338001867414
         },
         "drift_metrics": {
            "drift_median": 0.35139245734145264,
            "drift_mean": 0.32024840152369655,
            "drift_max": 0.378480743905273,
            "drift_min": 0.230872003324364,
            "drift_per_client": [
               0.35139245734145264,
               0.378480743905273,
               0.230872003324364
            ]
         }
      },
      {
         "round": 6,
         "train_metrics": {
            "train_loss": 0.3004491650141202,
            "train_acc": 0.9266666769981384,
            "train_f1": 0.8880437457297865,
            "drift": 0.26310951954170925
         },
         "eval_metrics_client": {
            "loss": 0.31523260474205017,
            "accuracy": 0.9366666674613953,
            "f1": 0.9071974821455557
         },
         "eval_metrics_server": {
            "accuracy": 0.9449999928474426,
            "loss": 0.31293368339538574,
            "f1_score": 0.9178338001867414
         },
         "drift_metrics": {
            "drift_median": 0.2634817123053414,
            "drift_mean": 0.26310951954170925,
            "drift_max": 0.2731102973398679,
            "drift_min": 0.25273654897991854,
            "drift_per_client": [
               0.2731102973398679,
               0.2634817123053414,
               0.25273654897991854
            ]
         }
      },
      {
         "round": 7,
         "train_metrics": {
            "train_loss": 0.30105674457855713,
            "train_acc": 0.9199999968210856,
            "train_f1": 0.8926274756721153,
            "drift": 0.23855135554253604
         },
         "eval_metrics_client": {
            "loss": 0.31987908482551575,
            "accuracy": 0.9333333571751912,
            "f1": 0.904252560285137
         },
         "eval_metrics_server": {
            "accuracy": 0.9399999976158142,
            "loss": 0.3115321099758148,
            "f1_score": 0.9111242778847578
         },
         "drift_metrics": {
            "drift_median": 0.21627797788870712,
            "drift_mean": 0.23855135554253604,
            "drift_max": 0.3027203379952085,
            "drift_min": 0.19665575074369263,
            "drift_per_client": [
               0.3027203379952085,
               0.21627797788870712,
               0.19665575074369263
            ]
         }
      },
      {
         "round": 8,
         "train_metrics": {
            "train_loss": 0.2886403099848674,
            "train_acc": 0.9300000071525573,
            "train_f1": 0.9028624136434561,
            "drift": 0.21093830000557082
         },
         "eval_metrics_client": {
            "loss": 0.3219379683335622,
            "accuracy": 0.9400000174840291,
            "f1": 0.9123008688644598
         },