{
   "info": {
      "strategy": "FedAvg",
      "seed": 5,
      "init_seed": 5,
      "sampling_seed": 5,
      "data_seed": 2,
      "fraction_train": 0.75,
      "fraction_evaluate": 0.75,
      "local_epochs": 2,
      "num_rounds": 10,
      "num_clients": 5,
      "eta_l": 0.3,
      "iid": true,
      "alpha": null,
      "training_mode": "mitigated",
      "nshots": 1000,
      "model_type": "quantum",
      "base_pauli": 0.007,
      "base_readout": 0.007,
      "noise_scale": 0.002
   },
   "rounds": [
      {
         "round": 0,
         "train_metrics": {},
         "eval_metrics_client": {},
         "eval_metrics_server": {
            "accuracy": 0.6399999856948853,
            "loss": 0.630768895149231,
            "f1_score": 0.6017258546299369
         }
      },
      {
         "round": 1,
         "train_metrics": {
            "train_loss": 0.4686863315411102,
            "train_acc": 0.8999999960263569,
            "train_f1": 0.8289926620120059,
            "drift": 1.1731472721340366
         },
         "eval_metrics_client": {
            "loss": 0.43754577636718744,
            "accuracy": 0.8950000007947285,
            "f1": 0.8161175876431757
         },
         "eval_metrics_server": {
            "accuracy": 0.9200000166893005,
            "loss": 0.44419699907302856,
            "f1_score": 0.8472991028822294
         },
         "drift_metrics": {
            "drift_median": 1.2099146973392487,
            "drift_mean": 1.1731472721340366,
            "drift_max": 1.307204422875308,
            "drift_min": 1.002322696187553,
            "drift_per_client": [
               1.307204422875308,
               1.2099146973392487,
               1.002322696187553
            ]
         }
      },
      {
         "round": 2,
         "train_metrics": {
            "train_loss": 0.3798233079604613,
            "train_acc": 0.8633333245913187,
            "train_f1": 0.6800618892333605,
            "drift": 0.6903397012902146
         },
         "eval_metrics_client": {
            "loss": 0.38013678789138794,
            "accuracy": 0.875,
            "f1": 0.7449788808873319
         },
         "eval_metrics_server": {
            "accuracy": 0.8700000047683716,
            "loss": 0.3831031024456024,
            "f1_score": 0.7028571428571428
         },
         "drift_metrics": {
            "drift_median": 0.6897506879427145,
            "drift_mean": 0.6903397012902147,
            "drift_max": 0.716842854532786,
            "drift_min": 0.6644255613951435,
            "drift_per_client": [
               0.6644255613951435,
               0.6897506879427145,
               0.716842854532786
            ]
         }
      },
      {
         "round": 3,
         "train_metrics": {
            "train_loss": 0.34905046339218426,
            "train_acc": 0.8999999960263569,
            "train_f1": 0.7887729236247761,
            "drift": 0.3191410776465059
         },
         "eval_metrics_client": {
            "loss": 0.3678802947203318,
            "accuracy": 0.8766666650772094,
            "f1": 0.7775161061308744
         },
         "eval_metrics_server": {
            "accuracy": 0.8799999952316284,
            "loss": 0.37341761589050293,
            "f1_score": 0.7347480106100795
         },
         "drift_metrics": {
            "drift_median": 0.3290604658351506,
            "drift_mean": 0.31914107764650596,
            "drift_max": 0.3374377375571076,
            "drift_min": 0.2909250295472597,
            "drift_per_client": [
               0.3374377375571076,
               0.3290604658351506,
               0.2909250295472597
            ]
         }
      },
      {
         "round": 4,
         "train_metrics": {
            "train_loss": 0.3622031723841643,
            "train_acc": 0.9233333269755045,
            "train_f1": 0.8859060198495743,
            "drift": 0.31913224572220644
         },
         "eval_metrics_client": {
            "loss": 0.3633715709050496,
            "accuracy": 0.9350000023841858,
            "f1": 0.8998961542308924
         },
         "eval_metrics_server": {
            "accuracy": 0.9300000071525574,
            "loss": 0.36587661504745483,
            "f1_score": 0.8697916666666667
         },
         "drift_metrics": {
            "drift_median": 0.25494485705675435,
            "drift_mean": 0.3191322457222065,
            "drift_max": 0.45830542026146165,
            "drift_min": 0.24414645984840344,
            "drift_per_client": [
               0.45830542026146165,
               0.24414645984840344,
               0.25494485705675435
            ]
         }
      },
      {
         "round": 5,
         "train_metrics": {
            "train_loss": 0.35261218364422137,
            "train_acc": 0.9366666674613953,
            "train_f1": 0.9066477570326558,
            "drift": 0.37770821760749396
         },
         "eval_metrics_client": {
            "loss": 0.35767255226771033,
            "accuracy": 0.9366666674613953,
            "f1": 0.9056609592025928
         },
         "eval_metrics_server": {
            "accuracy": 0.949999988079071,
            "loss": 0.3535631597042084,
            "f1_score": 0.9153116531165312
         },
         "drift_metrics": {
            "drift_median": 0.2940820170380012,
            "drift_mean": 0.37770821760749396,
            "drift_max": 0.5568290497060471,
            "drift_min": 0.2822135860784337,
            "drift_per_client": [
               0.2822135860784337,
               0.5568290497060471,
               0.2940820170380012
            ]
         }
      },
      {
         "round": 6,
         "train_metrics": {
            "train_loss": 0.3391928741565117,
            "train_acc": 0.9233333269755045,
            "train_f1": 0.8856313213334469,
            "drift": 0.3763839778261618
         },
         "eval_metrics_client": {
            "loss": 0.33784132202466327,
            "accuracy": 0.9183333516120911,
            "f1": 0.8822364638371107
         },
         "eval_metrics_server": {
            "accuracy": 0.9399999976158142,
            "loss": 0.34019947052001953,
            "f1_score": 0.90625
         },
         "drift_metrics": {
            "drift_median": 0.3011124256624658,
            "drift_mean": 0.3763839778261618,
            "drift_max": 0.5292574134972324,
            "drift_min": 0.29878209431878716,
            "drift_per_client": [
               0.3011124256624658,
               0.5292574134972324,
               0.29878209431878716
            ]
         }
      },
      {
         "round": 7,
         "train_metrics": {
            "train_loss": 0.3302687456210454,
            "train_acc": 0.9399999976158142,
            "train_f1": 0.9076540502490795,
            "drift": 0.28411889738326207
         },
         "eval_metrics_client": {
            "loss": 0.3268247346083323,
            "accuracy": 0.9350000023841858,
            "f1": 0.9052957929860426
         },
         "eval_metrics_server": {
            "accuracy": 0.9399999976158142,
            "loss": 0.3310064673423767,
            "f1_score": 0.907961343764381
         },
         "drift_metrics": {
            "drift_median": 0.2952758430249715,
            "drift_mean": 0.28411889738326207,
            "drift_max": 0.31105914128047457,
            "drift_min": 0.2460217078443402,
            "drift_per_client": [
               0.31105914128047457,
               0.2460217078443402,
               0.2952758430249715
            ]
         }
      },
      {
         "round": 8,
         "train_metrics": {
            "train_loss": 0.3045459420253069,
            "train_acc": 0.9433333277702332,
            "train_f1": 0.9139157842491672,
            "drift": 0.26421707934161087
         },
         "eval_metrics_client": {
            "loss": 0.32616039117177326,
            "accuracy": 0.9366666674613953,
            "f1": 0.9133269828517465
         },