{
   "info": {
      "strategy": "FedAvg",
      "seed": 4,
      "init_seed": 4,
      "sampling_seed": 4,
      "data_seed": 2,
      "fraction_train": 0.75,
      "fraction_evaluate": 0.75,
      "local_epochs": 2,
      "num_rounds": 10,
      "num_clients": 5,
      "eta_l": 0.3,
      "iid": true,
      "alpha": null,
      "training_mode": "mitigated",
      "nshots": 1000,
      "model_type": "quantum",
      "base_pauli": 0.007,
      "base_readout": 0.007,
      "noise_scale": 0.002
   },
   "rounds": [
      {
         "round": 0,
         "train_metrics": {},
         "eval_metrics_client": {},
         "eval_metrics_server": {
            "accuracy": 0.6700000166893005,
            "loss": 0.6031970381736755,
            "f1_score": 0.6268656716417911
         }
      },
      {
         "round": 1,
         "train_metrics": {
            "train_loss": 0.4444861320348886,
            "train_acc": 0.8866666555404662,
            "train_f1": 0.8464470688848194,
            "drift": 1.2944235066874523
         },
         "eval_metrics_client": {
            "loss": 0.4211636781692505,
            "accuracy": 0.8916666706403096,
            "f1": 0.8574388610828537
         },
         "eval_metrics_server": {
            "accuracy": 0.8949999809265137,
            "loss": 0.42529037594795227,
            "f1_score": 0.8506348020911128
         },
         "drift_metrics": {
            "drift_median": 1.2686475677874967,
            "drift_mean": 1.2944235066874523,
            "drift_max": 1.3890202631044053,
            "drift_min": 1.2256026891704552,
            "drift_per_client": [
               1.2256026891704552,
               1.2686475677874967,
               1.3890202631044053
            ]
         }
      },
      {
         "round": 2,
         "train_metrics": {
            "train_loss": 0.3518774941181525,
            "train_acc": 0.896666685740153,
            "train_f1": 0.8699889764035109,
            "drift": 0.7179862145499256
         },
         "eval_metrics_client": {
            "loss": 0.3602974613507588,
            "accuracy": 0.9049999912579854,
            "f1": 0.8766549921148195
         },
         "eval_metrics_server": {
            "accuracy": 0.9200000166893005,
            "loss": 0.36820462346076965,
            "f1_score": 0.8834498834498834
         },
         "drift_metrics": {
            "drift_median": 0.7435438374887701,
            "drift_mean": 0.7179862145499255,
            "drift_max": 0.7913296482330263,
            "drift_min": 0.6190851579279804,
            "drift_per_client": [
               0.7913296482330263,
               0.7435438374887701,
               0.6190851579279804
            ]
         }
      },
      {
         "round": 3,
         "train_metrics": {
            "train_loss": 0.3517550596824059,
            "train_acc": 0.893333335717519,
            "train_f1": 0.8627686662023922,
            "drift": 0.5068438546358645
         },
         "eval_metrics_client": {
            "loss": 0.3480985562006632,
            "accuracy": 0.9116666714350382,
            "f1": 0.8773892260147665
         },
         "eval_metrics_server": {
            "accuracy": 0.9399999976158142,
            "loss": 0.3351379334926605,
            "f1_score": 0.9111242778847578
         },
         "drift_metrics": {
            "drift_median": 0.4975878656074124,
            "drift_mean": 0.5068438546358646,
            "drift_max": 0.5384875536709327,
            "drift_min": 0.48445614462924846,
            "drift_per_client": [
               0.4975878656074124,
               0.48445614462924846,
               0.5384875536709327
            ]
         }
      },
      {
         "round": 4,
         "train_metrics": {
            "train_loss": 0.315680919549404,
            "train_acc": 0.9133333365122477,
            "train_f1": 0.8682245855855358,
            "drift": 0.37517357515469363
         },
         "eval_metrics_client": {
            "loss": 0.32370254397392273,
            "accuracy": 0.9283333420753479,
            "f1": 0.895769055899758
         },
         "eval_metrics_server": {
            "accuracy": 0.949999988079071,
            "loss": 0.31870412826538086,
            "f1_score": 0.9246534056660639
         },
         "drift_metrics": {
            "drift_median": 0.34163499847391016,
            "drift_mean": 0.3751735751546937,
            "drift_max": 0.45216903666333574,
            "drift_min": 0.33171669032683515,
            "drift_per_client": [
               0.34163499847391016,
               0.45216903666333574,
               0.33171669032683515
            ]
         }
      },
      {
         "round": 5,
         "train_metrics": {
            "train_loss": 0.2930091416988617,
            "train_acc": 0.9099999864896138,
            "train_f1": 0.8612705525107391,
            "drift": 0.259368806673843
         },
         "eval_metrics_client": {
            "loss": 0.30133586128552753,
            "accuracy": 0.9433333277702332,
            "f1": 0.9144481758276426
         },
         "eval_metrics_server": {
            "accuracy": 0.9549999833106995,
            "loss": 0.3107886016368866,
            "f1_score": 0.9303378613723441
         },
         "drift_metrics": {
            "drift_median": 0.24273675098669123,
            "drift_mean": 0.259368806673843,
            "drift_max": 0.32112280042171404,
            "drift_min": 0.21424686861312367,
            "drift_per_client": [
               0.24273675098669123,
               0.21424686861312367,
               0.32112280042171404
            ]
         }
      },
      {
         "round": 6,
         "train_metrics": {
            "train_loss": 0.28803155724054724,
            "train_acc": 0.9200000166893005,
            "train_f1": 0.8860210269326518,
            "drift": 0.23352291170396322
         },
         "eval_metrics_client": {
            "loss": 0.314272662003835,
            "accuracy": 0.9300000071525574,
            "f1": 0.8883465500097213
         },
         "eval_metrics_server": {
            "accuracy": 0.9350000023841858,
            "loss": 0.30933812260627747,
            "f1_score": 0.9011820151267531
         },
         "drift_metrics": {
            "drift_median": 0.23830074861026238,
            "drift_mean": 0.23352291170396322,
            "drift_max": 0.2972107595972456,
            "drift_min": 0.1650572269043818,
            "drift_per_client": [
               0.2972107595972456,
               0.23830074861026238,
               0.1650572269043818
            ]
         }
      },
      {
         "round": 7,
         "train_metrics": {
            "train_loss": 0.3021341497317338,
            "train_acc": 0.9433333277702332,
            "train_f1": 0.9213482697609016,
            "drift": 0.20469945591406286
         },
         "eval_metrics_client": {
            "loss": 0.30818436543146766,
            "accuracy": 0.9300000071525574,
            "f1": 0.9052626494551168
         },
         "eval_metrics_server": {
            "accuracy": 0.9399999976158142,
            "loss": 0.3108671307563782,
            "f1_score": 0.9111242778847578
         },
         "drift_metrics": {
            "drift_median": 0.19277688072360777,
            "drift_mean": 0.2046994559140629,
            "drift_max": 0.28168458892625287,
            "drift_min": 0.13963689809232802,
            "drift_per_client": [
               0.13963689809232802,
               0.19277688072360777,
               0.28168458892625287
            ]
         }
      },
      {
         "round": 8,
         "train_metrics": {
            "train_loss": 0.32352400131714654,
            "train_acc": 0.9066666762034098,
            "train_f1": 0.8780757029763891,
            "drift": 0.2400363222691462
         },
         "eval_metrics_client": {
            "loss": 0.31878437598546344,
            "accuracy": 0.9283333420753479,