{
   "info": {
      "strategy": "FedAvg",
      "seed": 4,
      "init_seed": 4,
      "sampling_seed": 4,
      "data_seed": 2,
      "fraction_train": 0.75,
      "fraction_evaluate": 0.75,
      "local_epochs": 2,
      "num_rounds": 10,
      "num_clients": 5,
      "eta_l": 0.3,
      "iid": true,
      "alpha": null,
      "training_mode": "noisy",
      "nshots": 1000,
      "model_type": "quantum",
      "base_pauli": 0.026,
      "base_readout": 0.026,
      "noise_scale": 0.002
   },
   "rounds": [
      {
         "round": 0,
         "train_metrics": {},
         "eval_metrics_client": {},
         "eval_metrics_server": {
            "accuracy": 0.6700000166893005,
            "loss": 0.6031970381736755,
            "f1_score": 0.6268656716417911
         }
      },
      {
         "round": 1,
         "train_metrics": {
            "train_loss": 0.6715846917568108,
            "train_acc": 0.7233333388964335,
            "train_f1": 0.6762485894104667,
            "drift": 0.2584134096645172
         },
         "eval_metrics_client": {
            "loss": 0.668607771396637,
            "accuracy": 0.7166666785875956,
            "f1": 0.6756252618378524
         },
         "eval_metrics_server": {
            "accuracy": 0.7300000190734863,
            "loss": 0.5668936371803284,
            "f1_score": 0.6897977941176471
         },
         "drift_metrics": {
            "drift_median": 0.24754501832644776,
            "drift_mean": 0.2584134096645172,
            "drift_max": 0.2891540900647582,
            "drift_min": 0.23854112060234564,
            "drift_per_client": [
               0.23854112060234564,
               0.2891540900647582,
               0.24754501832644776
            ]
         }
      },
      {
         "round": 2,
         "train_metrics": {
            "train_loss": 0.6609392502369025,
            "train_acc": 0.7399999896685282,
            "train_f1": 0.7010404458257773,
            "drift": 0.25379514689649346
         },
         "eval_metrics_client": {
            "loss": 0.662582238515218,
            "accuracy": 0.7400000095367432,
            "f1": 0.7002421308847632
         },
         "eval_metrics_server": {
            "accuracy": 0.7699999809265137,
            "loss": 0.5318602919578552,
            "f1_score": 0.7261904761904763
         },
         "drift_metrics": {
            "drift_median": 0.25003586251083715,
            "drift_mean": 0.25379514689649346,
            "drift_max": 0.27077906533655205,
            "drift_min": 0.24057051284209124,
            "drift_per_client": [
               0.24057051284209124,
               0.27077906533655205,
               0.25003586251083715
            ]
         }
      },
      {
         "round": 3,
         "train_metrics": {
            "train_loss": 0.6532247463862101,
            "train_acc": 0.7700000007947285,
            "train_f1": 0.7212766071316736,
            "drift": 0.2416145783597096
         },
         "eval_metrics_client": {
            "loss": 0.6539272864659627,
            "accuracy": 0.7850000063578287,
            "f1": 0.732000969789736
         },
         "eval_metrics_server": {
            "accuracy": 0.824999988079071,
            "loss": 0.5008367300033569,
            "f1_score": 0.7793120842397301
         },
         "drift_metrics": {
            "drift_median": 0.2446422736381657,
            "drift_mean": 0.2416145783597096,
            "drift_max": 0.25063985909219233,
            "drift_min": 0.2295616023487708,
            "drift_per_client": [
               0.25063985909219233,
               0.2446422736381657,
               0.2295616023487708
            ]
         }
      },
      {
         "round": 4,
         "train_metrics": {
            "train_loss": 0.6452486606744618,
            "train_acc": 0.8066666722297668,
            "train_f1": 0.7356411095629954,
            "drift": 0.242034256026469
         },
         "eval_metrics_client": {
            "loss": 0.644959529240926,
            "accuracy": 0.8183333277702332,
            "f1": 0.7668331430528329
         },
         "eval_metrics_server": {
            "accuracy": 0.8450000286102295,
            "loss": 0.4709799289703369,
            "f1_score": 0.7998385794995965
         },
         "drift_metrics": {
            "drift_median": 0.22101900453725076,
            "drift_mean": 0.242034256026469,
            "drift_max": 0.28626263663154106,
            "drift_min": 0.21882112691061517,
            "drift_per_client": [
               0.28626263663154106,
               0.21882112691061517,
               0.22101900453725076
            ]
         }
      },
      {
         "round": 5,
         "train_metrics": {
            "train_loss": 0.6420005147273724,
            "train_acc": 0.8566666642824808,
            "train_f1": 0.791520939640618,
            "drift": 0.24045183146439442
         },
         "eval_metrics_client": {
            "loss": 0.6381471157073975,
            "accuracy": 0.8616666793823241,
            "f1": 0.8145338906407172
         },
         "eval_metrics_server": {
            "accuracy": 0.8600000143051147,
            "loss": 0.4436472952365875,
            "f1_score": 0.8157652322674036
         },
         "drift_metrics": {
            "drift_median": 0.23177993996955754,
            "drift_mean": 0.24045183146439442,
            "drift_max": 0.2818204738752642,
            "drift_min": 0.20775508054836156,
            "drift_per_client": [
               0.20775508054836156,
               0.23177993996955754,
               0.2818204738752642
            ]
         }
      },
      {
         "round": 6,
         "train_metrics": {
            "train_loss": 0.6334479940243256,
            "train_acc": 0.8700000047683715,
            "train_f1": 0.8250878796812239,
            "drift": 0.24535770292274273
         },
         "eval_metrics_client": {
            "loss": 0.6330931782722473,
            "accuracy": 0.8749999999999999,
            "f1": 0.8369139149225993
         },
         "eval_metrics_server": {
            "accuracy": 0.8700000047683716,
            "loss": 0.41850897669792175,
            "f1_score": 0.8266666666666667
         },
         "drift_metrics": {
            "drift_median": 0.23904610548429653,
            "drift_mean": 0.24535770292274273,
            "drift_max": 0.27317085519042816,
            "drift_min": 0.22385614809350354,
            "drift_per_client": [
               0.22385614809350354,
               0.23904610548429653,
               0.27317085519042816
            ]
         }
      },
      {
         "round": 7,
         "train_metrics": {
            "train_loss": 0.628367576843653,
            "train_acc": 0.8633333245913186,
            "train_f1": 0.8311765472659435,
            "drift": 0.19797965900502515
         },
         "eval_metrics_client": {
            "loss": 0.6304442485173543,
            "accuracy": 0.8766666650772094,
            "f1": 0.8433040468772032
         },
         "eval_metrics_server": {
            "accuracy": 0.8799999952316284,
            "loss": 0.4004627466201782,
            "f1_score": 0.8378159210704149
         },
         "drift_metrics": {
            "drift_median": 0.20517919874344018,
            "drift_mean": 0.19797965900502515,
            "drift_max": 0.21657249406230053,
            "drift_min": 0.17218728420933477,
            "drift_per_client": [
               0.20517919874344018,
               0.21657249406230053,
               0.17218728420933477
            ]
         }
      },
      {
         "round": 8,
         "train_metrics": {
            "train_loss": 0.6256139324261591,
            "train_acc": 0.846666653951009,
            "train_f1": 0.8093777599011456,
            "drift": 0.169481775765271
         },
         "eval_metrics_client": {
            "loss": 0.6245437264442444,
            "accuracy": 0.8766666650772094,