{
   "info": {
      "strategy": "FedAvg",
      "seed": 3,
      "init_seed": 3,
      "sampling_seed": 3,
      "data_seed": 2,
      "fraction_train": 0.75,
      "fraction_evaluate": 0.75,
      "local_epochs": 2,
      "num_rounds": 10,
      "num_clients": 5,
      "eta_l": 0.3,
      "iid": true,
      "alpha": null,
      "training_mode": "noisy",
      "nshots": 1000,
      "model_type": "quantum",
      "base_pauli": 0.026,
      "base_readout": 0.026,
      "noise_scale": 0.002
   },
   "rounds": [
      {
         "round": 0,
         "train_metrics": {},
         "eval_metrics_client": {},
         "eval_metrics_server": {
            "accuracy": 0.47999998927116394,
            "loss": 0.7357013821601868,
            "f1_score": 0.4164515767029514
         }
      },
      {
         "round": 1,
         "train_metrics": {
            "train_loss": 0.6788211128650568,
            "train_acc": 0.6699999968210856,
            "train_f1": 0.6144405370642605,
            "drift": 0.36421514111337594
         },
         "eval_metrics_client": {
            "loss": 0.675200601418813,
            "accuracy": 0.6550000111262003,
            "f1": 0.5983964484969251
         },
         "eval_metrics_server": {
            "accuracy": 0.5899999737739563,
            "loss": 0.6539860367774963,
            "f1_score": 0.5208041140719962
         },
         "drift_metrics": {
            "drift_median": 0.36174132122696323,
            "drift_mean": 0.364215141113376,
            "drift_max": 0.37612088101584373,
            "drift_min": 0.3547832210973208,
            "drift_per_client": [
               0.3547832210973208,
               0.36174132122696323,
               0.37612088101584373
            ]
         }
      },
      {
         "round": 2,
         "train_metrics": {
            "train_loss": 0.6622343552418244,
            "train_acc": 0.7766666611035664,
            "train_f1": 0.7158533114166608,
            "drift": 0.3657215930948805
         },
         "eval_metrics_client": {
            "loss": 0.6615103681882222,
            "accuracy": 0.7283333539962769,
            "f1": 0.676053472612208
         },
         "eval_metrics_server": {
            "accuracy": 0.7149999737739563,
            "loss": 0.5707652568817139,
            "f1_score": 0.6446273262882259
         },
         "drift_metrics": {
            "drift_median": 0.36569782742109125,
            "drift_mean": 0.3657215930948805,
            "drift_max": 0.37456156942292,
            "drift_min": 0.35690538244063025,
            "drift_per_client": [
               0.35690538244063025,
               0.37456156942292,
               0.36569782742109125
            ]
         }
      },
      {
         "round": 3,
         "train_metrics": {
            "train_loss": 0.6522291348530695,
            "train_acc": 0.8166666825612385,
            "train_f1": 0.750602314917906,
            "drift": 0.3202892612001891
         },
         "eval_metrics_client": {
            "loss": 0.6483551065127054,
            "accuracy": 0.8133333524068196,
            "f1": 0.7503876289855338
         },
         "eval_metrics_server": {
            "accuracy": 0.824999988079071,
            "loss": 0.5034002065658569,
            "f1_score": 0.7650927883486023
         },
         "drift_metrics": {
            "drift_median": 0.3228855415058738,
            "drift_mean": 0.32028926120018913,
            "drift_max": 0.33658896648791004,
            "drift_min": 0.30139327560678353,
            "drift_per_client": [
               0.33658896648791004,
               0.30139327560678353,
               0.3228855415058738
            ]
         }
      },
      {
         "round": 4,
         "train_metrics": {
            "train_loss": 0.6460641897641695,
            "train_acc": 0.8399999737739563,
            "train_f1": 0.7903091060985796,
            "drift": 0.2654280868501518
         },
         "eval_metrics_client": {
            "loss": 0.641526718934377,
            "accuracy": 0.8533333341280619,
            "f1": 0.7949179884164006
         },
         "eval_metrics_server": {
            "accuracy": 0.875,
            "loss": 0.4574611783027649,
            "f1_score": 0.8221842882037056
         },
         "drift_metrics": {
            "drift_median": 0.2729817240696505,
            "drift_mean": 0.2654280868501518,
            "drift_max": 0.27335622269655624,
            "drift_min": 0.2499463137842486,
            "drift_per_client": [
               0.2499463137842486,
               0.27335622269655624,
               0.2729817240696505
            ]
         }
      },
      {
         "round": 5,
         "train_metrics": {
            "train_loss": 0.639606767740005,
            "train_acc": 0.8433333436648051,
            "train_f1": 0.7924544990958701,
            "drift": 0.2209676420844005
         },
         "eval_metrics_client": {
            "loss": 0.6357365846633911,
            "accuracy": 0.8683333198229471,
            "f1": 0.8120954393254184
         },
         "eval_metrics_server": {
            "accuracy": 0.8799999952316284,
            "loss": 0.4266059398651123,
            "f1_score": 0.8191681735985534
         },
         "drift_metrics": {
            "drift_median": 0.23391370204037332,
            "drift_mean": 0.22096764208440053,
            "drift_max": 0.23449619658492926,
            "drift_min": 0.194493027627899,
            "drift_per_client": [
               0.23391370204037332,
               0.23449619658492926,
               0.194493027627899
            ]
         }
      },
      {
         "round": 6,
         "train_metrics": {
            "train_loss": 0.6297184137197641,
            "train_acc": 0.8900000055631001,
            "train_f1": 0.8495022339545827,
            "drift": 0.17017325949378495
         },
         "eval_metrics_client": {
            "loss": 0.6308428843816121,
            "accuracy": 0.8733333150545756,
            "f1": 0.8222936261966797
         },
         "eval_metrics_server": {
            "accuracy": 0.8949999809265137,
            "loss": 0.40805914998054504,
            "f1_score": 0.837455009868803
         },
         "drift_metrics": {
            "drift_median": 0.17429152766825948,
            "drift_mean": 0.17017325949378495,
            "drift_max": 0.18588180623321357,
            "drift_min": 0.1503464445798818,
            "drift_per_client": [
               0.18588180623321357,
               0.17429152766825948,
               0.1503464445798818
            ]
         }
      },
      {
         "round": 7,
         "train_metrics": {
            "train_loss": 0.626097443776253,
            "train_acc": 0.9066666762034098,
            "train_f1": 0.8616043191903211,
            "drift": 0.14428297148598132
         },
         "eval_metrics_client": {
            "loss": 0.6315039197603861,
            "accuracy": 0.8733333349227904,
            "f1": 0.8241294775459964
         },
         "eval_metrics_server": {
            "accuracy": 0.9049999713897705,
            "loss": 0.3966034948825836,
            "f1_score": 0.850151819866714
         },
         "drift_metrics": {
            "drift_median": 0.14043393514942654,
            "drift_mean": 0.14428297148598132,
            "drift_max": 0.15488617361326848,
            "drift_min": 0.13752880569524897,
            "drift_per_client": [
               0.14043393514942654,
               0.15488617361326848,
               0.13752880569524897
            ]
         }
      },
      {
         "round": 8,
         "train_metrics": {
            "train_loss": 0.6278820007275312,
            "train_acc": 0.9033333460489908,
            "train_f1": 0.8392004329774476,
            "drift": 0.12156536505059362
         },
         "eval_metrics_client": {
            "loss": 0.6299095153808594,
            "accuracy": 0.9016666809717814,
            "f1": 0.8529510861833465
         },