{
   "info": {
      "strategy": "FedAvg",
      "seed": 6,
      "init_seed": 6,
      "sampling_seed": 6,
      "data_seed": 6,
      "fraction_train": 0.75,
      "fraction_evaluate": 0.75,
      "local_epochs": 2,
      "num_rounds": 10,
      "num_clients": 5,
      "eta_l": 0.3,
      "iid": true,
      "alpha": null,
      "training_mode": "noisy",
      "nshots": 5000,
      "model_type": "quantum",
      "base_pauli": 0.005,
      "base_readout": 0.005,
      "noise_scale": 0.002
   },
   "rounds": [
      {
         "round": 0,
         "train_metrics": {},
         "eval_metrics_client": {},
         "eval_metrics_server": {
            "accuracy": 0.6349999904632568,
            "loss": 0.6415873169898987,
            "f1_score": 0.6027318984517428
         }
      },
      {
         "round": 1,
         "train_metrics": {
            "train_loss": 0.5120681944565895,
            "train_acc": 0.896666665871938,
            "train_f1": 0.8659738060551577,
            "drift": 0.9323693527135537
         },
         "eval_metrics_client": {
            "loss": 0.514567752679189,
            "accuracy": 0.8483333388964335,
            "f1": 0.8016273551417233
         },
         "eval_metrics_server": {
            "accuracy": 0.8299999833106995,
            "loss": 0.474410742521286,
            "f1_score": 0.7791060291060291
         },
         "drift_metrics": {
            "drift_median": 0.9351871601004064,
            "drift_mean": 0.9323693527135538,
            "drift_max": 0.972976577862789,
            "drift_min": 0.8889443201774658,
            "drift_per_client": [
               0.972976577862789,
               0.9351871601004064,
               0.8889443201774658
            ]
         }
      },
      {
         "round": 2,
         "train_metrics": {
            "train_loss": 0.49138688659056634,
            "train_acc": 0.896666665871938,
            "train_f1": 0.8701308201249232,
            "drift": 0.5134170671292623
         },
         "eval_metrics_client": {
            "loss": 0.485814760128657,
            "accuracy": 0.8749999999999999,
            "f1": 0.835246503641136
         },
         "eval_metrics_server": {
            "accuracy": 0.8600000143051147,
            "loss": 0.4266997277736664,
            "f1_score": 0.8107852412488175
         },
         "drift_metrics": {
            "drift_median": 0.5052705882214571,
            "drift_mean": 0.5134170671292623,
            "drift_max": 0.6013263023171619,
            "drift_min": 0.433654310849168,
            "drift_per_client": [
               0.433654310849168,
               0.6013263023171619,
               0.5052705882214571
            ]
         }
      },
      {
         "round": 3,
         "train_metrics": {
            "train_loss": 0.46347663112175763,
            "train_acc": 0.9166666666666666,
            "train_f1": 0.8922146180210696,
            "drift": 0.5015488027590576
         },
         "eval_metrics_client": {
            "loss": 0.45287361741065973,
            "accuracy": 0.8866666555404662,
            "f1": 0.8483910718779059
         },
         "eval_metrics_server": {
            "accuracy": 0.8899999856948853,
            "loss": 0.3800370693206787,
            "f1_score": 0.8470310109859547
         },
         "drift_metrics": {
            "drift_median": 0.5010290455133419,
            "drift_mean": 0.5015488027590577,
            "drift_max": 0.5485629650439122,
            "drift_min": 0.4550543977199188,
            "drift_per_client": [
               0.5485629650439122,
               0.4550543977199188,
               0.5010290455133419
            ]
         }
      },
      {
         "round": 4,
         "train_metrics": {
            "train_loss": 0.41528790425031614,
            "train_acc": 0.9333333373069763,
            "train_f1": 0.9110601462427246,
            "drift": 0.461845722887233
         },
         "eval_metrics_client": {
            "loss": 0.41857398549715674,
            "accuracy": 0.9100000063578287,
            "f1": 0.8798527299075697
         },
         "eval_metrics_server": {
            "accuracy": 0.9150000214576721,
            "loss": 0.34459173679351807,
            "f1_score": 0.8790853159785199
         },
         "drift_metrics": {
            "drift_median": 0.4523396581736765,
            "drift_mean": 0.461845722887233,
            "drift_max": 0.533384747496056,
            "drift_min": 0.39981276299196666,
            "drift_per_client": [
               0.39981276299196666,
               0.533384747496056,
               0.4523396581736765
            ]
         }
      },
      {
         "round": 5,
         "train_metrics": {
            "train_loss": 0.3840364997203533,
            "train_acc": 0.9366666674613953,
            "train_f1": 0.9115666173730689,
            "drift": 0.3593679025567723
         },
         "eval_metrics_client": {
            "loss": 0.4033935169378916,
            "accuracy": 0.9100000063578287,
            "f1": 0.8811895378222202
         },
         "eval_metrics_server": {
            "accuracy": 0.9150000214576721,
            "loss": 0.32634174823760986,
            "f1_score": 0.877163192311861
         },
         "drift_metrics": {
            "drift_median": 0.3721499343521869,
            "drift_mean": 0.35936790255677237,
            "drift_max": 0.4599577013646557,
            "drift_min": 0.24599607195347442,
            "drift_per_client": [
               0.4599577013646557,
               0.24599607195347442,
               0.3721499343521869
            ]
         }
      },
      {
         "round": 6,
         "train_metrics": {
            "train_loss": 0.37550748540804935,
            "train_acc": 0.9466666579246521,
            "train_f1": 0.9273436194348832,
            "drift": 0.3038329544462126
         },
         "eval_metrics_client": {
            "loss": 0.39024826884269714,
            "accuracy": 0.9100000063578287,
            "f1": 0.8743847260425186
         },
         "eval_metrics_server": {
            "accuracy": 0.9200000166893005,
            "loss": 0.31661006808280945,
            "f1_score": 0.8853046594982079
         },
         "drift_metrics": {
            "drift_median": 0.29707269416575516,
            "drift_mean": 0.3038329544462126,
            "drift_max": 0.3337186797811887,
            "drift_min": 0.28070748939169393,
            "drift_per_client": [
               0.3337186797811887,
               0.28070748939169393,
               0.29707269416575516
            ]
         }
      },
      {
         "round": 7,
         "train_metrics": {
            "train_loss": 0.40063155920077587,
            "train_acc": 0.9300000071525574,
            "train_f1": 0.9099633388967079,
            "drift": 0.22488733131752647
         },
         "eval_metrics_client": {
            "loss": 0.397022674481074,
            "accuracy": 0.925000011920929,
            "f1": 0.8937979225550139
         },
         "eval_metrics_server": {
            "accuracy": 0.9150000214576721,
            "loss": 0.31251996755599976,
            "f1_score": 0.8751423010539459
         },
         "drift_metrics": {
            "drift_median": 0.21358765346541103,
            "drift_mean": 0.22488733131752647,
            "drift_max": 0.2863937781045503,
            "drift_min": 0.1746805623826181,
            "drift_per_client": [
               0.2863937781045503,
               0.21358765346541103,
               0.1746805623826181
            ]
         }
      },
      {
         "round": 8,
         "train_metrics": {
            "train_loss": 0.4107352220095121,
            "train_acc": 0.9366666674613953,
            "train_f1": 0.9152035554836911,
            "drift": 0.14098787664647705
         },
         "eval_metrics_client": {
            "loss": 0.40547763307889295,
            "accuracy": 0.9266666769981384,
            "f1": 0.8958536118492498
         },