{
   "info": {
      "strategy": "FedAvg",
      "seed": 3,
      "init_seed": 3,
      "sampling_seed": 3,
      "data_seed": 3,
      "fraction_train": 0.75,
      "fraction_evaluate": 0.75,
      "local_epochs": 2,
      "num_rounds": 10,
      "num_clients": 5,
      "eta_l": 0.3,
      "iid": true,
      "alpha": null,
      "training_mode": "noisy",
      "nshots": 5000,
      "model_type": "quantum",
      "base_pauli": 0.005,
      "base_readout": 0.005,
      "noise_scale": 0.002
   },
   "rounds": [
      {
         "round": 0,
         "train_metrics": {},
         "eval_metrics_client": {},
         "eval_metrics_server": {
            "accuracy": 0.47999998927116394,
            "loss": 0.7357013821601868,
            "f1_score": 0.4164515767029514
         }
      },
      {
         "round": 1,
         "train_metrics": {
            "train_loss": 0.5281556118757297,
            "train_acc": 0.8700000047683715,
            "train_f1": 0.7708065832503983,
            "drift": 1.3156815233142392
         },
         "eval_metrics_client": {
            "loss": 0.49331340193748474,
            "accuracy": 0.8699999849001566,
            "f1": 0.8057816805444888
         },
         "eval_metrics_server": {
            "accuracy": 0.8849999904632568,
            "loss": 0.44502174854278564,
            "f1_score": 0.8112820512820513
         },
         "drift_metrics": {
            "drift_median": 1.328257435005484,
            "drift_mean": 1.3156815233142394,
            "drift_max": 1.3618903573493726,
            "drift_min": 1.2568967775878614,
            "drift_per_client": [
               1.328257435005484,
               1.3618903573493726,
               1.2568967775878614
            ]
         }
      },
      {
         "round": 2,
         "train_metrics": {
            "train_loss": 0.4629351206314869,
            "train_acc": 0.8999999960263569,
            "train_f1": 0.8532356617916892,
            "drift": 0.5424316301616734
         },
         "eval_metrics_client": {
            "loss": 0.46066469947497046,
            "accuracy": 0.893333335717519,
            "f1": 0.8293612949021056
         },
         "eval_metrics_server": {
            "accuracy": 0.9300000071525574,
            "loss": 0.3858887553215027,
            "f1_score": 0.8729813101070586
         },
         "drift_metrics": {
            "drift_median": 0.5142293763519452,
            "drift_mean": 0.5424316301616735,
            "drift_max": 0.6004984732718832,
            "drift_min": 0.512567040861192,
            "drift_per_client": [
               0.512567040861192,
               0.5142293763519452,
               0.6004984732718832
            ]
         }
      },
      {
         "round": 3,
         "train_metrics": {
            "train_loss": 0.4605635656760289,
            "train_acc": 0.9033333261807759,
            "train_f1": 0.8361683581373798,
            "drift": 0.27539401313908085
         },
         "eval_metrics_client": {
            "loss": 0.45429600278536475,
            "accuracy": 0.9050000111262003,
            "f1": 0.8239014453946438
         },
         "eval_metrics_server": {
            "accuracy": 0.925000011920929,
            "loss": 0.3756997585296631,
            "f1_score": 0.8586971880740426
         },
         "drift_metrics": {
            "drift_median": 0.2739020190841081,
            "drift_mean": 0.2753940131390809,
            "drift_max": 0.3450759996683262,
            "drift_min": 0.20720402066480842,
            "drift_per_client": [
               0.20720402066480842,
               0.2739020190841081,
               0.3450759996683262
            ]
         }
      },
      {
         "round": 4,
         "train_metrics": {
            "train_loss": 0.45420252589079047,
            "train_acc": 0.893333335717519,
            "train_f1": 0.7813923368811485,
            "drift": 0.17314647978735692
         },
         "eval_metrics_client": {
            "loss": 0.45847582817077637,
            "accuracy": 0.9050000111262003,
            "f1": 0.8225344553487617
         },
         "eval_metrics_server": {
            "accuracy": 0.925000011920929,
            "loss": 0.3733920156955719,
            "f1_score": 0.8586971880740426
         },
         "drift_metrics": {
            "drift_median": 0.13983814111711654,
            "drift_mean": 0.17314647978735695,
            "drift_max": 0.24126109300730172,
            "drift_min": 0.13834020523765256,
            "drift_per_client": [
               0.24126109300730172,
               0.13983814111711654,
               0.13834020523765256
            ]
         }
      },
      {
         "round": 5,
         "train_metrics": {
            "train_loss": 0.43916081694456244,
            "train_acc": 0.8866666754086812,
            "train_f1": 0.7757934595156228,
            "drift": 0.13736256680781175
         },
         "eval_metrics_client": {
            "loss": 0.44680877526601154,
            "accuracy": 0.9050000111262003,
            "f1": 0.8213217833908338
         },
         "eval_metrics_server": {
            "accuracy": 0.925000011920929,
            "loss": 0.37147462368011475,
            "f1_score": 0.8586971880740426
         },
         "drift_metrics": {
            "drift_median": 0.13790242471275516,
            "drift_mean": 0.13736256680781175,
            "drift_max": 0.1882734051388098,
            "drift_min": 0.08591187057187032,
            "drift_per_client": [
               0.13790242471275516,
               0.08591187057187032,
               0.1882734051388098
            ]
         }
      },
      {
         "round": 6,
         "train_metrics": {
            "train_loss": 0.43249752620855964,
            "train_acc": 0.9000000158945719,
            "train_f1": 0.7881731514188541,
            "drift": 0.10295647970382356
         },
         "eval_metrics_client": {
            "loss": 0.43928438425064087,
            "accuracy": 0.8916666706403096,
            "f1": 0.8022964530650726
         },
         "eval_metrics_server": {
            "accuracy": 0.925000011920929,
            "loss": 0.3709326982498169,
            "f1_score": 0.8586971880740426
         },
         "drift_metrics": {
            "drift_median": 0.1044399994739814,
            "drift_mean": 0.10295647970382356,
            "drift_max": 0.15247690841893569,
            "drift_min": 0.05195253121855358,
            "drift_per_client": [
               0.1044399994739814,
               0.15247690841893569,
               0.05195253121855358
            ]
         }
      },
      {
         "round": 7,
         "train_metrics": {
            "train_loss": 0.45097067111577743,
            "train_acc": 0.8766666849454243,
            "train_f1": 0.7991223471506586,
            "drift": 0.11910887689515218
         },
         "eval_metrics_client": {
            "loss": 0.4486348132292429,
            "accuracy": 0.8883333206176757,
            "f1": 0.802285877897626
         },
         "eval_metrics_server": {
            "accuracy": 0.9200000166893005,
            "loss": 0.3711930811405182,
            "f1_score": 0.8472991028822294
         },
         "drift_metrics": {
            "drift_median": 0.13152517573012543,
            "drift_mean": 0.11910887689515219,
            "drift_max": 0.14390325212125304,
            "drift_min": 0.08189820283407809,
            "drift_per_client": [
               0.08189820283407809,
               0.14390325212125304,
               0.13152517573012543
            ]
         }
      },
      {
         "round": 8,
         "train_metrics": {
            "train_loss": 0.4554928021553235,
            "train_acc": 0.8866666754086812,
            "train_f1": 0.8042015066710023,
            "drift": 0.1402413513042497
         },
         "eval_metrics_client": {
            "loss": 0.45120807488759357,
            "accuracy": 0.8950000007947285,