{
   "info": {
      "strategy": "FedProx",
      "seed": 5,
      "sampling_seed": 5,
      "local_epochs": 2,
      "mu": 0.03,
      "eta_l": 0.3,
      "num_rounds": 10,
      "num_clients": 5,
      "iid": true,
      "alpha": null,
      "training_mode": "noisy",
      "nshots": 1000,
      "model_type": "quantum",
      "base_pauli": 0.005,
      "base_readout": 0.005,
      "noise_scale": 0.002
   },
   "rounds": [
      {
         "round": 0,
         "train_metrics": {},
         "eval_metrics_client": {},
         "eval_metrics_server": {
            "accuracy": 0.6399999856948853,
            "loss": 0.630768895149231,
            "f1_score": 0.6017258546299369
         }
      },
      {
         "round": 1,
         "train_metrics": {
            "train_loss": 0.5546168141855319,
            "train_acc": 0.8700000047683715,
            "train_f1": 0.8030176101334839,
            "drift": 0.8215983461719935
         },
         "eval_metrics_client": {
            "loss": 0.5242336789766947,
            "accuracy": 0.8799999952316283,
            "f1": 0.8064094460983606
         },
         "eval_metrics_server": {
            "accuracy": 0.8849999904632568,
            "loss": 0.49505192041397095,
            "f1_score": 0.8219745346182128
         },
         "drift_metrics": {
            "drift_median": 0.8218087307384369,
            "drift_mean": 0.8215983461719935,
            "drift_max": 1.0048755005478252,
            "drift_min": 0.6381108072297185,
            "drift_per_client": [
               1.0048755005478252,
               0.8218087307384369,
               0.6381108072297185
            ]
         }
      },
      {
         "round": 2,
         "train_metrics": {
            "train_loss": 0.47865254601106494,
            "train_acc": 0.896666646003723,
            "train_f1": 0.7770088711171442,
            "drift": 0.6773004339079841
         },
         "eval_metrics_client": {
            "loss": 0.46656064192454016,
            "accuracy": 0.865000009536743,
            "f1": 0.7160518152135937
         },
         "eval_metrics_server": {
            "accuracy": 0.8899999856948853,
            "loss": 0.4110316038131714,
            "f1_score": 0.7645043887818455
         },
         "drift_metrics": {
            "drift_median": 0.6500276031013661,
            "drift_mean": 0.6773004339079843,
            "drift_max": 0.7599548854115319,
            "drift_min": 0.6219188132110546,
            "drift_per_client": [
               0.6219188132110546,
               0.7599548854115319,
               0.6500276031013661
            ]
         }
      },
      {
         "round": 3,
         "train_metrics": {
            "train_loss": 0.4417064940978208,
            "train_acc": 0.8866666555404662,
            "train_f1": 0.7513881198474222,
            "drift": 0.4149444436884524
         },
         "eval_metrics_client": {
            "loss": 0.45491726199785865,
            "accuracy": 0.8616666595141093,
            "f1": 0.7325106389623781
         },
         "eval_metrics_server": {
            "accuracy": 0.8700000047683716,
            "loss": 0.38139861822128296,
            "f1_score": 0.7028571428571428
         },
         "drift_metrics": {
            "drift_median": 0.4363682705170859,
            "drift_mean": 0.4149444436884524,
            "drift_max": 0.43866332716980133,
            "drift_min": 0.36980173337847,
            "drift_per_client": [
               0.43866332716980133,
               0.4363682705170859,
               0.36980173337847
            ]
         }
      },
      {
         "round": 4,
         "train_metrics": {
            "train_loss": 0.46177721168470065,
            "train_acc": 0.8899999856948853,
            "train_f1": 0.8082146230012084,
            "drift": 0.2182765880579043
         },
         "eval_metrics_client": {
            "loss": 0.46037773291269934,
            "accuracy": 0.8883333206176757,
            "f1": 0.798086569217249
         },
         "eval_metrics_server": {
            "accuracy": 0.8799999952316284,
            "loss": 0.3745673894882202,
            "f1_score": 0.7347480106100795
         },
         "drift_metrics": {
            "drift_median": 0.20641100591134395,
            "drift_mean": 0.2182765880579043,
            "drift_max": 0.260377049243091,
            "drift_min": 0.188041709019278,
            "drift_per_client": [
               0.20641100591134395,
               0.260377049243091,
               0.188041709019278
            ]
         }
      },
      {
         "round": 5,
         "train_metrics": {
            "train_loss": 0.4638722694258057,
            "train_acc": 0.9166666666666666,
            "train_f1": 0.8518727413517986,
            "drift": 0.1964388142431717
         },
         "eval_metrics_client": {
            "loss": 0.45839066306749976,
            "accuracy": 0.9150000214576721,
            "f1": 0.8402351882981824
         },
         "eval_metrics_server": {
            "accuracy": 0.8899999856948853,
            "loss": 0.369561105966568,
            "f1_score": 0.7645043887818455
         },
         "drift_metrics": {
            "drift_median": 0.1806324454844828,
            "drift_mean": 0.19643881424317167,
            "drift_max": 0.25608092002276617,
            "drift_min": 0.15260307722226613,
            "drift_per_client": [
               0.25608092002276617,
               0.1806324454844828,
               0.15260307722226613
            ]
         }
      },
      {
         "round": 6,
         "train_metrics": {
            "train_loss": 0.4365157613849696,
            "train_acc": 0.9399999976158142,
            "train_f1": 0.8992359910350756,
            "drift": 0.2533292138526004
         },
         "eval_metrics_client": {
            "loss": 0.4331707557042439,
            "accuracy": 0.9300000071525574,
            "f1": 0.8754323085498743
         },
         "eval_metrics_server": {
            "accuracy": 0.9350000023841858,
            "loss": 0.36235588788986206,
            "f1_score": 0.8775375629975036
         },
         "drift_metrics": {
            "drift_median": 0.24814241299296586,
            "drift_mean": 0.2533292138526004,
            "drift_max": 0.3298631618634012,
            "drift_min": 0.1819820667014341,
            "drift_per_client": [
               0.3298631618634012,
               0.24814241299296586,
               0.1819820667014341
            ]
         }
      },
      {
         "round": 7,
         "train_metrics": {
            "train_loss": 0.4174085296542254,
            "train_acc": 0.9633333484331765,
            "train_f1": 0.9353888060600584,
            "drift": 0.2294207156637169
         },
         "eval_metrics_client": {
            "loss": 0.422104259332021,
            "accuracy": 0.9333333373069763,
            "f1": 0.8866450970315162
         },
         "eval_metrics_server": {
            "accuracy": 0.9350000023841858,
            "loss": 0.35528647899627686,
            "f1_score": 0.8834655551073461
         },
         "drift_metrics": {
            "drift_median": 0.24266047750750083,
            "drift_mean": 0.2294207156637169,
            "drift_max": 0.24950490360411268,
            "drift_min": 0.19609676587953717,
            "drift_per_client": [
               0.19609676587953717,
               0.24950490360411268,
               0.24266047750750083
            ]
         }
      },
      {
         "round": 8,
         "train_metrics": {
            "train_loss": 0.4100010008797442,
            "train_acc": 0.9666666785875955,
            "train_f1": 0.947970154675614,
            "drift": 0.23903205659586055
         },
         "eval_metrics_client": {
            "loss": 0.422143002351125,
            "accuracy": 0.9333333373069763,
            "f1": 0.9026582724920242
         },
         "eval_metrics_server": {
            "accuracy": 0.9399999976158142,