{
   "info": {
      "strategy": "FedProx",
      "seed": 4,
      "sampling_seed": 4,
      "local_epochs": 2,
      "mu": 0.03,
      "eta_l": 0.3,
      "num_rounds": 10,
      "num_clients": 5,
      "iid": true,
      "alpha": null,
      "training_mode": "noisy",
      "nshots": 1000,
      "model_type": "quantum",
      "base_pauli": 0.005,
      "base_readout": 0.005,
      "noise_scale": 0.002
   },
   "rounds": [
      {
         "round": 0,
         "train_metrics": {},
         "eval_metrics_client": {},
         "eval_metrics_server": {
            "accuracy": 0.6700000166893005,
            "loss": 0.6031970381736755,
            "f1_score": 0.6268656716417911
         }
      },
      {
         "round": 1,
         "train_metrics": {
            "train_loss": 0.5536493186279701,
            "train_acc": 0.850000003973643,
            "train_f1": 0.8066019373953388,
            "drift": 0.8810561995631216
         },
         "eval_metrics_client": {
            "loss": 0.5286274949709574,
            "accuracy": 0.8666666746139525,
            "f1": 0.8300079554322636
         },
         "eval_metrics_server": {
            "accuracy": 0.8399999737739563,
            "loss": 0.4691404700279236,
            "f1_score": 0.7946348350661019
         },
         "drift_metrics": {
            "drift_median": 0.8741591263574833,
            "drift_mean": 0.8810561995631216,
            "drift_max": 0.9340557562052817,
            "drift_min": 0.8349537161265999,
            "drift_per_client": [
               0.8349537161265999,
               0.8741591263574833,
               0.9340557562052817
            ]
         }
      },
      {
         "round": 2,
         "train_metrics": {
            "train_loss": 0.4805220529968933,
            "train_acc": 0.9000000158945719,
            "train_f1": 0.8734158100999525,
            "drift": 0.5950604240205535
         },
         "eval_metrics_client": {
            "loss": 0.48716921607653296,
            "accuracy": 0.8999999960263569,
            "f1": 0.8703214606301697
         },
         "eval_metrics_server": {
            "accuracy": 0.8949999809265137,
            "loss": 0.4102906882762909,
            "f1_score": 0.8506348020911128
         },
         "drift_metrics": {
            "drift_median": 0.6125861414872139,
            "drift_mean": 0.5950604240205535,
            "drift_max": 0.6334523854946785,
            "drift_min": 0.539142745079768,
            "drift_per_client": [
               0.6125861414872139,
               0.6334523854946785,
               0.539142745079768
            ]
         }
      },
      {
         "round": 3,
         "train_metrics": {
            "train_loss": 0.45041158720390156,
            "train_acc": 0.9033333460489908,
            "train_f1": 0.8712331986926711,
            "drift": 0.47704919817303815
         },
         "eval_metrics_client": {
            "loss": 0.4464397132396698,
            "accuracy": 0.9083333412806193,
            "f1": 0.8734388024715558
         },
         "eval_metrics_server": {
            "accuracy": 0.9200000166893005,
            "loss": 0.37188664078712463,
            "f1_score": 0.8853046594982079
         },
         "drift_metrics": {
            "drift_median": 0.4930873783937732,
            "drift_mean": 0.47704919817303826,
            "drift_max": 0.5053417219478573,
            "drift_min": 0.4327184941774842,
            "drift_per_client": [
               0.5053417219478573,
               0.4930873783937732,
               0.4327184941774842
            ]
         }
      },
      {
         "round": 4,
         "train_metrics": {
            "train_loss": 0.4146123047770742,
            "train_acc": 0.9200000166893005,
            "train_f1": 0.8787136214036798,
            "drift": 0.43473111870626807
         },
         "eval_metrics_client": {
            "loss": 0.41305078069368995,
            "accuracy": 0.921666661898295,
            "f1": 0.8869177532640717
         },
         "eval_metrics_server": {
            "accuracy": 0.9399999976158142,
            "loss": 0.3413335382938385,
            "f1_score": 0.9111242778847578
         },
         "drift_metrics": {
            "drift_median": 0.401272230886548,
            "drift_mean": 0.4347311187062681,
            "drift_max": 0.5393103852723253,
            "drift_min": 0.36361073995993093,
            "drift_per_client": [
               0.36361073995993093,
               0.401272230886548,
               0.5393103852723253
            ]
         }
      },
      {
         "round": 5,
         "train_metrics": {
            "train_loss": 0.40197412904545937,
            "train_acc": 0.9366666674613953,
            "train_f1": 0.8955483333850085,
            "drift": 0.31506365346976606
         },
         "eval_metrics_client": {
            "loss": 0.4100625912348429,
            "accuracy": 0.9383333325386047,
            "f1": 0.9084762013967379
         },
         "eval_metrics_server": {
            "accuracy": 0.9549999833106995,
            "loss": 0.32433751225471497,
            "f1_score": 0.9315875489339059
         },
         "drift_metrics": {
            "drift_median": 0.2808684737253106,
            "drift_mean": 0.3150636534697661,
            "drift_max": 0.41308309569024976,
            "drift_min": 0.2512393909937378,
            "drift_per_client": [
               0.2512393909937378,
               0.2808684737253106,
               0.41308309569024976
            ]
         }
      },
      {
         "round": 6,
         "train_metrics": {
            "train_loss": 0.39309740250124586,
            "train_acc": 0.943333347638448,
            "train_f1": 0.917820381255359,
            "drift": 0.25330748258939867
         },
         "eval_metrics_client": {
            "loss": 0.40258688728014624,
            "accuracy": 0.9383333325386047,
            "f1": 0.9128958984544953
         },
         "eval_metrics_server": {
            "accuracy": 0.9350000023841858,
            "loss": 0.3173361122608185,
            "f1_score": 0.9011820151267531
         },
         "drift_metrics": {
            "drift_median": 0.28135246611552445,
            "drift_mean": 0.25330748258939867,
            "drift_max": 0.30589270103589256,
            "drift_min": 0.17267728061677903,
            "drift_per_client": [
               0.28135246611552445,
               0.17267728061677903,
               0.30589270103589256
            ]
         }
      },
      {
         "round": 7,
         "train_metrics": {
            "train_loss": 0.40344128285371594,
            "train_acc": 0.9300000071525574,
            "train_f1": 0.9088358018792801,
            "drift": 0.1881301059221659
         },
         "eval_metrics_client": {
            "loss": 0.4053014020125071,
            "accuracy": 0.9399999976158142,
            "f1": 0.9181911604221636
         },
         "eval_metrics_server": {
            "accuracy": 0.9399999976158142,
            "loss": 0.3157324492931366,
            "f1_score": 0.9111242778847578
         },
         "drift_metrics": {
            "drift_median": 0.19649406892726726,
            "drift_mean": 0.18813010592216592,
            "drift_max": 0.24429715565106033,
            "drift_min": 0.1235990931881701,
            "drift_per_client": [
               0.19649406892726726,
               0.1235990931881701,
               0.24429715565106033
            ]
         }
      },
      {
         "round": 8,
         "train_metrics": {
            "train_loss": 0.4061978090392818,
            "train_acc": 0.9100000063578287,
            "train_f1": 0.8778821792213114,
            "drift": 0.20162248559735368
         },
         "eval_metrics_client": {
            "loss": 0.3976582785447438,
            "accuracy": 0.9300000071525574,
            "f1": 0.8992681233095808
         },
         "eval_metrics_server": {
            "accuracy": 0.9449999928474426,