{
   "info": {
      "strategy": "FedProx",
      "seed": 2,
      "sampling_seed": 2,
      "local_epochs": 2,
      "mu": 0.03,
      "eta_l": 0.3,
      "num_rounds": 10,
      "num_clients": 5,
      "iid": true,
      "alpha": null,
      "training_mode": "noisy",
      "nshots": 1000,
      "model_type": "quantum",
      "base_pauli": 0.005,
      "base_readout": 0.005,
      "noise_scale": 0.002
   },
   "rounds": [
      {
         "round": 0,
         "train_metrics": {},
         "eval_metrics_client": {},
         "eval_metrics_server": {
            "accuracy": 0.6800000071525574,
            "loss": 0.6009007096290588,
            "f1_score": 0.6259934548854604
         }
      },
      {
         "round": 1,
         "train_metrics": {
            "train_loss": 0.5909575964113569,
            "train_acc": 0.7166666587193806,
            "train_f1": 0.6441257101604709,
            "drift": 0.6351943204182673
         },
         "eval_metrics_client": {
            "loss": 0.553873320420583,
            "accuracy": 0.7383333245913187,
            "f1": 0.6843489142787008
         },
         "eval_metrics_server": {
            "accuracy": 0.75,
            "loss": 0.5387158989906311,
            "f1_score": 0.6932891669733775
         },
         "drift_metrics": {
            "drift_median": 0.655379857520964,
            "drift_mean": 0.6351943204182674,
            "drift_max": 0.6600894578442459,
            "drift_min": 0.5901136458895924,
            "drift_per_client": [
               0.6600894578442459,
               0.5901136458895924,
               0.655379857520964
            ]
         }
      },
      {
         "round": 2,
         "train_metrics": {
            "train_loss": 0.547600876709495,
            "train_acc": 0.846666653951009,
            "train_f1": 0.7852693763168197,
            "drift": 0.5968489465416925
         },
         "eval_metrics_client": {
            "loss": 0.5105535785357157,
            "accuracy": 0.8549999992052714,
            "f1": 0.8045630495730852
         },
         "eval_metrics_server": {
            "accuracy": 0.8399999737739563,
            "loss": 0.48319312930107117,
            "f1_score": 0.7866666666666666
         },
         "drift_metrics": {
            "drift_median": 0.5984626998316603,
            "drift_mean": 0.5968489465416925,
            "drift_max": 0.6192733134759899,
            "drift_min": 0.5728108263174273,
            "drift_per_client": [
               0.5728108263174273,
               0.5984626998316603,
               0.6192733134759899
            ]
         }
      },
      {
         "round": 3,
         "train_metrics": {
            "train_loss": 0.49595892727855195,
            "train_acc": 0.9066666762034098,
            "train_f1": 0.8718759068238772,
            "drift": 0.6341441040624386
         },
         "eval_metrics_client": {
            "loss": 0.47605333725611365,
            "accuracy": 0.9099999864896138,
            "f1": 0.8765934703347211
         },
         "eval_metrics_server": {
            "accuracy": 0.8949999809265137,
            "loss": 0.4197160303592682,
            "f1_score": 0.8482604140322989
         },
         "drift_metrics": {
            "drift_median": 0.6668939231491893,
            "drift_mean": 0.6341441040624387,
            "drift_max": 0.6749129398616981,
            "drift_min": 0.5606254491764285,
            "drift_per_client": [
               0.5606254491764285,
               0.6668939231491893,
               0.6749129398616981
            ]
         }
      },
      {
         "round": 4,
         "train_metrics": {
            "train_loss": 0.4497118053320408,
            "train_acc": 0.9066666563351948,
            "train_f1": 0.8814939485507367,
            "drift": 0.5356806294982234
         },
         "eval_metrics_client": {
            "loss": 0.45042217771212256,
            "accuracy": 0.9016666611035664,
            "f1": 0.8715016548652855
         },
         "eval_metrics_server": {
            "accuracy": 0.9200000166893005,
            "loss": 0.3696765899658203,
            "f1_score": 0.8794454490657022
         },
         "drift_metrics": {
            "drift_median": 0.5333808797500966,
            "drift_mean": 0.5356806294982234,
            "drift_max": 0.5714206258852743,
            "drift_min": 0.5022403828592992,
            "drift_per_client": [
               0.5714206258852743,
               0.5022403828592992,
               0.5333808797500966
            ]
         }
      },
      {
         "round": 5,
         "train_metrics": {
            "train_loss": 0.4291176166908275,
            "train_acc": 0.9133333365122477,
            "train_f1": 0.8859017225461241,
            "drift": 0.3849360354877748
         },
         "eval_metrics_client": {
            "loss": 0.42118610938390094,
            "accuracy": 0.9150000214576721,
            "f1": 0.8811944023092362
         },
         "eval_metrics_server": {
            "accuracy": 0.9300000071525574,
            "loss": 0.3413546681404114,
            "f1_score": 0.8945147679324894
         },
         "drift_metrics": {
            "drift_median": 0.37531735376597436,
            "drift_mean": 0.38493603548777483,
            "drift_max": 0.4129212333257875,
            "drift_min": 0.36656951937156257,
            "drift_per_client": [
               0.4129212333257875,
               0.37531735376597436,
               0.36656951937156257
            ]
         }
      },
      {
         "round": 6,
         "train_metrics": {
            "train_loss": 0.4003916783562981,
            "train_acc": 0.9266666769981384,
            "train_f1": 0.8881564546234351,
            "drift": 0.33881495592365063
         },
         "eval_metrics_client": {
            "loss": 0.39871807893117267,
            "accuracy": 0.9383333325386047,
            "f1": 0.9086117108491983
         },
         "eval_metrics_server": {
            "accuracy": 0.9449999928474426,
            "loss": 0.3234545886516571,
            "f1_score": 0.9163847820303295
         },
         "drift_metrics": {
            "drift_median": 0.31575205082088703,
            "drift_mean": 0.33881495592365063,
            "drift_max": 0.4247433374336366,
            "drift_min": 0.27594947951642823,
            "drift_per_client": [
               0.31575205082088703,
               0.27594947951642823,
               0.4247433374336366
            ]
         }
      },
      {
         "round": 7,
         "train_metrics": {
            "train_loss": 0.3982072572761586,
            "train_acc": 0.9366666674613953,
            "train_f1": 0.8972401958746866,
            "drift": 0.23094269563066827
         },
         "eval_metrics_client": {
            "loss": 0.40304196874300635,
            "accuracy": 0.9366666674613953,
            "f1": 0.90660171152029
         },
         "eval_metrics_server": {
            "accuracy": 0.949999988079071,
            "loss": 0.3154664933681488,
            "f1_score": 0.921875
         },
         "drift_metrics": {
            "drift_median": 0.22995028496619838,
            "drift_mean": 0.23094269563066827,
            "drift_max": 0.3055239977579898,
            "drift_min": 0.15735380416781666,
            "drift_per_client": [
               0.15735380416781666,
               0.3055239977579898,
               0.22995028496619838
            ]
         }
      },
      {
         "round": 8,
         "train_metrics": {
            "train_loss": 0.3953650911371861,
            "train_acc": 0.9333333373069763,
            "train_f1": 0.9044963411619296,
            "drift": 0.1896281452966686
         },
         "eval_metrics_client": {
            "loss": 0.39864587783813477,
            "accuracy": 0.9466666579246521,
            "f1": 0.9231686325009243
         },
         "eval_metrics_server": {
            "accuracy": 0.9350000023841858,
            "loss": 0.3135942816734314,