{
    "1": {
        "loss_median": 0.5725735823313395,
        "loss_mad": 0.008505960305531857,
        "accuracy_median": 0.6766666571299235,
        "accuracy_mad": 0.056666672229766846,
        "f1_median": 0.6330644495258706,
        "f1_mad": 0.056450192627929274
    },
    "2": {
        "loss_median": 0.5231402019659678,
        "loss_mad": 0.006354381640752194,
        "accuracy_median": 0.7433333198229471,
        "accuracy_mad": 0.0433333317438761,
        "f1_median": 0.688735028351898,
        "f1_mad": 0.04928117622959827
    },
    "3": {
        "loss_median": 0.48088921109835303,
        "loss_mad": 0.017008880774180057,
        "accuracy_median": 0.7899999817212422,
        "accuracy_mad": 0.03333336114883423,
        "f1_median": 0.7365670727739693,
        "f1_mad": 0.046240126039972296
    },
    "4": {
        "loss_median": 0.4501750568548838,
        "loss_mad": 0.006201366583506285,
        "accuracy_median": 0.840000013510386,
        "accuracy_mad": 0.025000015894571792,
        "f1_median": 0.7753654849157436,
        "f1_mad": 0.030518264445737686
    },
    "5": {
        "loss_median": 0.42583421866099036,
        "loss_mad": 0.005493750174840273,
        "accuracy_median": 0.8700000047683716,
        "accuracy_mad": 0.004999995231628307,
        "f1_median": 0.8034577108614065,
        "f1_mad": 0.02146334613428369
    },
    "6": {
        "loss_median": 0.4060570498307546,
        "loss_mad": 0.013849268356959044,
        "accuracy_median": 0.8849999904632567,
        "accuracy_mad": 0.013333340485890743,
        "f1_median": 0.8257319106652875,
        "f1_mad": 0.02732044784954968
    },
    "7": {
        "loss_median": 0.4134509662787119,
        "loss_mad": 0.014644424120585142,
        "accuracy_median": 0.8833333253860473,
        "accuracy_mad": 0.011666655540466309,
        "f1_median": 0.8281583732520401,
        "f1_mad": 0.041149810109583296
    },
    "8": {
        "loss_median": 0.40305622418721515,
        "loss_mad": 0.018817265828450502,
        "accuracy_median": 0.8933333158493041,
        "accuracy_mad": 0.026666641235351562,
        "f1_median": 0.8489271736649835,
        "f1_mad": 0.05244242921394349
    },
    "9": {
        "loss_median": 0.39197566111882526,
        "loss_mad": 0.040525684754053715,
        "accuracy_median": 0.9083333412806193,
        "accuracy_mad": 0.026666661103566525,
        "f1_median": 0.872922423504725,
        "f1_mad": 0.03847282054738255
    },
    "10": {
        "loss_median": 0.3756622274716695,
        "loss_mad": 0.03356658418973285,
        "accuracy_median": 0.8899999856948851,
        "accuracy_mad": 0.026666680971781487,
        "f1_median": 0.8260987034638225,
        "f1_mad": 0.06314152642529591
    }
}