{
    "1": {
        "loss_median": 0.5614178578058878,
        "loss_mad": 0.012503127257029178,
        "accuracy_median": 0.8433333237965901,
        "accuracy_mad": 0.025000015894571903,
        "f1_median": 0.7851489308417782,
        "f1_mad": 0.02485868067843744
    },
    "2": {
        "loss_median": 0.5244102478027344,
        "loss_mad": 0.022268543640772576,
        "accuracy_median": 0.8816666603088378,
        "accuracy_mad": 0.019999980926513672,
        "f1_median": 0.8204045268434322,
        "f1_mad": 0.03731541139139383
    },
    "3": {
        "loss_median": 0.49731010198593134,
        "loss_mad": 0.009200016657511356,
        "accuracy_median": 0.8899999856948851,
        "accuracy_mad": 0.023333311080932617,
        "f1_median": 0.8428786140584331,
        "f1_mad": 0.019165013941874087
    },
    "4": {
        "loss_median": 0.49653880794843036,
        "loss_mad": 0.03214674194653827,
        "accuracy_median": 0.893333355585734,
        "accuracy_mad": 0.011666695276896233,
        "f1_median": 0.8589805683507611,
        "f1_mad": 0.03412545153943691
    },
    "5": {
        "loss_median": 0.4866683681805928,
        "loss_mad": 0.03437366088231397,
        "accuracy_median": 0.9016666412353515,
        "accuracy_mad": 0.011666655540466309,
        "f1_median": 0.8595914555167526,
        "f1_mad": 0.03942411377577615
    },
    "6": {
        "loss_median": 0.4601857463518778,
        "loss_mad": 0.019804726044336973,
        "accuracy_median": 0.9033333261807759,
        "accuracy_mad": 0.02166668574015307,
        "f1_median": 0.8664314958968355,
        "f1_mad": 0.04121992939168306
    },
    "7": {
        "loss_median": 0.4719195465246836,
        "loss_mad": 0.02457408110300696,
        "accuracy_median": 0.9116666714350382,
        "accuracy_mad": 0.02166668574015307,
        "f1_median": 0.8774868487730326,
        "f1_mad": 0.03089208903580387
    },
    "8": {
        "loss_median": 0.467808057864507,
        "loss_mad": 0.02190371354420978,
        "accuracy_median": 0.9233333468437195,
        "accuracy_mad": 0.009999990463256836,
        "f1_median": 0.8904811636073829,
        "f1_mad": 0.010956490847415012
    },
    "9": {
        "loss_median": 0.4815451105435689,
        "loss_mad": 0.03222453594207758,
        "accuracy_median": 0.9233333269755045,
        "accuracy_mad": 0.010000010331471798,
        "f1_median": 0.8947323249662658,
        "f1_mad": 0.010421366847153224
    },
    "10": {
        "loss_median": 0.47384365399678546,
        "loss_mad": 0.029231548309326172,
        "accuracy_median": 0.9150000214576721,
        "accuracy_mad": 0.013333320617675781,
        "f1_median": 0.8866105427553597,
        "f1_mad": 0.016745986715668293
    }
}