{
   "info": {
      "strategy": "FedAvg",
      "seed": 6,
      "init_seed": 6,
      "sampling_seed": 6,
      "data_seed": 6,
      "fraction_train": 0.75,
      "fraction_evaluate": 0.75,
      "local_epochs": 2,
      "num_rounds": 10,
      "num_clients": 5,
      "eta_l": 0.3,
      "iid": true,
      "alpha": null,
      "training_mode": "noisy",
      "nshots": 500,
      "model_type": "quantum",
      "base_pauli": 0.005,
      "base_readout": 0.005,
      "noise_scale": 0.002
   },
   "rounds": [
      {
         "round": 0,
         "train_metrics": {},
         "eval_metrics_client": {},
         "eval_metrics_server": {
            "accuracy": 0.6349999904632568,
            "loss": 0.6415873169898987,
            "f1_score": 0.6027318984517428
         }
      },
      {
         "round": 1,
         "train_metrics": {
            "train_loss": 0.5090059997179569,
            "train_acc": 0.896666665871938,
            "train_f1": 0.8648413134843089,
            "drift": 0.9337715325457668
         },
         "eval_metrics_client": {
            "loss": 0.5133519570032755,
            "accuracy": 0.843333343664805,
            "f1": 0.7928171181142318
         },
         "eval_metrics_server": {
            "accuracy": 0.8299999833106995,
            "loss": 0.47432300448417664,
            "f1_score": 0.7791060291060291
         },
         "drift_metrics": {
            "drift_median": 0.9288397152981261,
            "drift_mean": 0.9337715325457668,
            "drift_max": 0.9733198039032669,
            "drift_min": 0.8991550784359075,
            "drift_per_client": [
               0.9733198039032669,
               0.8991550784359075,
               0.9288397152981261
            ]
         }
      },
      {
         "round": 2,
         "train_metrics": {
            "train_loss": 0.4903440528955215,
            "train_acc": 0.9066666563351948,
            "train_f1": 0.8813597027177761,
            "drift": 0.5097788915312598
         },
         "eval_metrics_client": {
            "loss": 0.48507516582806903,
            "accuracy": 0.868333339691162,
            "f1": 0.827418853528033
         },
         "eval_metrics_server": {
            "accuracy": 0.8550000190734863,
            "loss": 0.4272626042366028,
            "f1_score": 0.8053625960602705
         },
         "drift_metrics": {
            "drift_median": 0.4996711212033749,
            "drift_mean": 0.5097788915312598,
            "drift_max": 0.5884538505861134,
            "drift_min": 0.4412117028042909,
            "drift_per_client": [
               0.5884538505861134,
               0.4996711212033749,
               0.4412117028042909
            ]
         }
      },
      {
         "round": 3,
         "train_metrics": {
            "train_loss": 0.46311096503184396,
            "train_acc": 0.9233333269755045,
            "train_f1": 0.9004741365578317,
            "drift": 0.5023386335124231
         },
         "eval_metrics_client": {
            "loss": 0.4521074493726094,
            "accuracy": 0.8883333206176757,
            "f1": 0.8502627836194651
         },
         "eval_metrics_server": {
            "accuracy": 0.8949999809265137,
            "loss": 0.38028863072395325,
            "f1_score": 0.8528948197961542
         },
         "drift_metrics": {
            "drift_median": 0.5049661916554218,
            "drift_mean": 0.502338633512423,
            "drift_max": 0.5356750001518257,
            "drift_min": 0.4663747087300219,
            "drift_per_client": [
               0.5356750001518257,
               0.5049661916554218,
               0.4663747087300219
            ]
         }
      },
      {
         "round": 4,
         "train_metrics": {
            "train_loss": 0.4152494982267037,
            "train_acc": 0.9300000071525574,
            "train_f1": 0.9061261647074004,
            "drift": 0.45761715242039863
         },
         "eval_metrics_client": {
            "loss": 0.41735097765922546,
            "accuracy": 0.9016666611035664,
            "f1": 0.8696264701967337
         },
         "eval_metrics_server": {
            "accuracy": 0.9150000214576721,
            "loss": 0.34476393461227417,
            "f1_score": 0.8790853159785199
         },
         "drift_metrics": {
            "drift_median": 0.4578899165619475,
            "drift_mean": 0.4576171524203987,
            "drift_max": 0.5278792959039598,
            "drift_min": 0.38708224479528874,
            "drift_per_client": [
               0.4578899165619475,
               0.38708224479528874,
               0.5278792959039598
            ]
         }
      },
      {
         "round": 5,
         "train_metrics": {
            "train_loss": 0.38281968694466806,
            "train_acc": 0.9333333373069763,
            "train_f1": 0.9073759091150394,
            "drift": 0.3521061732884566
         },
         "eval_metrics_client": {
            "loss": 0.4026468793551127,
            "accuracy": 0.9099999864896138,
            "f1": 0.880810390566533
         },
         "eval_metrics_server": {
            "accuracy": 0.9150000214576721,
            "loss": 0.3266882598400116,
            "f1_score": 0.877163192311861
         },
         "drift_metrics": {
            "drift_median": 0.36544783369898437,
            "drift_mean": 0.35210617328845667,
            "drift_max": 0.45143078883325916,
            "drift_min": 0.2394398973331264,
            "drift_per_client": [
               0.45143078883325916,
               0.36544783369898437,
               0.2394398973331264
            ]
         }
      },
      {
         "round": 6,
         "train_metrics": {
            "train_loss": 0.3732121999447162,
            "train_acc": 0.9433333277702332,
            "train_f1": 0.9224938585014271,
            "drift": 0.3073192412601754
         },
         "eval_metrics_client": {
            "loss": 0.3890832662582397,
            "accuracy": 0.9100000063578287,
            "f1": 0.8738816167103679
         },
         "eval_metrics_server": {
            "accuracy": 0.9200000166893005,
            "loss": 0.3167051672935486,
            "f1_score": 0.8853046594982079
         },
         "drift_metrics": {
            "drift_median": 0.305625540769993,
            "drift_mean": 0.30731924126017546,
            "drift_max": 0.3343463438930032,
            "drift_min": 0.2819858391175301,
            "drift_per_client": [
               0.305625540769993,
               0.2819858391175301,
               0.3343463438930032
            ]
         }
      },
      {
         "round": 7,
         "train_metrics": {
            "train_loss": 0.3990043111336537,
            "train_acc": 0.9333333373069763,
            "train_f1": 0.9136998557911196,
            "drift": 0.23175467697803137
         },
         "eval_metrics_client": {
            "loss": 0.3960647483666737,
            "accuracy": 0.9166666666666666,
            "f1": 0.8830710125081611
         },
         "eval_metrics_server": {
            "accuracy": 0.9100000262260437,
            "loss": 0.312661349773407,
            "f1_score": 0.8688811188811189
         },
         "drift_metrics": {
            "drift_median": 0.21958157691819086,
            "drift_mean": 0.23175467697803134,
            "drift_max": 0.28447735133433055,
            "drift_min": 0.19120510268157268,
            "drift_per_client": [
               0.21958157691819086,
               0.19120510268157268,
               0.28447735133433055
            ]
         }
      },
      {
         "round": 8,
         "train_metrics": {
            "train_loss": 0.40902520677982224,
            "train_acc": 0.9333333373069763,
            "train_f1": 0.910952842766863,
            "drift": 0.14826597714978054
         },
         "eval_metrics_client": {
            "loss": 0.40461724003156024,
            "accuracy": 0.9266666769981384,
            "f1": 0.8957384841886021
         },