{
   "info": {
      "strategy": "FedAvg",
      "seed": 1,
      "sampling_seed": 1,
      "fraction_train": 0.75,
      "fraction_evaluate": 0.75,
      "local_epochs": 2,
      "num_rounds": 10,
      "num_clients": 10,
      "eta_l": 0.3,
      "iid": true,
      "alpha": null,
      "training_mode": "noiseless",
      "nshots": 1000,
      "model_type": "quantum"
   },
   "rounds": [
      {
         "round": 0,
         "train_metrics": {},
         "eval_metrics_client": {},
         "eval_metrics_server": {
            "accuracy": 0.6150000095367432,
            "loss": 0.6220965385437012,
            "f1_score": 0.548002700243609
         }
      },
      {
         "round": 1,
         "train_metrics": {
            "train_loss": 0.5078069895178408,
            "train_acc": 0.7928571360451833,
            "train_f1": 0.7467433624316473,
            "drift": 0.9038703407909064
         },
         "eval_metrics_client": {
            "loss": 0.5044373657022204,
            "accuracy": 0.740000009536743,
            "f1": 0.6942004008301771
         },
         "eval_metrics_server": {
            "accuracy": 0.7350000143051147,
            "loss": 0.5312498807907104,
            "f1_score": 0.6860096566841435
         },
         "drift_metrics": {
            "drift_median": 0.9230742582888579,
            "drift_mean": 0.9038703407909064,
            "drift_max": 1.0557092941528312,
            "drift_min": 0.7121127908643393,
            "drift_per_client": [
               1.0557092941528312,
               0.9340300642475206,
               0.7121127908643393,
               0.9230742582888579,
               0.8608866130378066,
               0.9679762152016825,
               0.8733031497433078
            ]
         }
      },
      {
         "round": 2,
         "train_metrics": {
            "train_loss": 0.46847244474914046,
            "train_acc": 0.8242857030459813,
            "train_f1": 0.7771381220395026,
            "drift": 0.6808374369775069
         },
         "eval_metrics_client": {
            "loss": 0.44913461804389954,
            "accuracy": 0.8285714302744185,
            "f1": 0.7783450701904046
         },
         "eval_metrics_server": {
            "accuracy": 0.800000011920929,
            "loss": 0.47279518842697144,
            "f1_score": 0.7463216641298833
         },
         "drift_metrics": {
            "drift_median": 0.6888367721147735,
            "drift_mean": 0.680837436977507,
            "drift_max": 0.8005120705649638,
            "drift_min": 0.5415524636279275,
            "drift_per_client": [
               0.8005120705649638,
               0.5862616140731599,
               0.6415692667433185,
               0.5415524636279275,
               0.7305659446776265,
               0.6888367721147735,
               0.7765639270407793
            ]
         }
      },
      {
         "round": 3,
         "train_metrics": {
            "train_loss": 0.4346754072786687,
            "train_acc": 0.8628571459225245,
            "train_f1": 0.8165749504263506,
            "drift": 0.5199949125329306
         },
         "eval_metrics_client": {
            "loss": 0.4188515629087175,
            "accuracy": 0.8571428571428571,
            "f1": 0.8016690053871441
         },
         "eval_metrics_server": {
            "accuracy": 0.8450000286102295,
            "loss": 0.4355085790157318,
            "f1_score": 0.782844733984799
         },
         "drift_metrics": {
            "drift_median": 0.5104650608910325,
            "drift_mean": 0.5199949125329307,
            "drift_max": 0.6374535775075868,
            "drift_min": 0.4228433035940879,
            "drift_per_client": [
               0.5217985965437628,
               0.4759062193631284,
               0.6374535775075868,
               0.4577900579012446,
               0.5104650608910325,
               0.6137075719296718,
               0.4228433035940879
            ]
         }
      },
      {
         "round": 4,
         "train_metrics": {
            "train_loss": 0.414505816750474,
            "train_acc": 0.9014285717691692,
            "train_f1": 0.8598649333115489,
            "drift": 0.41231021910394666
         },
         "eval_metrics_client": {
            "loss": 0.4006677567958831,
            "accuracy": 0.8857142754963465,
            "f1": 0.8304519783663216
         },
         "eval_metrics_server": {
            "accuracy": 0.8849999904632568,
            "loss": 0.4105429947376251,
            "f1_score": 0.8281979458450046
         },
         "drift_metrics": {
            "drift_median": 0.39331955609529134,
            "drift_mean": 0.4123102191039467,
            "drift_max": 0.6149234007887935,
            "drift_min": 0.31698784451077094,
            "drift_per_client": [
               0.31698784451077094,
               0.40877791741637887,
               0.3622469133649207,
               0.4056057138639543,
               0.38431018768751746,
               0.39331955609529134,
               0.6149234007887935
            ]
         }
      },
      {
         "round": 5,
         "train_metrics": {
            "train_loss": 0.39482179660718514,
            "train_acc": 0.9171428680419921,
            "train_f1": 0.8737830596372164,
            "drift": 0.3959912960014257
         },
         "eval_metrics_client": {
            "loss": 0.3829123377799988,
            "accuracy": 0.9121428557804653,
            "f1": 0.8634562558499822
         },
         "eval_metrics_server": {
            "accuracy": 0.9200000166893005,
            "loss": 0.3908350467681885,
            "f1_score": 0.8673520145912783
         },
         "drift_metrics": {
            "drift_median": 0.37603170681067183,
            "drift_mean": 0.3959912960014257,
            "drift_max": 0.5637226136371387,
            "drift_min": 0.3296528761482904,
            "drift_per_client": [
               0.4110983402201659,
               0.37603170681067183,
               0.5637226136371387,
               0.39747575909360655,
               0.34835240112811977,
               0.34560537497198673,
               0.3296528761482904
            ]
         }
      },
      {
         "round": 6,
         "train_metrics": {
            "train_loss": 0.3838181033894255,
            "train_acc": 0.9042857204164776,
            "train_f1": 0.8437387595833351,
            "drift": 0.33757981813262666
         },
         "eval_metrics_client": {
            "loss": 0.375524286712919,
            "accuracy": 0.9128571408135551,
            "f1": 0.8558372873313755
         },
         "eval_metrics_server": {
            "accuracy": 0.925000011920929,
            "loss": 0.3783609867095947,
            "f1_score": 0.8715698445995119
         },
         "drift_metrics": {
            "drift_median": 0.3548499464926994,
            "drift_mean": 0.33757981813262666,
            "drift_max": 0.42916636800709657,
            "drift_min": 0.24305498438526638,
            "drift_per_client": [
               0.3659164231988023,
               0.397658525154585,
               0.3548499464926994,
               0.42916636800709657,
               0.24305498438526638,
               0.3190202535602161,
               0.253392226129721
            ]
         }
      },
      {
         "round": 7,
         "train_metrics": {
            "train_loss": 0.3700909699712481,
            "train_acc": 0.9057142904826572,
            "train_f1": 0.8362305642971806,
            "drift": 0.23847236449205383
         },
         "eval_metrics_client": {
            "loss": 0.37192883661815096,
            "accuracy": 0.9064285755157471,
            "f1": 0.8454598380565439
         },
         "eval_metrics_server": {
            "accuracy": 0.9150000214576721,
            "loss": 0.37471190094947815,
            "f1_score": 0.8511318358947415
         },
         "drift_metrics": {
            "drift_median": 0.2544444494249932,